image_id,image_filename,bead_id,category_id,x,y,area,approx_radius
22,03-01-25 2 44 36_crop_12.png,345,1,469,422,104.0,5
22,03-01-25 2 44 36_crop_12.png,346,1,134,199,104.0,5
22,03-01-25 2 44 36_crop_12.png,347,1,71,211,104.0,5
22,03-01-25 2 44 36_crop_12.png,348,1,38,220,104.0,5
22,03-01-25 2 44 36_crop_12.png,349,1,46,214,104.0,5
22,03-01-25 2 44 36_crop_12.png,350,1,28,189,104.0,5
22,03-01-25 2 44 36_crop_12.png,351,1,63,191,104.0,5
22,03-01-25 2 44 36_crop_12.png,352,1,76,179,104.0,5
22,03-01-25 2 44 36_crop_12.png,353,1,71,168,104.0,5
22,03-01-25 2 44 36_crop_12.png,354,1,88,148,104.0,5
22,03-01-25 2 44 36_crop_12.png,355,1,77,152,104.0,5
22,03-01-25 2 44 36_crop_12.png,356,1,75,144,104.0,5
22,03-01-25 2 44 36_crop_12.png,357,1,27,124,104.0,5
22,03-01-25 2 44 36_crop_12.png,358,1,23,102,104.0,5
22,03-01-25 2 44 36_crop_12.png,359,1,194,192,104.0,5
22,03-01-25 2 44 36_crop_12.png,360,1,282,288,104.0,5
22,03-01-25 2 44 36_crop_12.png,361,1,274,285,104.0,5
22,03-01-25 2 44 36_crop_12.png,362,1,266,254,104.0,5
22,03-01-25 2 44 36_crop_12.png,363,1,258,237,104.0,5
22,03-01-25 2 44 36_crop_12.png,364,1,267,218,104.0,5
22,03-01-25 2 44 36_crop_12.png,365,1,307,169,104.0,5
22,03-01-25 2 44 36_crop_12.png,366,1,336,234,104.0,5
22,03-01-25 2 44 36_crop_12.png,367,1,468,307,104.0,5
22,03-01-25 2 44 36_crop_12.png,368,1,442,301,104.0,5
22,03-01-25 2 44 36_crop_12.png,369,1,432,308,104.0,5
22,03-01-25 2 44 36_crop_12.png,370,1,416,299,104.0,5
22,03-01-25 2 44 36_crop_12.png,371,1,450,293,104.0,5
22,03-01-25 2 44 36_crop_12.png,372,1,333,292,104.0,5
22,03-01-25 2 44 36_crop_12.png,373,1,223,246,104.0,5
22,03-01-25 2 44 36_crop_12.png,374,1,252,207,104.0,5
22,03-01-25 2 44 36_crop_12.png,375,1,345,202,104.0,5
22,03-01-25 2 44 36_crop_12.png,376,1,506,290,94.0,5
22,03-01-25 2 44 36_crop_12.png,377,1,460,274,104.0,5
22,03-01-25 2 44 36_crop_12.png,378,1,388,260,104.0,5
22,03-01-25 2 44 36_crop_12.png,379,1,374,239,104.0,5
22,03-01-25 2 44 36_crop_12.png,380,1,410,222,104.0,5
22,03-01-25 2 44 36_crop_12.png,381,1,394,196,104.0,5
22,03-01-25 2 44 36_crop_12.png,382,1,380,180,104.0,5
22,03-01-25 2 44 36_crop_12.png,383,1,365,175,104.0,5
22,03-01-25 2 44 36_crop_12.png,384,1,505,263,104.0,5
22,03-01-25 2 44 36_crop_12.png,385,1,482,147,104.0,5
22,03-01-25 2 44 36_crop_12.png,386,1,459,216,104.0,5
22,03-01-25 2 44 36_crop_12.png,387,1,473,228,104.0,5
22,03-01-25 2 44 36_crop_12.png,388,1,499,209,104.0,5
22,03-01-25 2 44 36_crop_12.png,389,1,505,186,101.0,5
22,03-01-25 2 44 36_crop_12.png,390,1,451,174,104.0,5
22,03-01-25 2 44 36_crop_12.png,391,1,460,171,104.0,5
22,03-01-25 2 44 36_crop_12.png,392,1,182,161,104.0,5
22,03-01-25 2 44 36_crop_12.png,393,1,421,151,104.0,5
22,03-01-25 2 44 36_crop_12.png,394,1,396,143,104.0,5
22,03-01-25 2 44 36_crop_12.png,395,1,372,146,104.0,5
22,03-01-25 2 44 36_crop_12.png,396,1,364,135,104.0,5
22,03-01-25 2 44 36_crop_12.png,397,1,354,120,104.0,5
22,03-01-25 2 44 36_crop_12.png,398,1,347,108,104.0,5
22,03-01-25 2 44 36_crop_12.png,399,1,445,120,104.0,5
22,03-01-25 2 44 36_crop_12.png,400,1,392,66,104.0,5
22,03-01-25 2 44 36_crop_12.png,401,1,444,36,104.0,5
22,03-01-25 2 44 36_crop_12.png,402,1,508,73,52.0,4
22,03-01-25 2 44 36_crop_12.png,403,1,499,89,104.0,5
22,03-01-25 2 44 36_crop_12.png,404,1,441,63,104.0,5
22,03-01-25 2 44 36_crop_12.png,405,1,463,42,104.0,5
22,03-01-25 2 44 36_crop_12.png,406,1,458,29,104.0,5
22,03-01-25 2 44 36_crop_12.png,407,1,443,15,104.0,5
22,03-01-25 2 44 36_crop_12.png,408,1,363,31,104.0,5
22,03-01-25 2 44 36_crop_12.png,409,1,77,120,104.0,5
22,03-01-25 2 44 36_crop_12.png,410,1,130,158,104.0,5
22,03-01-25 2 44 36_crop_12.png,411,1,111,119,104.0,5
22,03-01-25 2 44 36_crop_12.png,412,1,131,123,104.0,5
22,03-01-25 2 44 36_crop_12.png,413,1,201,148,104.0,5
22,03-01-25 2 44 36_crop_12.png,414,1,55,6,104.0,5
22,03-01-25 2 44 36_crop_12.png,415,1,43,48,104.0,5
22,03-01-25 2 44 36_crop_12.png,416,1,27,60,104.0,5
22,03-01-25 2 44 36_crop_12.png,417,1,98,90,104.0,5
22,03-01-25 2 44 36_crop_12.png,418,1,111,63,104.0,5
22,03-01-25 2 44 36_crop_12.png,419,1,97,40,104.0,5
22,03-01-25 2 44 36_crop_12.png,420,1,91,22,104.0,5
22,03-01-25 2 44 36_crop_12.png,421,1,121,32,104.0,5
22,03-01-25 2 44 36_crop_12.png,422,1,132,37,104.0,5
22,03-01-25 2 44 36_crop_12.png,423,1,123,42,104.0,5
22,03-01-25 2 44 36_crop_12.png,424,1,212,5,101.0,5
22,03-01-25 2 44 36_crop_12.png,425,1,225,37,104.0,5
22,03-01-25 2 44 36_crop_12.png,426,1,251,16,104.0,5
22,03-01-25 2 44 36_crop_12.png,427,1,166,41,104.0,5
22,03-01-25 2 44 36_crop_12.png,428,1,195,55,104.0,5
22,03-01-25 2 44 36_crop_12.png,429,1,194,97,104.0,5
22,03-01-25 2 44 36_crop_12.png,430,1,243,102,104.0,5
22,03-01-25 2 44 36_crop_12.png,431,1,298,117,104.0,5
22,03-01-25 2 44 36_crop_12.png,432,1,265,126,104.0,5
22,03-01-25 2 44 36_crop_12.png,433,1,252,133,104.0,5
22,03-01-25 2 44 36_crop_12.png,434,1,272,141,104.0,5
22,03-01-25 2 44 36_crop_12.png,435,1,267,150,104.0,5
22,03-01-25 2 44 36_crop_12.png,436,1,288,157,104.0,5
22,03-01-25 2 44 36_crop_12.png,437,1,286,167,104.0,5
22,03-01-25 2 44 36_crop_12.png,438,1,252,159,104.0,5
22,03-01-25 2 44 36_crop_12.png,439,1,234,161,104.0,5
22,03-01-25 2 44 36_crop_12.png,440,1,223,132,104.0,5
22,03-01-25 2 44 36_crop_12.png,441,1,419,58,190.0,7
22,03-01-25 2 44 36_crop_12.png,442,1,99,307,594.0,13
22,03-01-25 2 44 36_crop_12.png,443,1,458,71,190.0,7
22,03-01-25 2 44 36_crop_12.png,444,1,345,14,190.0,7
22,03-01-25 2 44 36_crop_12.png,445,1,359,10,190.0,7
22,03-01-25 2 44 36_crop_12.png,446,1,260,33,190.0,7
22,03-01-25 2 44 36_crop_12.png,447,1,254,60,190.0,7
22,03-01-25 2 44 36_crop_12.png,448,1,154,28,190.0,7
22,03-01-25 2 44 36_crop_12.png,449,1,73,27,190.0,7
22,03-01-25 2 44 36_crop_12.png,450,1,239,203,190.0,7
22,03-01-25 2 44 36_crop_12.png,451,1,220,486,104.0,5
22,03-01-25 2 44 36_crop_12.png,452,1,292,329,104.0,5
22,03-01-25 2 44 36_crop_12.png,453,1,284,346,104.0,5
22,03-01-25 2 44 36_crop_12.png,454,1,281,338,104.0,5
22,03-01-25 2 44 36_crop_12.png,455,1,274,335,104.0,5
22,03-01-25 2 44 36_crop_12.png,456,1,251,307,104.0,5
22,03-01-25 2 44 36_crop_12.png,457,1,250,315,104.0,5
22,03-01-25 2 44 36_crop_12.png,458,1,385,309,104.0,5
22,03-01-25 2 44 36_crop_12.png,459,1,364,330,104.0,5
22,03-01-25 2 44 36_crop_12.png,460,1,352,328,104.0,5
22,03-01-25 2 44 36_crop_12.png,461,1,323,335,104.0,5
22,03-01-25 2 44 36_crop_12.png,462,1,339,332,104.0,5
22,03-01-25 2 44 36_crop_12.png,463,1,333,370,104.0,5
22,03-01-25 2 44 36_crop_12.png,464,1,362,381,104.0,5
22,03-01-25 2 44 36_crop_12.png,465,1,348,405,104.0,5
22,03-01-25 2 44 36_crop_12.png,466,1,380,402,104.0,5
22,03-01-25 2 44 36_crop_12.png,467,1,405,380,104.0,5
22,03-01-25 2 44 36_crop_12.png,468,1,430,410,104.0,5
22,03-01-25 2 44 36_crop_12.png,469,1,436,394,104.0,5
22,03-01-25 2 44 36_crop_12.png,470,1,445,382,104.0,5
22,03-01-25 2 44 36_crop_12.png,471,1,438,367,104.0,5
22,03-01-25 2 44 36_crop_12.png,472,1,479,435,104.0,5
22,03-01-25 2 44 36_crop_12.png,473,1,462,407,104.0,5
22,03-01-25 2 44 36_crop_12.png,474,1,467,415,104.0,5
22,03-01-25 2 44 36_crop_12.png,475,1,170,196,104.0,5
22,03-01-25 2 44 36_crop_12.png,476,1,488,414,104.0,5
22,03-01-25 2 44 36_crop_12.png,477,1,493,423,104.0,5
22,03-01-25 2 44 36_crop_12.png,478,1,497,458,104.0,5
22,03-01-25 2 44 36_crop_12.png,479,1,467,500,104.0,5
22,03-01-25 2 44 36_crop_12.png,480,1,433,490,104.0,5
22,03-01-25 2 44 36_crop_12.png,481,1,438,446,104.0,5
22,03-01-25 2 44 36_crop_12.png,482,1,421,438,104.0,5
22,03-01-25 2 44 36_crop_12.png,483,1,386,461,104.0,5
22,03-01-25 2 44 36_crop_12.png,484,1,352,490,104.0,5
22,03-01-25 2 44 36_crop_12.png,485,1,315,489,104.0,5
22,03-01-25 2 44 36_crop_12.png,486,1,328,457,104.0,5
22,03-01-25 2 44 36_crop_12.png,487,1,321,448,104.0,5
22,03-01-25 2 44 36_crop_12.png,488,1,310,427,104.0,5
22,03-01-25 2 44 36_crop_12.png,489,1,240,430,104.0,5
22,03-01-25 2 44 36_crop_12.png,490,1,173,428,104.0,5
22,03-01-25 2 44 36_crop_12.png,491,1,295,306,104.0,5
22,03-01-25 2 44 36_crop_12.png,492,1,98,273,104.0,5
22,03-01-25 2 44 36_crop_12.png,493,1,124,265,104.0,5
22,03-01-25 2 44 36_crop_12.png,494,1,117,224,104.0,5
22,03-01-25 2 44 36_crop_12.png,495,1,155,255,104.0,5
22,03-01-25 2 44 36_crop_12.png,496,1,143,272,104.0,5
22,03-01-25 2 44 36_crop_12.png,497,1,137,265,104.0,5
22,03-01-25 2 44 36_crop_12.png,498,1,247,285,104.0,5
22,03-01-25 2 44 36_crop_12.png,499,1,312,415,104.0,5
22,03-01-25 2 44 36_crop_12.png,500,1,295,410,104.0,5
22,03-01-25 2 44 36_crop_12.png,501,1,276,402,104.0,5
22,03-01-25 2 44 36_crop_12.png,502,1,152,422,104.0,5
22,03-01-25 2 44 36_crop_12.png,503,1,148,412,104.0,5
22,03-01-25 2 44 36_crop_12.png,504,1,85,416,104.0,5
22,03-01-25 2 44 36_crop_12.png,505,1,58,416,104.0,5
22,03-01-25 2 44 36_crop_12.png,506,1,28,391,104.0,5
22,03-01-25 2 44 36_crop_12.png,507,1,20,377,104.0,5
22,03-01-25 2 44 36_crop_12.png,508,1,27,345,104.0,5
22,03-01-25 2 44 36_crop_12.png,509,1,63,373,104.0,5
22,03-01-25 2 44 36_crop_12.png,510,1,64,352,104.0,5
22,03-01-25 2 44 36_crop_12.png,511,1,75,353,104.0,5
22,03-01-25 2 44 36_crop_12.png,512,1,72,343,104.0,5
22,03-01-25 2 44 36_crop_12.png,513,1,79,338,104.0,5
22,03-01-25 2 44 36_crop_12.png,514,1,17,311,104.0,5
22,03-01-25 2 44 36_crop_12.png,515,1,115,355,104.0,5
22,03-01-25 2 44 36_crop_12.png,516,1,123,372,104.0,5
22,03-01-25 2 44 36_crop_12.png,517,1,120,389,104.0,5
22,03-01-25 2 44 36_crop_12.png,518,1,157,390,104.0,5
22,03-01-25 2 44 36_crop_12.png,519,1,180,390,104.0,5
22,03-01-25 2 44 36_crop_12.png,520,1,216,374,104.0,5
22,03-01-25 2 44 36_crop_12.png,521,1,196,368,104.0,5
22,03-01-25 2 44 36_crop_12.png,522,1,191,341,104.0,5
22,03-01-25 2 44 36_crop_12.png,523,1,187,324,104.0,5
22,03-01-25 2 44 36_crop_12.png,524,1,147,344,104.0,5
22,03-01-25 2 44 36_crop_12.png,525,1,135,344,104.0,5
22,03-01-25 2 44 36_crop_12.png,526,1,135,333,104.0,5
22,03-01-25 2 44 36_crop_12.png,527,1,115,341,104.0,5
22,03-01-25 2 44 36_crop_12.png,528,1,98,339,104.0,5
22,03-01-25 2 44 36_crop_12.png,529,1,89,334,104.0,5
22,03-01-25 2 44 36_crop_12.png,530,1,81,326,104.0,5
22,03-01-25 2 44 36_crop_12.png,531,1,36,253,104.0,5
22,03-01-25 2 44 36_crop_12.png,532,1,50,280,104.0,5
22,03-01-25 2 44 36_crop_12.png,533,1,147,232,104.0,5
23,03-01-25 2 44 36_crop_13.png,534,1,175,378,104.0,5
23,03-01-25 2 44 36_crop_13.png,535,1,376,183,104.0,5
23,03-01-25 2 44 36_crop_13.png,536,1,372,192,104.0,5
23,03-01-25 2 44 36_crop_13.png,537,1,381,190,104.0,5
23,03-01-25 2 44 36_crop_13.png,538,1,460,165,104.0,5
23,03-01-25 2 44 36_crop_13.png,539,1,415,194,104.0,5
23,03-01-25 2 44 36_crop_13.png,540,1,462,210,104.0,5
23,03-01-25 2 44 36_crop_13.png,541,1,458,217,104.0,5
23,03-01-25 2 44 36_crop_13.png,542,1,444,229,104.0,5
23,03-01-25 2 44 36_crop_13.png,543,1,417,259,104.0,5
23,03-01-25 2 44 36_crop_13.png,544,1,399,281,104.0,5
23,03-01-25 2 44 36_crop_13.png,545,1,396,289,104.0,5
23,03-01-25 2 44 36_crop_13.png,546,1,394,318,104.0,5
23,03-01-25 2 44 36_crop_13.png,547,1,370,215,104.0,5
23,03-01-25 2 44 36_crop_13.png,548,1,223,196,104.0,5
23,03-01-25 2 44 36_crop_13.png,549,1,205,164,104.0,5
23,03-01-25 2 44 36_crop_13.png,550,1,92,189,104.0,5
23,03-01-25 2 44 36_crop_13.png,551,1,74,4,94.0,5
23,03-01-25 2 44 36_crop_13.png,552,1,75,27,104.0,5
23,03-01-25 2 44 36_crop_13.png,553,1,76,41,104.0,5
23,03-01-25 2 44 36_crop_13.png,554,1,40,89,104.0,5
23,03-01-25 2 44 36_crop_13.png,555,1,93,78,104.0,5
23,03-01-25 2 44 36_crop_13.png,556,1,99,71,104.0,5
23,03-01-25 2 44 36_crop_13.png,557,1,93,121,104.0,5
23,03-01-25 2 44 36_crop_13.png,558,1,96,131,104.0,5
23,03-01-25 2 44 36_crop_13.png,559,1,270,96,104.0,5
23,03-01-25 2 44 36_crop_13.png,560,1,283,125,104.0,5
23,03-01-25 2 44 36_crop_13.png,561,1,277,129,104.0,5
23,03-01-25 2 44 36_crop_13.png,562,1,263,145,104.0,5
23,03-01-25 2 44 36_crop_13.png,563,1,251,137,104.0,5
23,03-01-25 2 44 36_crop_13.png,564,1,260,179,104.0,5
23,03-01-25 2 44 36_crop_13.png,565,1,187,59,104.0,5
23,03-01-25 2 44 36_crop_13.png,566,1,255,73,104.0,5
23,03-01-25 2 44 36_crop_13.png,567,1,216,86,104.0,5
23,03-01-25 2 44 36_crop_13.png,568,1,171,73,104.0,5
23,03-01-25 2 44 36_crop_13.png,569,1,276,58,104.0,5
23,03-01-25 2 44 36_crop_13.png,570,1,377,155,104.0,5
23,03-01-25 2 44 36_crop_13.png,571,1,166,127,104.0,5
23,03-01-25 2 44 36_crop_13.png,572,1,172,134,104.0,5
23,03-01-25 2 44 36_crop_13.png,573,1,17,147,104.0,5
23,03-01-25 2 44 36_crop_13.png,574,1,77,102,104.0,5
23,03-01-25 2 44 36_crop_13.png,575,1,61,125,104.0,5
23,03-01-25 2 44 36_crop_13.png,576,1,46,188,104.0,5
23,03-01-25 2 44 36_crop_13.png,577,1,37,209,104.0,5
23,03-01-25 2 44 36_crop_13.png,578,1,58,230,104.0,5
23,03-01-25 2 44 36_crop_13.png,579,1,120,191,104.0,5
23,03-01-25 2 44 36_crop_13.png,580,1,149,217,104.0,5
23,03-01-25 2 44 36_crop_13.png,581,1,161,215,104.0,5
23,03-01-25 2 44 36_crop_13.png,582,1,292,203,104.0,5
23,03-01-25 2 44 36_crop_13.png,583,1,293,249,104.0,5
23,03-01-25 2 44 36_crop_13.png,584,1,299,291,104.0,5
23,03-01-25 2 44 36_crop_13.png,585,1,315,304,104.0,5
23,03-01-25 2 44 36_crop_13.png,586,1,281,292,104.0,5
23,03-01-25 2 44 36_crop_13.png,587,1,283,350,104.0,5
23,03-01-25 2 44 36_crop_13.png,588,1,126,267,104.0,5
23,03-01-25 2 44 36_crop_13.png,589,1,87,261,104.0,5
23,03-01-25 2 44 36_crop_13.png,590,1,86,272,104.0,5
23,03-01-25 2 44 36_crop_13.png,591,1,77,269,104.0,5
23,03-01-25 2 44 36_crop_13.png,592,1,72,282,104.0,5
23,03-01-25 2 44 36_crop_13.png,593,1,50,259,104.0,5
23,03-01-25 2 44 36_crop_13.png,594,1,44,264,104.0,5
23,03-01-25 2 44 36_crop_13.png,595,1,46,291,104.0,5
23,03-01-25 2 44 36_crop_13.png,596,1,58,296,104.0,5
23,03-01-25 2 44 36_crop_13.png,597,1,92,305,104.0,5
23,03-01-25 2 44 36_crop_13.png,598,1,122,320,104.0,5
23,03-01-25 2 44 36_crop_13.png,599,1,127,329,104.0,5
23,03-01-25 2 44 36_crop_13.png,600,1,116,331,104.0,5
23,03-01-25 2 44 36_crop_13.png,601,1,108,348,104.0,5
23,03-01-25 2 44 36_crop_13.png,602,1,127,362,104.0,5
23,03-01-25 2 44 36_crop_13.png,603,1,143,351,104.0,5
23,03-01-25 2 44 36_crop_13.png,604,1,210,344,104.0,5
23,03-01-25 2 44 36_crop_13.png,605,1,107,375,104.0,5
23,03-01-25 2 44 36_crop_13.png,606,1,57,387,104.0,5
23,03-01-25 2 44 36_crop_13.png,607,1,74,408,104.0,5
23,03-01-25 2 44 36_crop_13.png,608,1,2,408,64.0,4
23,03-01-25 2 44 36_crop_13.png,609,1,3,415,75.0,4
23,03-01-25 2 44 36_crop_13.png,610,1,8,425,104.0,5
23,03-01-25 2 44 36_crop_13.png,611,1,24,415,104.0,5
23,03-01-25 2 44 36_crop_13.png,612,1,30,424,104.0,5
23,03-01-25 2 44 36_crop_13.png,613,1,35,458,104.0,5
23,03-01-25 2 44 36_crop_13.png,614,1,5,500,101.0,5
23,03-01-25 2 44 36_crop_13.png,615,1,104,479,104.0,5
23,03-01-25 2 44 36_crop_13.png,616,1,119,467,104.0,5
23,03-01-25 2 44 36_crop_13.png,617,1,129,462,104.0,5
23,03-01-25 2 44 36_crop_13.png,618,1,173,466,104.0,5
23,03-01-25 2 44 36_crop_13.png,619,1,179,472,104.0,5
23,03-01-25 2 44 36_crop_13.png,620,1,176,447,104.0,5
23,03-01-25 2 44 36_crop_13.png,621,1,166,428,104.0,5
23,03-01-25 2 44 36_crop_13.png,622,1,130,443,104.0,5
23,03-01-25 2 44 36_crop_13.png,623,1,104,421,104.0,5
23,03-01-25 2 44 36_crop_13.png,624,1,63,486,104.0,5
23,03-01-25 2 44 36_crop_13.png,625,1,214,470,104.0,5
23,03-01-25 2 44 36_crop_13.png,626,1,208,480,104.0,5
23,03-01-25 2 44 36_crop_13.png,627,1,204,488,104.0,5
23,03-01-25 2 44 36_crop_13.png,628,1,218,499,104.0,5
23,03-01-25 2 44 36_crop_13.png,629,1,225,508,40.0,3
23,03-01-25 2 44 36_crop_13.png,630,1,231,434,104.0,5
23,03-01-25 2 44 36_crop_13.png,631,1,229,357,104.0,5
23,03-01-25 2 44 36_crop_13.png,632,1,155,312,104.0,5
23,03-01-25 2 44 36_crop_13.png,633,1,266,382,104.0,5
23,03-01-25 2 44 36_crop_13.png,634,1,280,420,104.0,5
23,03-01-25 2 44 36_crop_13.png,635,1,287,436,104.0,5
23,03-01-25 2 44 36_crop_13.png,636,1,275,437,104.0,5
23,03-01-25 2 44 36_crop_13.png,637,1,278,494,104.0,5
23,03-01-25 2 44 36_crop_13.png,638,1,303,470,104.0,5
23,03-01-25 2 44 36_crop_13.png,639,1,324,438,104.0,5
23,03-01-25 2 44 36_crop_13.png,640,1,331,461,104.0,5
23,03-01-25 2 44 36_crop_13.png,641,1,337,474,104.0,5
23,03-01-25 2 44 36_crop_13.png,642,1,364,471,104.0,5
23,03-01-25 2 44 36_crop_13.png,643,1,382,468,104.0,5
23,03-01-25 2 44 36_crop_13.png,644,1,383,446,104.0,5
23,03-01-25 2 44 36_crop_13.png,645,1,370,440,104.0,5
23,03-01-25 2 44 36_crop_13.png,646,1,409,408,104.0,5
23,03-01-25 2 44 36_crop_13.png,647,1,386,484,104.0,5
23,03-01-25 2 44 36_crop_13.png,648,1,402,364,104.0,5
23,03-01-25 2 44 36_crop_13.png,649,1,449,482,104.0,5
23,03-01-25 2 44 36_crop_13.png,650,1,481,433,104.0,5
23,03-01-25 2 44 36_crop_13.png,651,1,463,398,104.0,5
23,03-01-25 2 44 36_crop_13.png,652,1,451,350,104.0,5
23,03-01-25 2 44 36_crop_13.png,653,1,321,389,104.0,5
23,03-01-25 2 44 36_crop_13.png,654,1,392,485,104.0,5
23,03-01-25 2 44 36_crop_13.png,655,1,395,494,104.0,5
23,03-01-25 2 44 36_crop_13.png,656,1,240,314,104.0,5
23,03-01-25 2 44 36_crop_13.png,657,1,259,231,104.0,5
23,03-01-25 2 44 36_crop_13.png,658,1,218,116,104.0,5
23,03-01-25 2 44 36_crop_13.png,659,1,447,151,104.0,5
23,03-01-25 2 44 36_crop_13.png,660,1,108,201,104.0,5
23,03-01-25 2 44 36_crop_13.png,661,1,488,102,190.0,7
23,03-01-25 2 44 36_crop_13.png,662,1,503,119,187.0,7
23,03-01-25 2 44 36_crop_13.png,663,1,325,186,190.0,7
23,03-01-25 2 44 36_crop_13.png,664,1,426,219,190.0,7
23,03-01-25 2 44 36_crop_13.png,665,1,472,228,190.0,7
23,03-01-25 2 44 36_crop_13.png,666,1,506,221,140.0,6
23,03-01-25 2 44 36_crop_13.png,667,1,506,201,140.0,6
23,03-01-25 2 44 36_crop_13.png,668,1,413,365,190.0,7
23,03-01-25 2 44 36_crop_13.png,669,1,416,345,190.0,7
23,03-01-25 2 44 36_crop_13.png,670,1,442,343,190.0,7
23,03-01-25 2 44 36_crop_13.png,671,1,453,327,190.0,7
23,03-01-25 2 44 36_crop_13.png,672,1,462,315,190.0,7
23,03-01-25 2 44 36_crop_13.png,673,1,462,303,190.0,7
23,03-01-25 2 44 36_crop_13.png,674,1,471,273,190.0,7
23,03-01-25 2 44 36_crop_13.png,675,1,496,294,190.0,7
23,03-01-25 2 44 36_crop_13.png,676,1,477,328,190.0,7
23,03-01-25 2 44 36_crop_13.png,677,1,469,380,190.0,7
23,03-01-25 2 44 36_crop_13.png,678,1,475,370,190.0,7
23,03-01-25 2 44 36_crop_13.png,679,1,494,355,190.0,7
23,03-01-25 2 44 36_crop_13.png,680,1,496,364,190.0,7
23,03-01-25 2 44 36_crop_13.png,681,1,497,378,190.0,7
23,03-01-25 2 44 36_crop_13.png,682,1,433,424,190.0,7
23,03-01-25 2 44 36_crop_13.png,683,1,503,420,187.0,7
23,03-01-25 2 44 36_crop_13.png,684,1,460,437,190.0,7
23,03-01-25 2 44 36_crop_13.png,685,1,466,462,190.0,7
23,03-01-25 2 44 36_crop_13.png,686,1,486,477,190.0,7
23,03-01-25 2 44 36_crop_13.png,687,1,496,496,190.0,7
23,03-01-25 2 44 36_crop_13.png,688,1,316,292,190.0,7
23,03-01-25 2 44 36_crop_13.png,689,1,322,207,190.0,7
23,03-01-25 2 44 36_crop_13.png,690,1,350,204,190.0,7
23,03-01-25 2 44 36_crop_13.png,691,1,357,128,190.0,7
23,03-01-25 2 44 36_crop_13.png,692,1,240,182,190.0,7
23,03-01-25 2 44 36_crop_13.png,693,1,189,179,190.0,7
23,03-01-25 2 44 36_crop_13.png,694,1,259,158,190.0,7
23,03-01-25 2 44 36_crop_13.png,695,1,271,178,190.0,7
23,03-01-25 2 44 36_crop_13.png,696,1,318,262,190.0,7
23,03-01-25 2 44 36_crop_13.png,697,1,252,274,190.0,7
23,03-01-25 2 44 36_crop_13.png,698,1,10,227,190.0,7
23,03-01-25 2 44 36_crop_13.png,699,1,175,226,190.0,7
23,03-01-25 2 44 36_crop_13.png,700,1,178,197,190.0,7
23,03-01-25 2 44 36_crop_13.png,701,1,181,213,190.0,7
23,03-01-25 2 44 36_crop_13.png,702,1,172,176,190.0,7
23,03-01-25 2 44 36_crop_13.png,703,1,312,128,190.0,7
23,03-01-25 2 44 36_crop_13.png,704,1,141,103,190.0,7
23,03-01-25 2 44 36_crop_13.png,705,1,146,95,190.0,7
23,03-01-25 2 44 36_crop_13.png,706,1,50,73,190.0,7
23,03-01-25 2 44 36_crop_13.png,707,1,59,66,190.0,7
23,03-01-25 2 44 36_crop_13.png,708,1,198,41,190.0,7
23,03-01-25 2 44 36_crop_13.png,709,1,223,69,190.0,7
23,03-01-25 2 44 36_crop_13.png,710,1,171,89,190.0,7
23,03-01-25 2 44 36_crop_13.png,711,1,151,40,190.0,7
23,03-01-25 2 44 36_crop_13.png,712,1,170,41,190.0,7
23,03-01-25 2 44 36_crop_13.png,713,1,216,23,190.0,7
23,03-01-25 2 44 36_crop_13.png,714,1,168,12,190.0,7
23,03-01-25 2 44 36_crop_13.png,715,1,258,28,190.0,7
23,03-01-25 2 44 36_crop_13.png,716,1,290,17,190.0,7
23,03-01-25 2 44 36_crop_13.png,717,1,329,49,190.0,7
23,03-01-25 2 44 36_crop_13.png,718,1,311,71,190.0,7
23,03-01-25 2 44 36_crop_13.png,719,1,337,78,190.0,7
23,03-01-25 2 44 36_crop_13.png,720,1,379,81,190.0,7
23,03-01-25 2 44 36_crop_13.png,721,1,398,12,190.0,7
23,03-01-25 2 44 36_crop_13.png,722,1,461,6,178.0,7
23,03-01-25 2 44 36_crop_13.png,723,1,489,22,190.0,7
23,03-01-25 2 44 36_crop_13.png,724,1,486,34,190.0,7
23,03-01-25 2 44 36_crop_13.png,725,1,507,54,95.0,5
23,03-01-25 2 44 36_crop_13.png,726,1,485,91,190.0,7
23,03-01-25 2 44 36_crop_13.png,727,1,441,117,190.0,7
23,03-01-25 2 44 36_crop_13.png,728,1,470,94,190.0,7
24,03-01-25 2 44 41_crop_12.png,729,1,476,291,104.0,5
24,03-01-25 2 44 41_crop_12.png,730,1,469,291,104.0,5
24,03-01-25 2 44 41_crop_12.png,731,1,464,282,104.0,5
24,03-01-25 2 44 41_crop_12.png,732,1,465,299,104.0,5
24,03-01-25 2 44 41_crop_12.png,733,1,458,305,104.0,5
24,03-01-25 2 44 41_crop_12.png,734,1,470,313,104.0,5
24,03-01-25 2 44 41_crop_12.png,735,1,461,325,104.0,5
24,03-01-25 2 44 41_crop_12.png,736,1,454,314,104.0,5
24,03-01-25 2 44 41_crop_12.png,737,1,465,334,104.0,5
24,03-01-25 2 44 41_crop_12.png,738,1,471,345,104.0,5
24,03-01-25 2 44 41_crop_12.png,739,1,462,342,104.0,5
24,03-01-25 2 44 41_crop_12.png,740,1,462,352,104.0,5
24,03-01-25 2 44 41_crop_12.png,741,1,457,338,104.0,5
24,03-01-25 2 44 41_crop_12.png,742,1,450,330,104.0,5
24,03-01-25 2 44 41_crop_12.png,743,1,443,329,104.0,5
24,03-01-25 2 44 41_crop_12.png,744,1,442,312,104.0,5
24,03-01-25 2 44 41_crop_12.png,745,1,448,298,104.0,5
24,03-01-25 2 44 41_crop_12.png,746,1,434,323,104.0,5
24,03-01-25 2 44 41_crop_12.png,747,1,425,341,104.0,5
24,03-01-25 2 44 41_crop_12.png,748,1,415,343,104.0,5
24,03-01-25 2 44 41_crop_12.png,749,1,403,344,104.0,5
24,03-01-25 2 44 41_crop_12.png,750,1,417,321,104.0,5
24,03-01-25 2 44 41_crop_12.png,751,1,410,309,104.0,5
24,03-01-25 2 44 41_crop_12.png,752,1,418,305,104.0,5
24,03-01-25 2 44 41_crop_12.png,753,1,409,297,104.0,5
24,03-01-25 2 44 41_crop_12.png,754,1,402,289,104.0,5
24,03-01-25 2 44 41_crop_12.png,755,1,415,289,104.0,5
24,03-01-25 2 44 41_crop_12.png,756,1,423,292,104.0,5
24,03-01-25 2 44 41_crop_12.png,757,1,448,286,104.0,5
24,03-01-25 2 44 41_crop_12.png,758,1,454,277,104.0,5
24,03-01-25 2 44 41_crop_12.png,759,1,430,219,104.0,5
24,03-01-25 2 44 41_crop_12.png,760,1,422,225,104.0,5
24,03-01-25 2 44 41_crop_12.png,761,1,416,220,104.0,5
24,03-01-25 2 44 41_crop_12.png,762,1,431,240,104.0,5
24,03-01-25 2 44 41_crop_12.png,763,1,426,253,104.0,5
24,03-01-25 2 44 41_crop_12.png,764,1,423,243,104.0,5
24,03-01-25 2 44 41_crop_12.png,765,1,410,237,104.0,5
24,03-01-25 2 44 41_crop_12.png,766,1,419,234,104.0,5
24,03-01-25 2 44 41_crop_12.png,767,1,400,228,104.0,5
24,03-01-25 2 44 41_crop_12.png,768,1,409,230,104.0,5
24,03-01-25 2 44 41_crop_12.png,769,1,427,262,104.0,5
24,03-01-25 2 44 41_crop_12.png,770,1,440,256,104.0,5
24,03-01-25 2 44 41_crop_12.png,771,1,443,279,104.0,5
24,03-01-25 2 44 41_crop_12.png,772,1,419,269,104.0,5
24,03-01-25 2 44 41_crop_12.png,773,1,435,270,104.0,5
24,03-01-25 2 44 41_crop_12.png,774,1,447,268,104.0,5
24,03-01-25 2 44 41_crop_12.png,775,1,421,279,104.0,5
24,03-01-25 2 44 41_crop_12.png,776,1,427,272,104.0,5
24,03-01-25 2 44 41_crop_12.png,777,1,410,278,104.0,5
24,03-01-25 2 44 41_crop_12.png,778,1,408,270,104.0,5
24,03-01-25 2 44 41_crop_12.png,779,1,421,259,104.0,5
24,03-01-25 2 44 41_crop_12.png,780,1,411,258,104.0,5
24,03-01-25 2 44 41_crop_12.png,781,1,400,241,104.0,5
24,03-01-25 2 44 41_crop_12.png,782,1,391,241,104.0,5
24,03-01-25 2 44 41_crop_12.png,783,1,395,251,104.0,5
24,03-01-25 2 44 41_crop_12.png,784,1,382,235,104.0,5
24,03-01-25 2 44 41_crop_12.png,785,1,496,362,104.0,5
24,03-01-25 2 44 41_crop_12.png,786,1,486,359,104.0,5
24,03-01-25 2 44 41_crop_12.png,787,1,508,381,64.0,4
24,03-01-25 2 44 41_crop_12.png,788,1,505,400,104.0,5
24,03-01-25 2 44 41_crop_12.png,789,1,508,413,64.0,4
24,03-01-25 2 44 41_crop_12.png,790,1,499,384,104.0,5
24,03-01-25 2 44 41_crop_12.png,791,1,488,371,104.0,5
24,03-01-25 2 44 41_crop_12.png,792,1,476,370,104.0,5
24,03-01-25 2 44 41_crop_12.png,793,1,401,260,104.0,5
24,03-01-25 2 44 41_crop_12.png,794,1,393,268,104.0,5
24,03-01-25 2 44 41_crop_12.png,795,1,388,276,104.0,5
24,03-01-25 2 44 41_crop_12.png,796,1,386,286,104.0,5
24,03-01-25 2 44 41_crop_12.png,797,1,379,247,104.0,5
24,03-01-25 2 44 41_crop_12.png,798,1,377,259,104.0,5
24,03-01-25 2 44 41_crop_12.png,799,1,372,270,104.0,5
24,03-01-25 2 44 41_crop_12.png,800,1,370,251,104.0,5
24,03-01-25 2 44 41_crop_12.png,801,1,364,243,104.0,5
24,03-01-25 2 44 41_crop_12.png,802,1,371,233,104.0,5
24,03-01-25 2 44 41_crop_12.png,803,1,353,243,104.0,5
24,03-01-25 2 44 41_crop_12.png,804,1,337,215,104.0,5
24,03-01-25 2 44 41_crop_12.png,805,1,331,215,104.0,5
24,03-01-25 2 44 41_crop_12.png,806,1,326,213,104.0,5
24,03-01-25 2 44 41_crop_12.png,807,1,322,223,104.0,5
24,03-01-25 2 44 41_crop_12.png,808,1,322,236,104.0,5
24,03-01-25 2 44 41_crop_12.png,809,1,340,228,104.0,5
24,03-01-25 2 44 41_crop_12.png,810,1,352,224,104.0,5
24,03-01-25 2 44 41_crop_12.png,811,1,353,230,104.0,5
24,03-01-25 2 44 41_crop_12.png,812,1,397,310,104.0,5
24,03-01-25 2 44 41_crop_12.png,813,1,393,322,104.0,5
24,03-01-25 2 44 41_crop_12.png,814,1,388,312,104.0,5
24,03-01-25 2 44 41_crop_12.png,815,1,378,308,104.0,5
24,03-01-25 2 44 41_crop_12.png,816,1,371,310,104.0,5
24,03-01-25 2 44 41_crop_12.png,817,1,361,308,104.0,5
24,03-01-25 2 44 41_crop_12.png,818,1,365,299,104.0,5
24,03-01-25 2 44 41_crop_12.png,819,1,356,299,104.0,5
24,03-01-25 2 44 41_crop_12.png,820,1,358,288,104.0,5
24,03-01-25 2 44 41_crop_12.png,821,1,371,293,104.0,5
24,03-01-25 2 44 41_crop_12.png,822,1,379,293,104.0,5
24,03-01-25 2 44 41_crop_12.png,823,1,382,301,104.0,5
24,03-01-25 2 44 41_crop_12.png,824,1,366,277,104.0,5
24,03-01-25 2 44 41_crop_12.png,825,1,356,273,104.0,5
24,03-01-25 2 44 41_crop_12.png,826,1,359,267,104.0,5
24,03-01-25 2 44 41_crop_12.png,827,1,363,261,104.0,5
24,03-01-25 2 44 41_crop_12.png,828,1,350,263,104.0,5
24,03-01-25 2 44 41_crop_12.png,829,1,341,259,104.0,5
24,03-01-25 2 44 41_crop_12.png,830,1,333,256,104.0,5
24,03-01-25 2 44 41_crop_12.png,831,1,341,272,104.0,5
24,03-01-25 2 44 41_crop_12.png,832,1,346,287,104.0,5
24,03-01-25 2 44 41_crop_12.png,833,1,341,293,104.0,5
24,03-01-25 2 44 41_crop_12.png,834,1,333,305,104.0,5
24,03-01-25 2 44 41_crop_12.png,835,1,347,311,104.0,5
24,03-01-25 2 44 41_crop_12.png,836,1,351,317,104.0,5
24,03-01-25 2 44 41_crop_12.png,837,1,355,325,104.0,5
24,03-01-25 2 44 41_crop_12.png,838,1,363,324,104.0,5
24,03-01-25 2 44 41_crop_12.png,839,1,371,321,104.0,5
24,03-01-25 2 44 41_crop_12.png,840,1,382,319,104.0,5
24,03-01-25 2 44 41_crop_12.png,841,1,384,328,104.0,5
24,03-01-25 2 44 41_crop_12.png,842,1,371,334,104.0,5
24,03-01-25 2 44 41_crop_12.png,843,1,387,340,104.0,5
24,03-01-25 2 44 41_crop_12.png,844,1,378,345,104.0,5
24,03-01-25 2 44 41_crop_12.png,845,1,386,351,104.0,5
24,03-01-25 2 44 41_crop_12.png,846,1,443,355,104.0,5
24,03-01-25 2 44 41_crop_12.png,847,1,453,360,104.0,5
24,03-01-25 2 44 41_crop_12.png,848,1,430,363,104.0,5
24,03-01-25 2 44 41_crop_12.png,849,1,423,356,104.0,5
24,03-01-25 2 44 41_crop_12.png,850,1,418,364,104.0,5
24,03-01-25 2 44 41_crop_12.png,851,1,421,376,104.0,5
24,03-01-25 2 44 41_crop_12.png,852,1,395,359,104.0,5
24,03-01-25 2 44 41_crop_12.png,853,1,403,369,104.0,5
24,03-01-25 2 44 41_crop_12.png,854,1,395,377,104.0,5
24,03-01-25 2 44 41_crop_12.png,855,1,391,367,104.0,5
24,03-01-25 2 44 41_crop_12.png,856,1,382,370,104.0,5
24,03-01-25 2 44 41_crop_12.png,857,1,383,363,104.0,5
24,03-01-25 2 44 41_crop_12.png,858,1,377,355,104.0,5
24,03-01-25 2 44 41_crop_12.png,859,1,371,362,104.0,5
24,03-01-25 2 44 41_crop_12.png,860,1,371,370,104.0,5
24,03-01-25 2 44 41_crop_12.png,861,1,359,364,104.0,5
24,03-01-25 2 44 41_crop_12.png,862,1,367,352,104.0,5
24,03-01-25 2 44 41_crop_12.png,863,1,358,353,104.0,5
24,03-01-25 2 44 41_crop_12.png,864,1,351,359,104.0,5
24,03-01-25 2 44 41_crop_12.png,865,1,355,344,104.0,5
24,03-01-25 2 44 41_crop_12.png,866,1,343,347,104.0,5
24,03-01-25 2 44 41_crop_12.png,867,1,339,336,104.0,5
24,03-01-25 2 44 41_crop_12.png,868,1,339,325,104.0,5
24,03-01-25 2 44 41_crop_12.png,869,1,333,324,104.0,5
24,03-01-25 2 44 41_crop_12.png,870,1,333,346,104.0,5
24,03-01-25 2 44 41_crop_12.png,871,1,323,342,104.0,5
24,03-01-25 2 44 41_crop_12.png,872,1,317,335,104.0,5
24,03-01-25 2 44 41_crop_12.png,873,1,305,326,104.0,5
24,03-01-25 2 44 41_crop_12.png,874,1,309,340,104.0,5
24,03-01-25 2 44 41_crop_12.png,875,1,312,323,104.0,5
24,03-01-25 2 44 41_crop_12.png,876,1,321,318,104.0,5
24,03-01-25 2 44 41_crop_12.png,877,1,314,311,104.0,5
24,03-01-25 2 44 41_crop_12.png,878,1,324,301,104.0,5
24,03-01-25 2 44 41_crop_12.png,879,1,325,288,104.0,5
24,03-01-25 2 44 41_crop_12.png,880,1,333,283,104.0,5
24,03-01-25 2 44 41_crop_12.png,881,1,328,277,104.0,5
24,03-01-25 2 44 41_crop_12.png,882,1,322,271,104.0,5
24,03-01-25 2 44 41_crop_12.png,883,1,318,281,104.0,5
24,03-01-25 2 44 41_crop_12.png,884,1,307,283,104.0,5
24,03-01-25 2 44 41_crop_12.png,885,1,299,276,104.0,5
24,03-01-25 2 44 41_crop_12.png,886,1,309,272,104.0,5
24,03-01-25 2 44 41_crop_12.png,887,1,306,238,104.0,5
24,03-01-25 2 44 41_crop_12.png,888,1,306,249,104.0,5
24,03-01-25 2 44 41_crop_12.png,889,1,299,246,104.0,5
24,03-01-25 2 44 41_crop_12.png,890,1,299,259,104.0,5
24,03-01-25 2 44 41_crop_12.png,891,1,289,228,104.0,5
24,03-01-25 2 44 41_crop_12.png,892,1,290,237,104.0,5
24,03-01-25 2 44 41_crop_12.png,893,1,274,244,104.0,5
24,03-01-25 2 44 41_crop_12.png,894,1,281,250,104.0,5
24,03-01-25 2 44 41_crop_12.png,895,1,285,261,104.0,5
24,03-01-25 2 44 41_crop_12.png,896,1,315,360,104.0,5
24,03-01-25 2 44 41_crop_12.png,897,1,302,351,104.0,5
24,03-01-25 2 44 41_crop_12.png,898,1,300,344,104.0,5
24,03-01-25 2 44 41_crop_12.png,899,1,291,351,104.0,5
24,03-01-25 2 44 41_crop_12.png,900,1,282,344,104.0,5
24,03-01-25 2 44 41_crop_12.png,901,1,275,350,104.0,5
24,03-01-25 2 44 41_crop_12.png,902,1,272,343,104.0,5
24,03-01-25 2 44 41_crop_12.png,903,1,286,335,104.0,5
24,03-01-25 2 44 41_crop_12.png,904,1,293,328,104.0,5
24,03-01-25 2 44 41_crop_12.png,905,1,275,334,104.0,5
24,03-01-25 2 44 41_crop_12.png,906,1,266,330,104.0,5
24,03-01-25 2 44 41_crop_12.png,907,1,279,322,104.0,5
24,03-01-25 2 44 41_crop_12.png,908,1,289,319,104.0,5
24,03-01-25 2 44 41_crop_12.png,909,1,294,314,104.0,5
24,03-01-25 2 44 41_crop_12.png,910,1,285,302,104.0,5
24,03-01-25 2 44 41_crop_12.png,911,1,279,293,104.0,5
24,03-01-25 2 44 41_crop_12.png,912,1,278,283,104.0,5
24,03-01-25 2 44 41_crop_12.png,913,1,269,282,104.0,5
24,03-01-25 2 44 41_crop_12.png,914,1,267,291,104.0,5
24,03-01-25 2 44 41_crop_12.png,915,1,275,307,104.0,5
24,03-01-25 2 44 41_crop_12.png,916,1,272,258,104.0,5
24,03-01-25 2 44 41_crop_12.png,917,1,239,235,104.0,5
24,03-01-25 2 44 41_crop_12.png,918,1,252,230,104.0,5
24,03-01-25 2 44 41_crop_12.png,919,1,260,229,104.0,5
24,03-01-25 2 44 41_crop_12.png,920,1,261,241,104.0,5
24,03-01-25 2 44 41_crop_12.png,921,1,260,253,104.0,5
24,03-01-25 2 44 41_crop_12.png,922,1,263,262,104.0,5
24,03-01-25 2 44 41_crop_12.png,923,1,260,271,104.0,5
24,03-01-25 2 44 41_crop_12.png,924,1,252,268,104.0,5
24,03-01-25 2 44 41_crop_12.png,925,1,251,279,104.0,5
24,03-01-25 2 44 41_crop_12.png,926,1,246,249,104.0,5
24,03-01-25 2 44 41_crop_12.png,927,1,238,250,104.0,5
24,03-01-25 2 44 41_crop_12.png,928,1,228,242,104.0,5
24,03-01-25 2 44 41_crop_12.png,929,1,215,231,104.0,5
24,03-01-25 2 44 41_crop_12.png,930,1,217,239,104.0,5
24,03-01-25 2 44 41_crop_12.png,931,1,219,255,104.0,5
24,03-01-25 2 44 41_crop_12.png,932,1,229,263,104.0,5
24,03-01-25 2 44 41_crop_12.png,933,1,218,269,104.0,5
24,03-01-25 2 44 41_crop_12.png,934,1,263,313,104.0,5
24,03-01-25 2 44 41_crop_12.png,935,1,244,316,104.0,5
24,03-01-25 2 44 41_crop_12.png,936,1,250,306,104.0,5
24,03-01-25 2 44 41_crop_12.png,937,1,258,303,104.0,5
24,03-01-25 2 44 41_crop_12.png,938,1,252,297,104.0,5
24,03-01-25 2 44 41_crop_12.png,939,1,243,288,104.0,5
24,03-01-25 2 44 41_crop_12.png,940,1,230,292,104.0,5
24,03-01-25 2 44 41_crop_12.png,941,1,231,301,104.0,5
24,03-01-25 2 44 41_crop_12.png,942,1,231,311,104.0,5
24,03-01-25 2 44 41_crop_12.png,943,1,251,335,104.0,5
24,03-01-25 2 44 41_crop_12.png,944,1,218,297,104.0,5
24,03-01-25 2 44 41_crop_12.png,945,1,217,308,104.0,5
24,03-01-25 2 44 41_crop_12.png,946,1,214,320,104.0,5
24,03-01-25 2 44 41_crop_12.png,947,1,224,321,104.0,5
24,03-01-25 2 44 41_crop_12.png,948,1,229,332,104.0,5
24,03-01-25 2 44 41_crop_12.png,949,1,211,339,104.0,5
24,03-01-25 2 44 41_crop_12.png,950,1,235,341,104.0,5
24,03-01-25 2 44 41_crop_12.png,951,1,225,348,104.0,5
24,03-01-25 2 44 41_crop_12.png,952,1,212,349,104.0,5
24,03-01-25 2 44 41_crop_12.png,953,1,236,350,104.0,5
24,03-01-25 2 44 41_crop_12.png,954,1,242,356,104.0,5
24,03-01-25 2 44 41_crop_12.png,955,1,251,361,104.0,5
24,03-01-25 2 44 41_crop_12.png,956,1,259,344,104.0,5
24,03-01-25 2 44 41_crop_12.png,957,1,263,356,104.0,5
24,03-01-25 2 44 41_crop_12.png,958,1,266,369,104.0,5
24,03-01-25 2 44 41_crop_12.png,959,1,246,371,104.0,5
24,03-01-25 2 44 41_crop_12.png,960,1,237,365,104.0,5
24,03-01-25 2 44 41_crop_12.png,961,1,279,366,104.0,5
24,03-01-25 2 44 41_crop_12.png,962,1,288,367,104.0,5
24,03-01-25 2 44 41_crop_12.png,963,1,298,368,104.0,5
24,03-01-25 2 44 41_crop_12.png,964,1,324,369,104.0,5
24,03-01-25 2 44 41_crop_12.png,965,1,329,361,104.0,5
24,03-01-25 2 44 41_crop_12.png,966,1,339,362,104.0,5
24,03-01-25 2 44 41_crop_12.png,967,1,342,369,104.0,5
24,03-01-25 2 44 41_crop_12.png,968,1,195,240,104.0,5
24,03-01-25 2 44 41_crop_12.png,969,1,203,266,104.0,5
24,03-01-25 2 44 41_crop_12.png,970,1,195,273,104.0,5
24,03-01-25 2 44 41_crop_12.png,971,1,193,285,104.0,5
24,03-01-25 2 44 41_crop_12.png,972,1,181,288,104.0,5
24,03-01-25 2 44 41_crop_12.png,973,1,188,306,104.0,5
24,03-01-25 2 44 41_crop_12.png,974,1,187,313,104.0,5
24,03-01-25 2 44 41_crop_12.png,975,1,196,317,104.0,5
24,03-01-25 2 44 41_crop_12.png,976,1,204,323,104.0,5
24,03-01-25 2 44 41_crop_12.png,977,1,201,310,104.0,5
24,03-01-25 2 44 41_crop_12.png,978,1,207,305,104.0,5
24,03-01-25 2 44 41_crop_12.png,979,1,175,318,104.0,5
24,03-01-25 2 44 41_crop_12.png,980,1,178,324,104.0,5
24,03-01-25 2 44 41_crop_12.png,981,1,185,329,104.0,5
24,03-01-25 2 44 41_crop_12.png,982,1,194,329,104.0,5
24,03-01-25 2 44 41_crop_12.png,983,1,199,342,104.0,5
24,03-01-25 2 44 41_crop_12.png,984,1,203,351,104.0,5
24,03-01-25 2 44 41_crop_12.png,985,1,219,362,104.0,5
24,03-01-25 2 44 41_crop_12.png,986,1,210,365,104.0,5
24,03-01-25 2 44 41_crop_12.png,987,1,219,375,104.0,5
24,03-01-25 2 44 41_crop_12.png,988,1,226,370,104.0,5
24,03-01-25 2 44 41_crop_12.png,989,1,229,379,104.0,5
24,03-01-25 2 44 41_crop_12.png,990,1,237,377,104.0,5
24,03-01-25 2 44 41_crop_12.png,991,1,240,385,104.0,5
24,03-01-25 2 44 41_crop_12.png,992,1,251,380,104.0,5
24,03-01-25 2 44 41_crop_12.png,993,1,184,236,104.0,5
24,03-01-25 2 44 41_crop_12.png,994,1,183,251,104.0,5
24,03-01-25 2 44 41_crop_12.png,995,1,177,259,104.0,5
24,03-01-25 2 44 41_crop_12.png,996,1,180,269,104.0,5
24,03-01-25 2 44 41_crop_12.png,997,1,169,235,104.0,5
24,03-01-25 2 44 41_crop_12.png,998,1,158,241,104.0,5
24,03-01-25 2 44 41_crop_12.png,999,1,168,247,104.0,5
24,03-01-25 2 44 41_crop_12.png,1000,1,162,258,104.0,5
24,03-01-25 2 44 41_crop_12.png,1001,1,144,237,104.0,5
24,03-01-25 2 44 41_crop_12.png,1002,1,125,239,104.0,5
24,03-01-25 2 44 41_crop_12.png,1003,1,130,246,104.0,5
24,03-01-25 2 44 41_crop_12.png,1004,1,137,246,104.0,5
24,03-01-25 2 44 41_crop_12.png,1005,1,147,259,104.0,5
24,03-01-25 2 44 41_crop_12.png,1006,1,156,267,104.0,5
24,03-01-25 2 44 41_crop_12.png,1007,1,163,273,104.0,5
24,03-01-25 2 44 41_crop_12.png,1008,1,153,275,104.0,5
24,03-01-25 2 44 41_crop_12.png,1009,1,157,285,104.0,5
24,03-01-25 2 44 41_crop_12.png,1010,1,168,293,104.0,5
24,03-01-25 2 44 41_crop_12.png,1011,1,172,301,104.0,5
24,03-01-25 2 44 41_crop_12.png,1012,1,183,341,104.0,5
24,03-01-25 2 44 41_crop_12.png,1013,1,197,360,104.0,5
24,03-01-25 2 44 41_crop_12.png,1014,1,184,365,104.0,5
24,03-01-25 2 44 41_crop_12.png,1015,1,185,356,104.0,5
24,03-01-25 2 44 41_crop_12.png,1016,1,169,362,104.0,5
24,03-01-25 2 44 41_crop_12.png,1017,1,177,345,104.0,5
24,03-01-25 2 44 41_crop_12.png,1018,1,168,343,104.0,5
24,03-01-25 2 44 41_crop_12.png,1019,1,172,335,104.0,5
24,03-01-25 2 44 41_crop_12.png,1020,1,159,300,104.0,5
24,03-01-25 2 44 41_crop_12.png,1021,1,160,314,104.0,5
24,03-01-25 2 44 41_crop_12.png,1022,1,154,315,104.0,5
24,03-01-25 2 44 41_crop_12.png,1023,1,147,305,104.0,5
24,03-01-25 2 44 41_crop_12.png,1024,1,151,326,104.0,5
24,03-01-25 2 44 41_crop_12.png,1025,1,150,339,104.0,5
24,03-01-25 2 44 41_crop_12.png,1026,1,143,333,104.0,5
24,03-01-25 2 44 41_crop_12.png,1027,1,142,353,104.0,5
24,03-01-25 2 44 41_crop_12.png,1028,1,155,371,104.0,5
24,03-01-25 2 44 41_crop_12.png,1029,1,148,365,104.0,5
24,03-01-25 2 44 41_crop_12.png,1030,1,139,364,104.0,5
24,03-01-25 2 44 41_crop_12.png,1031,1,130,364,104.0,5
24,03-01-25 2 44 41_crop_12.png,1032,1,139,322,104.0,5
24,03-01-25 2 44 41_crop_12.png,1033,1,129,316,104.0,5
24,03-01-25 2 44 41_crop_12.png,1034,1,141,310,104.0,5
24,03-01-25 2 44 41_crop_12.png,1035,1,148,284,104.0,5
24,03-01-25 2 44 41_crop_12.png,1036,1,135,295,104.0,5
24,03-01-25 2 44 41_crop_12.png,1037,1,129,303,104.0,5
24,03-01-25 2 44 41_crop_12.png,1038,1,122,296,104.0,5
24,03-01-25 2 44 41_crop_12.png,1039,1,128,288,104.0,5
24,03-01-25 2 44 41_crop_12.png,1040,1,141,279,104.0,5
24,03-01-25 2 44 41_crop_12.png,1041,1,136,263,104.0,5
24,03-01-25 2 44 41_crop_12.png,1042,1,122,260,104.0,5
24,03-01-25 2 44 41_crop_12.png,1043,1,120,249,104.0,5
24,03-01-25 2 44 41_crop_12.png,1044,1,109,247,104.0,5
24,03-01-25 2 44 41_crop_12.png,1045,1,112,254,104.0,5
24,03-01-25 2 44 41_crop_12.png,1046,1,103,253,104.0,5
24,03-01-25 2 44 41_crop_12.png,1047,1,92,254,104.0,5
24,03-01-25 2 44 41_crop_12.png,1048,1,88,263,104.0,5
24,03-01-25 2 44 41_crop_12.png,1049,1,99,265,104.0,5
24,03-01-25 2 44 41_crop_12.png,1050,1,108,263,104.0,5
24,03-01-25 2 44 41_crop_12.png,1051,1,134,278,104.0,5
24,03-01-25 2 44 41_crop_12.png,1052,1,128,271,104.0,5
24,03-01-25 2 44 41_crop_12.png,1053,1,124,280,104.0,5
24,03-01-25 2 44 41_crop_12.png,1054,1,117,282,104.0,5
24,03-01-25 2 44 41_crop_12.png,1055,1,109,286,104.0,5
24,03-01-25 2 44 41_crop_12.png,1056,1,109,277,104.0,5
24,03-01-25 2 44 41_crop_12.png,1057,1,116,269,104.0,5
24,03-01-25 2 44 41_crop_12.png,1058,1,107,295,104.0,5
24,03-01-25 2 44 41_crop_12.png,1059,1,107,306,104.0,5
24,03-01-25 2 44 41_crop_12.png,1060,1,115,308,104.0,5
24,03-01-25 2 44 41_crop_12.png,1061,1,100,310,104.0,5
24,03-01-25 2 44 41_crop_12.png,1062,1,100,316,104.0,5
24,03-01-25 2 44 41_crop_12.png,1063,1,109,323,104.0,5
24,03-01-25 2 44 41_crop_12.png,1064,1,109,335,104.0,5
24,03-01-25 2 44 41_crop_12.png,1065,1,117,337,104.0,5
24,03-01-25 2 44 41_crop_12.png,1066,1,126,341,104.0,5
24,03-01-25 2 44 41_crop_12.png,1067,1,139,374,104.0,5
24,03-01-25 2 44 41_crop_12.png,1068,1,128,373,104.0,5
24,03-01-25 2 44 41_crop_12.png,1069,1,153,377,104.0,5
24,03-01-25 2 44 41_crop_12.png,1070,1,139,382,104.0,5
24,03-01-25 2 44 41_crop_12.png,1071,1,123,377,104.0,5
24,03-01-25 2 44 41_crop_12.png,1072,1,115,371,104.0,5
24,03-01-25 2 44 41_crop_12.png,1073,1,118,364,104.0,5
24,03-01-25 2 44 41_crop_12.png,1074,1,120,356,104.0,5
24,03-01-25 2 44 41_crop_12.png,1075,1,112,357,104.0,5
24,03-01-25 2 44 41_crop_12.png,1076,1,106,362,104.0,5
24,03-01-25 2 44 41_crop_12.png,1077,1,108,381,104.0,5
24,03-01-25 2 44 41_crop_12.png,1078,1,100,376,104.0,5
24,03-01-25 2 44 41_crop_12.png,1079,1,110,347,104.0,5
24,03-01-25 2 44 41_crop_12.png,1080,1,67,254,104.0,5
24,03-01-25 2 44 41_crop_12.png,1081,1,55,259,104.0,5
24,03-01-25 2 44 41_crop_12.png,1082,1,62,261,104.0,5
24,03-01-25 2 44 41_crop_12.png,1083,1,68,269,104.0,5
24,03-01-25 2 44 41_crop_12.png,1084,1,61,270,104.0,5
24,03-01-25 2 44 41_crop_12.png,1085,1,55,273,104.0,5
24,03-01-25 2 44 41_crop_12.png,1086,1,63,276,104.0,5
24,03-01-25 2 44 41_crop_12.png,1087,1,98,282,104.0,5
24,03-01-25 2 44 41_crop_12.png,1088,1,88,274,104.0,5
24,03-01-25 2 44 41_crop_12.png,1089,1,78,271,104.0,5
24,03-01-25 2 44 41_crop_12.png,1090,1,73,277,104.0,5
24,03-01-25 2 44 41_crop_12.png,1091,1,77,283,104.0,5
24,03-01-25 2 44 41_crop_12.png,1092,1,90,301,104.0,5
24,03-01-25 2 44 41_crop_12.png,1093,1,81,294,104.0,5
24,03-01-25 2 44 41_crop_12.png,1094,1,87,319,104.0,5
24,03-01-25 2 44 41_crop_12.png,1095,1,93,330,104.0,5
24,03-01-25 2 44 41_crop_12.png,1096,1,94,347,104.0,5
24,03-01-25 2 44 41_crop_12.png,1097,1,92,358,104.0,5
24,03-01-25 2 44 41_crop_12.png,1098,1,91,384,104.0,5
24,03-01-25 2 44 41_crop_12.png,1099,1,84,390,104.0,5
24,03-01-25 2 44 41_crop_12.png,1100,1,74,390,104.0,5
24,03-01-25 2 44 41_crop_12.png,1101,1,75,381,104.0,5
24,03-01-25 2 44 41_crop_12.png,1102,1,74,373,104.0,5
24,03-01-25 2 44 41_crop_12.png,1103,1,66,372,104.0,5
24,03-01-25 2 44 41_crop_12.png,1104,1,88,370,104.0,5
24,03-01-25 2 44 41_crop_12.png,1105,1,80,364,104.0,5
24,03-01-25 2 44 41_crop_12.png,1106,1,78,352,104.0,5
24,03-01-25 2 44 41_crop_12.png,1107,1,79,336,104.0,5
24,03-01-25 2 44 41_crop_12.png,1108,1,191,377,104.0,5
24,03-01-25 2 44 41_crop_12.png,1109,1,169,384,104.0,5
24,03-01-25 2 44 41_crop_12.png,1110,1,161,384,104.0,5
24,03-01-25 2 44 41_crop_12.png,1111,1,150,385,104.0,5
24,03-01-25 2 44 41_crop_12.png,1112,1,70,296,104.0,5
24,03-01-25 2 44 41_crop_12.png,1113,1,66,308,104.0,5
24,03-01-25 2 44 41_crop_12.png,1114,1,57,359,104.0,5
24,03-01-25 2 44 41_crop_12.png,1115,1,59,347,104.0,5
24,03-01-25 2 44 41_crop_12.png,1116,1,62,334,104.0,5
24,03-01-25 2 44 41_crop_12.png,1117,1,55,328,104.0,5
24,03-01-25 2 44 41_crop_12.png,1118,1,48,322,104.0,5
24,03-01-25 2 44 41_crop_12.png,1119,1,56,376,104.0,5
24,03-01-25 2 44 41_crop_12.png,1120,1,64,392,104.0,5
24,03-01-25 2 44 41_crop_12.png,1121,1,51,388,104.0,5
24,03-01-25 2 44 41_crop_12.png,1122,1,45,375,104.0,5
24,03-01-25 2 44 41_crop_12.png,1123,1,43,358,104.0,5
24,03-01-25 2 44 41_crop_12.png,1124,1,33,336,104.0,5
24,03-01-25 2 44 41_crop_12.png,1125,1,55,307,104.0,5
24,03-01-25 2 44 41_crop_12.png,1126,1,53,297,104.0,5
24,03-01-25 2 44 41_crop_12.png,1127,1,53,283,104.0,5
24,03-01-25 2 44 41_crop_12.png,1128,1,40,283,104.0,5
24,03-01-25 2 44 41_crop_12.png,1129,1,47,303,104.0,5
24,03-01-25 2 44 41_crop_12.png,1130,1,38,310,104.0,5
24,03-01-25 2 44 41_crop_12.png,1131,1,26,260,104.0,5
24,03-01-25 2 44 41_crop_12.png,1132,1,20,269,104.0,5
24,03-01-25 2 44 41_crop_12.png,1133,1,5,273,101.0,5
24,03-01-25 2 44 41_crop_12.png,1134,1,8,281,104.0,5
24,03-01-25 2 44 41_crop_12.png,1135,1,13,293,104.0,5
24,03-01-25 2 44 41_crop_12.png,1136,1,21,289,104.0,5
24,03-01-25 2 44 41_crop_12.png,1137,1,23,300,104.0,5
24,03-01-25 2 44 41_crop_12.png,1138,1,9,311,104.0,5
24,03-01-25 2 44 41_crop_12.png,1139,1,21,316,104.0,5
24,03-01-25 2 44 41_crop_12.png,1140,1,13,330,104.0,5
24,03-01-25 2 44 41_crop_12.png,1141,1,13,339,104.0,5
24,03-01-25 2 44 41_crop_12.png,1142,1,4,335,94.0,5
24,03-01-25 2 44 41_crop_12.png,1143,1,3,352,75.0,4
24,03-01-25 2 44 41_crop_12.png,1144,1,14,348,104.0,5
24,03-01-25 2 44 41_crop_12.png,1145,1,28,348,104.0,5
24,03-01-25 2 44 41_crop_12.png,1146,1,23,357,104.0,5
24,03-01-25 2 44 41_crop_12.png,1147,1,28,367,104.0,5
24,03-01-25 2 44 41_crop_12.png,1148,1,3,364,75.0,4
24,03-01-25 2 44 41_crop_12.png,1149,1,13,368,104.0,5
24,03-01-25 2 44 41_crop_12.png,1150,1,16,377,104.0,5
24,03-01-25 2 44 41_crop_12.png,1151,1,29,382,104.0,5
24,03-01-25 2 44 41_crop_12.png,1152,1,39,390,104.0,5
24,03-01-25 2 44 41_crop_12.png,1153,1,17,387,104.0,5
24,03-01-25 2 44 41_crop_12.png,1154,1,28,394,104.0,5
24,03-01-25 2 44 41_crop_12.png,1155,1,5,391,101.0,5
24,03-01-25 2 44 41_crop_12.png,1156,1,9,398,104.0,5
24,03-01-25 2 44 41_crop_12.png,1157,1,18,401,104.0,5
24,03-01-25 2 44 41_crop_12.png,1158,1,9,409,104.0,5
24,03-01-25 2 44 41_crop_12.png,1159,1,12,420,104.0,5
24,03-01-25 2 44 41_crop_12.png,1160,1,23,413,104.0,5
24,03-01-25 2 44 41_crop_12.png,1161,1,18,429,104.0,5
24,03-01-25 2 44 41_crop_12.png,1162,1,26,444,104.0,5
24,03-01-25 2 44 41_crop_12.png,1163,1,39,408,104.0,5
24,03-01-25 2 44 41_crop_12.png,1164,1,33,420,104.0,5
24,03-01-25 2 44 41_crop_12.png,1165,1,34,432,104.0,5
24,03-01-25 2 44 41_crop_12.png,1166,1,46,423,104.0,5
24,03-01-25 2 44 41_crop_12.png,1167,1,51,412,104.0,5
24,03-01-25 2 44 41_crop_12.png,1168,1,56,399,104.0,5
24,03-01-25 2 44 41_crop_12.png,1169,1,49,438,104.0,5
24,03-01-25 2 44 41_crop_12.png,1170,1,61,448,104.0,5
24,03-01-25 2 44 41_crop_12.png,1171,1,50,450,104.0,5
24,03-01-25 2 44 41_crop_12.png,1172,1,44,455,104.0,5
24,03-01-25 2 44 41_crop_12.png,1173,1,37,453,104.0,5
24,03-01-25 2 44 41_crop_12.png,1174,1,33,467,104.0,5
24,03-01-25 2 44 41_crop_12.png,1175,1,21,459,104.0,5
24,03-01-25 2 44 41_crop_12.png,1176,1,6,475,104.0,5
24,03-01-25 2 44 41_crop_12.png,1177,1,18,492,104.0,5
24,03-01-25 2 44 41_crop_12.png,1178,1,20,470,104.0,5
24,03-01-25 2 44 41_crop_12.png,1179,1,29,478,104.0,5
24,03-01-25 2 44 41_crop_12.png,1180,1,34,486,104.0,5
24,03-01-25 2 44 41_crop_12.png,1181,1,37,496,104.0,5
24,03-01-25 2 44 41_crop_12.png,1182,1,20,479,104.0,5
24,03-01-25 2 44 41_crop_12.png,1183,1,3,458,75.0,4
24,03-01-25 2 44 41_crop_12.png,1184,1,2,427,64.0,4
24,03-01-25 2 44 41_crop_12.png,1185,1,1,415,29.0,3
24,03-01-25 2 44 41_crop_12.png,1186,1,2,495,64.0,4
24,03-01-25 2 44 41_crop_12.png,1187,1,4,507,51.5,4
24,03-01-25 2 44 41_crop_12.png,1188,1,11,508,64.0,4
24,03-01-25 2 44 41_crop_12.png,1189,1,24,507,75.0,4
24,03-01-25 2 44 41_crop_12.png,1190,1,42,489,104.0,5
24,03-01-25 2 44 41_crop_12.png,1191,1,50,481,104.0,5
24,03-01-25 2 44 41_crop_12.png,1192,1,57,475,104.0,5
24,03-01-25 2 44 41_crop_12.png,1193,1,62,463,104.0,5
24,03-01-25 2 44 41_crop_12.png,1194,1,51,504,104.0,5
24,03-01-25 2 44 41_crop_12.png,1195,1,66,505,104.0,5
24,03-01-25 2 44 41_crop_12.png,1196,1,63,491,104.0,5
24,03-01-25 2 44 41_crop_12.png,1197,1,73,485,104.0,5
24,03-01-25 2 44 41_crop_12.png,1198,1,82,491,104.0,5
24,03-01-25 2 44 41_crop_12.png,1199,1,82,501,104.0,5
24,03-01-25 2 44 41_crop_12.png,1200,1,75,470,104.0,5
24,03-01-25 2 44 41_crop_12.png,1201,1,66,421,104.0,5
24,03-01-25 2 44 41_crop_12.png,1202,1,67,413,104.0,5
24,03-01-25 2 44 41_crop_12.png,1203,1,72,418,104.0,5
24,03-01-25 2 44 41_crop_12.png,1204,1,72,436,104.0,5
24,03-01-25 2 44 41_crop_12.png,1205,1,85,430,104.0,5
24,03-01-25 2 44 41_crop_12.png,1206,1,83,443,104.0,5
24,03-01-25 2 44 41_crop_12.png,1207,1,92,444,104.0,5
24,03-01-25 2 44 41_crop_12.png,1208,1,84,454,104.0,5
24,03-01-25 2 44 41_crop_12.png,1209,1,101,394,104.0,5
24,03-01-25 2 44 41_crop_12.png,1210,1,89,404,104.0,5
24,03-01-25 2 44 41_crop_12.png,1211,1,82,410,104.0,5
24,03-01-25 2 44 41_crop_12.png,1212,1,108,407,104.0,5
24,03-01-25 2 44 41_crop_12.png,1213,1,98,412,104.0,5
24,03-01-25 2 44 41_crop_12.png,1214,1,88,417,104.0,5
24,03-01-25 2 44 41_crop_12.png,1215,1,93,426,104.0,5
24,03-01-25 2 44 41_crop_12.png,1216,1,98,431,104.0,5
24,03-01-25 2 44 41_crop_12.png,1217,1,106,428,104.0,5
24,03-01-25 2 44 41_crop_12.png,1218,1,115,424,104.0,5
24,03-01-25 2 44 41_crop_12.png,1219,1,114,438,104.0,5
24,03-01-25 2 44 41_crop_12.png,1220,1,108,450,104.0,5
24,03-01-25 2 44 41_crop_12.png,1221,1,114,450,104.0,5
24,03-01-25 2 44 41_crop_12.png,1222,1,117,458,104.0,5
24,03-01-25 2 44 41_crop_12.png,1223,1,106,459,104.0,5
24,03-01-25 2 44 41_crop_12.png,1224,1,100,467,104.0,5
24,03-01-25 2 44 41_crop_12.png,1225,1,109,476,104.0,5
24,03-01-25 2 44 41_crop_12.png,1226,1,99,477,104.0,5
24,03-01-25 2 44 41_crop_12.png,1227,1,89,486,104.0,5
24,03-01-25 2 44 41_crop_12.png,1228,1,93,491,104.0,5
24,03-01-25 2 44 41_crop_12.png,1229,1,107,497,104.0,5
24,03-01-25 2 44 41_crop_12.png,1230,1,113,487,104.0,5
24,03-01-25 2 44 41_crop_12.png,1231,1,132,485,104.0,5
24,03-01-25 2 44 41_crop_12.png,1232,1,116,499,104.0,5
24,03-01-25 2 44 41_crop_12.png,1233,1,116,507,85.0,5
24,03-01-25 2 44 41_crop_12.png,1234,1,107,507,75.0,4
24,03-01-25 2 44 41_crop_12.png,1235,1,125,495,104.0,5
24,03-01-25 2 44 41_crop_12.png,1236,1,127,506,94.0,5
24,03-01-25 2 44 41_crop_12.png,1237,1,136,508,64.0,4
24,03-01-25 2 44 41_crop_12.png,1238,1,147,504,104.0,5
24,03-01-25 2 44 41_crop_12.png,1239,1,157,498,104.0,5
24,03-01-25 2 44 41_crop_12.png,1240,1,155,480,104.0,5
24,03-01-25 2 44 41_crop_12.png,1241,1,141,474,104.0,5
24,03-01-25 2 44 41_crop_12.png,1242,1,130,465,104.0,5
24,03-01-25 2 44 41_crop_12.png,1243,1,144,465,104.0,5
24,03-01-25 2 44 41_crop_12.png,1244,1,154,459,104.0,5
24,03-01-25 2 44 41_crop_12.png,1245,1,172,463,104.0,5
24,03-01-25 2 44 41_crop_12.png,1246,1,145,455,104.0,5
24,03-01-25 2 44 41_crop_12.png,1247,1,132,453,104.0,5
24,03-01-25 2 44 41_crop_12.png,1248,1,128,436,104.0,5
24,03-01-25 2 44 41_crop_12.png,1249,1,131,425,104.0,5
24,03-01-25 2 44 41_crop_12.png,1250,1,134,411,104.0,5
24,03-01-25 2 44 41_crop_12.png,1251,1,123,402,104.0,5
24,03-01-25 2 44 41_crop_12.png,1252,1,130,393,104.0,5
24,03-01-25 2 44 41_crop_12.png,1253,1,141,402,104.0,5
24,03-01-25 2 44 41_crop_12.png,1254,1,153,394,104.0,5
24,03-01-25 2 44 41_crop_12.png,1255,1,158,401,104.0,5
24,03-01-25 2 44 41_crop_12.png,1256,1,166,401,104.0,5
24,03-01-25 2 44 41_crop_12.png,1257,1,176,394,104.0,5
24,03-01-25 2 44 41_crop_12.png,1258,1,148,416,104.0,5
24,03-01-25 2 44 41_crop_12.png,1259,1,154,422,104.0,5
24,03-01-25 2 44 41_crop_12.png,1260,1,157,431,104.0,5
24,03-01-25 2 44 41_crop_12.png,1261,1,145,432,104.0,5
24,03-01-25 2 44 41_crop_12.png,1262,1,145,440,104.0,5
24,03-01-25 2 44 41_crop_12.png,1263,1,156,444,104.0,5
24,03-01-25 2 44 41_crop_12.png,1264,1,167,444,104.0,5
24,03-01-25 2 44 41_crop_12.png,1265,1,183,440,104.0,5
24,03-01-25 2 44 41_crop_12.png,1266,1,190,454,104.0,5
24,03-01-25 2 44 41_crop_12.png,1267,1,204,476,104.0,5
24,03-01-25 2 44 41_crop_12.png,1268,1,213,471,104.0,5
24,03-01-25 2 44 41_crop_12.png,1269,1,195,482,104.0,5
24,03-01-25 2 44 41_crop_12.png,1270,1,207,502,104.0,5
24,03-01-25 2 44 41_crop_12.png,1271,1,213,505,104.0,5
24,03-01-25 2 44 41_crop_12.png,1272,1,226,508,64.0,4
24,03-01-25 2 44 41_crop_12.png,1273,1,241,505,104.0,5
24,03-01-25 2 44 41_crop_12.png,1274,1,243,495,104.0,5
24,03-01-25 2 44 41_crop_12.png,1275,1,246,486,104.0,5
24,03-01-25 2 44 41_crop_12.png,1276,1,227,456,104.0,5
24,03-01-25 2 44 41_crop_12.png,1277,1,208,459,104.0,5
24,03-01-25 2 44 41_crop_12.png,1278,1,218,456,104.0,5
24,03-01-25 2 44 41_crop_12.png,1279,1,213,448,104.0,5
24,03-01-25 2 44 41_crop_12.png,1280,1,208,440,104.0,5
24,03-01-25 2 44 41_crop_12.png,1281,1,200,443,104.0,5
24,03-01-25 2 44 41_crop_12.png,1282,1,192,426,104.0,5
24,03-01-25 2 44 41_crop_12.png,1283,1,179,426,104.0,5
24,03-01-25 2 44 41_crop_12.png,1284,1,170,418,104.0,5
24,03-01-25 2 44 41_crop_12.png,1285,1,178,413,104.0,5
24,03-01-25 2 44 41_crop_12.png,1286,1,191,411,104.0,5
24,03-01-25 2 44 41_crop_12.png,1287,1,195,394,104.0,5
24,03-01-25 2 44 41_crop_12.png,1288,1,206,389,104.0,5
24,03-01-25 2 44 41_crop_12.png,1289,1,212,400,104.0,5
24,03-01-25 2 44 41_crop_12.png,1290,1,212,413,104.0,5
24,03-01-25 2 44 41_crop_12.png,1291,1,215,424,104.0,5
24,03-01-25 2 44 41_crop_12.png,1292,1,223,432,104.0,5
24,03-01-25 2 44 41_crop_12.png,1293,1,232,443,104.0,5
24,03-01-25 2 44 41_crop_12.png,1294,1,226,416,104.0,5
24,03-01-25 2 44 41_crop_12.png,1295,1,227,399,104.0,5
24,03-01-25 2 44 41_crop_12.png,1296,1,227,390,104.0,5
24,03-01-25 2 44 41_crop_12.png,1297,1,246,395,104.0,5
24,03-01-25 2 44 41_crop_12.png,1298,1,249,387,104.0,5
24,03-01-25 2 44 41_crop_12.png,1299,1,260,393,104.0,5
24,03-01-25 2 44 41_crop_12.png,1300,1,250,404,104.0,5
24,03-01-25 2 44 41_crop_12.png,1301,1,249,418,104.0,5
24,03-01-25 2 44 41_crop_12.png,1302,1,226,489,104.0,5
24,03-01-25 2 44 41_crop_12.png,1303,1,226,478,104.0,5
24,03-01-25 2 44 41_crop_12.png,1304,1,246,468,104.0,5
24,03-01-25 2 44 41_crop_12.png,1305,1,253,474,104.0,5
24,03-01-25 2 44 41_crop_12.png,1306,1,258,505,101.0,5
24,03-01-25 2 44 41_crop_12.png,1307,1,270,506,94.0,5
24,03-01-25 2 44 41_crop_12.png,1308,1,272,494,104.0,5
24,03-01-25 2 44 41_crop_12.png,1309,1,282,494,104.0,5
24,03-01-25 2 44 41_crop_12.png,1310,1,292,493,104.0,5
24,03-01-25 2 44 41_crop_12.png,1311,1,284,480,104.0,5
24,03-01-25 2 44 41_crop_12.png,1312,1,267,475,104.0,5
24,03-01-25 2 44 41_crop_12.png,1313,1,258,464,104.0,5
24,03-01-25 2 44 41_crop_12.png,1314,1,255,456,104.0,5
24,03-01-25 2 44 41_crop_12.png,1315,1,252,446,104.0,5
24,03-01-25 2 44 41_crop_12.png,1316,1,257,438,104.0,5
24,03-01-25 2 44 41_crop_12.png,1317,1,244,440,104.0,5
24,03-01-25 2 44 41_crop_12.png,1318,1,245,432,104.0,5
24,03-01-25 2 44 41_crop_12.png,1319,1,262,427,104.0,5
24,03-01-25 2 44 41_crop_12.png,1320,1,260,411,104.0,5
24,03-01-25 2 44 41_crop_12.png,1321,1,270,418,104.0,5
24,03-01-25 2 44 41_crop_12.png,1322,1,277,416,104.0,5
24,03-01-25 2 44 41_crop_12.png,1323,1,276,403,104.0,5
24,03-01-25 2 44 41_crop_12.png,1324,1,273,385,104.0,5
24,03-01-25 2 44 41_crop_12.png,1325,1,276,376,104.0,5
24,03-01-25 2 44 41_crop_12.png,1326,1,283,394,104.0,5
24,03-01-25 2 44 41_crop_12.png,1327,1,286,385,104.0,5
24,03-01-25 2 44 41_crop_12.png,1328,1,270,438,104.0,5
24,03-01-25 2 44 41_crop_12.png,1329,1,304,378,104.0,5
24,03-01-25 2 44 41_crop_12.png,1330,1,296,379,104.0,5
24,03-01-25 2 44 41_crop_12.png,1331,1,297,388,104.0,5
24,03-01-25 2 44 41_crop_12.png,1332,1,295,396,104.0,5
24,03-01-25 2 44 41_crop_12.png,1333,1,303,398,104.0,5
24,03-01-25 2 44 41_crop_12.png,1334,1,314,398,104.0,5
24,03-01-25 2 44 41_crop_12.png,1335,1,309,404,104.0,5
24,03-01-25 2 44 41_crop_12.png,1336,1,317,409,104.0,5
24,03-01-25 2 44 41_crop_12.png,1337,1,311,389,104.0,5
24,03-01-25 2 44 41_crop_12.png,1338,1,316,384,104.0,5
24,03-01-25 2 44 41_crop_12.png,1339,1,282,410,104.0,5
24,03-01-25 2 44 41_crop_12.png,1340,1,290,408,104.0,5
24,03-01-25 2 44 41_crop_12.png,1341,1,300,410,104.0,5
24,03-01-25 2 44 41_crop_12.png,1342,1,292,421,104.0,5
24,03-01-25 2 44 41_crop_12.png,1343,1,282,434,104.0,5
24,03-01-25 2 44 41_crop_12.png,1344,1,262,447,104.0,5
24,03-01-25 2 44 41_crop_12.png,1345,1,266,456,104.0,5
24,03-01-25 2 44 41_crop_12.png,1346,1,270,463,104.0,5
24,03-01-25 2 44 41_crop_12.png,1347,1,279,469,104.0,5
24,03-01-25 2 44 41_crop_12.png,1348,1,281,452,104.0,5
24,03-01-25 2 44 41_crop_12.png,1349,1,276,446,104.0,5
24,03-01-25 2 44 41_crop_12.png,1350,1,296,446,104.0,5
24,03-01-25 2 44 41_crop_12.png,1351,1,297,435,104.0,5
24,03-01-25 2 44 41_crop_12.png,1352,1,307,439,104.0,5
24,03-01-25 2 44 41_crop_12.png,1353,1,314,444,104.0,5
24,03-01-25 2 44 41_crop_12.png,1354,1,308,425,104.0,5
24,03-01-25 2 44 41_crop_12.png,1355,1,316,430,104.0,5
24,03-01-25 2 44 41_crop_12.png,1356,1,324,435,104.0,5
24,03-01-25 2 44 41_crop_12.png,1357,1,329,444,104.0,5
24,03-01-25 2 44 41_crop_12.png,1358,1,341,436,104.0,5
24,03-01-25 2 44 41_crop_12.png,1359,1,333,428,104.0,5
24,03-01-25 2 44 41_crop_12.png,1360,1,332,417,104.0,5
24,03-01-25 2 44 41_crop_12.png,1361,1,341,423,104.0,5
24,03-01-25 2 44 41_crop_12.png,1362,1,351,429,104.0,5
24,03-01-25 2 44 41_crop_12.png,1363,1,352,417,104.0,5
24,03-01-25 2 44 41_crop_12.png,1364,1,350,406,104.0,5
24,03-01-25 2 44 41_crop_12.png,1365,1,340,409,104.0,5
24,03-01-25 2 44 41_crop_12.png,1366,1,339,403,104.0,5
24,03-01-25 2 44 41_crop_12.png,1367,1,331,395,104.0,5
24,03-01-25 2 44 41_crop_12.png,1368,1,322,394,104.0,5
24,03-01-25 2 44 41_crop_12.png,1369,1,340,388,104.0,5
24,03-01-25 2 44 41_crop_12.png,1370,1,330,385,104.0,5
24,03-01-25 2 44 41_crop_12.png,1371,1,326,379,104.0,5
24,03-01-25 2 44 41_crop_12.png,1372,1,332,377,104.0,5
24,03-01-25 2 44 41_crop_12.png,1373,1,352,376,104.0,5
24,03-01-25 2 44 41_crop_12.png,1374,1,358,381,104.0,5
24,03-01-25 2 44 41_crop_12.png,1375,1,389,385,104.0,5
24,03-01-25 2 44 41_crop_12.png,1376,1,379,383,104.0,5
24,03-01-25 2 44 41_crop_12.png,1377,1,370,383,104.0,5
24,03-01-25 2 44 41_crop_12.png,1378,1,369,392,104.0,5
24,03-01-25 2 44 41_crop_12.png,1379,1,360,392,104.0,5
24,03-01-25 2 44 41_crop_12.png,1380,1,349,393,104.0,5
24,03-01-25 2 44 41_crop_12.png,1381,1,366,400,104.0,5
24,03-01-25 2 44 41_crop_12.png,1382,1,376,401,104.0,5
24,03-01-25 2 44 41_crop_12.png,1383,1,381,392,104.0,5
24,03-01-25 2 44 41_crop_12.png,1384,1,367,415,104.0,5
24,03-01-25 2 44 41_crop_12.png,1385,1,303,458,104.0,5
24,03-01-25 2 44 41_crop_12.png,1386,1,293,456,104.0,5
24,03-01-25 2 44 41_crop_12.png,1387,1,288,463,104.0,5
24,03-01-25 2 44 41_crop_12.png,1388,1,289,471,104.0,5
24,03-01-25 2 44 41_crop_12.png,1389,1,298,473,104.0,5
24,03-01-25 2 44 41_crop_12.png,1390,1,317,475,104.0,5
24,03-01-25 2 44 41_crop_12.png,1391,1,309,484,104.0,5
24,03-01-25 2 44 41_crop_12.png,1392,1,300,483,104.0,5
24,03-01-25 2 44 41_crop_12.png,1393,1,279,507,85.0,5
24,03-01-25 2 44 41_crop_12.png,1394,1,298,502,104.0,5
24,03-01-25 2 44 41_crop_12.png,1395,1,305,498,104.0,5
24,03-01-25 2 44 41_crop_12.png,1396,1,315,496,104.0,5
24,03-01-25 2 44 41_crop_12.png,1397,1,319,505,101.0,5
24,03-01-25 2 44 41_crop_12.png,1398,1,324,499,104.0,5
24,03-01-25 2 44 41_crop_12.png,1399,1,330,508,64.0,4
24,03-01-25 2 44 41_crop_12.png,1400,1,313,464,104.0,5
24,03-01-25 2 44 41_crop_12.png,1401,1,317,455,104.0,5
24,03-01-25 2 44 41_crop_12.png,1402,1,324,464,104.0,5
24,03-01-25 2 44 41_crop_12.png,1403,1,328,455,104.0,5
24,03-01-25 2 44 41_crop_12.png,1404,1,339,455,104.0,5
24,03-01-25 2 44 41_crop_12.png,1405,1,346,452,104.0,5
24,03-01-25 2 44 41_crop_12.png,1406,1,325,474,104.0,5
24,03-01-25 2 44 41_crop_12.png,1407,1,329,484,104.0,5
24,03-01-25 2 44 41_crop_12.png,1408,1,336,495,104.0,5
24,03-01-25 2 44 41_crop_12.png,1409,1,339,507,75.0,4
24,03-01-25 2 44 41_crop_12.png,1410,1,349,507,75.0,4
24,03-01-25 2 44 41_crop_12.png,1411,1,354,502,104.0,5
24,03-01-25 2 44 41_crop_12.png,1412,1,346,497,104.0,5
24,03-01-25 2 44 41_crop_12.png,1413,1,354,495,104.0,5
24,03-01-25 2 44 41_crop_12.png,1414,1,348,487,104.0,5
24,03-01-25 2 44 41_crop_12.png,1415,1,360,480,104.0,5
24,03-01-25 2 44 41_crop_12.png,1416,1,363,497,104.0,5
24,03-01-25 2 44 41_crop_12.png,1417,1,358,487,104.0,5
24,03-01-25 2 44 41_crop_12.png,1418,1,362,437,104.0,5
24,03-01-25 2 44 41_crop_12.png,1419,1,374,432,104.0,5
24,03-01-25 2 44 41_crop_12.png,1420,1,384,423,104.0,5
24,03-01-25 2 44 41_crop_12.png,1421,1,393,416,104.0,5
24,03-01-25 2 44 41_crop_12.png,1422,1,403,405,104.0,5
24,03-01-25 2 44 41_crop_12.png,1423,1,415,405,104.0,5
24,03-01-25 2 44 41_crop_12.png,1424,1,426,402,104.0,5
24,03-01-25 2 44 41_crop_12.png,1425,1,441,398,104.0,5
24,03-01-25 2 44 41_crop_12.png,1426,1,452,394,104.0,5
24,03-01-25 2 44 41_crop_12.png,1427,1,463,396,104.0,5
24,03-01-25 2 44 41_crop_12.png,1428,1,473,389,104.0,5
24,03-01-25 2 44 41_crop_12.png,1429,1,471,382,104.0,5
24,03-01-25 2 44 41_crop_12.png,1430,1,486,387,104.0,5
24,03-01-25 2 44 41_crop_12.png,1431,1,479,395,104.0,5
24,03-01-25 2 44 41_crop_12.png,1432,1,475,406,104.0,5
24,03-01-25 2 44 41_crop_12.png,1433,1,484,406,104.0,5
24,03-01-25 2 44 41_crop_12.png,1434,1,493,409,104.0,5
24,03-01-25 2 44 41_crop_12.png,1435,1,484,418,104.0,5
24,03-01-25 2 44 41_crop_12.png,1436,1,498,419,104.0,5
24,03-01-25 2 44 41_crop_12.png,1437,1,502,428,104.0,5
24,03-01-25 2 44 41_crop_12.png,1438,1,508,452,52.0,4
24,03-01-25 2 44 41_crop_12.png,1439,1,505,446,101.0,5
24,03-01-25 2 44 41_crop_12.png,1440,1,498,441,104.0,5
24,03-01-25 2 44 41_crop_12.png,1441,1,491,439,104.0,5
24,03-01-25 2 44 41_crop_12.png,1442,1,488,431,104.0,5
24,03-01-25 2 44 41_crop_12.png,1443,1,483,442,104.0,5
24,03-01-25 2 44 41_crop_12.png,1444,1,504,457,104.0,5
24,03-01-25 2 44 41_crop_12.png,1445,1,494,469,104.0,5
24,03-01-25 2 44 41_crop_12.png,1446,1,505,474,104.0,5
24,03-01-25 2 44 41_crop_12.png,1447,1,488,473,104.0,5
24,03-01-25 2 44 41_crop_12.png,1448,1,493,482,104.0,5
24,03-01-25 2 44 41_crop_12.png,1449,1,496,489,104.0,5
24,03-01-25 2 44 41_crop_12.png,1450,1,503,500,104.0,5
24,03-01-25 2 44 41_crop_12.png,1451,1,506,490,94.0,5
24,03-01-25 2 44 41_crop_12.png,1452,1,494,508,64.0,4
24,03-01-25 2 44 41_crop_12.png,1453,1,480,507,75.0,4
24,03-01-25 2 44 41_crop_12.png,1454,1,474,500,104.0,5
24,03-01-25 2 44 41_crop_12.png,1455,1,462,496,104.0,5
24,03-01-25 2 44 41_crop_12.png,1456,1,464,507,85.0,5
24,03-01-25 2 44 41_crop_12.png,1457,1,455,508,64.0,4
24,03-01-25 2 44 41_crop_12.png,1458,1,444,508,64.0,4
24,03-01-25 2 44 41_crop_12.png,1459,1,442,505,101.0,5
24,03-01-25 2 44 41_crop_12.png,1460,1,443,491,104.0,5
24,03-01-25 2 44 41_crop_12.png,1461,1,433,482,104.0,5
24,03-01-25 2 44 41_crop_12.png,1462,1,431,453,104.0,5
24,03-01-25 2 44 41_crop_12.png,1463,1,424,453,104.0,5
24,03-01-25 2 44 41_crop_12.png,1464,1,430,441,104.0,5
24,03-01-25 2 44 41_crop_12.png,1465,1,438,444,104.0,5
24,03-01-25 2 44 41_crop_12.png,1466,1,456,368,104.0,5
24,03-01-25 2 44 41_crop_12.png,1467,1,452,376,104.0,5
24,03-01-25 2 44 41_crop_12.png,1468,1,453,383,104.0,5
24,03-01-25 2 44 41_crop_12.png,1469,1,445,375,104.0,5
24,03-01-25 2 44 41_crop_12.png,1470,1,431,388,104.0,5
24,03-01-25 2 44 41_crop_12.png,1471,1,412,382,104.0,5
24,03-01-25 2 44 41_crop_12.png,1472,1,405,387,104.0,5
24,03-01-25 2 44 41_crop_12.png,1473,1,398,391,104.0,5
24,03-01-25 2 44 41_crop_12.png,1474,1,414,393,104.0,5
24,03-01-25 2 44 41_crop_12.png,1475,1,339,478,104.0,5
24,03-01-25 2 44 41_crop_12.png,1476,1,347,469,104.0,5
24,03-01-25 2 44 41_crop_12.png,1477,1,353,458,104.0,5
24,03-01-25 2 44 41_crop_12.png,1478,1,358,448,104.0,5
24,03-01-25 2 44 41_crop_12.png,1479,1,364,452,104.0,5
24,03-01-25 2 44 41_crop_12.png,1480,1,368,464,104.0,5
24,03-01-25 2 44 41_crop_12.png,1481,1,378,464,104.0,5
24,03-01-25 2 44 41_crop_12.png,1482,1,382,453,104.0,5
24,03-01-25 2 44 41_crop_12.png,1483,1,387,442,104.0,5
24,03-01-25 2 44 41_crop_12.png,1484,1,396,427,104.0,5
24,03-01-25 2 44 41_crop_12.png,1485,1,408,417,104.0,5
24,03-01-25 2 44 41_crop_12.png,1486,1,415,420,104.0,5
24,03-01-25 2 44 41_crop_12.png,1487,1,410,428,104.0,5
24,03-01-25 2 44 41_crop_12.png,1488,1,406,445,104.0,5
24,03-01-25 2 44 41_crop_12.png,1489,1,419,433,104.0,5
24,03-01-25 2 44 41_crop_12.png,1490,1,435,426,104.0,5
24,03-01-25 2 44 41_crop_12.png,1491,1,449,417,104.0,5
24,03-01-25 2 44 41_crop_12.png,1492,1,462,408,104.0,5
24,03-01-25 2 44 41_crop_12.png,1493,1,240,405,104.0,5
24,03-01-25 2 44 41_crop_12.png,1494,1,374,480,104.0,5
24,03-01-25 2 44 41_crop_12.png,1495,1,383,478,104.0,5
24,03-01-25 2 44 41_crop_12.png,1496,1,384,485,104.0,5
24,03-01-25 2 44 41_crop_12.png,1497,1,397,484,104.0,5
24,03-01-25 2 44 41_crop_12.png,1498,1,402,493,104.0,5
24,03-01-25 2 44 41_crop_12.png,1499,1,390,499,104.0,5
24,03-01-25 2 44 41_crop_12.png,1500,1,383,501,104.0,5
24,03-01-25 2 44 41_crop_12.png,1501,1,375,499,104.0,5
24,03-01-25 2 44 41_crop_12.png,1502,1,405,492,104.0,5
24,03-01-25 2 44 41_crop_12.png,1503,1,414,500,104.0,5
24,03-01-25 2 44 41_crop_12.png,1504,1,405,507,85.0,5
24,03-01-25 2 44 41_crop_12.png,1505,1,424,500,104.0,5
24,03-01-25 2 44 41_crop_12.png,1506,1,431,504,104.0,5
24,03-01-25 2 44 41_crop_12.png,1507,1,422,508,64.0,4
24,03-01-25 2 44 41_crop_12.png,1508,1,421,484,104.0,5
24,03-01-25 2 44 41_crop_12.png,1509,1,413,484,104.0,5
24,03-01-25 2 44 41_crop_12.png,1510,1,444,466,104.0,5
24,03-01-25 2 44 41_crop_12.png,1511,1,451,468,104.0,5
24,03-01-25 2 44 41_crop_12.png,1512,1,455,474,104.0,5
24,03-01-25 2 44 41_crop_12.png,1513,1,468,467,104.0,5
24,03-01-25 2 44 41_crop_12.png,1514,1,478,475,104.0,5
24,03-01-25 2 44 41_crop_12.png,1515,1,484,462,104.0,5
24,03-01-25 2 44 41_crop_12.png,1516,1,467,450,104.0,5
24,03-01-25 2 44 41_crop_12.png,1517,1,455,454,104.0,5
24,03-01-25 2 44 41_crop_12.png,1518,1,465,436,104.0,5
24,03-01-25 2 44 41_crop_12.png,1519,1,460,430,104.0,5
24,03-01-25 2 44 41_crop_12.png,1520,1,467,427,104.0,5
24,03-01-25 2 44 41_crop_12.png,1521,1,467,420,104.0,5
24,03-01-25 2 44 41_crop_12.png,1522,1,430,418,104.0,5
24,03-01-25 2 44 41_crop_12.png,1523,1,427,413,104.0,5
24,03-01-25 2 44 41_crop_12.png,1524,1,389,470,104.0,5
24,03-01-25 2 44 41_crop_12.png,1525,1,398,463,104.0,5
24,03-01-25 2 44 41_crop_12.png,1526,1,405,459,104.0,5
24,03-01-25 2 44 41_crop_12.png,1527,1,417,466,104.0,5
24,03-01-25 2 44 41_crop_12.png,1528,1,408,472,104.0,5
24,03-01-25 2 44 41_crop_12.png,1529,1,399,476,104.0,5
24,03-01-25 2 44 41_crop_12.png,1530,1,500,293,104.0,5
24,03-01-25 2 44 41_crop_12.png,1531,1,504,287,104.0,5
24,03-01-25 2 44 41_crop_12.png,1532,1,509,283,29.0,3
24,03-01-25 2 44 41_crop_12.png,1533,1,506,275,94.0,5
24,03-01-25 2 44 41_crop_12.png,1534,1,509,297,29.0,3
24,03-01-25 2 44 41_crop_12.png,1535,1,432,285,104.0,5
24,03-01-25 2 44 41_crop_12.png,1536,1,381,124,104.0,5
24,03-01-25 2 44 41_crop_12.png,1537,1,369,120,104.0,5
24,03-01-25 2 44 41_crop_12.png,1538,1,384,117,104.0,5
24,03-01-25 2 44 41_crop_12.png,1539,1,127,4,94.0,5
24,03-01-25 2 44 41_crop_12.png,1540,1,136,5,101.0,5
24,03-01-25 2 44 41_crop_12.png,1541,1,35,112,104.0,5
24,03-01-25 2 44 41_crop_12.png,1542,1,25,114,104.0,5
24,03-01-25 2 44 41_crop_12.png,1543,1,16,110,104.0,5
24,03-01-25 2 44 41_crop_12.png,1544,1,7,120,104.0,5
24,03-01-25 2 44 41_crop_12.png,1545,1,9,112,104.0,5
24,03-01-25 2 44 41_crop_12.png,1546,1,3,108,85.0,5
24,03-01-25 2 44 41_crop_12.png,1547,1,1,94,29.0,3
24,03-01-25 2 44 41_crop_12.png,1548,1,107,173,104.0,5
24,03-01-25 2 44 41_crop_12.png,1549,1,108,165,104.0,5
24,03-01-25 2 44 41_crop_12.png,1550,1,190,171,104.0,5
24,03-01-25 2 44 41_crop_12.png,1551,1,198,175,104.0,5
24,03-01-25 2 44 41_crop_12.png,1552,1,102,199,104.0,5
24,03-01-25 2 44 41_crop_12.png,1553,1,110,199,104.0,5
24,03-01-25 2 44 41_crop_12.png,1554,1,117,197,104.0,5
24,03-01-25 2 44 41_crop_12.png,1555,1,35,135,104.0,5
24,03-01-25 2 44 41_crop_12.png,1556,1,3,265,75.0,4
24,03-01-25 2 44 41_crop_12.png,1557,1,507,364,75.0,4
24,03-01-25 2 44 41_crop_12.png,1558,1,139,339,104.0,5
24,03-01-25 2 44 41_crop_12.png,1559,1,8,8,104.0,5
24,03-01-25 2 44 41_crop_12.png,1560,1,7,22,104.0,5
24,03-01-25 2 44 41_crop_12.png,1561,1,45,10,104.0,5
24,03-01-25 2 44 41_crop_12.png,1562,1,29,25,104.0,5
24,03-01-25 2 44 41_crop_12.png,1563,1,39,32,104.0,5
24,03-01-25 2 44 41_crop_12.png,1564,1,16,37,104.0,5
24,03-01-25 2 44 41_crop_12.png,1565,1,4,40,94.0,5
24,03-01-25 2 44 41_crop_12.png,1566,1,27,43,104.0,5
24,03-01-25 2 44 41_crop_12.png,1567,1,7,54,104.0,5
24,03-01-25 2 44 41_crop_12.png,1568,1,48,23,104.0,5
24,03-01-25 2 44 41_crop_12.png,1569,1,59,16,104.0,5
24,03-01-25 2 44 41_crop_12.png,1570,1,67,19,104.0,5
24,03-01-25 2 44 41_crop_12.png,1571,1,63,27,104.0,5
24,03-01-25 2 44 41_crop_12.png,1572,1,76,10,104.0,5
24,03-01-25 2 44 41_crop_12.png,1573,1,86,10,104.0,5
24,03-01-25 2 44 41_crop_12.png,1574,1,104,15,104.0,5
24,03-01-25 2 44 41_crop_12.png,1575,1,100,2,64.0,4
24,03-01-25 2 44 41_crop_12.png,1576,1,115,3,75.0,4
24,03-01-25 2 44 41_crop_12.png,1577,1,123,19,104.0,5
24,03-01-25 2 44 41_crop_12.png,1578,1,52,37,104.0,5
24,03-01-25 2 44 41_crop_12.png,1579,1,74,30,104.0,5
24,03-01-25 2 44 41_crop_12.png,1580,1,3,72,75.0,4
24,03-01-25 2 44 41_crop_12.png,1581,1,2,64,52.0,4
24,03-01-25 2 44 41_crop_12.png,1582,1,20,61,104.0,5
24,03-01-25 2 44 41_crop_12.png,1583,1,19,72,104.0,5
24,03-01-25 2 44 41_crop_12.png,1584,1,16,81,104.0,5
24,03-01-25 2 44 41_crop_12.png,1585,1,9,89,104.0,5
24,03-01-25 2 44 41_crop_12.png,1586,1,35,73,104.0,5
24,03-01-25 2 44 41_crop_12.png,1587,1,37,56,104.0,5
24,03-01-25 2 44 41_crop_12.png,1588,1,43,49,104.0,5
24,03-01-25 2 44 41_crop_12.png,1589,1,52,74,104.0,5
24,03-01-25 2 44 41_crop_12.png,1590,1,53,64,104.0,5
24,03-01-25 2 44 41_crop_12.png,1591,1,57,55,104.0,5
24,03-01-25 2 44 41_crop_12.png,1592,1,58,47,104.0,5
24,03-01-25 2 44 41_crop_12.png,1593,1,66,49,104.0,5
24,03-01-25 2 44 41_crop_12.png,1594,1,75,44,104.0,5
24,03-01-25 2 44 41_crop_12.png,1595,1,85,38,104.0,5
24,03-01-25 2 44 41_crop_12.png,1596,1,95,34,104.0,5
24,03-01-25 2 44 41_crop_12.png,1597,1,106,29,104.0,5
24,03-01-25 2 44 41_crop_12.png,1598,1,114,35,104.0,5
24,03-01-25 2 44 41_crop_12.png,1599,1,67,68,104.0,5
24,03-01-25 2 44 41_crop_12.png,1600,1,77,76,104.0,5
24,03-01-25 2 44 41_crop_12.png,1601,1,84,85,104.0,5
24,03-01-25 2 44 41_crop_12.png,1602,1,91,75,104.0,5
24,03-01-25 2 44 41_crop_12.png,1603,1,78,58,104.0,5
24,03-01-25 2 44 41_crop_12.png,1604,1,90,64,104.0,5
24,03-01-25 2 44 41_crop_12.png,1605,1,89,53,104.0,5
24,03-01-25 2 44 41_crop_12.png,1606,1,99,53,104.0,5
24,03-01-25 2 44 41_crop_12.png,1607,1,110,50,104.0,5
24,03-01-25 2 44 41_crop_12.png,1608,1,106,71,104.0,5
24,03-01-25 2 44 41_crop_12.png,1609,1,108,80,104.0,5
24,03-01-25 2 44 41_crop_12.png,1610,1,124,45,104.0,5
24,03-01-25 2 44 41_crop_12.png,1611,1,130,52,104.0,5
24,03-01-25 2 44 41_crop_12.png,1612,1,141,61,104.0,5
24,03-01-25 2 44 41_crop_12.png,1613,1,119,67,104.0,5
24,03-01-25 2 44 41_crop_12.png,1614,1,120,83,104.0,5
24,03-01-25 2 44 41_crop_12.png,1615,1,133,74,104.0,5
24,03-01-25 2 44 41_crop_12.png,1616,1,133,85,104.0,5
24,03-01-25 2 44 41_crop_12.png,1617,1,141,82,104.0,5
24,03-01-25 2 44 41_crop_12.png,1618,1,138,24,104.0,5
24,03-01-25 2 44 41_crop_12.png,1619,1,148,27,104.0,5
24,03-01-25 2 44 41_crop_12.png,1620,1,156,27,104.0,5
24,03-01-25 2 44 41_crop_12.png,1621,1,147,34,104.0,5
24,03-01-25 2 44 41_crop_12.png,1622,1,150,42,104.0,5
24,03-01-25 2 44 41_crop_12.png,1623,1,158,49,104.0,5
24,03-01-25 2 44 41_crop_12.png,1624,1,148,3,75.0,4
24,03-01-25 2 44 41_crop_12.png,1625,1,165,20,104.0,5
24,03-01-25 2 44 41_crop_12.png,1626,1,165,7,104.0,5
24,03-01-25 2 44 41_crop_12.png,1627,1,172,3,85.0,5
24,03-01-25 2 44 41_crop_12.png,1628,1,179,15,104.0,5
24,03-01-25 2 44 41_crop_12.png,1629,1,185,10,104.0,5
24,03-01-25 2 44 41_crop_12.png,1630,1,194,3,85.0,5
24,03-01-25 2 44 41_crop_12.png,1631,1,190,20,104.0,5
24,03-01-25 2 44 41_crop_12.png,1632,1,187,27,104.0,5
24,03-01-25 2 44 41_crop_12.png,1633,1,173,40,104.0,5
24,03-01-25 2 44 41_crop_12.png,1634,1,188,40,104.0,5
24,03-01-25 2 44 41_crop_12.png,1635,1,201,40,104.0,5
24,03-01-25 2 44 41_crop_12.png,1636,1,158,62,104.0,5
24,03-01-25 2 44 41_crop_12.png,1637,1,170,59,104.0,5
24,03-01-25 2 44 41_crop_12.png,1638,1,172,68,104.0,5
24,03-01-25 2 44 41_crop_12.png,1639,1,156,72,104.0,5
24,03-01-25 2 44 41_crop_12.png,1640,1,164,93,104.0,5
24,03-01-25 2 44 41_crop_12.png,1641,1,155,83,104.0,5
24,03-01-25 2 44 41_crop_12.png,1642,1,147,75,104.0,5
24,03-01-25 2 44 41_crop_12.png,1643,1,208,3,85.0,5
24,03-01-25 2 44 41_crop_12.png,1644,1,210,12,104.0,5
24,03-01-25 2 44 41_crop_12.png,1645,1,215,21,104.0,5
24,03-01-25 2 44 41_crop_12.png,1646,1,206,30,104.0,5
24,03-01-25 2 44 41_crop_12.png,1647,1,218,35,104.0,5
24,03-01-25 2 44 41_crop_12.png,1648,1,227,3,85.0,5
24,03-01-25 2 44 41_crop_12.png,1649,1,238,3,75.0,4
24,03-01-25 2 44 41_crop_12.png,1650,1,256,3,85.0,5
24,03-01-25 2 44 41_crop_12.png,1651,1,229,16,104.0,5
24,03-01-25 2 44 41_crop_12.png,1652,1,232,28,104.0,5
24,03-01-25 2 44 41_crop_12.png,1653,1,239,16,104.0,5
24,03-01-25 2 44 41_crop_12.png,1654,1,249,12,104.0,5
24,03-01-25 2 44 41_crop_12.png,1655,1,242,27,104.0,5
24,03-01-25 2 44 41_crop_12.png,1656,1,252,24,104.0,5
24,03-01-25 2 44 41_crop_12.png,1657,1,256,16,104.0,5
24,03-01-25 2 44 41_crop_12.png,1658,1,265,20,104.0,5
24,03-01-25 2 44 41_crop_12.png,1659,1,266,10,104.0,5
24,03-01-25 2 44 41_crop_12.png,1660,1,287,3,85.0,5
24,03-01-25 2 44 41_crop_12.png,1661,1,276,18,104.0,5
24,03-01-25 2 44 41_crop_12.png,1662,1,278,27,104.0,5
24,03-01-25 2 44 41_crop_12.png,1663,1,268,32,104.0,5
24,03-01-25 2 44 41_crop_12.png,1664,1,259,34,104.0,5
24,03-01-25 2 44 41_crop_12.png,1665,1,253,39,104.0,5
24,03-01-25 2 44 41_crop_12.png,1666,1,242,43,104.0,5
24,03-01-25 2 44 41_crop_12.png,1667,1,234,44,104.0,5
24,03-01-25 2 44 41_crop_12.png,1668,1,218,47,104.0,5
24,03-01-25 2 44 41_crop_12.png,1669,1,229,52,104.0,5
24,03-01-25 2 44 41_crop_12.png,1670,1,227,62,104.0,5
24,03-01-25 2 44 41_crop_12.png,1671,1,215,64,104.0,5
24,03-01-25 2 44 41_crop_12.png,1672,1,201,60,104.0,5
24,03-01-25 2 44 41_crop_12.png,1673,1,199,74,104.0,5
24,03-01-25 2 44 41_crop_12.png,1674,1,190,86,104.0,5
24,03-01-25 2 44 41_crop_12.png,1675,1,200,87,104.0,5
24,03-01-25 2 44 41_crop_12.png,1676,1,192,67,104.0,5
24,03-01-25 2 44 41_crop_12.png,1677,1,218,89,104.0,5
24,03-01-25 2 44 41_crop_12.png,1678,1,227,81,104.0,5
24,03-01-25 2 44 41_crop_12.png,1679,1,234,71,104.0,5
24,03-01-25 2 44 41_crop_12.png,1680,1,241,82,104.0,5
24,03-01-25 2 44 41_crop_12.png,1681,1,248,72,104.0,5
24,03-01-25 2 44 41_crop_12.png,1682,1,251,84,104.0,5
24,03-01-25 2 44 41_crop_12.png,1683,1,239,59,104.0,5
24,03-01-25 2 44 41_crop_12.png,1684,1,248,56,104.0,5
24,03-01-25 2 44 41_crop_12.png,1685,1,256,56,104.0,5
24,03-01-25 2 44 41_crop_12.png,1686,1,267,49,104.0,5
24,03-01-25 2 44 41_crop_12.png,1687,1,262,69,104.0,5
24,03-01-25 2 44 41_crop_12.png,1688,1,282,43,104.0,5
24,03-01-25 2 44 41_crop_12.png,1689,1,278,58,104.0,5
24,03-01-25 2 44 41_crop_12.png,1690,1,282,69,104.0,5
24,03-01-25 2 44 41_crop_12.png,1691,1,293,52,104.0,5
24,03-01-25 2 44 41_crop_12.png,1692,1,286,56,104.0,5
24,03-01-25 2 44 41_crop_12.png,1693,1,291,63,104.0,5
24,03-01-25 2 44 41_crop_12.png,1694,1,301,60,104.0,5
24,03-01-25 2 44 41_crop_12.png,1695,1,302,45,104.0,5
24,03-01-25 2 44 41_crop_12.png,1696,1,295,20,104.0,5
24,03-01-25 2 44 41_crop_12.png,1697,1,302,30,104.0,5
24,03-01-25 2 44 41_crop_12.png,1698,1,309,15,104.0,5
24,03-01-25 2 44 41_crop_12.png,1699,1,308,6,104.0,5
24,03-01-25 2 44 41_crop_12.png,1700,1,323,21,104.0,5
24,03-01-25 2 44 41_crop_12.png,1701,1,331,8,104.0,5
24,03-01-25 2 44 41_crop_12.png,1702,1,351,8,104.0,5
24,03-01-25 2 44 41_crop_12.png,1703,1,360,8,104.0,5
24,03-01-25 2 44 41_crop_12.png,1704,1,370,15,104.0,5
24,03-01-25 2 44 41_crop_12.png,1705,1,312,48,104.0,5
24,03-01-25 2 44 41_crop_12.png,1706,1,316,38,104.0,5
24,03-01-25 2 44 41_crop_12.png,1707,1,329,38,104.0,5
24,03-01-25 2 44 41_crop_12.png,1708,1,331,50,104.0,5
24,03-01-25 2 44 41_crop_12.png,1709,1,338,30,104.0,5
24,03-01-25 2 44 41_crop_12.png,1710,1,347,28,104.0,5
24,03-01-25 2 44 41_crop_12.png,1711,1,352,20,104.0,5
24,03-01-25 2 44 41_crop_12.png,1712,1,363,22,104.0,5
24,03-01-25 2 44 41_crop_12.png,1713,1,359,30,104.0,5
24,03-01-25 2 44 41_crop_12.png,1714,1,363,39,104.0,5
24,03-01-25 2 44 41_crop_12.png,1715,1,374,28,104.0,5
24,03-01-25 2 44 41_crop_12.png,1716,1,349,45,104.0,5
24,03-01-25 2 44 41_crop_12.png,1717,1,340,57,104.0,5
24,03-01-25 2 44 41_crop_12.png,1718,1,331,66,104.0,5
24,03-01-25 2 44 41_crop_12.png,1719,1,318,60,104.0,5
24,03-01-25 2 44 41_crop_12.png,1720,1,310,66,104.0,5
24,03-01-25 2 44 41_crop_12.png,1721,1,288,77,104.0,5
24,03-01-25 2 44 41_crop_12.png,1722,1,285,85,104.0,5
24,03-01-25 2 44 41_crop_12.png,1723,1,299,73,104.0,5
24,03-01-25 2 44 41_crop_12.png,1724,1,299,80,104.0,5
24,03-01-25 2 44 41_crop_12.png,1725,1,297,88,104.0,5
24,03-01-25 2 44 41_crop_12.png,1726,1,322,88,104.0,5
24,03-01-25 2 44 41_crop_12.png,1727,1,334,84,104.0,5
24,03-01-25 2 44 41_crop_12.png,1728,1,345,69,104.0,5
24,03-01-25 2 44 41_crop_12.png,1729,1,340,79,104.0,5
24,03-01-25 2 44 41_crop_12.png,1730,1,348,84,104.0,5
24,03-01-25 2 44 41_crop_12.png,1731,1,355,77,104.0,5
24,03-01-25 2 44 41_crop_12.png,1732,1,361,84,104.0,5
24,03-01-25 2 44 41_crop_12.png,1733,1,357,66,104.0,5
24,03-01-25 2 44 41_crop_12.png,1734,1,368,64,104.0,5
24,03-01-25 2 44 41_crop_12.png,1735,1,374,77,104.0,5
24,03-01-25 2 44 41_crop_12.png,1736,1,343,93,104.0,5
24,03-01-25 2 44 41_crop_12.png,1737,1,353,95,104.0,5
24,03-01-25 2 44 41_crop_12.png,1738,1,334,100,104.0,5
24,03-01-25 2 44 41_crop_12.png,1739,1,365,103,104.0,5
24,03-01-25 2 44 41_crop_12.png,1740,1,373,93,104.0,5
24,03-01-25 2 44 41_crop_12.png,1741,1,376,105,104.0,5
24,03-01-25 2 44 41_crop_12.png,1742,1,377,56,104.0,5
24,03-01-25 2 44 41_crop_12.png,1743,1,387,51,104.0,5
24,03-01-25 2 44 41_crop_12.png,1744,1,381,68,104.0,5
24,03-01-25 2 44 41_crop_12.png,1745,1,389,79,104.0,5
24,03-01-25 2 44 41_crop_12.png,1746,1,398,62,104.0,5
24,03-01-25 2 44 41_crop_12.png,1747,1,404,69,104.0,5
24,03-01-25 2 44 41_crop_12.png,1748,1,386,26,104.0,5
24,03-01-25 2 44 41_crop_12.png,1749,1,393,37,104.0,5
24,03-01-25 2 44 41_crop_12.png,1750,1,395,20,104.0,5
24,03-01-25 2 44 41_crop_12.png,1751,1,400,6,104.0,5
24,03-01-25 2 44 41_crop_12.png,1752,1,421,9,104.0,5
24,03-01-25 2 44 41_crop_12.png,1753,1,430,3,85.0,5
24,03-01-25 2 44 41_crop_12.png,1754,1,436,2,52.0,4
24,03-01-25 2 44 41_crop_12.png,1755,1,446,2,64.0,4
24,03-01-25 2 44 41_crop_12.png,1756,1,445,8,104.0,5
24,03-01-25 2 44 41_crop_12.png,1757,1,441,12,104.0,5
24,03-01-25 2 44 41_crop_12.png,1758,1,432,15,104.0,5
24,03-01-25 2 44 41_crop_12.png,1759,1,416,19,104.0,5
24,03-01-25 2 44 41_crop_12.png,1760,1,415,34,104.0,5
24,03-01-25 2 44 41_crop_12.png,1761,1,408,46,104.0,5
24,03-01-25 2 44 41_crop_12.png,1762,1,415,56,104.0,5
24,03-01-25 2 44 41_crop_12.png,1763,1,430,47,104.0,5
24,03-01-25 2 44 41_crop_12.png,1764,1,429,58,104.0,5
24,03-01-25 2 44 41_crop_12.png,1765,1,431,68,104.0,5
24,03-01-25 2 44 41_crop_12.png,1766,1,439,65,104.0,5
24,03-01-25 2 44 41_crop_12.png,1767,1,448,72,104.0,5
24,03-01-25 2 44 41_crop_12.png,1768,1,439,80,104.0,5
24,03-01-25 2 44 41_crop_12.png,1769,1,460,2,64.0,4
24,03-01-25 2 44 41_crop_12.png,1770,1,454,10,104.0,5
24,03-01-25 2 44 41_crop_12.png,1771,1,451,17,104.0,5
24,03-01-25 2 44 41_crop_12.png,1772,1,440,25,104.0,5
24,03-01-25 2 44 41_crop_12.png,1773,1,437,35,104.0,5
24,03-01-25 2 44 41_crop_12.png,1774,1,445,41,104.0,5
24,03-01-25 2 44 41_crop_12.png,1775,1,449,34,104.0,5
24,03-01-25 2 44 41_crop_12.png,1776,1,459,29,104.0,5
24,03-01-25 2 44 41_crop_12.png,1777,1,468,34,104.0,5
24,03-01-25 2 44 41_crop_12.png,1778,1,460,41,104.0,5
24,03-01-25 2 44 41_crop_12.png,1779,1,476,21,104.0,5
24,03-01-25 2 44 41_crop_12.png,1780,1,479,29,104.0,5
24,03-01-25 2 44 41_crop_12.png,1781,1,481,5,101.0,5
24,03-01-25 2 44 41_crop_12.png,1782,1,483,15,104.0,5
24,03-01-25 2 44 41_crop_12.png,1783,1,488,3,75.0,4
24,03-01-25 2 44 41_crop_12.png,1784,1,494,6,104.0,5
24,03-01-25 2 44 41_crop_12.png,1785,1,506,8,94.0,5
24,03-01-25 2 44 41_crop_12.png,1786,1,508,18,64.0,4
24,03-01-25 2 44 41_crop_12.png,1787,1,498,13,104.0,5
24,03-01-25 2 44 41_crop_12.png,1788,1,494,17,104.0,5
24,03-01-25 2 44 41_crop_12.png,1789,1,503,27,104.0,5
24,03-01-25 2 44 41_crop_12.png,1790,1,505,38,104.0,5
24,03-01-25 2 44 41_crop_12.png,1791,1,505,46,104.0,5
24,03-01-25 2 44 41_crop_12.png,1792,1,495,41,104.0,5
24,03-01-25 2 44 41_crop_12.png,1793,1,499,53,104.0,5
24,03-01-25 2 44 41_crop_12.png,1794,1,478,40,104.0,5
24,03-01-25 2 44 41_crop_12.png,1795,1,484,44,104.0,5
24,03-01-25 2 44 41_crop_12.png,1796,1,488,52,104.0,5
24,03-01-25 2 44 41_crop_12.png,1797,1,492,61,104.0,5
24,03-01-25 2 44 41_crop_12.png,1798,1,507,70,75.0,4
24,03-01-25 2 44 41_crop_12.png,1799,1,498,75,104.0,5
24,03-01-25 2 44 41_crop_12.png,1800,1,492,75,104.0,5
24,03-01-25 2 44 41_crop_12.png,1801,1,499,84,104.0,5
24,03-01-25 2 44 41_crop_12.png,1802,1,484,62,104.0,5
24,03-01-25 2 44 41_crop_12.png,1803,1,472,49,104.0,5
24,03-01-25 2 44 41_crop_12.png,1804,1,464,53,104.0,5
24,03-01-25 2 44 41_crop_12.png,1805,1,455,49,104.0,5
24,03-01-25 2 44 41_crop_12.png,1806,1,444,54,104.0,5
24,03-01-25 2 44 41_crop_12.png,1807,1,454,59,104.0,5
24,03-01-25 2 44 41_crop_12.png,1808,1,476,68,104.0,5
24,03-01-25 2 44 41_crop_12.png,1809,1,465,67,104.0,5
24,03-01-25 2 44 41_crop_12.png,1810,1,455,67,104.0,5
24,03-01-25 2 44 41_crop_12.png,1811,1,462,80,104.0,5
24,03-01-25 2 44 41_crop_12.png,1812,1,472,79,104.0,5
24,03-01-25 2 44 41_crop_12.png,1813,1,455,76,104.0,5
24,03-01-25 2 44 41_crop_12.png,1814,1,481,79,104.0,5
24,03-01-25 2 44 41_crop_12.png,1815,1,478,89,104.0,5
24,03-01-25 2 44 41_crop_12.png,1816,1,484,98,104.0,5
24,03-01-25 2 44 41_crop_12.png,1817,1,491,92,104.0,5
24,03-01-25 2 44 41_crop_12.png,1818,1,508,94,52.0,4
24,03-01-25 2 44 41_crop_12.png,1819,1,505,100,104.0,5
24,03-01-25 2 44 41_crop_12.png,1820,1,495,106,104.0,5
24,03-01-25 2 44 41_crop_12.png,1821,1,486,106,104.0,5
24,03-01-25 2 44 41_crop_12.png,1822,1,493,114,104.0,5
24,03-01-25 2 44 41_crop_12.png,1823,1,482,118,104.0,5
24,03-01-25 2 44 41_crop_12.png,1824,1,475,112,104.0,5
24,03-01-25 2 44 41_crop_12.png,1825,1,466,107,104.0,5
24,03-01-25 2 44 41_crop_12.png,1826,1,461,96,104.0,5
24,03-01-25 2 44 41_crop_12.png,1827,1,453,89,104.0,5
24,03-01-25 2 44 41_crop_12.png,1828,1,448,86,104.0,5
24,03-01-25 2 44 41_crop_12.png,1829,1,454,104,104.0,5
24,03-01-25 2 44 41_crop_12.png,1830,1,503,111,104.0,5
24,03-01-25 2 44 41_crop_12.png,1831,1,507,119,85.0,5
24,03-01-25 2 44 41_crop_12.png,1832,1,508,124,40.0,3
24,03-01-25 2 44 41_crop_12.png,1833,1,500,121,104.0,5
24,03-01-25 2 44 41_crop_12.png,1834,1,499,127,104.0,5
24,03-01-25 2 44 41_crop_12.png,1835,1,506,133,94.0,5
24,03-01-25 2 44 41_crop_12.png,1836,1,500,139,104.0,5
24,03-01-25 2 44 41_crop_12.png,1837,1,490,142,104.0,5
24,03-01-25 2 44 41_crop_12.png,1838,1,492,149,104.0,5
24,03-01-25 2 44 41_crop_12.png,1839,1,507,144,75.0,4
24,03-01-25 2 44 41_crop_12.png,1840,1,488,131,104.0,5
24,03-01-25 2 44 41_crop_12.png,1841,1,476,129,104.0,5
24,03-01-25 2 44 41_crop_12.png,1842,1,457,119,104.0,5
24,03-01-25 2 44 41_crop_12.png,1843,1,450,125,104.0,5
24,03-01-25 2 44 41_crop_12.png,1844,1,458,131,104.0,5
24,03-01-25 2 44 41_crop_12.png,1845,1,457,140,104.0,5
24,03-01-25 2 44 41_crop_12.png,1846,1,471,148,104.0,5
24,03-01-25 2 44 41_crop_12.png,1847,1,446,140,104.0,5
24,03-01-25 2 44 41_crop_12.png,1848,1,439,129,104.0,5
24,03-01-25 2 44 41_crop_12.png,1849,1,432,122,104.0,5
24,03-01-25 2 44 41_crop_12.png,1850,1,440,120,104.0,5
24,03-01-25 2 44 41_crop_12.png,1851,1,444,112,104.0,5
24,03-01-25 2 44 41_crop_12.png,1852,1,436,109,104.0,5
24,03-01-25 2 44 41_crop_12.png,1853,1,436,101,104.0,5
24,03-01-25 2 44 41_crop_12.png,1854,1,441,96,104.0,5
24,03-01-25 2 44 41_crop_12.png,1855,1,434,93,104.0,5
24,03-01-25 2 44 41_crop_12.png,1856,1,430,102,104.0,5
24,03-01-25 2 44 41_crop_12.png,1857,1,422,117,104.0,5
24,03-01-25 2 44 41_crop_12.png,1858,1,428,131,104.0,5
24,03-01-25 2 44 41_crop_12.png,1859,1,417,125,104.0,5
24,03-01-25 2 44 41_crop_12.png,1860,1,409,131,104.0,5
24,03-01-25 2 44 41_crop_12.png,1861,1,410,148,104.0,5
24,03-01-25 2 44 41_crop_12.png,1862,1,416,142,104.0,5
24,03-01-25 2 44 41_crop_12.png,1863,1,398,148,104.0,5
24,03-01-25 2 44 41_crop_12.png,1864,1,419,83,104.0,5
24,03-01-25 2 44 41_crop_12.png,1865,1,417,93,104.0,5
24,03-01-25 2 44 41_crop_12.png,1866,1,415,104,104.0,5
24,03-01-25 2 44 41_crop_12.png,1867,1,403,110,104.0,5
24,03-01-25 2 44 41_crop_12.png,1868,1,399,122,104.0,5
24,03-01-25 2 44 41_crop_12.png,1869,1,393,114,104.0,5
24,03-01-25 2 44 41_crop_12.png,1870,1,388,106,104.0,5
24,03-01-25 2 44 41_crop_12.png,1871,1,392,93,104.0,5
24,03-01-25 2 44 41_crop_12.png,1872,1,402,100,104.0,5
24,03-01-25 2 44 41_crop_12.png,1873,1,408,89,104.0,5
24,03-01-25 2 44 41_crop_12.png,1874,1,406,80,104.0,5
24,03-01-25 2 44 41_crop_12.png,1875,1,385,148,104.0,5
24,03-01-25 2 44 41_crop_12.png,1876,1,384,140,104.0,5
24,03-01-25 2 44 41_crop_12.png,1877,1,374,127,104.0,5
24,03-01-25 2 44 41_crop_12.png,1878,1,368,139,104.0,5
24,03-01-25 2 44 41_crop_12.png,1879,1,354,141,104.0,5
24,03-01-25 2 44 41_crop_12.png,1880,1,350,131,104.0,5
24,03-01-25 2 44 41_crop_12.png,1881,1,375,114,104.0,5
24,03-01-25 2 44 41_crop_12.png,1882,1,367,113,104.0,5
24,03-01-25 2 44 41_crop_12.png,1883,1,358,116,104.0,5
24,03-01-25 2 44 41_crop_12.png,1884,1,352,108,104.0,5
24,03-01-25 2 44 41_crop_12.png,1885,1,343,104,104.0,5
24,03-01-25 2 44 41_crop_12.png,1886,1,346,114,104.0,5
24,03-01-25 2 44 41_crop_12.png,1887,1,334,123,104.0,5
24,03-01-25 2 44 41_crop_12.png,1888,1,335,136,104.0,5
24,03-01-25 2 44 41_crop_12.png,1889,1,326,135,104.0,5
24,03-01-25 2 44 41_crop_12.png,1890,1,327,146,104.0,5
24,03-01-25 2 44 41_crop_12.png,1891,1,334,148,104.0,5
24,03-01-25 2 44 41_crop_12.png,1892,1,318,122,104.0,5
24,03-01-25 2 44 41_crop_12.png,1893,1,297,105,104.0,5
24,03-01-25 2 44 41_crop_12.png,1894,1,305,105,104.0,5
24,03-01-25 2 44 41_crop_12.png,1895,1,306,110,104.0,5
24,03-01-25 2 44 41_crop_12.png,1896,1,306,116,104.0,5
24,03-01-25 2 44 41_crop_12.png,1897,1,302,128,104.0,5
24,03-01-25 2 44 41_crop_12.png,1898,1,288,94,104.0,5
24,03-01-25 2 44 41_crop_12.png,1899,1,281,100,104.0,5
24,03-01-25 2 44 41_crop_12.png,1900,1,279,106,104.0,5
24,03-01-25 2 44 41_crop_12.png,1901,1,275,115,104.0,5
24,03-01-25 2 44 41_crop_12.png,1902,1,267,118,104.0,5
24,03-01-25 2 44 41_crop_12.png,1903,1,286,125,104.0,5
24,03-01-25 2 44 41_crop_12.png,1904,1,278,126,104.0,5
24,03-01-25 2 44 41_crop_12.png,1905,1,270,127,104.0,5
24,03-01-25 2 44 41_crop_12.png,1906,1,273,90,104.0,5
24,03-01-25 2 44 41_crop_12.png,1907,1,264,97,104.0,5
24,03-01-25 2 44 41_crop_12.png,1908,1,253,100,104.0,5
24,03-01-25 2 44 41_crop_12.png,1909,1,253,113,104.0,5
24,03-01-25 2 44 41_crop_12.png,1910,1,236,95,104.0,5
24,03-01-25 2 44 41_crop_12.png,1911,1,242,102,104.0,5
24,03-01-25 2 44 41_crop_12.png,1912,1,289,111,104.0,5
24,03-01-25 2 44 41_crop_12.png,1913,1,293,122,104.0,5
24,03-01-25 2 44 41_crop_12.png,1914,1,243,113,104.0,5
24,03-01-25 2 44 41_crop_12.png,1915,1,240,123,104.0,5
24,03-01-25 2 44 41_crop_12.png,1916,1,251,138,104.0,5
24,03-01-25 2 44 41_crop_12.png,1917,1,260,125,104.0,5
24,03-01-25 2 44 41_crop_12.png,1918,1,260,133,104.0,5
24,03-01-25 2 44 41_crop_12.png,1919,1,258,140,104.0,5
24,03-01-25 2 44 41_crop_12.png,1920,1,7,132,104.0,5
24,03-01-25 2 44 41_crop_12.png,1921,1,17,131,104.0,5
24,03-01-25 2 44 41_crop_12.png,1922,1,4,147,94.0,5
24,03-01-25 2 44 41_crop_12.png,1923,1,4,157,94.0,5
24,03-01-25 2 44 41_crop_12.png,1924,1,12,142,104.0,5
24,03-01-25 2 44 41_crop_12.png,1925,1,16,152,104.0,5
24,03-01-25 2 44 41_crop_12.png,1926,1,17,166,104.0,5
24,03-01-25 2 44 41_crop_12.png,1927,1,26,141,104.0,5
24,03-01-25 2 44 41_crop_12.png,1928,1,39,155,104.0,5
24,03-01-25 2 44 41_crop_12.png,1929,1,49,160,104.0,5
24,03-01-25 2 44 41_crop_12.png,1930,1,42,171,104.0,5
24,03-01-25 2 44 41_crop_12.png,1931,1,33,123,104.0,5
24,03-01-25 2 44 41_crop_12.png,1932,1,45,136,104.0,5
24,03-01-25 2 44 41_crop_12.png,1933,1,35,105,104.0,5
24,03-01-25 2 44 41_crop_12.png,1934,1,34,94,104.0,5
24,03-01-25 2 44 41_crop_12.png,1935,1,60,106,104.0,5
24,03-01-25 2 44 41_crop_12.png,1936,1,51,119,104.0,5
24,03-01-25 2 44 41_crop_12.png,1937,1,73,115,104.0,5
24,03-01-25 2 44 41_crop_12.png,1938,1,73,128,104.0,5
24,03-01-25 2 44 41_crop_12.png,1939,1,86,133,104.0,5
24,03-01-25 2 44 41_crop_12.png,1940,1,60,133,104.0,5
24,03-01-25 2 44 41_crop_12.png,1941,1,56,139,104.0,5
24,03-01-25 2 44 41_crop_12.png,1942,1,56,147,104.0,5
24,03-01-25 2 44 41_crop_12.png,1943,1,64,151,104.0,5
24,03-01-25 2 44 41_crop_12.png,1944,1,69,146,104.0,5
24,03-01-25 2 44 41_crop_12.png,1945,1,79,149,104.0,5
24,03-01-25 2 44 41_crop_12.png,1946,1,65,165,104.0,5
24,03-01-25 2 44 41_crop_12.png,1947,1,73,171,104.0,5
24,03-01-25 2 44 41_crop_12.png,1948,1,82,164,104.0,5
24,03-01-25 2 44 41_crop_12.png,1949,1,94,153,104.0,5
24,03-01-25 2 44 41_crop_12.png,1950,1,99,141,104.0,5
24,03-01-25 2 44 41_crop_12.png,1951,1,112,147,104.0,5
24,03-01-25 2 44 41_crop_12.png,1952,1,90,100,104.0,5
24,03-01-25 2 44 41_crop_12.png,1953,1,97,104,104.0,5
24,03-01-25 2 44 41_crop_12.png,1954,1,98,113,104.0,5
24,03-01-25 2 44 41_crop_12.png,1955,1,97,90,104.0,5
24,03-01-25 2 44 41_crop_12.png,1956,1,114,93,104.0,5
24,03-01-25 2 44 41_crop_12.png,1957,1,111,101,104.0,5
24,03-01-25 2 44 41_crop_12.png,1958,1,107,111,104.0,5
24,03-01-25 2 44 41_crop_12.png,1959,1,113,111,104.0,5
24,03-01-25 2 44 41_crop_12.png,1960,1,111,119,104.0,5
24,03-01-25 2 44 41_crop_12.png,1961,1,112,128,104.0,5
24,03-01-25 2 44 41_crop_12.png,1962,1,102,127,104.0,5
24,03-01-25 2 44 41_crop_12.png,1963,1,123,123,104.0,5
24,03-01-25 2 44 41_crop_12.png,1964,1,126,112,104.0,5
24,03-01-25 2 44 41_crop_12.png,1965,1,124,96,104.0,5
24,03-01-25 2 44 41_crop_12.png,1966,1,144,95,104.0,5
24,03-01-25 2 44 41_crop_12.png,1967,1,155,103,104.0,5
24,03-01-25 2 44 41_crop_12.png,1968,1,145,112,104.0,5
24,03-01-25 2 44 41_crop_12.png,1969,1,155,119,104.0,5
24,03-01-25 2 44 41_crop_12.png,1970,1,138,122,104.0,5
24,03-01-25 2 44 41_crop_12.png,1971,1,148,125,104.0,5
24,03-01-25 2 44 41_crop_12.png,1972,1,140,133,104.0,5
24,03-01-25 2 44 41_crop_12.png,1973,1,130,134,104.0,5
24,03-01-25 2 44 41_crop_12.png,1974,1,165,123,104.0,5
24,03-01-25 2 44 41_crop_12.png,1975,1,160,134,104.0,5
24,03-01-25 2 44 41_crop_12.png,1976,1,164,109,104.0,5
24,03-01-25 2 44 41_crop_12.png,1977,1,171,100,104.0,5
24,03-01-25 2 44 41_crop_12.png,1978,1,181,101,104.0,5
24,03-01-25 2 44 41_crop_12.png,1979,1,191,104,104.0,5
24,03-01-25 2 44 41_crop_12.png,1980,1,179,116,104.0,5
24,03-01-25 2 44 41_crop_12.png,1981,1,187,119,104.0,5
24,03-01-25 2 44 41_crop_12.png,1982,1,200,120,104.0,5
24,03-01-25 2 44 41_crop_12.png,1983,1,199,130,104.0,5
24,03-01-25 2 44 41_crop_12.png,1984,1,206,106,104.0,5
24,03-01-25 2 44 41_crop_12.png,1985,1,217,100,104.0,5
24,03-01-25 2 44 41_crop_12.png,1986,1,226,94,104.0,5
24,03-01-25 2 44 41_crop_12.png,1987,1,216,110,104.0,5
24,03-01-25 2 44 41_crop_12.png,1988,1,231,107,104.0,5
24,03-01-25 2 44 41_crop_12.png,1989,1,226,119,104.0,5
24,03-01-25 2 44 41_crop_12.png,1990,1,210,119,104.0,5
24,03-01-25 2 44 41_crop_12.png,1991,1,217,139,104.0,5
24,03-01-25 2 44 41_crop_12.png,1992,1,187,132,104.0,5
24,03-01-25 2 44 41_crop_12.png,1993,1,174,135,104.0,5
24,03-01-25 2 44 41_crop_12.png,1994,1,203,142,104.0,5
24,03-01-25 2 44 41_crop_12.png,1995,1,192,57,104.0,5
24,03-01-25 2 44 41_crop_12.png,1996,1,2,175,40.0,3
24,03-01-25 2 44 41_crop_12.png,1997,1,5,184,101.0,5
24,03-01-25 2 44 41_crop_12.png,1998,1,13,196,104.0,5
24,03-01-25 2 44 41_crop_12.png,1999,1,32,189,104.0,5
24,03-01-25 2 44 41_crop_12.png,2000,1,21,192,104.0,5
24,03-01-25 2 44 41_crop_12.png,2001,1,25,197,104.0,5
24,03-01-25 2 44 41_crop_12.png,2002,1,27,208,104.0,5
24,03-01-25 2 44 41_crop_12.png,2003,1,42,183,104.0,5
24,03-01-25 2 44 41_crop_12.png,2004,1,41,196,104.0,5
24,03-01-25 2 44 41_crop_12.png,2005,1,6,204,104.0,5
24,03-01-25 2 44 41_crop_12.png,2006,1,7,218,104.0,5
24,03-01-25 2 44 41_crop_12.png,2007,1,45,209,104.0,5
24,03-01-25 2 44 41_crop_12.png,2008,1,43,218,104.0,5
24,03-01-25 2 44 41_crop_12.png,2009,1,57,227,104.0,5
24,03-01-25 2 44 41_crop_12.png,2010,1,60,213,104.0,5
24,03-01-25 2 44 41_crop_12.png,2011,1,52,196,104.0,5
24,03-01-25 2 44 41_crop_12.png,2012,1,61,197,104.0,5
24,03-01-25 2 44 41_crop_12.png,2013,1,10,228,104.0,5
24,03-01-25 2 44 41_crop_12.png,2014,1,8,234,104.0,5
24,03-01-25 2 44 41_crop_12.png,2015,1,16,246,104.0,5
24,03-01-25 2 44 41_crop_12.png,2016,1,24,243,104.0,5
24,03-01-25 2 44 41_crop_12.png,2017,1,35,259,104.0,5
24,03-01-25 2 44 41_crop_12.png,2018,1,44,269,104.0,5
24,03-01-25 2 44 41_crop_12.png,2019,1,20,234,104.0,5
24,03-01-25 2 44 41_crop_12.png,2020,1,28,233,104.0,5
24,03-01-25 2 44 41_crop_12.png,2021,1,33,234,104.0,5
24,03-01-25 2 44 41_crop_12.png,2022,1,37,223,104.0,5
24,03-01-25 2 44 41_crop_12.png,2023,1,30,220,104.0,5
24,03-01-25 2 44 41_crop_12.png,2024,1,23,218,104.0,5
24,03-01-25 2 44 41_crop_12.png,2025,1,60,191,104.0,5
24,03-01-25 2 44 41_crop_12.png,2026,1,73,183,104.0,5
24,03-01-25 2 44 41_crop_12.png,2027,1,80,190,104.0,5
24,03-01-25 2 44 41_crop_12.png,2028,1,71,209,104.0,5
24,03-01-25 2 44 41_crop_12.png,2029,1,72,220,104.0,5
24,03-01-25 2 44 41_crop_12.png,2030,1,50,240,104.0,5
24,03-01-25 2 44 41_crop_12.png,2031,1,55,249,104.0,5
24,03-01-25 2 44 41_crop_12.png,2032,1,70,239,104.0,5
24,03-01-25 2 44 41_crop_12.png,2033,1,75,231,104.0,5
24,03-01-25 2 44 41_crop_12.png,2034,1,80,247,104.0,5
24,03-01-25 2 44 41_crop_12.png,2035,1,86,220,104.0,5
24,03-01-25 2 44 41_crop_12.png,2036,1,79,212,104.0,5
24,03-01-25 2 44 41_crop_12.png,2037,1,92,232,104.0,5
24,03-01-25 2 44 41_crop_12.png,2038,1,94,242,104.0,5
24,03-01-25 2 44 41_crop_12.png,2039,1,101,226,104.0,5
24,03-01-25 2 44 41_crop_12.png,2040,1,100,215,104.0,5
24,03-01-25 2 44 41_crop_12.png,2041,1,85,202,104.0,5
24,03-01-25 2 44 41_crop_12.png,2042,1,93,203,104.0,5
24,03-01-25 2 44 41_crop_12.png,2043,1,112,235,104.0,5
24,03-01-25 2 44 41_crop_12.png,2044,1,118,222,104.0,5
24,03-01-25 2 44 41_crop_12.png,2045,1,122,212,104.0,5
24,03-01-25 2 44 41_crop_12.png,2046,1,127,221,104.0,5
24,03-01-25 2 44 41_crop_12.png,2047,1,130,228,104.0,5
24,03-01-25 2 44 41_crop_12.png,2048,1,145,222,104.0,5
24,03-01-25 2 44 41_crop_12.png,2049,1,154,220,104.0,5
24,03-01-25 2 44 41_crop_12.png,2050,1,133,210,104.0,5
24,03-01-25 2 44 41_crop_12.png,2051,1,128,203,104.0,5
24,03-01-25 2 44 41_crop_12.png,2052,1,98,190,104.0,5
24,03-01-25 2 44 41_crop_12.png,2053,1,128,166,104.0,5
24,03-01-25 2 44 41_crop_12.png,2054,1,145,173,104.0,5
24,03-01-25 2 44 41_crop_12.png,2055,1,148,192,104.0,5
24,03-01-25 2 44 41_crop_12.png,2056,1,91,173,104.0,5
24,03-01-25 2 44 41_crop_12.png,2057,1,99,176,104.0,5
24,03-01-25 2 44 41_crop_12.png,2058,1,123,190,104.0,5
24,03-01-25 2 44 41_crop_12.png,2059,1,124,179,104.0,5
24,03-01-25 2 44 41_crop_12.png,2060,1,116,178,104.0,5
24,03-01-25 2 44 41_crop_12.png,2061,1,112,187,104.0,5
24,03-01-25 2 44 41_crop_12.png,2062,1,124,150,104.0,5
24,03-01-25 2 44 41_crop_12.png,2063,1,134,150,104.0,5
24,03-01-25 2 44 41_crop_12.png,2064,1,146,141,104.0,5
24,03-01-25 2 44 41_crop_12.png,2065,1,145,150,104.0,5
24,03-01-25 2 44 41_crop_12.png,2066,1,149,158,104.0,5
24,03-01-25 2 44 41_crop_12.png,2067,1,157,153,104.0,5
24,03-01-25 2 44 41_crop_12.png,2068,1,158,165,104.0,5
24,03-01-25 2 44 41_crop_12.png,2069,1,170,146,104.0,5
24,03-01-25 2 44 41_crop_12.png,2070,1,177,146,104.0,5
24,03-01-25 2 44 41_crop_12.png,2071,1,184,140,104.0,5
24,03-01-25 2 44 41_crop_12.png,2072,1,190,149,104.0,5
24,03-01-25 2 44 41_crop_12.png,2073,1,185,157,104.0,5
24,03-01-25 2 44 41_crop_12.png,2074,1,176,156,104.0,5
24,03-01-25 2 44 41_crop_12.png,2075,1,170,164,104.0,5
24,03-01-25 2 44 41_crop_12.png,2076,1,156,186,104.0,5
24,03-01-25 2 44 41_crop_12.png,2077,1,138,198,104.0,5
24,03-01-25 2 44 41_crop_12.png,2078,1,145,208,104.0,5
24,03-01-25 2 44 41_crop_12.png,2079,1,156,205,104.0,5
24,03-01-25 2 44 41_crop_12.png,2080,1,164,205,104.0,5
24,03-01-25 2 44 41_crop_12.png,2081,1,211,153,104.0,5
24,03-01-25 2 44 41_crop_12.png,2082,1,241,135,104.0,5
24,03-01-25 2 44 41_crop_12.png,2083,1,231,142,104.0,5
24,03-01-25 2 44 41_crop_12.png,2084,1,240,142,104.0,5
24,03-01-25 2 44 41_crop_12.png,2085,1,241,151,104.0,5
24,03-01-25 2 44 41_crop_12.png,2086,1,252,151,104.0,5
24,03-01-25 2 44 41_crop_12.png,2087,1,179,179,104.0,5
24,03-01-25 2 44 41_crop_12.png,2088,1,185,185,104.0,5
24,03-01-25 2 44 41_crop_12.png,2089,1,189,193,104.0,5
24,03-01-25 2 44 41_crop_12.png,2090,1,176,196,104.0,5
24,03-01-25 2 44 41_crop_12.png,2091,1,180,203,104.0,5
24,03-01-25 2 44 41_crop_12.png,2092,1,192,207,104.0,5
24,03-01-25 2 44 41_crop_12.png,2093,1,202,205,104.0,5
24,03-01-25 2 44 41_crop_12.png,2094,1,189,215,104.0,5
24,03-01-25 2 44 41_crop_12.png,2095,1,196,219,104.0,5
24,03-01-25 2 44 41_crop_12.png,2096,1,191,223,104.0,5
24,03-01-25 2 44 41_crop_12.png,2097,1,207,219,104.0,5
24,03-01-25 2 44 41_crop_12.png,2098,1,225,221,104.0,5
24,03-01-25 2 44 41_crop_12.png,2099,1,215,211,104.0,5
24,03-01-25 2 44 41_crop_12.png,2100,1,224,198,104.0,5
24,03-01-25 2 44 41_crop_12.png,2101,1,216,200,104.0,5
24,03-01-25 2 44 41_crop_12.png,2102,1,212,193,104.0,5
24,03-01-25 2 44 41_crop_12.png,2103,1,200,192,104.0,5
24,03-01-25 2 44 41_crop_12.png,2104,1,212,181,104.0,5
24,03-01-25 2 44 41_crop_12.png,2105,1,208,166,104.0,5
24,03-01-25 2 44 41_crop_12.png,2106,1,220,165,104.0,5
24,03-01-25 2 44 41_crop_12.png,2107,1,224,154,104.0,5
24,03-01-25 2 44 41_crop_12.png,2108,1,234,158,104.0,5
24,03-01-25 2 44 41_crop_12.png,2109,1,228,163,104.0,5
24,03-01-25 2 44 41_crop_12.png,2110,1,232,172,104.0,5
24,03-01-25 2 44 41_crop_12.png,2111,1,224,182,104.0,5
24,03-01-25 2 44 41_crop_12.png,2112,1,253,162,104.0,5
24,03-01-25 2 44 41_crop_12.png,2113,1,254,171,104.0,5
24,03-01-25 2 44 41_crop_12.png,2114,1,244,171,104.0,5
24,03-01-25 2 44 41_crop_12.png,2115,1,239,181,104.0,5
24,03-01-25 2 44 41_crop_12.png,2116,1,237,194,104.0,5
24,03-01-25 2 44 41_crop_12.png,2117,1,279,133,104.0,5
24,03-01-25 2 44 41_crop_12.png,2118,1,279,142,104.0,5
24,03-01-25 2 44 41_crop_12.png,2119,1,283,149,104.0,5
24,03-01-25 2 44 41_crop_12.png,2120,1,291,141,104.0,5
24,03-01-25 2 44 41_crop_12.png,2121,1,301,141,104.0,5
24,03-01-25 2 44 41_crop_12.png,2122,1,311,144,104.0,5
24,03-01-25 2 44 41_crop_12.png,2123,1,319,153,104.0,5
24,03-01-25 2 44 41_crop_12.png,2124,1,295,153,104.0,5
24,03-01-25 2 44 41_crop_12.png,2125,1,288,159,104.0,5
24,03-01-25 2 44 41_crop_12.png,2126,1,295,165,104.0,5
24,03-01-25 2 44 41_crop_12.png,2127,1,302,159,104.0,5
24,03-01-25 2 44 41_crop_12.png,2128,1,310,160,104.0,5
24,03-01-25 2 44 41_crop_12.png,2129,1,319,162,104.0,5
24,03-01-25 2 44 41_crop_12.png,2130,1,278,158,104.0,5
24,03-01-25 2 44 41_crop_12.png,2131,1,272,150,104.0,5
24,03-01-25 2 44 41_crop_12.png,2132,1,266,158,104.0,5
24,03-01-25 2 44 41_crop_12.png,2133,1,262,149,104.0,5
24,03-01-25 2 44 41_crop_12.png,2134,1,264,182,104.0,5
24,03-01-25 2 44 41_crop_12.png,2135,1,253,187,104.0,5
24,03-01-25 2 44 41_crop_12.png,2136,1,257,192,104.0,5
24,03-01-25 2 44 41_crop_12.png,2137,1,265,195,104.0,5
24,03-01-25 2 44 41_crop_12.png,2138,1,253,198,104.0,5
24,03-01-25 2 44 41_crop_12.png,2139,1,260,204,104.0,5
24,03-01-25 2 44 41_crop_12.png,2140,1,244,212,104.0,5
24,03-01-25 2 44 41_crop_12.png,2141,1,288,177,104.0,5
24,03-01-25 2 44 41_crop_12.png,2142,1,279,192,104.0,5
24,03-01-25 2 44 41_crop_12.png,2143,1,288,194,104.0,5
24,03-01-25 2 44 41_crop_12.png,2144,1,297,186,104.0,5
24,03-01-25 2 44 41_crop_12.png,2145,1,298,193,104.0,5
24,03-01-25 2 44 41_crop_12.png,2146,1,298,201,104.0,5
24,03-01-25 2 44 41_crop_12.png,2147,1,308,194,104.0,5
24,03-01-25 2 44 41_crop_12.png,2148,1,302,177,104.0,5
24,03-01-25 2 44 41_crop_12.png,2149,1,305,170,104.0,5
24,03-01-25 2 44 41_crop_12.png,2150,1,315,172,104.0,5
24,03-01-25 2 44 41_crop_12.png,2151,1,311,179,104.0,5
24,03-01-25 2 44 41_crop_12.png,2152,1,318,182,104.0,5
24,03-01-25 2 44 41_crop_12.png,2153,1,325,174,104.0,5
24,03-01-25 2 44 41_crop_12.png,2154,1,333,178,104.0,5
24,03-01-25 2 44 41_crop_12.png,2155,1,332,164,104.0,5
24,03-01-25 2 44 41_crop_12.png,2156,1,343,165,104.0,5
24,03-01-25 2 44 41_crop_12.png,2157,1,344,175,104.0,5
24,03-01-25 2 44 41_crop_12.png,2158,1,353,175,104.0,5
24,03-01-25 2 44 41_crop_12.png,2159,1,356,165,104.0,5
24,03-01-25 2 44 41_crop_12.png,2160,1,356,156,104.0,5
24,03-01-25 2 44 41_crop_12.png,2161,1,283,206,104.0,5
24,03-01-25 2 44 41_crop_12.png,2162,1,283,214,104.0,5
24,03-01-25 2 44 41_crop_12.png,2163,1,278,221,104.0,5
24,03-01-25 2 44 41_crop_12.png,2164,1,286,222,104.0,5
24,03-01-25 2 44 41_crop_12.png,2165,1,300,219,104.0,5
24,03-01-25 2 44 41_crop_12.png,2166,1,308,222,104.0,5
24,03-01-25 2 44 41_crop_12.png,2167,1,305,210,104.0,5
24,03-01-25 2 44 41_crop_12.png,2168,1,312,207,104.0,5
24,03-01-25 2 44 41_crop_12.png,2169,1,322,203,104.0,5
24,03-01-25 2 44 41_crop_12.png,2170,1,325,196,104.0,5
24,03-01-25 2 44 41_crop_12.png,2171,1,341,195,104.0,5
24,03-01-25 2 44 41_crop_12.png,2172,1,349,184,104.0,5
24,03-01-25 2 44 41_crop_12.png,2173,1,355,184,104.0,5
24,03-01-25 2 44 41_crop_12.png,2174,1,363,193,104.0,5
24,03-01-25 2 44 41_crop_12.png,2175,1,369,162,104.0,5
24,03-01-25 2 44 41_crop_12.png,2176,1,381,158,104.0,5
24,03-01-25 2 44 41_crop_12.png,2177,1,388,156,104.0,5
24,03-01-25 2 44 41_crop_12.png,2178,1,396,159,104.0,5
24,03-01-25 2 44 41_crop_12.png,2179,1,392,167,104.0,5
24,03-01-25 2 44 41_crop_12.png,2180,1,382,170,104.0,5
24,03-01-25 2 44 41_crop_12.png,2181,1,367,178,104.0,5
24,03-01-25 2 44 41_crop_12.png,2182,1,377,181,104.0,5
24,03-01-25 2 44 41_crop_12.png,2183,1,391,184,104.0,5
24,03-01-25 2 44 41_crop_12.png,2184,1,382,192,104.0,5
24,03-01-25 2 44 41_crop_12.png,2185,1,357,202,104.0,5
24,03-01-25 2 44 41_crop_12.png,2186,1,365,203,104.0,5
24,03-01-25 2 44 41_crop_12.png,2187,1,354,217,104.0,5
24,03-01-25 2 44 41_crop_12.png,2188,1,363,221,104.0,5
24,03-01-25 2 44 41_crop_12.png,2189,1,364,212,104.0,5
24,03-01-25 2 44 41_crop_12.png,2190,1,372,216,104.0,5
24,03-01-25 2 44 41_crop_12.png,2191,1,340,204,104.0,5
24,03-01-25 2 44 41_crop_12.png,2192,1,346,205,104.0,5
24,03-01-25 2 44 41_crop_12.png,2193,1,403,173,104.0,5
24,03-01-25 2 44 41_crop_12.png,2194,1,411,165,104.0,5
24,03-01-25 2 44 41_crop_12.png,2195,1,424,159,104.0,5
24,03-01-25 2 44 41_crop_12.png,2196,1,432,148,104.0,5
24,03-01-25 2 44 41_crop_12.png,2197,1,499,156,104.0,5
24,03-01-25 2 44 41_crop_12.png,2198,1,503,164,104.0,5
24,03-01-25 2 44 41_crop_12.png,2199,1,507,171,75.0,4
24,03-01-25 2 44 41_crop_12.png,2200,1,508,180,64.0,4
24,03-01-25 2 44 41_crop_12.png,2201,1,497,170,104.0,5
24,03-01-25 2 44 41_crop_12.png,2202,1,490,162,104.0,5
24,03-01-25 2 44 41_crop_12.png,2203,1,477,157,104.0,5
24,03-01-25 2 44 41_crop_12.png,2204,1,471,162,104.0,5
24,03-01-25 2 44 41_crop_12.png,2205,1,465,159,104.0,5
24,03-01-25 2 44 41_crop_12.png,2206,1,460,152,104.0,5
24,03-01-25 2 44 41_crop_12.png,2207,1,455,164,104.0,5
24,03-01-25 2 44 41_crop_12.png,2208,1,452,173,104.0,5
24,03-01-25 2 44 41_crop_12.png,2209,1,462,175,104.0,5
24,03-01-25 2 44 41_crop_12.png,2210,1,445,154,104.0,5
24,03-01-25 2 44 41_crop_12.png,2211,1,436,160,104.0,5
24,03-01-25 2 44 41_crop_12.png,2212,1,430,170,104.0,5
24,03-01-25 2 44 41_crop_12.png,2213,1,489,176,104.0,5
24,03-01-25 2 44 41_crop_12.png,2214,1,479,175,104.0,5
24,03-01-25 2 44 41_crop_12.png,2215,1,472,179,104.0,5
24,03-01-25 2 44 41_crop_12.png,2216,1,484,188,104.0,5
24,03-01-25 2 44 41_crop_12.png,2217,1,494,199,104.0,5
24,03-01-25 2 44 41_crop_12.png,2218,1,505,211,104.0,5
24,03-01-25 2 44 41_crop_12.png,2219,1,505,227,104.0,5
24,03-01-25 2 44 41_crop_12.png,2220,1,484,202,104.0,5
24,03-01-25 2 44 41_crop_12.png,2221,1,479,213,104.0,5
24,03-01-25 2 44 41_crop_12.png,2222,1,483,229,104.0,5
24,03-01-25 2 44 41_crop_12.png,2223,1,492,237,104.0,5
24,03-01-25 2 44 41_crop_12.png,2224,1,506,248,94.0,5
24,03-01-25 2 44 41_crop_12.png,2225,1,500,260,104.0,5
24,03-01-25 2 44 41_crop_12.png,2226,1,458,187,104.0,5
24,03-01-25 2 44 41_crop_12.png,2227,1,447,181,104.0,5
24,03-01-25 2 44 41_crop_12.png,2228,1,443,188,104.0,5
24,03-01-25 2 44 41_crop_12.png,2229,1,445,196,104.0,5
24,03-01-25 2 44 41_crop_12.png,2230,1,434,179,104.0,5
24,03-01-25 2 44 41_crop_12.png,2231,1,415,186,104.0,5
24,03-01-25 2 44 41_crop_12.png,2232,1,424,184,104.0,5
24,03-01-25 2 44 41_crop_12.png,2233,1,432,192,104.0,5
24,03-01-25 2 44 41_crop_12.png,2234,1,392,197,104.0,5
24,03-01-25 2 44 41_crop_12.png,2235,1,401,200,104.0,5
24,03-01-25 2 44 41_crop_12.png,2236,1,408,197,104.0,5
24,03-01-25 2 44 41_crop_12.png,2237,1,389,209,104.0,5
24,03-01-25 2 44 41_crop_12.png,2238,1,399,214,104.0,5
24,03-01-25 2 44 41_crop_12.png,2239,1,410,210,104.0,5
24,03-01-25 2 44 41_crop_12.png,2240,1,419,206,104.0,5
24,03-01-25 2 44 41_crop_12.png,2241,1,430,204,104.0,5
24,03-01-25 2 44 41_crop_12.png,2242,1,457,199,104.0,5
24,03-01-25 2 44 41_crop_12.png,2243,1,458,208,104.0,5
24,03-01-25 2 44 41_crop_12.png,2244,1,450,209,104.0,5
24,03-01-25 2 44 41_crop_12.png,2245,1,442,213,104.0,5
24,03-01-25 2 44 41_crop_12.png,2246,1,444,221,104.0,5
24,03-01-25 2 44 41_crop_12.png,2247,1,438,227,104.0,5
24,03-01-25 2 44 41_crop_12.png,2248,1,465,219,104.0,5
24,03-01-25 2 44 41_crop_12.png,2249,1,472,228,104.0,5
24,03-01-25 2 44 41_crop_12.png,2250,1,473,238,104.0,5
24,03-01-25 2 44 41_crop_12.png,2251,1,469,245,104.0,5
24,03-01-25 2 44 41_crop_12.png,2252,1,476,249,104.0,5
24,03-01-25 2 44 41_crop_12.png,2253,1,487,246,104.0,5
24,03-01-25 2 44 41_crop_12.png,2254,1,486,253,104.0,5
24,03-01-25 2 44 41_crop_12.png,2255,1,480,263,104.0,5
24,03-01-25 2 44 41_crop_12.png,2256,1,487,268,104.0,5
24,03-01-25 2 44 41_crop_12.png,2257,1,493,286,104.0,5
24,03-01-25 2 44 41_crop_12.png,2258,1,485,283,104.0,5
24,03-01-25 2 44 41_crop_12.png,2259,1,478,282,104.0,5
24,03-01-25 2 44 41_crop_12.png,2260,1,475,271,104.0,5
24,03-01-25 2 44 41_crop_12.png,2261,1,470,270,104.0,5
24,03-01-25 2 44 41_crop_12.png,2262,1,453,226,104.0,5
24,03-01-25 2 44 41_crop_12.png,2263,1,454,234,104.0,5
24,03-01-25 2 44 41_crop_12.png,2264,1,464,233,104.0,5
24,03-01-25 2 44 41_crop_12.png,2265,1,447,240,104.0,5
24,03-01-25 2 44 41_crop_12.png,2266,1,452,251,104.0,5
24,03-01-25 2 44 41_crop_12.png,2267,1,459,249,104.0,5
24,03-01-25 2 44 41_crop_12.png,2268,1,458,255,104.0,5
24,03-01-25 2 44 41_crop_12.png,2269,1,465,259,104.0,5
24,03-01-25 2 44 41_crop_12.png,2270,1,460,263,104.0,5
24,03-01-25 2 44 41_crop_12.png,2271,1,499,298,104.0,5
24,03-01-25 2 44 41_crop_12.png,2272,1,487,296,104.0,5
24,03-01-25 2 44 41_crop_12.png,2273,1,488,305,104.0,5
24,03-01-25 2 44 41_crop_12.png,2274,1,500,309,104.0,5
24,03-01-25 2 44 41_crop_12.png,2275,1,492,313,104.0,5
24,03-01-25 2 44 41_crop_12.png,2276,1,486,316,104.0,5
24,03-01-25 2 44 41_crop_12.png,2277,1,498,322,104.0,5
24,03-01-25 2 44 41_crop_12.png,2278,1,506,318,94.0,5
24,03-01-25 2 44 41_crop_12.png,2279,1,506,341,94.0,5
24,03-01-25 2 44 41_crop_12.png,2280,1,494,334,104.0,5
24,03-01-25 2 44 41_crop_12.png,2281,1,496,348,104.0,5
24,03-01-25 2 44 41_crop_12.png,2282,1,483,346,104.0,5
24,03-01-25 2 44 41_crop_12.png,2283,1,483,334,104.0,5
24,03-01-25 2 44 41_crop_12.png,2284,1,476,324,104.0,5
24,03-01-25 2 44 41_crop_12.png,2285,1,477,306,104.0,5
25,03-01-25 2 44 41_crop_13.png,2286,1,142,241,104.0,5
25,03-01-25 2 44 41_crop_13.png,2287,1,25,2,52.0,4
25,03-01-25 2 44 41_crop_13.png,2288,1,17,6,104.0,5
25,03-01-25 2 44 41_crop_13.png,2289,1,24,15,104.0,5
25,03-01-25 2 44 41_crop_13.png,2290,1,13,20,104.0,5
25,03-01-25 2 44 41_crop_13.png,2291,1,16,29,104.0,5
25,03-01-25 2 44 41_crop_13.png,2292,1,6,34,104.0,5
25,03-01-25 2 44 41_crop_13.png,2293,1,2,55,64.0,4
25,03-01-25 2 44 41_crop_13.png,2294,1,10,48,104.0,5
25,03-01-25 2 44 41_crop_13.png,2295,1,14,41,104.0,5
25,03-01-25 2 44 41_crop_13.png,2296,1,24,44,104.0,5
25,03-01-25 2 44 41_crop_13.png,2297,1,26,54,104.0,5
25,03-01-25 2 44 41_crop_13.png,2298,1,32,61,104.0,5
25,03-01-25 2 44 41_crop_13.png,2299,1,21,62,104.0,5
25,03-01-25 2 44 41_crop_13.png,2300,1,14,67,104.0,5
25,03-01-25 2 44 41_crop_13.png,2301,1,3,67,75.0,4
25,03-01-25 2 44 41_crop_13.png,2302,1,2,80,64.0,4
25,03-01-25 2 44 41_crop_13.png,2303,1,10,79,104.0,5
25,03-01-25 2 44 41_crop_13.png,2304,1,18,78,104.0,5
25,03-01-25 2 44 41_crop_13.png,2305,1,16,89,104.0,5
25,03-01-25 2 44 41_crop_13.png,2306,1,3,109,75.0,4
25,03-01-25 2 44 41_crop_13.png,2307,1,12,110,104.0,5
25,03-01-25 2 44 41_crop_13.png,2308,1,21,117,104.0,5
25,03-01-25 2 44 41_crop_13.png,2309,1,29,115,104.0,5
25,03-01-25 2 44 41_crop_13.png,2310,1,33,106,104.0,5
25,03-01-25 2 44 41_crop_13.png,2311,1,26,106,104.0,5
25,03-01-25 2 44 41_crop_13.png,2312,1,22,96,104.0,5
25,03-01-25 2 44 41_crop_13.png,2313,1,27,92,104.0,5
25,03-01-25 2 44 41_crop_13.png,2314,1,39,86,104.0,5
25,03-01-25 2 44 41_crop_13.png,2315,1,30,75,104.0,5
25,03-01-25 2 44 41_crop_13.png,2316,1,36,74,104.0,5
25,03-01-25 2 44 41_crop_13.png,2317,1,38,54,104.0,5
25,03-01-25 2 44 41_crop_13.png,2318,1,34,41,104.0,5
25,03-01-25 2 44 41_crop_13.png,2319,1,30,18,104.0,5
25,03-01-25 2 44 41_crop_13.png,2320,1,37,13,104.0,5
25,03-01-25 2 44 41_crop_13.png,2321,1,45,7,104.0,5
25,03-01-25 2 44 41_crop_13.png,2322,1,30,5,101.0,5
25,03-01-25 2 44 41_crop_13.png,2323,1,14,129,104.0,5
25,03-01-25 2 44 41_crop_13.png,2324,1,26,129,104.0,5
25,03-01-25 2 44 41_crop_13.png,2325,1,11,147,104.0,5
25,03-01-25 2 44 41_crop_13.png,2326,1,2,158,52.0,4
25,03-01-25 2 44 41_crop_13.png,2327,1,5,162,101.0,5
25,03-01-25 2 44 41_crop_13.png,2328,1,6,169,104.0,5
25,03-01-25 2 44 41_crop_13.png,2329,1,13,158,104.0,5
25,03-01-25 2 44 41_crop_13.png,2330,1,26,162,104.0,5
25,03-01-25 2 44 41_crop_13.png,2331,1,43,165,104.0,5
25,03-01-25 2 44 41_crop_13.png,2332,1,38,158,104.0,5
25,03-01-25 2 44 41_crop_13.png,2333,1,31,151,104.0,5
25,03-01-25 2 44 41_crop_13.png,2334,1,26,143,104.0,5
25,03-01-25 2 44 41_crop_13.png,2335,1,37,140,104.0,5
25,03-01-25 2 44 41_crop_13.png,2336,1,48,147,104.0,5
25,03-01-25 2 44 41_crop_13.png,2337,1,52,141,104.0,5
25,03-01-25 2 44 41_crop_13.png,2338,1,46,134,104.0,5
25,03-01-25 2 44 41_crop_13.png,2339,1,36,129,104.0,5
25,03-01-25 2 44 41_crop_13.png,2340,1,39,122,104.0,5
25,03-01-25 2 44 41_crop_13.png,2341,1,40,114,104.0,5
25,03-01-25 2 44 41_crop_13.png,2342,1,44,118,104.0,5
25,03-01-25 2 44 41_crop_13.png,2343,1,53,126,104.0,5
25,03-01-25 2 44 41_crop_13.png,2344,1,61,130,104.0,5
25,03-01-25 2 44 41_crop_13.png,2345,1,63,115,104.0,5
25,03-01-25 2 44 41_crop_13.png,2346,1,73,117,104.0,5
25,03-01-25 2 44 41_crop_13.png,2347,1,72,103,104.0,5
25,03-01-25 2 44 41_crop_13.png,2348,1,58,98,104.0,5
25,03-01-25 2 44 41_crop_13.png,2349,1,48,93,104.0,5
25,03-01-25 2 44 41_crop_13.png,2350,1,44,102,104.0,5
25,03-01-25 2 44 41_crop_13.png,2351,1,53,87,104.0,5
25,03-01-25 2 44 41_crop_13.png,2352,1,54,77,104.0,5
25,03-01-25 2 44 41_crop_13.png,2353,1,48,71,104.0,5
25,03-01-25 2 44 41_crop_13.png,2354,1,64,75,104.0,5
25,03-01-25 2 44 41_crop_13.png,2355,1,75,73,104.0,5
25,03-01-25 2 44 41_crop_13.png,2356,1,66,86,104.0,5
25,03-01-25 2 44 41_crop_13.png,2357,1,77,92,104.0,5
25,03-01-25 2 44 41_crop_13.png,2358,1,80,81,104.0,5
25,03-01-25 2 44 41_crop_13.png,2359,1,91,73,104.0,5
25,03-01-25 2 44 41_crop_13.png,2360,1,90,87,104.0,5
25,03-01-25 2 44 41_crop_13.png,2361,1,88,92,104.0,5
25,03-01-25 2 44 41_crop_13.png,2362,1,99,93,104.0,5
25,03-01-25 2 44 41_crop_13.png,2363,1,57,64,104.0,5
25,03-01-25 2 44 41_crop_13.png,2364,1,68,56,104.0,5
25,03-01-25 2 44 41_crop_13.png,2365,1,52,55,104.0,5
25,03-01-25 2 44 41_crop_13.png,2366,1,42,47,104.0,5
25,03-01-25 2 44 41_crop_13.png,2367,1,43,39,104.0,5
25,03-01-25 2 44 41_crop_13.png,2368,1,40,28,104.0,5
25,03-01-25 2 44 41_crop_13.png,2369,1,48,17,104.0,5
25,03-01-25 2 44 41_crop_13.png,2370,1,52,32,104.0,5
25,03-01-25 2 44 41_crop_13.png,2371,1,58,27,104.0,5
25,03-01-25 2 44 41_crop_13.png,2372,1,61,45,104.0,5
25,03-01-25 2 44 41_crop_13.png,2373,1,64,4,94.0,5
25,03-01-25 2 44 41_crop_13.png,2374,1,75,5,101.0,5
25,03-01-25 2 44 41_crop_13.png,2375,1,86,4,94.0,5
25,03-01-25 2 44 41_crop_13.png,2376,1,71,16,104.0,5
25,03-01-25 2 44 41_crop_13.png,2377,1,84,28,104.0,5
25,03-01-25 2 44 41_crop_13.png,2378,1,97,16,104.0,5
25,03-01-25 2 44 41_crop_13.png,2379,1,103,10,104.0,5
25,03-01-25 2 44 41_crop_13.png,2380,1,122,2,64.0,4
25,03-01-25 2 44 41_crop_13.png,2381,1,131,2,64.0,4
25,03-01-25 2 44 41_crop_13.png,2382,1,126,9,104.0,5
25,03-01-25 2 44 41_crop_13.png,2383,1,129,17,104.0,5
25,03-01-25 2 44 41_crop_13.png,2384,1,139,7,104.0,5
25,03-01-25 2 44 41_crop_13.png,2385,1,142,17,104.0,5
25,03-01-25 2 44 41_crop_13.png,2386,1,152,20,104.0,5
25,03-01-25 2 44 41_crop_13.png,2387,1,162,11,104.0,5
25,03-01-25 2 44 41_crop_13.png,2388,1,183,2,64.0,4
25,03-01-25 2 44 41_crop_13.png,2389,1,185,11,104.0,5
25,03-01-25 2 44 41_crop_13.png,2390,1,192,2,64.0,4
25,03-01-25 2 44 41_crop_13.png,2391,1,210,3,85.0,5
25,03-01-25 2 44 41_crop_13.png,2392,1,235,2,64.0,4
25,03-01-25 2 44 41_crop_13.png,2393,1,256,2,64.0,4
25,03-01-25 2 44 41_crop_13.png,2394,1,250,7,104.0,5
25,03-01-25 2 44 41_crop_13.png,2395,1,260,12,104.0,5
25,03-01-25 2 44 41_crop_13.png,2396,1,277,4,94.0,5
25,03-01-25 2 44 41_crop_13.png,2397,1,287,10,104.0,5
25,03-01-25 2 44 41_crop_13.png,2398,1,297,5,101.0,5
25,03-01-25 2 44 41_crop_13.png,2399,1,308,4,94.0,5
25,03-01-25 2 44 41_crop_13.png,2400,1,310,12,104.0,5
25,03-01-25 2 44 41_crop_13.png,2401,1,302,16,104.0,5
25,03-01-25 2 44 41_crop_13.png,2402,1,319,3,85.0,5
25,03-01-25 2 44 41_crop_13.png,2403,1,324,11,104.0,5
25,03-01-25 2 44 41_crop_13.png,2404,1,331,9,104.0,5
25,03-01-25 2 44 41_crop_13.png,2405,1,340,6,104.0,5
25,03-01-25 2 44 41_crop_13.png,2406,1,352,3,85.0,5
25,03-01-25 2 44 41_crop_13.png,2407,1,358,10,104.0,5
25,03-01-25 2 44 41_crop_13.png,2408,1,357,18,104.0,5
25,03-01-25 2 44 41_crop_13.png,2409,1,353,28,104.0,5
25,03-01-25 2 44 41_crop_13.png,2410,1,341,22,104.0,5
25,03-01-25 2 44 41_crop_13.png,2411,1,331,25,104.0,5
25,03-01-25 2 44 41_crop_13.png,2412,1,317,21,104.0,5
25,03-01-25 2 44 41_crop_13.png,2413,1,297,27,104.0,5
25,03-01-25 2 44 41_crop_13.png,2414,1,284,24,104.0,5
25,03-01-25 2 44 41_crop_13.png,2415,1,270,22,104.0,5
25,03-01-25 2 44 41_crop_13.png,2416,1,262,27,104.0,5
25,03-01-25 2 44 41_crop_13.png,2417,1,254,28,104.0,5
25,03-01-25 2 44 41_crop_13.png,2418,1,251,18,104.0,5
25,03-01-25 2 44 41_crop_13.png,2419,1,250,36,104.0,5
25,03-01-25 2 44 41_crop_13.png,2420,1,259,38,104.0,5
25,03-01-25 2 44 41_crop_13.png,2421,1,267,38,104.0,5
25,03-01-25 2 44 41_crop_13.png,2422,1,55,172,104.0,5
25,03-01-25 2 44 41_crop_13.png,2423,1,61,164,104.0,5
25,03-01-25 2 44 41_crop_13.png,2424,1,68,157,104.0,5
25,03-01-25 2 44 41_crop_13.png,2425,1,76,166,104.0,5
25,03-01-25 2 44 41_crop_13.png,2426,1,81,157,104.0,5
25,03-01-25 2 44 41_crop_13.png,2427,1,95,167,104.0,5
25,03-01-25 2 44 41_crop_13.png,2428,1,103,158,104.0,5
25,03-01-25 2 44 41_crop_13.png,2429,1,95,155,104.0,5
25,03-01-25 2 44 41_crop_13.png,2430,1,84,140,104.0,5
25,03-01-25 2 44 41_crop_13.png,2431,1,83,134,104.0,5
25,03-01-25 2 44 41_crop_13.png,2432,1,96,137,104.0,5
25,03-01-25 2 44 41_crop_13.png,2433,1,111,138,104.0,5
25,03-01-25 2 44 41_crop_13.png,2434,1,90,125,104.0,5
25,03-01-25 2 44 41_crop_13.png,2435,1,98,122,104.0,5
25,03-01-25 2 44 41_crop_13.png,2436,1,91,115,104.0,5
25,03-01-25 2 44 41_crop_13.png,2437,1,106,108,104.0,5
25,03-01-25 2 44 41_crop_13.png,2438,1,114,118,104.0,5
25,03-01-25 2 44 41_crop_13.png,2439,1,108,126,104.0,5
25,03-01-25 2 44 41_crop_13.png,2440,1,119,126,104.0,5
25,03-01-25 2 44 41_crop_13.png,2441,1,77,43,104.0,5
25,03-01-25 2 44 41_crop_13.png,2442,1,87,39,104.0,5
25,03-01-25 2 44 41_crop_13.png,2443,1,84,51,104.0,5
25,03-01-25 2 44 41_crop_13.png,2444,1,92,47,104.0,5
25,03-01-25 2 44 41_crop_13.png,2445,1,101,50,104.0,5
25,03-01-25 2 44 41_crop_13.png,2446,1,94,58,104.0,5
25,03-01-25 2 44 41_crop_13.png,2447,1,105,58,104.0,5
25,03-01-25 2 44 41_crop_13.png,2448,1,112,61,104.0,5
25,03-01-25 2 44 41_crop_13.png,2449,1,104,67,104.0,5
25,03-01-25 2 44 41_crop_13.png,2450,1,108,81,104.0,5
25,03-01-25 2 44 41_crop_13.png,2451,1,98,32,104.0,5
25,03-01-25 2 44 41_crop_13.png,2452,1,103,33,104.0,5
25,03-01-25 2 44 41_crop_13.png,2453,1,109,38,104.0,5
25,03-01-25 2 44 41_crop_13.png,2454,1,112,30,104.0,5
25,03-01-25 2 44 41_crop_13.png,2455,1,119,31,104.0,5
25,03-01-25 2 44 41_crop_13.png,2456,1,115,41,104.0,5
25,03-01-25 2 44 41_crop_13.png,2457,1,130,33,104.0,5
25,03-01-25 2 44 41_crop_13.png,2458,1,167,22,104.0,5
25,03-01-25 2 44 41_crop_13.png,2459,1,174,21,104.0,5
25,03-01-25 2 44 41_crop_13.png,2460,1,157,28,104.0,5
25,03-01-25 2 44 41_crop_13.png,2461,1,151,30,104.0,5
25,03-01-25 2 44 41_crop_13.png,2462,1,139,27,104.0,5
25,03-01-25 2 44 41_crop_13.png,2463,1,140,37,104.0,5
25,03-01-25 2 44 41_crop_13.png,2464,1,129,43,104.0,5
25,03-01-25 2 44 41_crop_13.png,2465,1,111,49,104.0,5
25,03-01-25 2 44 41_crop_13.png,2466,1,125,53,104.0,5
25,03-01-25 2 44 41_crop_13.png,2467,1,116,89,104.0,5
25,03-01-25 2 44 41_crop_13.png,2468,1,124,98,104.0,5
25,03-01-25 2 44 41_crop_13.png,2469,1,133,91,104.0,5
25,03-01-25 2 44 41_crop_13.png,2470,1,143,97,104.0,5
25,03-01-25 2 44 41_crop_13.png,2471,1,122,73,104.0,5
25,03-01-25 2 44 41_crop_13.png,2472,1,130,71,104.0,5
25,03-01-25 2 44 41_crop_13.png,2473,1,140,69,104.0,5
25,03-01-25 2 44 41_crop_13.png,2474,1,152,69,104.0,5
25,03-01-25 2 44 41_crop_13.png,2475,1,136,57,104.0,5
25,03-01-25 2 44 41_crop_13.png,2476,1,142,109,104.0,5
25,03-01-25 2 44 41_crop_13.png,2477,1,143,121,104.0,5
25,03-01-25 2 44 41_crop_13.png,2478,1,146,132,104.0,5
25,03-01-25 2 44 41_crop_13.png,2479,1,125,135,104.0,5
25,03-01-25 2 44 41_crop_13.png,2480,1,122,143,104.0,5
25,03-01-25 2 44 41_crop_13.png,2481,1,131,139,104.0,5
25,03-01-25 2 44 41_crop_13.png,2482,1,137,147,104.0,5
25,03-01-25 2 44 41_crop_13.png,2483,1,138,158,104.0,5
25,03-01-25 2 44 41_crop_13.png,2484,1,132,167,104.0,5
25,03-01-25 2 44 41_crop_13.png,2485,1,125,154,104.0,5
25,03-01-25 2 44 41_crop_13.png,2486,1,116,157,104.0,5
25,03-01-25 2 44 41_crop_13.png,2487,1,146,146,104.0,5
25,03-01-25 2 44 41_crop_13.png,2488,1,153,137,104.0,5
25,03-01-25 2 44 41_crop_13.png,2489,1,161,148,104.0,5
25,03-01-25 2 44 41_crop_13.png,2490,1,151,157,104.0,5
25,03-01-25 2 44 41_crop_13.png,2491,1,146,170,104.0,5
25,03-01-25 2 44 41_crop_13.png,2492,1,146,85,104.0,5
25,03-01-25 2 44 41_crop_13.png,2493,1,154,78,104.0,5
25,03-01-25 2 44 41_crop_13.png,2494,1,150,52,104.0,5
25,03-01-25 2 44 41_crop_13.png,2495,1,162,36,104.0,5
25,03-01-25 2 44 41_crop_13.png,2496,1,162,45,104.0,5
25,03-01-25 2 44 41_crop_13.png,2497,1,171,37,104.0,5
25,03-01-25 2 44 41_crop_13.png,2498,1,181,35,104.0,5
25,03-01-25 2 44 41_crop_13.png,2499,1,162,57,104.0,5
25,03-01-25 2 44 41_crop_13.png,2500,1,174,62,104.0,5
25,03-01-25 2 44 41_crop_13.png,2501,1,174,71,104.0,5
25,03-01-25 2 44 41_crop_13.png,2502,1,189,26,104.0,5
25,03-01-25 2 44 41_crop_13.png,2503,1,204,16,104.0,5
25,03-01-25 2 44 41_crop_13.png,2504,1,209,22,104.0,5
25,03-01-25 2 44 41_crop_13.png,2505,1,199,28,104.0,5
25,03-01-25 2 44 41_crop_13.png,2506,1,218,26,104.0,5
25,03-01-25 2 44 41_crop_13.png,2507,1,222,37,104.0,5
25,03-01-25 2 44 41_crop_13.png,2508,1,215,11,104.0,5
25,03-01-25 2 44 41_crop_13.png,2509,1,225,9,104.0,5
25,03-01-25 2 44 41_crop_13.png,2510,1,236,13,104.0,5
25,03-01-25 2 44 41_crop_13.png,2511,1,207,44,104.0,5
25,03-01-25 2 44 41_crop_13.png,2512,1,239,40,104.0,5
25,03-01-25 2 44 41_crop_13.png,2513,1,198,56,104.0,5
25,03-01-25 2 44 41_crop_13.png,2514,1,161,85,104.0,5
25,03-01-25 2 44 41_crop_13.png,2515,1,163,96,104.0,5
25,03-01-25 2 44 41_crop_13.png,2516,1,160,108,104.0,5
25,03-01-25 2 44 41_crop_13.png,2517,1,155,119,104.0,5
25,03-01-25 2 44 41_crop_13.png,2518,1,164,124,104.0,5
25,03-01-25 2 44 41_crop_13.png,2519,1,172,108,104.0,5
25,03-01-25 2 44 41_crop_13.png,2520,1,182,109,104.0,5
25,03-01-25 2 44 41_crop_13.png,2521,1,181,117,104.0,5
25,03-01-25 2 44 41_crop_13.png,2522,1,176,124,104.0,5
25,03-01-25 2 44 41_crop_13.png,2523,1,173,135,104.0,5
25,03-01-25 2 44 41_crop_13.png,2524,1,175,147,104.0,5
25,03-01-25 2 44 41_crop_13.png,2525,1,175,86,104.0,5
25,03-01-25 2 44 41_crop_13.png,2526,1,188,63,104.0,5
25,03-01-25 2 44 41_crop_13.png,2527,1,197,74,104.0,5
25,03-01-25 2 44 41_crop_13.png,2528,1,197,84,104.0,5
25,03-01-25 2 44 41_crop_13.png,2529,1,191,89,104.0,5
25,03-01-25 2 44 41_crop_13.png,2530,1,188,98,104.0,5
25,03-01-25 2 44 41_crop_13.png,2531,1,201,99,104.0,5
25,03-01-25 2 44 41_crop_13.png,2532,1,214,86,104.0,5
25,03-01-25 2 44 41_crop_13.png,2533,1,220,67,104.0,5
25,03-01-25 2 44 41_crop_13.png,2534,1,221,56,104.0,5
25,03-01-25 2 44 41_crop_13.png,2535,1,202,112,104.0,5
25,03-01-25 2 44 41_crop_13.png,2536,1,196,122,104.0,5
25,03-01-25 2 44 41_crop_13.png,2537,1,198,131,104.0,5
25,03-01-25 2 44 41_crop_13.png,2538,1,187,132,104.0,5
25,03-01-25 2 44 41_crop_13.png,2539,1,188,139,104.0,5
25,03-01-25 2 44 41_crop_13.png,2540,1,187,149,104.0,5
25,03-01-25 2 44 41_crop_13.png,2541,1,194,145,104.0,5
25,03-01-25 2 44 41_crop_13.png,2542,1,201,150,104.0,5
25,03-01-25 2 44 41_crop_13.png,2543,1,185,160,104.0,5
25,03-01-25 2 44 41_crop_13.png,2544,1,175,166,104.0,5
25,03-01-25 2 44 41_crop_13.png,2545,1,183,168,104.0,5
25,03-01-25 2 44 41_crop_13.png,2546,1,199,162,104.0,5
25,03-01-25 2 44 41_crop_13.png,2547,1,217,164,104.0,5
25,03-01-25 2 44 41_crop_13.png,2548,1,227,168,104.0,5
25,03-01-25 2 44 41_crop_13.png,2549,1,241,162,104.0,5
25,03-01-25 2 44 41_crop_13.png,2550,1,213,149,104.0,5
25,03-01-25 2 44 41_crop_13.png,2551,1,224,148,104.0,5
25,03-01-25 2 44 41_crop_13.png,2552,1,228,140,104.0,5
25,03-01-25 2 44 41_crop_13.png,2553,1,205,139,104.0,5
25,03-01-25 2 44 41_crop_13.png,2554,1,214,138,104.0,5
25,03-01-25 2 44 41_crop_13.png,2555,1,213,132,104.0,5
25,03-01-25 2 44 41_crop_13.png,2556,1,216,124,104.0,5
25,03-01-25 2 44 41_crop_13.png,2557,1,216,105,104.0,5
25,03-01-25 2 44 41_crop_13.png,2558,1,224,107,104.0,5
25,03-01-25 2 44 41_crop_13.png,2559,1,225,117,104.0,5
25,03-01-25 2 44 41_crop_13.png,2560,1,231,111,104.0,5
25,03-01-25 2 44 41_crop_13.png,2561,1,235,105,104.0,5
25,03-01-25 2 44 41_crop_13.png,2562,1,234,93,104.0,5
25,03-01-25 2 44 41_crop_13.png,2563,1,238,85,104.0,5
25,03-01-25 2 44 41_crop_13.png,2564,1,249,87,104.0,5
25,03-01-25 2 44 41_crop_13.png,2565,1,249,77,104.0,5
25,03-01-25 2 44 41_crop_13.png,2566,1,239,74,104.0,5
25,03-01-25 2 44 41_crop_13.png,2567,1,248,69,104.0,5
25,03-01-25 2 44 41_crop_13.png,2568,1,257,50,104.0,5
25,03-01-25 2 44 41_crop_13.png,2569,1,262,62,104.0,5
25,03-01-25 2 44 41_crop_13.png,2570,1,268,63,104.0,5
25,03-01-25 2 44 41_crop_13.png,2571,1,267,53,104.0,5
25,03-01-25 2 44 41_crop_13.png,2572,1,271,44,104.0,5
25,03-01-25 2 44 41_crop_13.png,2573,1,277,46,104.0,5
25,03-01-25 2 44 41_crop_13.png,2574,1,284,37,104.0,5
25,03-01-25 2 44 41_crop_13.png,2575,1,295,42,104.0,5
25,03-01-25 2 44 41_crop_13.png,2576,1,307,36,104.0,5
25,03-01-25 2 44 41_crop_13.png,2577,1,322,36,104.0,5
25,03-01-25 2 44 41_crop_13.png,2578,1,340,37,104.0,5
25,03-01-25 2 44 41_crop_13.png,2579,1,358,41,104.0,5
25,03-01-25 2 44 41_crop_13.png,2580,1,329,43,104.0,5
25,03-01-25 2 44 41_crop_13.png,2581,1,329,52,104.0,5
25,03-01-25 2 44 41_crop_13.png,2582,1,316,47,104.0,5
25,03-01-25 2 44 41_crop_13.png,2583,1,308,53,104.0,5
25,03-01-25 2 44 41_crop_13.png,2584,1,304,62,104.0,5
25,03-01-25 2 44 41_crop_13.png,2585,1,311,67,104.0,5
25,03-01-25 2 44 41_crop_13.png,2586,1,289,53,104.0,5
25,03-01-25 2 44 41_crop_13.png,2587,1,294,60,104.0,5
25,03-01-25 2 44 41_crop_13.png,2588,1,282,60,104.0,5
25,03-01-25 2 44 41_crop_13.png,2589,1,286,69,104.0,5
25,03-01-25 2 44 41_crop_13.png,2590,1,278,69,104.0,5
25,03-01-25 2 44 41_crop_13.png,2591,1,269,70,104.0,5
25,03-01-25 2 44 41_crop_13.png,2592,1,281,78,104.0,5
25,03-01-25 2 44 41_crop_13.png,2593,1,260,82,104.0,5
25,03-01-25 2 44 41_crop_13.png,2594,1,271,89,104.0,5
25,03-01-25 2 44 41_crop_13.png,2595,1,289,96,104.0,5
25,03-01-25 2 44 41_crop_13.png,2596,1,300,89,104.0,5
25,03-01-25 2 44 41_crop_13.png,2597,1,298,81,104.0,5
25,03-01-25 2 44 41_crop_13.png,2598,1,319,85,104.0,5
25,03-01-25 2 44 41_crop_13.png,2599,1,321,74,104.0,5
25,03-01-25 2 44 41_crop_13.png,2600,1,333,65,104.0,5
25,03-01-25 2 44 41_crop_13.png,2601,1,331,77,104.0,5
25,03-01-25 2 44 41_crop_13.png,2602,1,246,98,104.0,5
25,03-01-25 2 44 41_crop_13.png,2603,1,255,102,104.0,5
25,03-01-25 2 44 41_crop_13.png,2604,1,267,103,104.0,5
25,03-01-25 2 44 41_crop_13.png,2605,1,255,112,104.0,5
25,03-01-25 2 44 41_crop_13.png,2606,1,243,116,104.0,5
25,03-01-25 2 44 41_crop_13.png,2607,1,236,125,104.0,5
25,03-01-25 2 44 41_crop_13.png,2608,1,248,123,104.0,5
25,03-01-25 2 44 41_crop_13.png,2609,1,247,133,104.0,5
25,03-01-25 2 44 41_crop_13.png,2610,1,257,128,104.0,5
25,03-01-25 2 44 41_crop_13.png,2611,1,264,155,104.0,5
25,03-01-25 2 44 41_crop_13.png,2612,1,267,167,104.0,5
25,03-01-25 2 44 41_crop_13.png,2613,1,273,146,104.0,5
25,03-01-25 2 44 41_crop_13.png,2614,1,269,135,104.0,5
25,03-01-25 2 44 41_crop_13.png,2615,1,276,131,104.0,5
25,03-01-25 2 44 41_crop_13.png,2616,1,264,120,104.0,5
25,03-01-25 2 44 41_crop_13.png,2617,1,274,114,104.0,5
25,03-01-25 2 44 41_crop_13.png,2618,1,283,124,104.0,5
25,03-01-25 2 44 41_crop_13.png,2619,1,287,109,104.0,5
25,03-01-25 2 44 41_crop_13.png,2620,1,294,126,104.0,5
25,03-01-25 2 44 41_crop_13.png,2621,1,285,144,104.0,5
25,03-01-25 2 44 41_crop_13.png,2622,1,299,110,104.0,5
25,03-01-25 2 44 41_crop_13.png,2623,1,309,110,104.0,5
25,03-01-25 2 44 41_crop_13.png,2624,1,310,99,104.0,5
25,03-01-25 2 44 41_crop_13.png,2625,1,327,96,104.0,5
25,03-01-25 2 44 41_crop_13.png,2626,1,322,114,104.0,5
25,03-01-25 2 44 41_crop_13.png,2627,1,328,127,104.0,5
25,03-01-25 2 44 41_crop_13.png,2628,1,322,135,104.0,5
25,03-01-25 2 44 41_crop_13.png,2629,1,335,142,104.0,5
25,03-01-25 2 44 41_crop_13.png,2630,1,297,139,104.0,5
25,03-01-25 2 44 41_crop_13.png,2631,1,292,153,104.0,5
25,03-01-25 2 44 41_crop_13.png,2632,1,310,146,104.0,5
25,03-01-25 2 44 41_crop_13.png,2633,1,303,164,104.0,5
25,03-01-25 2 44 41_crop_13.png,2634,1,321,160,104.0,5
25,03-01-25 2 44 41_crop_13.png,2635,1,331,168,104.0,5
25,03-01-25 2 44 41_crop_13.png,2636,1,340,51,104.0,5
25,03-01-25 2 44 41_crop_13.png,2637,1,366,9,104.0,5
25,03-01-25 2 44 41_crop_13.png,2638,1,376,10,104.0,5
25,03-01-25 2 44 41_crop_13.png,2639,1,376,3,85.0,5
25,03-01-25 2 44 41_crop_13.png,2640,1,395,3,75.0,4
25,03-01-25 2 44 41_crop_13.png,2641,1,388,9,104.0,5
25,03-01-25 2 44 41_crop_13.png,2642,1,395,13,104.0,5
25,03-01-25 2 44 41_crop_13.png,2643,1,412,2,40.0,3
25,03-01-25 2 44 41_crop_13.png,2644,1,425,4,94.0,5
25,03-01-25 2 44 41_crop_13.png,2645,1,435,6,104.0,5
25,03-01-25 2 44 41_crop_13.png,2646,1,461,7,104.0,5
25,03-01-25 2 44 41_crop_13.png,2647,1,467,3,85.0,5
25,03-01-25 2 44 41_crop_13.png,2648,1,481,2,40.0,3
25,03-01-25 2 44 41_crop_13.png,2649,1,501,2,64.0,4
25,03-01-25 2 44 41_crop_13.png,2650,1,477,12,104.0,5
25,03-01-25 2 44 41_crop_13.png,2651,1,488,11,104.0,5
25,03-01-25 2 44 41_crop_13.png,2652,1,495,15,104.0,5
25,03-01-25 2 44 41_crop_13.png,2653,1,499,30,104.0,5
25,03-01-25 2 44 41_crop_13.png,2654,1,488,25,104.0,5
25,03-01-25 2 44 41_crop_13.png,2655,1,477,22,104.0,5
25,03-01-25 2 44 41_crop_13.png,2656,1,484,33,104.0,5
25,03-01-25 2 44 41_crop_13.png,2657,1,486,43,104.0,5
25,03-01-25 2 44 41_crop_13.png,2658,1,494,44,104.0,5
25,03-01-25 2 44 41_crop_13.png,2659,1,500,48,104.0,5
25,03-01-25 2 44 41_crop_13.png,2660,1,506,68,94.0,5
25,03-01-25 2 44 41_crop_13.png,2661,1,503,77,104.0,5
25,03-01-25 2 44 41_crop_13.png,2662,1,503,90,104.0,5
25,03-01-25 2 44 41_crop_13.png,2663,1,500,99,104.0,5
25,03-01-25 2 44 41_crop_13.png,2664,1,508,108,64.0,4
25,03-01-25 2 44 41_crop_13.png,2665,1,507,125,85.0,5
25,03-01-25 2 44 41_crop_13.png,2666,1,505,149,101.0,5
25,03-01-25 2 44 41_crop_13.png,2667,1,507,167,75.0,4
25,03-01-25 2 44 41_crop_13.png,2668,1,493,163,104.0,5
25,03-01-25 2 44 41_crop_13.png,2669,1,507,181,85.0,5
25,03-01-25 2 44 41_crop_13.png,2670,1,502,186,104.0,5
25,03-01-25 2 44 41_crop_13.png,2671,1,491,185,104.0,5
25,03-01-25 2 44 41_crop_13.png,2672,1,475,183,104.0,5
25,03-01-25 2 44 41_crop_13.png,2673,1,479,170,104.0,5
25,03-01-25 2 44 41_crop_13.png,2674,1,479,157,104.0,5
25,03-01-25 2 44 41_crop_13.png,2675,1,473,149,104.0,5
25,03-01-25 2 44 41_crop_13.png,2676,1,482,138,104.0,5
25,03-01-25 2 44 41_crop_13.png,2677,1,490,136,104.0,5
25,03-01-25 2 44 41_crop_13.png,2678,1,488,126,104.0,5
25,03-01-25 2 44 41_crop_13.png,2679,1,496,119,104.0,5
25,03-01-25 2 44 41_crop_13.png,2680,1,476,129,104.0,5
25,03-01-25 2 44 41_crop_13.png,2681,1,483,117,104.0,5
25,03-01-25 2 44 41_crop_13.png,2682,1,488,106,104.0,5
25,03-01-25 2 44 41_crop_13.png,2683,1,486,89,104.0,5
25,03-01-25 2 44 41_crop_13.png,2684,1,491,74,104.0,5
25,03-01-25 2 44 41_crop_13.png,2685,1,486,58,104.0,5
25,03-01-25 2 44 41_crop_13.png,2686,1,478,48,104.0,5
25,03-01-25 2 44 41_crop_13.png,2687,1,477,54,104.0,5
25,03-01-25 2 44 41_crop_13.png,2688,1,480,64,104.0,5
25,03-01-25 2 44 41_crop_13.png,2689,1,469,58,104.0,5
25,03-01-25 2 44 41_crop_13.png,2690,1,469,68,104.0,5
25,03-01-25 2 44 41_crop_13.png,2691,1,479,80,104.0,5
25,03-01-25 2 44 41_crop_13.png,2692,1,459,18,104.0,5
25,03-01-25 2 44 41_crop_13.png,2693,1,454,25,104.0,5
25,03-01-25 2 44 41_crop_13.png,2694,1,453,35,104.0,5
25,03-01-25 2 44 41_crop_13.png,2695,1,456,42,104.0,5
25,03-01-25 2 44 41_crop_13.png,2696,1,466,42,104.0,5
25,03-01-25 2 44 41_crop_13.png,2697,1,463,50,104.0,5
25,03-01-25 2 44 41_crop_13.png,2698,1,458,59,104.0,5
25,03-01-25 2 44 41_crop_13.png,2699,1,456,75,104.0,5
25,03-01-25 2 44 41_crop_13.png,2700,1,428,16,104.0,5
25,03-01-25 2 44 41_crop_13.png,2701,1,438,16,104.0,5
25,03-01-25 2 44 41_crop_13.png,2702,1,436,26,104.0,5
25,03-01-25 2 44 41_crop_13.png,2703,1,430,28,104.0,5
25,03-01-25 2 44 41_crop_13.png,2704,1,430,39,104.0,5
25,03-01-25 2 44 41_crop_13.png,2705,1,436,47,104.0,5
25,03-01-25 2 44 41_crop_13.png,2706,1,444,45,104.0,5
25,03-01-25 2 44 41_crop_13.png,2707,1,375,21,104.0,5
25,03-01-25 2 44 41_crop_13.png,2708,1,390,19,104.0,5
25,03-01-25 2 44 41_crop_13.png,2709,1,400,23,104.0,5
25,03-01-25 2 44 41_crop_13.png,2710,1,413,18,104.0,5
25,03-01-25 2 44 41_crop_13.png,2711,1,418,28,104.0,5
25,03-01-25 2 44 41_crop_13.png,2712,1,419,37,104.0,5
25,03-01-25 2 44 41_crop_13.png,2713,1,407,33,104.0,5
25,03-01-25 2 44 41_crop_13.png,2714,1,395,30,104.0,5
25,03-01-25 2 44 41_crop_13.png,2715,1,387,33,104.0,5
25,03-01-25 2 44 41_crop_13.png,2716,1,369,36,104.0,5
25,03-01-25 2 44 41_crop_13.png,2717,1,371,45,104.0,5
25,03-01-25 2 44 41_crop_13.png,2718,1,352,56,104.0,5
25,03-01-25 2 44 41_crop_13.png,2719,1,344,62,104.0,5
25,03-01-25 2 44 41_crop_13.png,2720,1,346,71,104.0,5
25,03-01-25 2 44 41_crop_13.png,2721,1,354,72,104.0,5
25,03-01-25 2 44 41_crop_13.png,2722,1,359,67,104.0,5
25,03-01-25 2 44 41_crop_13.png,2723,1,362,61,104.0,5
25,03-01-25 2 44 41_crop_13.png,2724,1,367,53,104.0,5
25,03-01-25 2 44 41_crop_13.png,2725,1,339,77,104.0,5
25,03-01-25 2 44 41_crop_13.png,2726,1,345,85,104.0,5
25,03-01-25 2 44 41_crop_13.png,2727,1,344,92,104.0,5
25,03-01-25 2 44 41_crop_13.png,2728,1,338,105,104.0,5
25,03-01-25 2 44 41_crop_13.png,2729,1,352,86,104.0,5
25,03-01-25 2 44 41_crop_13.png,2730,1,361,78,104.0,5
25,03-01-25 2 44 41_crop_13.png,2731,1,366,71,104.0,5
25,03-01-25 2 44 41_crop_13.png,2732,1,362,89,104.0,5
25,03-01-25 2 44 41_crop_13.png,2733,1,352,100,104.0,5
25,03-01-25 2 44 41_crop_13.png,2734,1,367,98,104.0,5
25,03-01-25 2 44 41_crop_13.png,2735,1,339,116,104.0,5
25,03-01-25 2 44 41_crop_13.png,2736,1,337,127,104.0,5
25,03-01-25 2 44 41_crop_13.png,2737,1,344,124,104.0,5
25,03-01-25 2 44 41_crop_13.png,2738,1,347,131,104.0,5
25,03-01-25 2 44 41_crop_13.png,2739,1,355,128,104.0,5
25,03-01-25 2 44 41_crop_13.png,2740,1,350,118,104.0,5
25,03-01-25 2 44 41_crop_13.png,2741,1,358,115,104.0,5
25,03-01-25 2 44 41_crop_13.png,2742,1,368,114,104.0,5
25,03-01-25 2 44 41_crop_13.png,2743,1,352,143,104.0,5
25,03-01-25 2 44 41_crop_13.png,2744,1,360,135,104.0,5
25,03-01-25 2 44 41_crop_13.png,2745,1,343,166,104.0,5
25,03-01-25 2 44 41_crop_13.png,2746,1,354,163,104.0,5
25,03-01-25 2 44 41_crop_13.png,2747,1,367,157,104.0,5
25,03-01-25 2 44 41_crop_13.png,2748,1,371,141,104.0,5
25,03-01-25 2 44 41_crop_13.png,2749,1,370,129,104.0,5
25,03-01-25 2 44 41_crop_13.png,2750,1,379,130,104.0,5
25,03-01-25 2 44 41_crop_13.png,2751,1,386,127,104.0,5
25,03-01-25 2 44 41_crop_13.png,2752,1,378,116,104.0,5
25,03-01-25 2 44 41_crop_13.png,2753,1,387,115,104.0,5
25,03-01-25 2 44 41_crop_13.png,2754,1,391,105,104.0,5
25,03-01-25 2 44 41_crop_13.png,2755,1,385,49,104.0,5
25,03-01-25 2 44 41_crop_13.png,2756,1,375,62,104.0,5
25,03-01-25 2 44 41_crop_13.png,2757,1,382,62,104.0,5
25,03-01-25 2 44 41_crop_13.png,2758,1,391,63,104.0,5
25,03-01-25 2 44 41_crop_13.png,2759,1,378,72,104.0,5
25,03-01-25 2 44 41_crop_13.png,2760,1,379,83,104.0,5
25,03-01-25 2 44 41_crop_13.png,2761,1,398,46,104.0,5
25,03-01-25 2 44 41_crop_13.png,2762,1,400,53,104.0,5
25,03-01-25 2 44 41_crop_13.png,2763,1,406,58,104.0,5
25,03-01-25 2 44 41_crop_13.png,2764,1,410,63,104.0,5
25,03-01-25 2 44 41_crop_13.png,2765,1,401,65,104.0,5
25,03-01-25 2 44 41_crop_13.png,2766,1,401,73,104.0,5
25,03-01-25 2 44 41_crop_13.png,2767,1,401,81,104.0,5
25,03-01-25 2 44 41_crop_13.png,2768,1,400,90,104.0,5
25,03-01-25 2 44 41_crop_13.png,2769,1,397,97,104.0,5
25,03-01-25 2 44 41_crop_13.png,2770,1,385,97,104.0,5
25,03-01-25 2 44 41_crop_13.png,2771,1,401,105,104.0,5
25,03-01-25 2 44 41_crop_13.png,2772,1,416,48,104.0,5
25,03-01-25 2 44 41_crop_13.png,2773,1,423,57,104.0,5
25,03-01-25 2 44 41_crop_13.png,2774,1,427,64,104.0,5
25,03-01-25 2 44 41_crop_13.png,2775,1,440,61,104.0,5
25,03-01-25 2 44 41_crop_13.png,2776,1,445,77,104.0,5
25,03-01-25 2 44 41_crop_13.png,2777,1,437,73,104.0,5
25,03-01-25 2 44 41_crop_13.png,2778,1,429,78,104.0,5
25,03-01-25 2 44 41_crop_13.png,2779,1,418,71,104.0,5
25,03-01-25 2 44 41_crop_13.png,2780,1,412,94,104.0,5
25,03-01-25 2 44 41_crop_13.png,2781,1,421,93,104.0,5
25,03-01-25 2 44 41_crop_13.png,2782,1,463,82,104.0,5
25,03-01-25 2 44 41_crop_13.png,2783,1,469,91,104.0,5
25,03-01-25 2 44 41_crop_13.png,2784,1,478,99,104.0,5
25,03-01-25 2 44 41_crop_13.png,2785,1,455,91,104.0,5
25,03-01-25 2 44 41_crop_13.png,2786,1,451,98,104.0,5
25,03-01-25 2 44 41_crop_13.png,2787,1,432,91,104.0,5
25,03-01-25 2 44 41_crop_13.png,2788,1,435,102,104.0,5
25,03-01-25 2 44 41_crop_13.png,2789,1,442,102,104.0,5
25,03-01-25 2 44 41_crop_13.png,2790,1,445,110,104.0,5
25,03-01-25 2 44 41_crop_13.png,2791,1,454,110,104.0,5
25,03-01-25 2 44 41_crop_13.png,2792,1,434,109,104.0,5
25,03-01-25 2 44 41_crop_13.png,2793,1,435,120,104.0,5
25,03-01-25 2 44 41_crop_13.png,2794,1,446,117,104.0,5
25,03-01-25 2 44 41_crop_13.png,2795,1,452,124,104.0,5
25,03-01-25 2 44 41_crop_13.png,2796,1,452,132,104.0,5
25,03-01-25 2 44 41_crop_13.png,2797,1,465,104,104.0,5
25,03-01-25 2 44 41_crop_13.png,2798,1,470,112,104.0,5
25,03-01-25 2 44 41_crop_13.png,2799,1,468,122,104.0,5
25,03-01-25 2 44 41_crop_13.png,2800,1,462,139,104.0,5
25,03-01-25 2 44 41_crop_13.png,2801,1,457,160,104.0,5
25,03-01-25 2 44 41_crop_13.png,2802,1,413,105,104.0,5
25,03-01-25 2 44 41_crop_13.png,2803,1,421,109,104.0,5
25,03-01-25 2 44 41_crop_13.png,2804,1,420,117,104.0,5
25,03-01-25 2 44 41_crop_13.png,2805,1,419,127,104.0,5
25,03-01-25 2 44 41_crop_13.png,2806,1,411,118,104.0,5
25,03-01-25 2 44 41_crop_13.png,2807,1,408,128,104.0,5
25,03-01-25 2 44 41_crop_13.png,2808,1,412,141,104.0,5
25,03-01-25 2 44 41_crop_13.png,2809,1,426,140,104.0,5
25,03-01-25 2 44 41_crop_13.png,2810,1,430,133,104.0,5
25,03-01-25 2 44 41_crop_13.png,2811,1,439,146,104.0,5
25,03-01-25 2 44 41_crop_13.png,2812,1,390,134,104.0,5
25,03-01-25 2 44 41_crop_13.png,2813,1,398,140,104.0,5
25,03-01-25 2 44 41_crop_13.png,2814,1,396,149,104.0,5
25,03-01-25 2 44 41_crop_13.png,2815,1,387,144,104.0,5
25,03-01-25 2 44 41_crop_13.png,2816,1,380,149,104.0,5
25,03-01-25 2 44 41_crop_13.png,2817,1,385,156,104.0,5
25,03-01-25 2 44 41_crop_13.png,2818,1,386,165,104.0,5
25,03-01-25 2 44 41_crop_13.png,2819,1,397,161,104.0,5
25,03-01-25 2 44 41_crop_13.png,2820,1,405,159,104.0,5
25,03-01-25 2 44 41_crop_13.png,2821,1,415,164,104.0,5
25,03-01-25 2 44 41_crop_13.png,2822,1,420,155,104.0,5
25,03-01-25 2 44 41_crop_13.png,2823,1,432,169,104.0,5
25,03-01-25 2 44 41_crop_13.png,2824,1,440,176,104.0,5
25,03-01-25 2 44 41_crop_13.png,2825,1,446,184,104.0,5
25,03-01-25 2 44 41_crop_13.png,2826,1,461,187,104.0,5
25,03-01-25 2 44 41_crop_13.png,2827,1,406,175,104.0,5
25,03-01-25 2 44 41_crop_13.png,2828,1,425,175,104.0,5
25,03-01-25 2 44 41_crop_13.png,2829,1,415,182,104.0,5
25,03-01-25 2 44 41_crop_13.png,2830,1,399,182,104.0,5
25,03-01-25 2 44 41_crop_13.png,2831,1,393,175,104.0,5
25,03-01-25 2 44 41_crop_13.png,2832,1,382,177,104.0,5
25,03-01-25 2 44 41_crop_13.png,2833,1,381,187,104.0,5
25,03-01-25 2 44 41_crop_13.png,2834,1,370,184,104.0,5
25,03-01-25 2 44 41_crop_13.png,2835,1,367,174,104.0,5
25,03-01-25 2 44 41_crop_13.png,2836,1,356,175,104.0,5
25,03-01-25 2 44 41_crop_13.png,2837,1,334,186,104.0,5
25,03-01-25 2 44 41_crop_13.png,2838,1,317,181,104.0,5
25,03-01-25 2 44 41_crop_13.png,2839,1,305,178,104.0,5
25,03-01-25 2 44 41_crop_13.png,2840,1,275,173,104.0,5
25,03-01-25 2 44 41_crop_13.png,2841,1,256,171,104.0,5
25,03-01-25 2 44 41_crop_13.png,2842,1,245,171,104.0,5
25,03-01-25 2 44 41_crop_13.png,2843,1,234,172,104.0,5
25,03-01-25 2 44 41_crop_13.png,2844,1,216,174,104.0,5
25,03-01-25 2 44 41_crop_13.png,2845,1,223,184,104.0,5
25,03-01-25 2 44 41_crop_13.png,2846,1,233,184,104.0,5
25,03-01-25 2 44 41_crop_13.png,2847,1,191,174,104.0,5
25,03-01-25 2 44 41_crop_13.png,2848,1,199,184,104.0,5
25,03-01-25 2 44 41_crop_13.png,2849,1,190,188,104.0,5
25,03-01-25 2 44 41_crop_13.png,2850,1,183,183,104.0,5
25,03-01-25 2 44 41_crop_13.png,2851,1,177,178,104.0,5
25,03-01-25 2 44 41_crop_13.png,2852,1,162,170,104.0,5
25,03-01-25 2 44 41_crop_13.png,2853,1,154,175,104.0,5
25,03-01-25 2 44 41_crop_13.png,2854,1,166,178,104.0,5
25,03-01-25 2 44 41_crop_13.png,2855,1,150,184,104.0,5
25,03-01-25 2 44 41_crop_13.png,2856,1,297,188,104.0,5
25,03-01-25 2 44 41_crop_13.png,2857,1,508,197,64.0,4
25,03-01-25 2 44 41_crop_13.png,2858,1,506,207,94.0,5
25,03-01-25 2 44 41_crop_13.png,2859,1,498,201,104.0,5
25,03-01-25 2 44 41_crop_13.png,2860,1,492,210,104.0,5
25,03-01-25 2 44 41_crop_13.png,2861,1,500,213,104.0,5
25,03-01-25 2 44 41_crop_13.png,2862,1,500,223,104.0,5
25,03-01-25 2 44 41_crop_13.png,2863,1,490,228,104.0,5
25,03-01-25 2 44 41_crop_13.png,2864,1,509,219,29.0,3
25,03-01-25 2 44 41_crop_13.png,2865,1,508,230,40.0,3
25,03-01-25 2 44 41_crop_13.png,2866,1,501,232,104.0,5
25,03-01-25 2 44 41_crop_13.png,2867,1,507,239,85.0,5
25,03-01-25 2 44 41_crop_13.png,2868,1,488,241,104.0,5
25,03-01-25 2 44 41_crop_13.png,2869,1,488,251,104.0,5
25,03-01-25 2 44 41_crop_13.png,2870,1,500,249,104.0,5
25,03-01-25 2 44 41_crop_13.png,2871,1,498,261,104.0,5
25,03-01-25 2 44 41_crop_13.png,2872,1,505,257,104.0,5
25,03-01-25 2 44 41_crop_13.png,2873,1,508,260,40.0,3
25,03-01-25 2 44 41_crop_13.png,2874,1,507,269,75.0,4
25,03-01-25 2 44 41_crop_13.png,2875,1,508,284,64.0,4
25,03-01-25 2 44 41_crop_13.png,2876,1,502,280,104.0,5
25,03-01-25 2 44 41_crop_13.png,2877,1,502,290,104.0,5
25,03-01-25 2 44 41_crop_13.png,2878,1,508,294,40.0,3
25,03-01-25 2 44 41_crop_13.png,2879,1,506,300,94.0,5
25,03-01-25 2 44 41_crop_13.png,2880,1,502,306,104.0,5
25,03-01-25 2 44 41_crop_13.png,2881,1,507,310,75.0,4
25,03-01-25 2 44 41_crop_13.png,2882,1,505,329,101.0,5
25,03-01-25 2 44 41_crop_13.png,2883,1,508,347,52.0,4
25,03-01-25 2 44 41_crop_13.png,2884,1,503,341,104.0,5
25,03-01-25 2 44 41_crop_13.png,2885,1,497,337,104.0,5
25,03-01-25 2 44 41_crop_13.png,2886,1,502,350,104.0,5
25,03-01-25 2 44 41_crop_13.png,2887,1,508,375,52.0,4
25,03-01-25 2 44 41_crop_13.png,2888,1,504,366,104.0,5
25,03-01-25 2 44 41_crop_13.png,2889,1,497,364,104.0,5
25,03-01-25 2 44 41_crop_13.png,2890,1,491,369,104.0,5
25,03-01-25 2 44 41_crop_13.png,2891,1,482,370,104.0,5
25,03-01-25 2 44 41_crop_13.png,2892,1,501,379,104.0,5
25,03-01-25 2 44 41_crop_13.png,2893,1,479,197,104.0,5
25,03-01-25 2 44 41_crop_13.png,2894,1,473,205,104.0,5
25,03-01-25 2 44 41_crop_13.png,2895,1,471,218,104.0,5
25,03-01-25 2 44 41_crop_13.png,2896,1,474,226,104.0,5
25,03-01-25 2 44 41_crop_13.png,2897,1,485,219,104.0,5
25,03-01-25 2 44 41_crop_13.png,2898,1,477,237,104.0,5
25,03-01-25 2 44 41_crop_13.png,2899,1,470,234,104.0,5
25,03-01-25 2 44 41_crop_13.png,2900,1,460,231,104.0,5
25,03-01-25 2 44 41_crop_13.png,2901,1,452,237,104.0,5
25,03-01-25 2 44 41_crop_13.png,2902,1,450,230,104.0,5
25,03-01-25 2 44 41_crop_13.png,2903,1,454,221,104.0,5
25,03-01-25 2 44 41_crop_13.png,2904,1,461,219,104.0,5
25,03-01-25 2 44 41_crop_13.png,2905,1,456,211,104.0,5
25,03-01-25 2 44 41_crop_13.png,2906,1,462,202,104.0,5
25,03-01-25 2 44 41_crop_13.png,2907,1,454,196,104.0,5
25,03-01-25 2 44 41_crop_13.png,2908,1,446,203,104.0,5
25,03-01-25 2 44 41_crop_13.png,2909,1,437,194,104.0,5
25,03-01-25 2 44 41_crop_13.png,2910,1,420,192,104.0,5
25,03-01-25 2 44 41_crop_13.png,2911,1,426,198,104.0,5
25,03-01-25 2 44 41_crop_13.png,2912,1,408,184,104.0,5
25,03-01-25 2 44 41_crop_13.png,2913,1,401,190,104.0,5
25,03-01-25 2 44 41_crop_13.png,2914,1,398,196,104.0,5
25,03-01-25 2 44 41_crop_13.png,2915,1,398,209,104.0,5
25,03-01-25 2 44 41_crop_13.png,2916,1,387,203,104.0,5
25,03-01-25 2 44 41_crop_13.png,2917,1,414,200,104.0,5
25,03-01-25 2 44 41_crop_13.png,2918,1,436,209,104.0,5
25,03-01-25 2 44 41_crop_13.png,2919,1,443,221,104.0,5
25,03-01-25 2 44 41_crop_13.png,2920,1,422,208,104.0,5
25,03-01-25 2 44 41_crop_13.png,2921,1,410,211,104.0,5
25,03-01-25 2 44 41_crop_13.png,2922,1,415,217,104.0,5
25,03-01-25 2 44 41_crop_13.png,2923,1,414,225,104.0,5
25,03-01-25 2 44 41_crop_13.png,2924,1,421,229,104.0,5
25,03-01-25 2 44 41_crop_13.png,2925,1,426,216,104.0,5
25,03-01-25 2 44 41_crop_13.png,2926,1,433,229,104.0,5
25,03-01-25 2 44 41_crop_13.png,2927,1,444,240,104.0,5
25,03-01-25 2 44 41_crop_13.png,2928,1,437,242,104.0,5
25,03-01-25 2 44 41_crop_13.png,2929,1,427,238,104.0,5
25,03-01-25 2 44 41_crop_13.png,2930,1,428,250,104.0,5
25,03-01-25 2 44 41_crop_13.png,2931,1,422,248,104.0,5
25,03-01-25 2 44 41_crop_13.png,2932,1,415,238,104.0,5
25,03-01-25 2 44 41_crop_13.png,2933,1,415,251,104.0,5
25,03-01-25 2 44 41_crop_13.png,2934,1,408,246,104.0,5
25,03-01-25 2 44 41_crop_13.png,2935,1,400,249,104.0,5
25,03-01-25 2 44 41_crop_13.png,2936,1,399,258,104.0,5
25,03-01-25 2 44 41_crop_13.png,2937,1,409,238,104.0,5
25,03-01-25 2 44 41_crop_13.png,2938,1,399,235,104.0,5
25,03-01-25 2 44 41_crop_13.png,2939,1,388,230,104.0,5
25,03-01-25 2 44 41_crop_13.png,2940,1,394,226,104.0,5
25,03-01-25 2 44 41_crop_13.png,2941,1,399,221,104.0,5
25,03-01-25 2 44 41_crop_13.png,2942,1,386,240,104.0,5
25,03-01-25 2 44 41_crop_13.png,2943,1,394,241,104.0,5
25,03-01-25 2 44 41_crop_13.png,2944,1,477,257,104.0,5
25,03-01-25 2 44 41_crop_13.png,2945,1,489,271,104.0,5
25,03-01-25 2 44 41_crop_13.png,2946,1,489,285,104.0,5
25,03-01-25 2 44 41_crop_13.png,2947,1,492,295,104.0,5
25,03-01-25 2 44 41_crop_13.png,2948,1,486,303,104.0,5
25,03-01-25 2 44 41_crop_13.png,2949,1,482,312,104.0,5
25,03-01-25 2 44 41_crop_13.png,2950,1,494,318,104.0,5
25,03-01-25 2 44 41_crop_13.png,2951,1,486,323,104.0,5
25,03-01-25 2 44 41_crop_13.png,2952,1,479,337,104.0,5
25,03-01-25 2 44 41_crop_13.png,2953,1,476,346,104.0,5
25,03-01-25 2 44 41_crop_13.png,2954,1,485,351,104.0,5
25,03-01-25 2 44 41_crop_13.png,2955,1,476,363,104.0,5
25,03-01-25 2 44 41_crop_13.png,2956,1,468,371,104.0,5
25,03-01-25 2 44 41_crop_13.png,2957,1,457,367,104.0,5
25,03-01-25 2 44 41_crop_13.png,2958,1,411,273,104.0,5
25,03-01-25 2 44 41_crop_13.png,2959,1,413,265,104.0,5
25,03-01-25 2 44 41_crop_13.png,2960,1,422,267,104.0,5
25,03-01-25 2 44 41_crop_13.png,2961,1,426,258,104.0,5
25,03-01-25 2 44 41_crop_13.png,2962,1,434,260,104.0,5
25,03-01-25 2 44 41_crop_13.png,2963,1,439,270,104.0,5
25,03-01-25 2 44 41_crop_13.png,2964,1,430,276,104.0,5
25,03-01-25 2 44 41_crop_13.png,2965,1,445,255,104.0,5
25,03-01-25 2 44 41_crop_13.png,2966,1,452,261,104.0,5
25,03-01-25 2 44 41_crop_13.png,2967,1,462,256,104.0,5
25,03-01-25 2 44 41_crop_13.png,2968,1,459,273,104.0,5
25,03-01-25 2 44 41_crop_13.png,2969,1,461,265,104.0,5
25,03-01-25 2 44 41_crop_13.png,2970,1,469,269,104.0,5
25,03-01-25 2 44 41_crop_13.png,2971,1,478,274,104.0,5
25,03-01-25 2 44 41_crop_13.png,2972,1,469,278,104.0,5
25,03-01-25 2 44 41_crop_13.png,2973,1,463,283,104.0,5
25,03-01-25 2 44 41_crop_13.png,2974,1,455,282,104.0,5
25,03-01-25 2 44 41_crop_13.png,2975,1,463,290,104.0,5
25,03-01-25 2 44 41_crop_13.png,2976,1,456,292,104.0,5
25,03-01-25 2 44 41_crop_13.png,2977,1,462,299,104.0,5
25,03-01-25 2 44 41_crop_13.png,2978,1,469,295,104.0,5
25,03-01-25 2 44 41_crop_13.png,2979,1,472,287,104.0,5
25,03-01-25 2 44 41_crop_13.png,2980,1,481,290,104.0,5
25,03-01-25 2 44 41_crop_13.png,2981,1,480,299,104.0,5
25,03-01-25 2 44 41_crop_13.png,2982,1,471,326,104.0,5
25,03-01-25 2 44 41_crop_13.png,2983,1,468,312,104.0,5
25,03-01-25 2 44 41_crop_13.png,2984,1,448,274,104.0,5
25,03-01-25 2 44 41_crop_13.png,2985,1,442,281,104.0,5
25,03-01-25 2 44 41_crop_13.png,2986,1,455,312,104.0,5
25,03-01-25 2 44 41_crop_13.png,2987,1,452,325,104.0,5
25,03-01-25 2 44 41_crop_13.png,2988,1,455,332,104.0,5
25,03-01-25 2 44 41_crop_13.png,2989,1,462,327,104.0,5
25,03-01-25 2 44 41_crop_13.png,2990,1,449,341,104.0,5
25,03-01-25 2 44 41_crop_13.png,2991,1,443,331,104.0,5
25,03-01-25 2 44 41_crop_13.png,2992,1,448,351,104.0,5
25,03-01-25 2 44 41_crop_13.png,2993,1,456,358,104.0,5
25,03-01-25 2 44 41_crop_13.png,2994,1,463,351,104.0,5
25,03-01-25 2 44 41_crop_13.png,2995,1,466,342,104.0,5
25,03-01-25 2 44 41_crop_13.png,2996,1,436,305,104.0,5
25,03-01-25 2 44 41_crop_13.png,2997,1,446,315,104.0,5
25,03-01-25 2 44 41_crop_13.png,2998,1,432,320,104.0,5
25,03-01-25 2 44 41_crop_13.png,2999,1,446,372,104.0,5
25,03-01-25 2 44 41_crop_13.png,3000,1,440,358,104.0,5
25,03-01-25 2 44 41_crop_13.png,3001,1,435,349,104.0,5
25,03-01-25 2 44 41_crop_13.png,3002,1,433,341,104.0,5
25,03-01-25 2 44 41_crop_13.png,3003,1,423,336,104.0,5
25,03-01-25 2 44 41_crop_13.png,3004,1,417,334,104.0,5
25,03-01-25 2 44 41_crop_13.png,3005,1,428,328,104.0,5
25,03-01-25 2 44 41_crop_13.png,3006,1,415,322,104.0,5
25,03-01-25 2 44 41_crop_13.png,3007,1,414,311,104.0,5
25,03-01-25 2 44 41_crop_13.png,3008,1,419,297,104.0,5
25,03-01-25 2 44 41_crop_13.png,3009,1,427,297,104.0,5
25,03-01-25 2 44 41_crop_13.png,3010,1,424,287,104.0,5
25,03-01-25 2 44 41_crop_13.png,3011,1,403,281,104.0,5
25,03-01-25 2 44 41_crop_13.png,3012,1,426,363,104.0,5
25,03-01-25 2 44 41_crop_13.png,3013,1,434,368,104.0,5
25,03-01-25 2 44 41_crop_13.png,3014,1,434,376,104.0,5
25,03-01-25 2 44 41_crop_13.png,3015,1,428,381,104.0,5
25,03-01-25 2 44 41_crop_13.png,3016,1,425,351,104.0,5
25,03-01-25 2 44 41_crop_13.png,3017,1,417,345,104.0,5
25,03-01-25 2 44 41_crop_13.png,3018,1,410,342,104.0,5
25,03-01-25 2 44 41_crop_13.png,3019,1,404,339,104.0,5
25,03-01-25 2 44 41_crop_13.png,3020,1,407,351,104.0,5
25,03-01-25 2 44 41_crop_13.png,3021,1,403,359,104.0,5
25,03-01-25 2 44 41_crop_13.png,3022,1,399,367,104.0,5
25,03-01-25 2 44 41_crop_13.png,3023,1,410,371,104.0,5
25,03-01-25 2 44 41_crop_13.png,3024,1,397,377,104.0,5
25,03-01-25 2 44 41_crop_13.png,3025,1,396,347,104.0,5
25,03-01-25 2 44 41_crop_13.png,3026,1,388,354,104.0,5
25,03-01-25 2 44 41_crop_13.png,3027,1,398,330,104.0,5
25,03-01-25 2 44 41_crop_13.png,3028,1,399,320,104.0,5
25,03-01-25 2 44 41_crop_13.png,3029,1,402,312,104.0,5
25,03-01-25 2 44 41_crop_13.png,3030,1,390,306,104.0,5
25,03-01-25 2 44 41_crop_13.png,3031,1,386,312,104.0,5
25,03-01-25 2 44 41_crop_13.png,3032,1,382,295,104.0,5
25,03-01-25 2 44 41_crop_13.png,3033,1,392,269,104.0,5
25,03-01-25 2 44 41_crop_13.png,3034,1,389,255,104.0,5
25,03-01-25 2 44 41_crop_13.png,3035,1,380,249,104.0,5
25,03-01-25 2 44 41_crop_13.png,3036,1,380,260,104.0,5
25,03-01-25 2 44 41_crop_13.png,3037,1,371,216,104.0,5
25,03-01-25 2 44 41_crop_13.png,3038,1,358,190,104.0,5
25,03-01-25 2 44 41_crop_13.png,3039,1,350,192,104.0,5
25,03-01-25 2 44 41_crop_13.png,3040,1,355,202,104.0,5
25,03-01-25 2 44 41_crop_13.png,3041,1,364,204,104.0,5
25,03-01-25 2 44 41_crop_13.png,3042,1,344,203,104.0,5
25,03-01-25 2 44 41_crop_13.png,3043,1,350,212,104.0,5
25,03-01-25 2 44 41_crop_13.png,3044,1,351,224,104.0,5
25,03-01-25 2 44 41_crop_13.png,3045,1,358,217,104.0,5
25,03-01-25 2 44 41_crop_13.png,3046,1,362,228,104.0,5
25,03-01-25 2 44 41_crop_13.png,3047,1,371,235,104.0,5
25,03-01-25 2 44 41_crop_13.png,3048,1,364,242,104.0,5
25,03-01-25 2 44 41_crop_13.png,3049,1,370,249,104.0,5
25,03-01-25 2 44 41_crop_13.png,3050,1,354,241,104.0,5
25,03-01-25 2 44 41_crop_13.png,3051,1,349,234,104.0,5
25,03-01-25 2 44 41_crop_13.png,3052,1,347,245,104.0,5
25,03-01-25 2 44 41_crop_13.png,3053,1,341,252,104.0,5
25,03-01-25 2 44 41_crop_13.png,3054,1,358,258,104.0,5
25,03-01-25 2 44 41_crop_13.png,3055,1,372,266,104.0,5
25,03-01-25 2 44 41_crop_13.png,3056,1,372,277,104.0,5
25,03-01-25 2 44 41_crop_13.png,3057,1,359,289,104.0,5
25,03-01-25 2 44 41_crop_13.png,3058,1,367,296,104.0,5
25,03-01-25 2 44 41_crop_13.png,3059,1,359,308,104.0,5
25,03-01-25 2 44 41_crop_13.png,3060,1,361,320,104.0,5
25,03-01-25 2 44 41_crop_13.png,3061,1,371,319,104.0,5
25,03-01-25 2 44 41_crop_13.png,3062,1,383,326,104.0,5
25,03-01-25 2 44 41_crop_13.png,3063,1,388,338,104.0,5
25,03-01-25 2 44 41_crop_13.png,3064,1,377,333,104.0,5
25,03-01-25 2 44 41_crop_13.png,3065,1,374,343,104.0,5
25,03-01-25 2 44 41_crop_13.png,3066,1,380,356,104.0,5
25,03-01-25 2 44 41_crop_13.png,3067,1,385,366,104.0,5
25,03-01-25 2 44 41_crop_13.png,3068,1,373,372,104.0,5
25,03-01-25 2 44 41_crop_13.png,3069,1,370,383,104.0,5
25,03-01-25 2 44 41_crop_13.png,3070,1,366,367,104.0,5
25,03-01-25 2 44 41_crop_13.png,3071,1,364,357,104.0,5
25,03-01-25 2 44 41_crop_13.png,3072,1,363,343,104.0,5
25,03-01-25 2 44 41_crop_13.png,3073,1,354,343,104.0,5
25,03-01-25 2 44 41_crop_13.png,3074,1,347,337,104.0,5
25,03-01-25 2 44 41_crop_13.png,3075,1,352,322,104.0,5
25,03-01-25 2 44 41_crop_13.png,3076,1,341,322,104.0,5
25,03-01-25 2 44 41_crop_13.png,3077,1,334,320,104.0,5
25,03-01-25 2 44 41_crop_13.png,3078,1,348,356,104.0,5
25,03-01-25 2 44 41_crop_13.png,3079,1,347,364,104.0,5
25,03-01-25 2 44 41_crop_13.png,3080,1,342,371,104.0,5
25,03-01-25 2 44 41_crop_13.png,3081,1,349,375,104.0,5
25,03-01-25 2 44 41_crop_13.png,3082,1,356,374,104.0,5
25,03-01-25 2 44 41_crop_13.png,3083,1,360,380,104.0,5
25,03-01-25 2 44 41_crop_13.png,3084,1,361,272,104.0,5
25,03-01-25 2 44 41_crop_13.png,3085,1,351,272,104.0,5
25,03-01-25 2 44 41_crop_13.png,3086,1,353,281,104.0,5
25,03-01-25 2 44 41_crop_13.png,3087,1,344,279,104.0,5
25,03-01-25 2 44 41_crop_13.png,3088,1,341,293,104.0,5
25,03-01-25 2 44 41_crop_13.png,3089,1,330,282,104.0,5
25,03-01-25 2 44 41_crop_13.png,3090,1,336,258,104.0,5
25,03-01-25 2 44 41_crop_13.png,3091,1,338,267,104.0,5
25,03-01-25 2 44 41_crop_13.png,3092,1,331,306,104.0,5
25,03-01-25 2 44 41_crop_13.png,3093,1,329,333,104.0,5
25,03-01-25 2 44 41_crop_13.png,3094,1,335,346,104.0,5
25,03-01-25 2 44 41_crop_13.png,3095,1,329,355,104.0,5
25,03-01-25 2 44 41_crop_13.png,3096,1,330,367,104.0,5
25,03-01-25 2 44 41_crop_13.png,3097,1,316,378,104.0,5
25,03-01-25 2 44 41_crop_13.png,3098,1,314,369,104.0,5
25,03-01-25 2 44 41_crop_13.png,3099,1,317,357,104.0,5
25,03-01-25 2 44 41_crop_13.png,3100,1,321,348,104.0,5
25,03-01-25 2 44 41_crop_13.png,3101,1,314,337,104.0,5
25,03-01-25 2 44 41_crop_13.png,3102,1,303,342,104.0,5
25,03-01-25 2 44 41_crop_13.png,3103,1,305,360,104.0,5
25,03-01-25 2 44 41_crop_13.png,3104,1,301,372,104.0,5
25,03-01-25 2 44 41_crop_13.png,3105,1,293,356,104.0,5
25,03-01-25 2 44 41_crop_13.png,3106,1,282,357,104.0,5
25,03-01-25 2 44 41_crop_13.png,3107,1,281,348,104.0,5
25,03-01-25 2 44 41_crop_13.png,3108,1,291,340,104.0,5
25,03-01-25 2 44 41_crop_13.png,3109,1,282,334,104.0,5
25,03-01-25 2 44 41_crop_13.png,3110,1,292,322,104.0,5
25,03-01-25 2 44 41_crop_13.png,3111,1,302,330,104.0,5
25,03-01-25 2 44 41_crop_13.png,3112,1,303,317,104.0,5
25,03-01-25 2 44 41_crop_13.png,3113,1,311,321,104.0,5
25,03-01-25 2 44 41_crop_13.png,3114,1,318,313,104.0,5
25,03-01-25 2 44 41_crop_13.png,3115,1,321,301,104.0,5
25,03-01-25 2 44 41_crop_13.png,3116,1,319,287,104.0,5
25,03-01-25 2 44 41_crop_13.png,3117,1,315,276,104.0,5
25,03-01-25 2 44 41_crop_13.png,3118,1,322,267,104.0,5
25,03-01-25 2 44 41_crop_13.png,3119,1,327,259,104.0,5
25,03-01-25 2 44 41_crop_13.png,3120,1,319,253,104.0,5
25,03-01-25 2 44 41_crop_13.png,3121,1,324,238,104.0,5
25,03-01-25 2 44 41_crop_13.png,3122,1,334,238,104.0,5
25,03-01-25 2 44 41_crop_13.png,3123,1,342,214,104.0,5
25,03-01-25 2 44 41_crop_13.png,3124,1,330,206,104.0,5
25,03-01-25 2 44 41_crop_13.png,3125,1,331,197,104.0,5
25,03-01-25 2 44 41_crop_13.png,3126,1,314,189,104.0,5
25,03-01-25 2 44 41_crop_13.png,3127,1,317,200,104.0,5
25,03-01-25 2 44 41_crop_13.png,3128,1,300,202,104.0,5
25,03-01-25 2 44 41_crop_13.png,3129,1,300,214,104.0,5
25,03-01-25 2 44 41_crop_13.png,3130,1,305,218,104.0,5
25,03-01-25 2 44 41_crop_13.png,3131,1,313,217,104.0,5
25,03-01-25 2 44 41_crop_13.png,3132,1,322,224,104.0,5
25,03-01-25 2 44 41_crop_13.png,3133,1,329,216,104.0,5
25,03-01-25 2 44 41_crop_13.png,3134,1,314,229,104.0,5
25,03-01-25 2 44 41_crop_13.png,3135,1,300,226,104.0,5
25,03-01-25 2 44 41_crop_13.png,3136,1,306,235,104.0,5
25,03-01-25 2 44 41_crop_13.png,3137,1,307,241,104.0,5
25,03-01-25 2 44 41_crop_13.png,3138,1,294,245,104.0,5
25,03-01-25 2 44 41_crop_13.png,3139,1,305,259,104.0,5
25,03-01-25 2 44 41_crop_13.png,3140,1,302,270,104.0,5
25,03-01-25 2 44 41_crop_13.png,3141,1,306,284,104.0,5
25,03-01-25 2 44 41_crop_13.png,3142,1,295,288,104.0,5
25,03-01-25 2 44 41_crop_13.png,3143,1,302,292,104.0,5
25,03-01-25 2 44 41_crop_13.png,3144,1,311,298,104.0,5
25,03-01-25 2 44 41_crop_13.png,3145,1,305,302,104.0,5
25,03-01-25 2 44 41_crop_13.png,3146,1,297,299,104.0,5
25,03-01-25 2 44 41_crop_13.png,3147,1,300,308,104.0,5
25,03-01-25 2 44 41_crop_13.png,3148,1,289,312,104.0,5
25,03-01-25 2 44 41_crop_13.png,3149,1,289,269,104.0,5
25,03-01-25 2 44 41_crop_13.png,3150,1,293,278,104.0,5
25,03-01-25 2 44 41_crop_13.png,3151,1,288,282,104.0,5
25,03-01-25 2 44 41_crop_13.png,3152,1,272,286,104.0,5
25,03-01-25 2 44 41_crop_13.png,3153,1,274,278,104.0,5
25,03-01-25 2 44 41_crop_13.png,3154,1,283,293,104.0,5
25,03-01-25 2 44 41_crop_13.png,3155,1,289,301,104.0,5
25,03-01-25 2 44 41_crop_13.png,3156,1,281,306,104.0,5
25,03-01-25 2 44 41_crop_13.png,3157,1,276,315,104.0,5
25,03-01-25 2 44 41_crop_13.png,3158,1,267,309,104.0,5
25,03-01-25 2 44 41_crop_13.png,3159,1,277,325,104.0,5
25,03-01-25 2 44 41_crop_13.png,3160,1,266,329,104.0,5
25,03-01-25 2 44 41_crop_13.png,3161,1,259,323,104.0,5
25,03-01-25 2 44 41_crop_13.png,3162,1,254,320,104.0,5
25,03-01-25 2 44 41_crop_13.png,3163,1,279,285,104.0,5
25,03-01-25 2 44 41_crop_13.png,3164,1,290,378,104.0,5
25,03-01-25 2 44 41_crop_13.png,3165,1,272,190,104.0,5
25,03-01-25 2 44 41_crop_13.png,3166,1,280,194,104.0,5
25,03-01-25 2 44 41_crop_13.png,3167,1,288,197,104.0,5
25,03-01-25 2 44 41_crop_13.png,3168,1,289,204,104.0,5
25,03-01-25 2 44 41_crop_13.png,3169,1,286,212,104.0,5
25,03-01-25 2 44 41_crop_13.png,3170,1,279,202,104.0,5
25,03-01-25 2 44 41_crop_13.png,3171,1,272,207,104.0,5
25,03-01-25 2 44 41_crop_13.png,3172,1,274,216,104.0,5
25,03-01-25 2 44 41_crop_13.png,3173,1,277,225,104.0,5
25,03-01-25 2 44 41_crop_13.png,3174,1,283,221,104.0,5
25,03-01-25 2 44 41_crop_13.png,3175,1,288,232,104.0,5
25,03-01-25 2 44 41_crop_13.png,3176,1,276,234,104.0,5
25,03-01-25 2 44 41_crop_13.png,3177,1,283,240,104.0,5
25,03-01-25 2 44 41_crop_13.png,3178,1,280,247,104.0,5
25,03-01-25 2 44 41_crop_13.png,3179,1,276,257,104.0,5
25,03-01-25 2 44 41_crop_13.png,3180,1,270,246,104.0,5
25,03-01-25 2 44 41_crop_13.png,3181,1,244,190,104.0,5
25,03-01-25 2 44 41_crop_13.png,3182,1,264,196,104.0,5
25,03-01-25 2 44 41_crop_13.png,3183,1,255,202,104.0,5
25,03-01-25 2 44 41_crop_13.png,3184,1,248,207,104.0,5
25,03-01-25 2 44 41_crop_13.png,3185,1,255,213,104.0,5
25,03-01-25 2 44 41_crop_13.png,3186,1,264,217,104.0,5
25,03-01-25 2 44 41_crop_13.png,3187,1,266,230,104.0,5
25,03-01-25 2 44 41_crop_13.png,3188,1,232,193,104.0,5
25,03-01-25 2 44 41_crop_13.png,3189,1,224,197,104.0,5
25,03-01-25 2 44 41_crop_13.png,3190,1,214,194,104.0,5
25,03-01-25 2 44 41_crop_13.png,3191,1,212,207,104.0,5
25,03-01-25 2 44 41_crop_13.png,3192,1,215,214,104.0,5
25,03-01-25 2 44 41_crop_13.png,3193,1,213,225,104.0,5
25,03-01-25 2 44 41_crop_13.png,3194,1,224,220,104.0,5
25,03-01-25 2 44 41_crop_13.png,3195,1,230,212,104.0,5
25,03-01-25 2 44 41_crop_13.png,3196,1,235,219,104.0,5
25,03-01-25 2 44 41_crop_13.png,3197,1,255,232,104.0,5
25,03-01-25 2 44 41_crop_13.png,3198,1,246,230,104.0,5
25,03-01-25 2 44 41_crop_13.png,3199,1,237,233,104.0,5
25,03-01-25 2 44 41_crop_13.png,3200,1,245,239,104.0,5
25,03-01-25 2 44 41_crop_13.png,3201,1,255,242,104.0,5
25,03-01-25 2 44 41_crop_13.png,3202,1,262,254,104.0,5
25,03-01-25 2 44 41_crop_13.png,3203,1,266,262,104.0,5
25,03-01-25 2 44 41_crop_13.png,3204,1,272,269,104.0,5
25,03-01-25 2 44 41_crop_13.png,3205,1,264,275,104.0,5
25,03-01-25 2 44 41_crop_13.png,3206,1,260,291,104.0,5
25,03-01-25 2 44 41_crop_13.png,3207,1,254,255,104.0,5
25,03-01-25 2 44 41_crop_13.png,3208,1,243,251,104.0,5
25,03-01-25 2 44 41_crop_13.png,3209,1,234,244,104.0,5
25,03-01-25 2 44 41_crop_13.png,3210,1,226,231,104.0,5
25,03-01-25 2 44 41_crop_13.png,3211,1,225,241,104.0,5
25,03-01-25 2 44 41_crop_13.png,3212,1,208,237,104.0,5
25,03-01-25 2 44 41_crop_13.png,3213,1,228,252,104.0,5
25,03-01-25 2 44 41_crop_13.png,3214,1,249,262,104.0,5
25,03-01-25 2 44 41_crop_13.png,3215,1,251,275,104.0,5
25,03-01-25 2 44 41_crop_13.png,3216,1,251,282,104.0,5
25,03-01-25 2 44 41_crop_13.png,3217,1,252,292,104.0,5
25,03-01-25 2 44 41_crop_13.png,3218,1,252,306,104.0,5
25,03-01-25 2 44 41_crop_13.png,3219,1,245,272,104.0,5
25,03-01-25 2 44 41_crop_13.png,3220,1,239,263,104.0,5
25,03-01-25 2 44 41_crop_13.png,3221,1,235,270,104.0,5
25,03-01-25 2 44 41_crop_13.png,3222,1,234,280,104.0,5
25,03-01-25 2 44 41_crop_13.png,3223,1,242,281,104.0,5
25,03-01-25 2 44 41_crop_13.png,3224,1,237,286,104.0,5
25,03-01-25 2 44 41_crop_13.png,3225,1,239,296,104.0,5
25,03-01-25 2 44 41_crop_13.png,3226,1,233,302,104.0,5
25,03-01-25 2 44 41_crop_13.png,3227,1,239,311,104.0,5
25,03-01-25 2 44 41_crop_13.png,3228,1,247,333,104.0,5
25,03-01-25 2 44 41_crop_13.png,3229,1,260,337,104.0,5
25,03-01-25 2 44 41_crop_13.png,3230,1,257,345,104.0,5
25,03-01-25 2 44 41_crop_13.png,3231,1,249,344,104.0,5
25,03-01-25 2 44 41_crop_13.png,3232,1,241,355,104.0,5
25,03-01-25 2 44 41_crop_13.png,3233,1,268,356,104.0,5
25,03-01-25 2 44 41_crop_13.png,3234,1,277,361,104.0,5
25,03-01-25 2 44 41_crop_13.png,3235,1,265,368,104.0,5
25,03-01-25 2 44 41_crop_13.png,3236,1,259,361,104.0,5
25,03-01-25 2 44 41_crop_13.png,3237,1,262,375,104.0,5
25,03-01-25 2 44 41_crop_13.png,3238,1,251,381,104.0,5
25,03-01-25 2 44 41_crop_13.png,3239,1,248,367,104.0,5
25,03-01-25 2 44 41_crop_13.png,3240,1,238,366,104.0,5
25,03-01-25 2 44 41_crop_13.png,3241,1,226,364,104.0,5
25,03-01-25 2 44 41_crop_13.png,3242,1,231,375,104.0,5
25,03-01-25 2 44 41_crop_13.png,3243,1,212,360,104.0,5
25,03-01-25 2 44 41_crop_13.png,3244,1,204,362,104.0,5
25,03-01-25 2 44 41_crop_13.png,3245,1,223,352,104.0,5
25,03-01-25 2 44 41_crop_13.png,3246,1,229,335,104.0,5
25,03-01-25 2 44 41_crop_13.png,3247,1,216,334,104.0,5
25,03-01-25 2 44 41_crop_13.png,3248,1,204,331,104.0,5
25,03-01-25 2 44 41_crop_13.png,3249,1,214,321,104.0,5
25,03-01-25 2 44 41_crop_13.png,3250,1,219,314,104.0,5
25,03-01-25 2 44 41_crop_13.png,3251,1,208,316,104.0,5
25,03-01-25 2 44 41_crop_13.png,3252,1,224,294,104.0,5
25,03-01-25 2 44 41_crop_13.png,3253,1,228,263,104.0,5
25,03-01-25 2 44 41_crop_13.png,3254,1,222,274,104.0,5
25,03-01-25 2 44 41_crop_13.png,3255,1,222,282,104.0,5
25,03-01-25 2 44 41_crop_13.png,3256,1,215,281,104.0,5
25,03-01-25 2 44 41_crop_13.png,3257,1,210,290,104.0,5
25,03-01-25 2 44 41_crop_13.png,3258,1,219,301,104.0,5
25,03-01-25 2 44 41_crop_13.png,3259,1,211,300,104.0,5
25,03-01-25 2 44 41_crop_13.png,3260,1,203,298,104.0,5
25,03-01-25 2 44 41_crop_13.png,3261,1,211,272,104.0,5
25,03-01-25 2 44 41_crop_13.png,3262,1,218,265,104.0,5
25,03-01-25 2 44 41_crop_13.png,3263,1,208,262,104.0,5
25,03-01-25 2 44 41_crop_13.png,3264,1,214,255,104.0,5
25,03-01-25 2 44 41_crop_13.png,3265,1,206,252,104.0,5
25,03-01-25 2 44 41_crop_13.png,3266,1,197,261,104.0,5
25,03-01-25 2 44 41_crop_13.png,3267,1,183,195,104.0,5
25,03-01-25 2 44 41_crop_13.png,3268,1,183,211,104.0,5
25,03-01-25 2 44 41_crop_13.png,3269,1,193,209,104.0,5
25,03-01-25 2 44 41_crop_13.png,3270,1,198,215,104.0,5
25,03-01-25 2 44 41_crop_13.png,3271,1,196,223,104.0,5
25,03-01-25 2 44 41_crop_13.png,3272,1,185,221,104.0,5
25,03-01-25 2 44 41_crop_13.png,3273,1,187,233,104.0,5
25,03-01-25 2 44 41_crop_13.png,3274,1,178,235,104.0,5
25,03-01-25 2 44 41_crop_13.png,3275,1,185,250,104.0,5
25,03-01-25 2 44 41_crop_13.png,3276,1,187,261,104.0,5
25,03-01-25 2 44 41_crop_13.png,3277,1,180,271,104.0,5
25,03-01-25 2 44 41_crop_13.png,3278,1,205,278,104.0,5
25,03-01-25 2 44 41_crop_13.png,3279,1,197,282,104.0,5
25,03-01-25 2 44 41_crop_13.png,3280,1,194,275,104.0,5
25,03-01-25 2 44 41_crop_13.png,3281,1,186,287,104.0,5
25,03-01-25 2 44 41_crop_13.png,3282,1,189,297,104.0,5
25,03-01-25 2 44 41_crop_13.png,3283,1,195,302,104.0,5
25,03-01-25 2 44 41_crop_13.png,3284,1,182,307,104.0,5
25,03-01-25 2 44 41_crop_13.png,3285,1,175,297,104.0,5
25,03-01-25 2 44 41_crop_13.png,3286,1,195,313,104.0,5
25,03-01-25 2 44 41_crop_13.png,3287,1,191,321,104.0,5
25,03-01-25 2 44 41_crop_13.png,3288,1,181,322,104.0,5
25,03-01-25 2 44 41_crop_13.png,3289,1,176,335,104.0,5
25,03-01-25 2 44 41_crop_13.png,3290,1,190,334,104.0,5
25,03-01-25 2 44 41_crop_13.png,3291,1,186,370,104.0,5
25,03-01-25 2 44 41_crop_13.png,3292,1,214,377,104.0,5
25,03-01-25 2 44 41_crop_13.png,3293,1,205,379,104.0,5
25,03-01-25 2 44 41_crop_13.png,3294,1,196,381,104.0,5
25,03-01-25 2 44 41_crop_13.png,3295,1,186,380,104.0,5
25,03-01-25 2 44 41_crop_13.png,3296,1,490,382,104.0,5
25,03-01-25 2 44 41_crop_13.png,3297,1,10,181,104.0,5
25,03-01-25 2 44 41_crop_13.png,3298,1,17,175,104.0,5
25,03-01-25 2 44 41_crop_13.png,3299,1,25,177,104.0,5
25,03-01-25 2 44 41_crop_13.png,3300,1,35,171,104.0,5
25,03-01-25 2 44 41_crop_13.png,3301,1,22,190,104.0,5
25,03-01-25 2 44 41_crop_13.png,3302,1,32,197,104.0,5
25,03-01-25 2 44 41_crop_13.png,3303,1,22,201,104.0,5
25,03-01-25 2 44 41_crop_13.png,3304,1,17,211,104.0,5
25,03-01-25 2 44 41_crop_13.png,3305,1,4,220,94.0,5
25,03-01-25 2 44 41_crop_13.png,3306,1,10,229,104.0,5
25,03-01-25 2 44 41_crop_13.png,3307,1,2,234,52.0,4
25,03-01-25 2 44 41_crop_13.png,3308,1,21,231,104.0,5
25,03-01-25 2 44 41_crop_13.png,3309,1,11,238,104.0,5
25,03-01-25 2 44 41_crop_13.png,3310,1,7,245,104.0,5
25,03-01-25 2 44 41_crop_13.png,3311,1,15,249,104.0,5
25,03-01-25 2 44 41_crop_13.png,3312,1,3,260,85.0,5
25,03-01-25 2 44 41_crop_13.png,3313,1,30,236,104.0,5
25,03-01-25 2 44 41_crop_13.png,3314,1,23,245,104.0,5
25,03-01-25 2 44 41_crop_13.png,3315,1,23,257,104.0,5
25,03-01-25 2 44 41_crop_13.png,3316,1,19,263,104.0,5
25,03-01-25 2 44 41_crop_13.png,3317,1,23,268,104.0,5
25,03-01-25 2 44 41_crop_13.png,3318,1,12,272,104.0,5
25,03-01-25 2 44 41_crop_13.png,3319,1,4,282,94.0,5
25,03-01-25 2 44 41_crop_13.png,3320,1,8,290,104.0,5
25,03-01-25 2 44 41_crop_13.png,3321,1,16,291,104.0,5
25,03-01-25 2 44 41_crop_13.png,3322,1,15,283,104.0,5
25,03-01-25 2 44 41_crop_13.png,3323,1,22,282,104.0,5
25,03-01-25 2 44 41_crop_13.png,3324,1,31,285,104.0,5
25,03-01-25 2 44 41_crop_13.png,3325,1,2,300,64.0,4
25,03-01-25 2 44 41_crop_13.png,3326,1,14,304,104.0,5
25,03-01-25 2 44 41_crop_13.png,3327,1,5,314,101.0,5
25,03-01-25 2 44 41_crop_13.png,3328,1,2,326,64.0,4
25,03-01-25 2 44 41_crop_13.png,3329,1,3,333,85.0,5
25,03-01-25 2 44 41_crop_13.png,3330,1,2,343,64.0,4
25,03-01-25 2 44 41_crop_13.png,3331,1,10,346,104.0,5
25,03-01-25 2 44 41_crop_13.png,3332,1,12,371,104.0,5
25,03-01-25 2 44 41_crop_13.png,3333,1,27,371,104.0,5
25,03-01-25 2 44 41_crop_13.png,3334,1,24,361,104.0,5
25,03-01-25 2 44 41_crop_13.png,3335,1,31,362,104.0,5
25,03-01-25 2 44 41_crop_13.png,3336,1,48,364,104.0,5
25,03-01-25 2 44 41_crop_13.png,3337,1,60,368,104.0,5
25,03-01-25 2 44 41_crop_13.png,3338,1,53,352,104.0,5
25,03-01-25 2 44 41_crop_13.png,3339,1,45,343,104.0,5
25,03-01-25 2 44 41_crop_13.png,3340,1,35,350,104.0,5
25,03-01-25 2 44 41_crop_13.png,3341,1,20,343,104.0,5
25,03-01-25 2 44 41_crop_13.png,3342,1,22,334,104.0,5
25,03-01-25 2 44 41_crop_13.png,3343,1,31,333,104.0,5
25,03-01-25 2 44 41_crop_13.png,3344,1,11,322,104.0,5
25,03-01-25 2 44 41_crop_13.png,3345,1,23,316,104.0,5
25,03-01-25 2 44 41_crop_13.png,3346,1,29,314,104.0,5
25,03-01-25 2 44 41_crop_13.png,3347,1,26,304,104.0,5
25,03-01-25 2 44 41_crop_13.png,3348,1,25,294,104.0,5
25,03-01-25 2 44 41_crop_13.png,3349,1,33,299,104.0,5
25,03-01-25 2 44 41_crop_13.png,3350,1,39,309,104.0,5
25,03-01-25 2 44 41_crop_13.png,3351,1,43,317,104.0,5
25,03-01-25 2 44 41_crop_13.png,3352,1,43,228,104.0,5
25,03-01-25 2 44 41_crop_13.png,3353,1,34,322,104.0,5
25,03-01-25 2 44 41_crop_13.png,3354,1,46,174,104.0,5
25,03-01-25 2 44 41_crop_13.png,3355,1,48,182,104.0,5
25,03-01-25 2 44 41_crop_13.png,3356,1,58,181,104.0,5
25,03-01-25 2 44 41_crop_13.png,3357,1,51,188,104.0,5
25,03-01-25 2 44 41_crop_13.png,3358,1,55,194,104.0,5
25,03-01-25 2 44 41_crop_13.png,3359,1,71,176,104.0,5
25,03-01-25 2 44 41_crop_13.png,3360,1,68,186,104.0,5
25,03-01-25 2 44 41_crop_13.png,3361,1,70,195,104.0,5
25,03-01-25 2 44 41_crop_13.png,3362,1,80,180,104.0,5
25,03-01-25 2 44 41_crop_13.png,3363,1,91,183,104.0,5
25,03-01-25 2 44 41_crop_13.png,3364,1,102,186,104.0,5
25,03-01-25 2 44 41_crop_13.png,3365,1,112,175,104.0,5
25,03-01-25 2 44 41_crop_13.png,3366,1,121,181,104.0,5
25,03-01-25 2 44 41_crop_13.png,3367,1,130,177,104.0,5
25,03-01-25 2 44 41_crop_13.png,3368,1,133,189,104.0,5
25,03-01-25 2 44 41_crop_13.png,3369,1,138,184,104.0,5
25,03-01-25 2 44 41_crop_13.png,3370,1,143,191,104.0,5
25,03-01-25 2 44 41_crop_13.png,3371,1,154,198,104.0,5
25,03-01-25 2 44 41_crop_13.png,3372,1,163,196,104.0,5
25,03-01-25 2 44 41_crop_13.png,3373,1,168,190,104.0,5
25,03-01-25 2 44 41_crop_13.png,3374,1,172,198,104.0,5
25,03-01-25 2 44 41_crop_13.png,3375,1,173,208,104.0,5
25,03-01-25 2 44 41_crop_13.png,3376,1,169,217,104.0,5
25,03-01-25 2 44 41_crop_13.png,3377,1,165,227,104.0,5
25,03-01-25 2 44 41_crop_13.png,3378,1,157,235,104.0,5
25,03-01-25 2 44 41_crop_13.png,3379,1,150,221,104.0,5
25,03-01-25 2 44 41_crop_13.png,3380,1,159,213,104.0,5
25,03-01-25 2 44 41_crop_13.png,3381,1,146,210,104.0,5
25,03-01-25 2 44 41_crop_13.png,3382,1,137,209,104.0,5
25,03-01-25 2 44 41_crop_13.png,3383,1,124,203,104.0,5
25,03-01-25 2 44 41_crop_13.png,3384,1,123,191,104.0,5
25,03-01-25 2 44 41_crop_13.png,3385,1,113,195,104.0,5
25,03-01-25 2 44 41_crop_13.png,3386,1,115,208,104.0,5
25,03-01-25 2 44 41_crop_13.png,3387,1,98,200,104.0,5
25,03-01-25 2 44 41_crop_13.png,3388,1,102,208,104.0,5
25,03-01-25 2 44 41_crop_13.png,3389,1,82,193,104.0,5
25,03-01-25 2 44 41_crop_13.png,3390,1,78,209,104.0,5
25,03-01-25 2 44 41_crop_13.png,3391,1,90,212,104.0,5
25,03-01-25 2 44 41_crop_13.png,3392,1,63,203,104.0,5
25,03-01-25 2 44 41_crop_13.png,3393,1,42,210,104.0,5
25,03-01-25 2 44 41_crop_13.png,3394,1,53,211,104.0,5
25,03-01-25 2 44 41_crop_13.png,3395,1,53,223,104.0,5
25,03-01-25 2 44 41_crop_13.png,3396,1,61,219,104.0,5
25,03-01-25 2 44 41_crop_13.png,3397,1,71,216,104.0,5
25,03-01-25 2 44 41_crop_13.png,3398,1,44,248,104.0,5
25,03-01-25 2 44 41_crop_13.png,3399,1,54,252,104.0,5
25,03-01-25 2 44 41_crop_13.png,3400,1,61,261,104.0,5
25,03-01-25 2 44 41_crop_13.png,3401,1,37,260,104.0,5
25,03-01-25 2 44 41_crop_13.png,3402,1,62,272,104.0,5
25,03-01-25 2 44 41_crop_13.png,3403,1,50,268,104.0,5
25,03-01-25 2 44 41_crop_13.png,3404,1,44,275,104.0,5
25,03-01-25 2 44 41_crop_13.png,3405,1,56,282,104.0,5
25,03-01-25 2 44 41_crop_13.png,3406,1,50,287,104.0,5
25,03-01-25 2 44 41_crop_13.png,3407,1,39,290,104.0,5
25,03-01-25 2 44 41_crop_13.png,3408,1,51,298,104.0,5
25,03-01-25 2 44 41_crop_13.png,3409,1,58,304,104.0,5
25,03-01-25 2 44 41_crop_13.png,3410,1,64,301,104.0,5
25,03-01-25 2 44 41_crop_13.png,3411,1,60,292,104.0,5
25,03-01-25 2 44 41_crop_13.png,3412,1,121,222,104.0,5
25,03-01-25 2 44 41_crop_13.png,3413,1,114,223,104.0,5
25,03-01-25 2 44 41_crop_13.png,3414,1,104,220,104.0,5
25,03-01-25 2 44 41_crop_13.png,3415,1,95,222,104.0,5
25,03-01-25 2 44 41_crop_13.png,3416,1,84,225,104.0,5
25,03-01-25 2 44 41_crop_13.png,3417,1,70,229,104.0,5
25,03-01-25 2 44 41_crop_13.png,3418,1,66,241,104.0,5
25,03-01-25 2 44 41_crop_13.png,3419,1,78,242,104.0,5
25,03-01-25 2 44 41_crop_13.png,3420,1,107,234,104.0,5
25,03-01-25 2 44 41_crop_13.png,3421,1,95,240,104.0,5
25,03-01-25 2 44 41_crop_13.png,3422,1,107,247,104.0,5
25,03-01-25 2 44 41_crop_13.png,3423,1,94,256,104.0,5
25,03-01-25 2 44 41_crop_13.png,3424,1,78,252,104.0,5
25,03-01-25 2 44 41_crop_13.png,3425,1,74,258,104.0,5
25,03-01-25 2 44 41_crop_13.png,3426,1,80,263,104.0,5
25,03-01-25 2 44 41_crop_13.png,3427,1,68,277,104.0,5
25,03-01-25 2 44 41_crop_13.png,3428,1,67,286,104.0,5
25,03-01-25 2 44 41_crop_13.png,3429,1,77,276,104.0,5
25,03-01-25 2 44 41_crop_13.png,3430,1,77,288,104.0,5
25,03-01-25 2 44 41_crop_13.png,3431,1,86,282,104.0,5
25,03-01-25 2 44 41_crop_13.png,3432,1,94,277,104.0,5
25,03-01-25 2 44 41_crop_13.png,3433,1,96,288,104.0,5
25,03-01-25 2 44 41_crop_13.png,3434,1,87,292,104.0,5
25,03-01-25 2 44 41_crop_13.png,3435,1,93,301,104.0,5
25,03-01-25 2 44 41_crop_13.png,3436,1,80,305,104.0,5
25,03-01-25 2 44 41_crop_13.png,3437,1,83,315,104.0,5
25,03-01-25 2 44 41_crop_13.png,3438,1,55,317,104.0,5
25,03-01-25 2 44 41_crop_13.png,3439,1,65,315,104.0,5
25,03-01-25 2 44 41_crop_13.png,3440,1,77,323,104.0,5
25,03-01-25 2 44 41_crop_13.png,3441,1,66,331,104.0,5
25,03-01-25 2 44 41_crop_13.png,3442,1,73,341,104.0,5
25,03-01-25 2 44 41_crop_13.png,3443,1,76,352,104.0,5
25,03-01-25 2 44 41_crop_13.png,3444,1,85,352,104.0,5
25,03-01-25 2 44 41_crop_13.png,3445,1,99,363,104.0,5
25,03-01-25 2 44 41_crop_13.png,3446,1,87,365,104.0,5
25,03-01-25 2 44 41_crop_13.png,3447,1,104,347,104.0,5
25,03-01-25 2 44 41_crop_13.png,3448,1,86,337,104.0,5
25,03-01-25 2 44 41_crop_13.png,3449,1,88,327,104.0,5
25,03-01-25 2 44 41_crop_13.png,3450,1,99,317,104.0,5
25,03-01-25 2 44 41_crop_13.png,3451,1,106,320,104.0,5
25,03-01-25 2 44 41_crop_13.png,3452,1,114,326,104.0,5
25,03-01-25 2 44 41_crop_13.png,3453,1,105,332,104.0,5
25,03-01-25 2 44 41_crop_13.png,3454,1,114,316,104.0,5
25,03-01-25 2 44 41_crop_13.png,3455,1,122,316,104.0,5
25,03-01-25 2 44 41_crop_13.png,3456,1,132,324,104.0,5
25,03-01-25 2 44 41_crop_13.png,3457,1,133,310,104.0,5
25,03-01-25 2 44 41_crop_13.png,3458,1,141,305,104.0,5
25,03-01-25 2 44 41_crop_13.png,3459,1,127,299,104.0,5
25,03-01-25 2 44 41_crop_13.png,3460,1,120,307,104.0,5
25,03-01-25 2 44 41_crop_13.png,3461,1,107,304,104.0,5
25,03-01-25 2 44 41_crop_13.png,3462,1,116,297,104.0,5
25,03-01-25 2 44 41_crop_13.png,3463,1,104,289,104.0,5
25,03-01-25 2 44 41_crop_13.png,3464,1,110,272,104.0,5
25,03-01-25 2 44 41_crop_13.png,3465,1,114,263,104.0,5
25,03-01-25 2 44 41_crop_13.png,3466,1,126,248,104.0,5
25,03-01-25 2 44 41_crop_13.png,3467,1,132,253,104.0,5
25,03-01-25 2 44 41_crop_13.png,3468,1,128,232,104.0,5
25,03-01-25 2 44 41_crop_13.png,3469,1,133,238,104.0,5
25,03-01-25 2 44 41_crop_13.png,3470,1,158,251,104.0,5
25,03-01-25 2 44 41_crop_13.png,3471,1,157,258,104.0,5
25,03-01-25 2 44 41_crop_13.png,3472,1,157,269,104.0,5
25,03-01-25 2 44 41_crop_13.png,3473,1,167,268,104.0,5
25,03-01-25 2 44 41_crop_13.png,3474,1,167,277,104.0,5
25,03-01-25 2 44 41_crop_13.png,3475,1,165,286,104.0,5
25,03-01-25 2 44 41_crop_13.png,3476,1,120,278,104.0,5
25,03-01-25 2 44 41_crop_13.png,3477,1,136,262,104.0,5
25,03-01-25 2 44 41_crop_13.png,3478,1,157,284,104.0,5
25,03-01-25 2 44 41_crop_13.png,3479,1,163,295,104.0,5
25,03-01-25 2 44 41_crop_13.png,3480,1,166,306,104.0,5
25,03-01-25 2 44 41_crop_13.png,3481,1,157,312,104.0,5
25,03-01-25 2 44 41_crop_13.png,3482,1,146,316,104.0,5
25,03-01-25 2 44 41_crop_13.png,3483,1,127,288,104.0,5
25,03-01-25 2 44 41_crop_13.png,3484,1,134,284,104.0,5
25,03-01-25 2 44 41_crop_13.png,3485,1,134,293,104.0,5
25,03-01-25 2 44 41_crop_13.png,3486,1,141,281,104.0,5
25,03-01-25 2 44 41_crop_13.png,3487,1,148,285,104.0,5
25,03-01-25 2 44 41_crop_13.png,3488,1,162,322,104.0,5
25,03-01-25 2 44 41_crop_13.png,3489,1,168,331,104.0,5
25,03-01-25 2 44 41_crop_13.png,3490,1,161,335,104.0,5
25,03-01-25 2 44 41_crop_13.png,3491,1,152,340,104.0,5
25,03-01-25 2 44 41_crop_13.png,3492,1,164,348,104.0,5
25,03-01-25 2 44 41_crop_13.png,3493,1,173,346,104.0,5
25,03-01-25 2 44 41_crop_13.png,3494,1,175,351,104.0,5
25,03-01-25 2 44 41_crop_13.png,3495,1,154,357,104.0,5
25,03-01-25 2 44 41_crop_13.png,3496,1,145,345,104.0,5
25,03-01-25 2 44 41_crop_13.png,3497,1,131,346,104.0,5
25,03-01-25 2 44 41_crop_13.png,3498,1,124,344,104.0,5
25,03-01-25 2 44 41_crop_13.png,3499,1,125,330,104.0,5
25,03-01-25 2 44 41_crop_13.png,3500,1,119,349,104.0,5
25,03-01-25 2 44 41_crop_13.png,3501,1,136,357,104.0,5
25,03-01-25 2 44 41_crop_13.png,3502,1,125,357,104.0,5
25,03-01-25 2 44 41_crop_13.png,3503,1,124,365,104.0,5
25,03-01-25 2 44 41_crop_13.png,3504,1,115,363,104.0,5
25,03-01-25 2 44 41_crop_13.png,3505,1,144,365,104.0,5
25,03-01-25 2 44 41_crop_13.png,3506,1,135,370,104.0,5
25,03-01-25 2 44 41_crop_13.png,3507,1,9,380,104.0,5
25,03-01-25 2 44 41_crop_13.png,3508,1,8,387,104.0,5
25,03-01-25 2 44 41_crop_13.png,3509,1,3,397,75.0,4
25,03-01-25 2 44 41_crop_13.png,3510,1,2,410,52.0,4
25,03-01-25 2 44 41_crop_13.png,3511,1,10,406,104.0,5
25,03-01-25 2 44 41_crop_13.png,3512,1,18,395,104.0,5
25,03-01-25 2 44 41_crop_13.png,3513,1,22,386,104.0,5
25,03-01-25 2 44 41_crop_13.png,3514,1,38,384,104.0,5
25,03-01-25 2 44 41_crop_13.png,3515,1,42,401,104.0,5
25,03-01-25 2 44 41_crop_13.png,3516,1,22,407,104.0,5
25,03-01-25 2 44 41_crop_13.png,3517,1,29,410,104.0,5
25,03-01-25 2 44 41_crop_13.png,3518,1,34,420,104.0,5
25,03-01-25 2 44 41_crop_13.png,3519,1,38,430,104.0,5
25,03-01-25 2 44 41_crop_13.png,3520,1,21,418,104.0,5
25,03-01-25 2 44 41_crop_13.png,3521,1,5,420,101.0,5
25,03-01-25 2 44 41_crop_13.png,3522,1,4,428,94.0,5
25,03-01-25 2 44 41_crop_13.png,3523,1,4,437,94.0,5
25,03-01-25 2 44 41_crop_13.png,3524,1,5,451,101.0,5
25,03-01-25 2 44 41_crop_13.png,3525,1,3,465,75.0,4
25,03-01-25 2 44 41_crop_13.png,3526,1,12,474,104.0,5
25,03-01-25 2 44 41_crop_13.png,3527,1,2,494,52.0,4
25,03-01-25 2 44 41_crop_13.png,3528,1,4,508,57.0,4
25,03-01-25 2 44 41_crop_13.png,3529,1,13,500,104.0,5
25,03-01-25 2 44 41_crop_13.png,3530,1,20,508,40.0,3
25,03-01-25 2 44 41_crop_13.png,3531,1,33,508,40.0,3
25,03-01-25 2 44 41_crop_13.png,3532,1,38,501,104.0,5
25,03-01-25 2 44 41_crop_13.png,3533,1,46,488,104.0,5
25,03-01-25 2 44 41_crop_13.png,3534,1,34,491,104.0,5
25,03-01-25 2 44 41_crop_13.png,3535,1,30,482,104.0,5
25,03-01-25 2 44 41_crop_13.png,3536,1,28,474,104.0,5
25,03-01-25 2 44 41_crop_13.png,3537,1,33,468,104.0,5
25,03-01-25 2 44 41_crop_13.png,3538,1,38,475,104.0,5
25,03-01-25 2 44 41_crop_13.png,3539,1,44,475,104.0,5
25,03-01-25 2 44 41_crop_13.png,3540,1,20,462,104.0,5
25,03-01-25 2 44 41_crop_13.png,3541,1,20,444,104.0,5
25,03-01-25 2 44 41_crop_13.png,3542,1,21,430,104.0,5
25,03-01-25 2 44 41_crop_13.png,3543,1,29,433,104.0,5
25,03-01-25 2 44 41_crop_13.png,3544,1,33,441,104.0,5
25,03-01-25 2 44 41_crop_13.png,3545,1,43,444,104.0,5
25,03-01-25 2 44 41_crop_13.png,3546,1,46,452,104.0,5
25,03-01-25 2 44 41_crop_13.png,3547,1,53,448,104.0,5
25,03-01-25 2 44 41_crop_13.png,3548,1,57,453,104.0,5
25,03-01-25 2 44 41_crop_13.png,3549,1,52,464,104.0,5
25,03-01-25 2 44 41_crop_13.png,3550,1,53,502,104.0,5
25,03-01-25 2 44 41_crop_13.png,3551,1,47,381,104.0,5
25,03-01-25 2 44 41_crop_13.png,3552,1,57,390,104.0,5
25,03-01-25 2 44 41_crop_13.png,3553,1,68,375,104.0,5
25,03-01-25 2 44 41_crop_13.png,3554,1,72,385,104.0,5
25,03-01-25 2 44 41_crop_13.png,3555,1,88,375,104.0,5
25,03-01-25 2 44 41_crop_13.png,3556,1,99,388,104.0,5
25,03-01-25 2 44 41_crop_13.png,3557,1,91,393,104.0,5
25,03-01-25 2 44 41_crop_13.png,3558,1,80,397,104.0,5
25,03-01-25 2 44 41_crop_13.png,3559,1,76,406,104.0,5
25,03-01-25 2 44 41_crop_13.png,3560,1,93,400,104.0,5
25,03-01-25 2 44 41_crop_13.png,3561,1,96,409,104.0,5
25,03-01-25 2 44 41_crop_13.png,3562,1,73,417,104.0,5
25,03-01-25 2 44 41_crop_13.png,3563,1,48,413,104.0,5
25,03-01-25 2 44 41_crop_13.png,3564,1,50,429,104.0,5
25,03-01-25 2 44 41_crop_13.png,3565,1,60,413,104.0,5
25,03-01-25 2 44 41_crop_13.png,3566,1,64,422,104.0,5
25,03-01-25 2 44 41_crop_13.png,3567,1,63,432,104.0,5
25,03-01-25 2 44 41_crop_13.png,3568,1,63,446,104.0,5
25,03-01-25 2 44 41_crop_13.png,3569,1,69,453,104.0,5
25,03-01-25 2 44 41_crop_13.png,3570,1,67,468,104.0,5
25,03-01-25 2 44 41_crop_13.png,3571,1,67,477,104.0,5
25,03-01-25 2 44 41_crop_13.png,3572,1,77,475,104.0,5
25,03-01-25 2 44 41_crop_13.png,3573,1,60,494,104.0,5
25,03-01-25 2 44 41_crop_13.png,3574,1,64,504,104.0,5
25,03-01-25 2 44 41_crop_13.png,3575,1,66,508,52.0,4
25,03-01-25 2 44 41_crop_13.png,3576,1,68,492,104.0,5
25,03-01-25 2 44 41_crop_13.png,3577,1,80,494,104.0,5
25,03-01-25 2 44 41_crop_13.png,3578,1,77,505,101.0,5
25,03-01-25 2 44 41_crop_13.png,3579,1,82,485,104.0,5
25,03-01-25 2 44 41_crop_13.png,3580,1,89,505,104.0,5
25,03-01-25 2 44 41_crop_13.png,3581,1,93,495,104.0,5
25,03-01-25 2 44 41_crop_13.png,3582,1,93,483,104.0,5
25,03-01-25 2 44 41_crop_13.png,3583,1,104,485,104.0,5
25,03-01-25 2 44 41_crop_13.png,3584,1,111,498,104.0,5
25,03-01-25 2 44 41_crop_13.png,3585,1,115,485,104.0,5
25,03-01-25 2 44 41_crop_13.png,3586,1,81,459,104.0,5
25,03-01-25 2 44 41_crop_13.png,3587,1,86,463,104.0,5
25,03-01-25 2 44 41_crop_13.png,3588,1,94,462,104.0,5
25,03-01-25 2 44 41_crop_13.png,3589,1,89,452,104.0,5
25,03-01-25 2 44 41_crop_13.png,3590,1,105,460,104.0,5
25,03-01-25 2 44 41_crop_13.png,3591,1,102,450,104.0,5
25,03-01-25 2 44 41_crop_13.png,3592,1,76,437,104.0,5
25,03-01-25 2 44 41_crop_13.png,3593,1,80,426,104.0,5
25,03-01-25 2 44 41_crop_13.png,3594,1,88,433,104.0,5
25,03-01-25 2 44 41_crop_13.png,3595,1,91,424,104.0,5
25,03-01-25 2 44 41_crop_13.png,3596,1,99,419,104.0,5
25,03-01-25 2 44 41_crop_13.png,3597,1,110,422,104.0,5
25,03-01-25 2 44 41_crop_13.png,3598,1,102,435,104.0,5
25,03-01-25 2 44 41_crop_13.png,3599,1,115,372,104.0,5
25,03-01-25 2 44 41_crop_13.png,3600,1,127,382,104.0,5
25,03-01-25 2 44 41_crop_13.png,3601,1,118,389,104.0,5
25,03-01-25 2 44 41_crop_13.png,3602,1,117,397,104.0,5
25,03-01-25 2 44 41_crop_13.png,3603,1,119,405,104.0,5
25,03-01-25 2 44 41_crop_13.png,3604,1,128,394,104.0,5
25,03-01-25 2 44 41_crop_13.png,3605,1,130,409,104.0,5
25,03-01-25 2 44 41_crop_13.png,3606,1,125,414,104.0,5
25,03-01-25 2 44 41_crop_13.png,3607,1,118,433,104.0,5
25,03-01-25 2 44 41_crop_13.png,3608,1,112,444,104.0,5
25,03-01-25 2 44 41_crop_13.png,3609,1,127,449,104.0,5
25,03-01-25 2 44 41_crop_13.png,3610,1,122,459,104.0,5
25,03-01-25 2 44 41_crop_13.png,3611,1,114,470,104.0,5
25,03-01-25 2 44 41_crop_13.png,3612,1,129,469,104.0,5
25,03-01-25 2 44 41_crop_13.png,3613,1,127,484,104.0,5
25,03-01-25 2 44 41_crop_13.png,3614,1,128,494,104.0,5
25,03-01-25 2 44 41_crop_13.png,3615,1,122,505,104.0,5
25,03-01-25 2 44 41_crop_13.png,3616,1,132,504,104.0,5
25,03-01-25 2 44 41_crop_13.png,3617,1,143,506,94.0,5
25,03-01-25 2 44 41_crop_13.png,3618,1,142,497,104.0,5
25,03-01-25 2 44 41_crop_13.png,3619,1,141,485,104.0,5
25,03-01-25 2 44 41_crop_13.png,3620,1,152,469,104.0,5
25,03-01-25 2 44 41_crop_13.png,3621,1,155,460,104.0,5
25,03-01-25 2 44 41_crop_13.png,3622,1,145,468,104.0,5
25,03-01-25 2 44 41_crop_13.png,3623,1,138,463,104.0,5
25,03-01-25 2 44 41_crop_13.png,3624,1,138,455,104.0,5
25,03-01-25 2 44 41_crop_13.png,3625,1,142,450,104.0,5
25,03-01-25 2 44 41_crop_13.png,3626,1,141,440,104.0,5
25,03-01-25 2 44 41_crop_13.png,3627,1,146,433,104.0,5
25,03-01-25 2 44 41_crop_13.png,3628,1,135,436,104.0,5
25,03-01-25 2 44 41_crop_13.png,3629,1,127,439,104.0,5
25,03-01-25 2 44 41_crop_13.png,3630,1,132,428,104.0,5
25,03-01-25 2 44 41_crop_13.png,3631,1,135,422,104.0,5
25,03-01-25 2 44 41_crop_13.png,3632,1,140,416,104.0,5
25,03-01-25 2 44 41_crop_13.png,3633,1,157,373,104.0,5
25,03-01-25 2 44 41_crop_13.png,3634,1,143,378,104.0,5
25,03-01-25 2 44 41_crop_13.png,3635,1,153,383,104.0,5
25,03-01-25 2 44 41_crop_13.png,3636,1,178,374,104.0,5
25,03-01-25 2 44 41_crop_13.png,3637,1,170,379,104.0,5
25,03-01-25 2 44 41_crop_13.png,3638,1,172,389,104.0,5
25,03-01-25 2 44 41_crop_13.png,3639,1,171,400,104.0,5
25,03-01-25 2 44 41_crop_13.png,3640,1,157,392,104.0,5
25,03-01-25 2 44 41_crop_13.png,3641,1,144,400,104.0,5
25,03-01-25 2 44 41_crop_13.png,3642,1,152,404,104.0,5
25,03-01-25 2 44 41_crop_13.png,3643,1,161,405,104.0,5
25,03-01-25 2 44 41_crop_13.png,3644,1,158,414,104.0,5
25,03-01-25 2 44 41_crop_13.png,3645,1,159,426,104.0,5
25,03-01-25 2 44 41_crop_13.png,3646,1,168,428,104.0,5
25,03-01-25 2 44 41_crop_13.png,3647,1,175,418,104.0,5
25,03-01-25 2 44 41_crop_13.png,3648,1,180,426,104.0,5
25,03-01-25 2 44 41_crop_13.png,3649,1,184,435,104.0,5
25,03-01-25 2 44 41_crop_13.png,3650,1,192,437,104.0,5
25,03-01-25 2 44 41_crop_13.png,3651,1,176,436,104.0,5
25,03-01-25 2 44 41_crop_13.png,3652,1,177,445,104.0,5
25,03-01-25 2 44 41_crop_13.png,3653,1,167,450,104.0,5
25,03-01-25 2 44 41_crop_13.png,3654,1,174,453,104.0,5
25,03-01-25 2 44 41_crop_13.png,3655,1,182,453,104.0,5
25,03-01-25 2 44 41_crop_13.png,3656,1,166,469,104.0,5
25,03-01-25 2 44 41_crop_13.png,3657,1,162,481,104.0,5
25,03-01-25 2 44 41_crop_13.png,3658,1,160,491,104.0,5
25,03-01-25 2 44 41_crop_13.png,3659,1,159,498,104.0,5
25,03-01-25 2 44 41_crop_13.png,3660,1,159,508,52.0,4
25,03-01-25 2 44 41_crop_13.png,3661,1,166,504,104.0,5
25,03-01-25 2 44 41_crop_13.png,3662,1,173,498,104.0,5
25,03-01-25 2 44 41_crop_13.png,3663,1,172,508,40.0,3
25,03-01-25 2 44 41_crop_13.png,3664,1,183,505,104.0,5
25,03-01-25 2 44 41_crop_13.png,3665,1,200,508,40.0,3
25,03-01-25 2 44 41_crop_13.png,3666,1,217,507,85.0,5
25,03-01-25 2 44 41_crop_13.png,3667,1,207,505,101.0,5
25,03-01-25 2 44 41_crop_13.png,3668,1,199,496,104.0,5
25,03-01-25 2 44 41_crop_13.png,3669,1,192,489,104.0,5
25,03-01-25 2 44 41_crop_13.png,3670,1,182,487,104.0,5
25,03-01-25 2 44 41_crop_13.png,3671,1,178,476,104.0,5
25,03-01-25 2 44 41_crop_13.png,3672,1,189,478,104.0,5
25,03-01-25 2 44 41_crop_13.png,3673,1,196,476,104.0,5
25,03-01-25 2 44 41_crop_13.png,3674,1,191,470,104.0,5
25,03-01-25 2 44 41_crop_13.png,3675,1,183,463,104.0,5
25,03-01-25 2 44 41_crop_13.png,3676,1,190,458,104.0,5
25,03-01-25 2 44 41_crop_13.png,3677,1,198,465,104.0,5
25,03-01-25 2 44 41_crop_13.png,3678,1,201,456,104.0,5
25,03-01-25 2 44 41_crop_13.png,3679,1,199,448,104.0,5
25,03-01-25 2 44 41_crop_13.png,3680,1,182,395,104.0,5
25,03-01-25 2 44 41_crop_13.png,3681,1,183,404,104.0,5
25,03-01-25 2 44 41_crop_13.png,3682,1,190,396,104.0,5
25,03-01-25 2 44 41_crop_13.png,3683,1,201,389,104.0,5
25,03-01-25 2 44 41_crop_13.png,3684,1,203,398,104.0,5
25,03-01-25 2 44 41_crop_13.png,3685,1,197,406,104.0,5
25,03-01-25 2 44 41_crop_13.png,3686,1,189,417,104.0,5
25,03-01-25 2 44 41_crop_13.png,3687,1,223,387,104.0,5
25,03-01-25 2 44 41_crop_13.png,3688,1,212,399,104.0,5
25,03-01-25 2 44 41_crop_13.png,3689,1,209,408,104.0,5
25,03-01-25 2 44 41_crop_13.png,3690,1,203,417,104.0,5
25,03-01-25 2 44 41_crop_13.png,3691,1,197,425,104.0,5
25,03-01-25 2 44 41_crop_13.png,3692,1,248,393,104.0,5
25,03-01-25 2 44 41_crop_13.png,3693,1,240,391,104.0,5
25,03-01-25 2 44 41_crop_13.png,3694,1,233,398,104.0,5
25,03-01-25 2 44 41_crop_13.png,3695,1,227,404,104.0,5
25,03-01-25 2 44 41_crop_13.png,3696,1,245,404,104.0,5
25,03-01-25 2 44 41_crop_13.png,3697,1,241,411,104.0,5
25,03-01-25 2 44 41_crop_13.png,3698,1,230,416,104.0,5
25,03-01-25 2 44 41_crop_13.png,3699,1,220,416,104.0,5
25,03-01-25 2 44 41_crop_13.png,3700,1,220,424,104.0,5
25,03-01-25 2 44 41_crop_13.png,3701,1,213,427,104.0,5
25,03-01-25 2 44 41_crop_13.png,3702,1,221,434,104.0,5
25,03-01-25 2 44 41_crop_13.png,3703,1,207,440,104.0,5
25,03-01-25 2 44 41_crop_13.png,3704,1,213,442,104.0,5
25,03-01-25 2 44 41_crop_13.png,3705,1,221,449,104.0,5
25,03-01-25 2 44 41_crop_13.png,3706,1,218,461,104.0,5
25,03-01-25 2 44 41_crop_13.png,3707,1,210,460,104.0,5
25,03-01-25 2 44 41_crop_13.png,3708,1,206,468,104.0,5
25,03-01-25 2 44 41_crop_13.png,3709,1,213,468,104.0,5
25,03-01-25 2 44 41_crop_13.png,3710,1,219,476,104.0,5
25,03-01-25 2 44 41_crop_13.png,3711,1,219,484,104.0,5
25,03-01-25 2 44 41_crop_13.png,3712,1,204,485,104.0,5
25,03-01-25 2 44 41_crop_13.png,3713,1,212,493,104.0,5
25,03-01-25 2 44 41_crop_13.png,3714,1,221,497,104.0,5
25,03-01-25 2 44 41_crop_13.png,3715,1,232,498,104.0,5
25,03-01-25 2 44 41_crop_13.png,3716,1,238,507,85.0,5
25,03-01-25 2 44 41_crop_13.png,3717,1,281,384,104.0,5
25,03-01-25 2 44 41_crop_13.png,3718,1,266,387,104.0,5
25,03-01-25 2 44 41_crop_13.png,3719,1,259,400,104.0,5
25,03-01-25 2 44 41_crop_13.png,3720,1,253,413,104.0,5
25,03-01-25 2 44 41_crop_13.png,3721,1,268,405,104.0,5
25,03-01-25 2 44 41_crop_13.png,3722,1,272,397,104.0,5
25,03-01-25 2 44 41_crop_13.png,3723,1,276,405,104.0,5
25,03-01-25 2 44 41_crop_13.png,3724,1,283,408,104.0,5
25,03-01-25 2 44 41_crop_13.png,3725,1,291,399,104.0,5
25,03-01-25 2 44 41_crop_13.png,3726,1,305,395,104.0,5
25,03-01-25 2 44 41_crop_13.png,3727,1,291,416,104.0,5
25,03-01-25 2 44 41_crop_13.png,3728,1,283,423,104.0,5
25,03-01-25 2 44 41_crop_13.png,3729,1,273,421,104.0,5
25,03-01-25 2 44 41_crop_13.png,3730,1,270,428,104.0,5
25,03-01-25 2 44 41_crop_13.png,3731,1,262,422,104.0,5
25,03-01-25 2 44 41_crop_13.png,3732,1,255,425,104.0,5
25,03-01-25 2 44 41_crop_13.png,3733,1,254,435,104.0,5
25,03-01-25 2 44 41_crop_13.png,3734,1,243,428,104.0,5
25,03-01-25 2 44 41_crop_13.png,3735,1,235,434,104.0,5
25,03-01-25 2 44 41_crop_13.png,3736,1,243,443,104.0,5
25,03-01-25 2 44 41_crop_13.png,3737,1,234,446,104.0,5
25,03-01-25 2 44 41_crop_13.png,3738,1,233,458,104.0,5
25,03-01-25 2 44 41_crop_13.png,3739,1,230,467,104.0,5
25,03-01-25 2 44 41_crop_13.png,3740,1,237,476,104.0,5
25,03-01-25 2 44 41_crop_13.png,3741,1,238,488,104.0,5
25,03-01-25 2 44 41_crop_13.png,3742,1,243,476,104.0,5
25,03-01-25 2 44 41_crop_13.png,3743,1,244,458,104.0,5
25,03-01-25 2 44 41_crop_13.png,3744,1,256,457,104.0,5
25,03-01-25 2 44 41_crop_13.png,3745,1,250,466,104.0,5
25,03-01-25 2 44 41_crop_13.png,3746,1,254,479,104.0,5
25,03-01-25 2 44 41_crop_13.png,3747,1,248,484,104.0,5
25,03-01-25 2 44 41_crop_13.png,3748,1,253,491,104.0,5
25,03-01-25 2 44 41_crop_13.png,3749,1,252,502,104.0,5
25,03-01-25 2 44 41_crop_13.png,3750,1,262,501,104.0,5
25,03-01-25 2 44 41_crop_13.png,3751,1,268,506,94.0,5
25,03-01-25 2 44 41_crop_13.png,3752,1,277,498,104.0,5
25,03-01-25 2 44 41_crop_13.png,3753,1,268,492,104.0,5
25,03-01-25 2 44 41_crop_13.png,3754,1,263,485,104.0,5
25,03-01-25 2 44 41_crop_13.png,3755,1,271,482,104.0,5
25,03-01-25 2 44 41_crop_13.png,3756,1,268,468,104.0,5
25,03-01-25 2 44 41_crop_13.png,3757,1,263,446,104.0,5
25,03-01-25 2 44 41_crop_13.png,3758,1,268,438,104.0,5
25,03-01-25 2 44 41_crop_13.png,3759,1,270,447,104.0,5
25,03-01-25 2 44 41_crop_13.png,3760,1,280,450,104.0,5
25,03-01-25 2 44 41_crop_13.png,3761,1,279,464,104.0,5
25,03-01-25 2 44 41_crop_13.png,3762,1,281,484,104.0,5
25,03-01-25 2 44 41_crop_13.png,3763,1,289,498,104.0,5
25,03-01-25 2 44 41_crop_13.png,3764,1,285,438,104.0,5
25,03-01-25 2 44 41_crop_13.png,3765,1,293,443,104.0,5
25,03-01-25 2 44 41_crop_13.png,3766,1,294,435,104.0,5
25,03-01-25 2 44 41_crop_13.png,3767,1,305,433,104.0,5
25,03-01-25 2 44 41_crop_13.png,3768,1,292,455,104.0,5
25,03-01-25 2 44 41_crop_13.png,3769,1,307,456,104.0,5
25,03-01-25 2 44 41_crop_13.png,3770,1,304,466,104.0,5
25,03-01-25 2 44 41_crop_13.png,3771,1,301,473,104.0,5
25,03-01-25 2 44 41_crop_13.png,3772,1,307,480,104.0,5
25,03-01-25 2 44 41_crop_13.png,3773,1,296,484,104.0,5
25,03-01-25 2 44 41_crop_13.png,3774,1,299,502,104.0,5
25,03-01-25 2 44 41_crop_13.png,3775,1,298,508,40.0,3
25,03-01-25 2 44 41_crop_13.png,3776,1,277,509,29.0,3
25,03-01-25 2 44 41_crop_13.png,3777,1,313,389,104.0,5
25,03-01-25 2 44 41_crop_13.png,3778,1,321,389,104.0,5
25,03-01-25 2 44 41_crop_13.png,3779,1,336,382,104.0,5
25,03-01-25 2 44 41_crop_13.png,3780,1,320,400,104.0,5
25,03-01-25 2 44 41_crop_13.png,3781,1,330,402,104.0,5
25,03-01-25 2 44 41_crop_13.png,3782,1,327,410,104.0,5
25,03-01-25 2 44 41_crop_13.png,3783,1,323,418,104.0,5
25,03-01-25 2 44 41_crop_13.png,3784,1,313,417,104.0,5
25,03-01-25 2 44 41_crop_13.png,3785,1,322,440,104.0,5
25,03-01-25 2 44 41_crop_13.png,3786,1,323,452,104.0,5
25,03-01-25 2 44 41_crop_13.png,3787,1,321,463,104.0,5
25,03-01-25 2 44 41_crop_13.png,3788,1,319,478,104.0,5
25,03-01-25 2 44 41_crop_13.png,3789,1,311,489,104.0,5
25,03-01-25 2 44 41_crop_13.png,3790,1,323,490,104.0,5
25,03-01-25 2 44 41_crop_13.png,3791,1,316,495,104.0,5
25,03-01-25 2 44 41_crop_13.png,3792,1,322,503,104.0,5
25,03-01-25 2 44 41_crop_13.png,3793,1,326,508,52.0,4
25,03-01-25 2 44 41_crop_13.png,3794,1,329,501,104.0,5
25,03-01-25 2 44 41_crop_13.png,3795,1,334,494,104.0,5
25,03-01-25 2 44 41_crop_13.png,3796,1,332,476,104.0,5
25,03-01-25 2 44 41_crop_13.png,3797,1,339,485,104.0,5
25,03-01-25 2 44 41_crop_13.png,3798,1,349,496,104.0,5
25,03-01-25 2 44 41_crop_13.png,3799,1,345,508,64.0,4
25,03-01-25 2 44 41_crop_13.png,3800,1,360,501,104.0,5
25,03-01-25 2 44 41_crop_13.png,3801,1,369,507,75.0,4
25,03-01-25 2 44 41_crop_13.png,3802,1,394,508,64.0,4
25,03-01-25 2 44 41_crop_13.png,3803,1,386,503,104.0,5
25,03-01-25 2 44 41_crop_13.png,3804,1,385,495,104.0,5
25,03-01-25 2 44 41_crop_13.png,3805,1,400,497,104.0,5
25,03-01-25 2 44 41_crop_13.png,3806,1,407,503,104.0,5
25,03-01-25 2 44 41_crop_13.png,3807,1,414,501,104.0,5
25,03-01-25 2 44 41_crop_13.png,3808,1,417,508,52.0,4
25,03-01-25 2 44 41_crop_13.png,3809,1,433,508,40.0,3
25,03-01-25 2 44 41_crop_13.png,3810,1,445,504,104.0,5
25,03-01-25 2 44 41_crop_13.png,3811,1,450,507,75.0,4
25,03-01-25 2 44 41_crop_13.png,3812,1,464,505,104.0,5
25,03-01-25 2 44 41_crop_13.png,3813,1,476,509,29.0,3
25,03-01-25 2 44 41_crop_13.png,3814,1,488,507,75.0,4
25,03-01-25 2 44 41_crop_13.png,3815,1,497,508,52.0,4
25,03-01-25 2 44 41_crop_13.png,3816,1,508,509,14.5,2
25,03-01-25 2 44 41_crop_13.png,3817,1,482,500,104.0,5
25,03-01-25 2 44 41_crop_13.png,3818,1,492,499,104.0,5
25,03-01-25 2 44 41_crop_13.png,3819,1,507,485,85.0,5
25,03-01-25 2 44 41_crop_13.png,3820,1,506,493,94.0,5
25,03-01-25 2 44 41_crop_13.png,3821,1,496,490,104.0,5
25,03-01-25 2 44 41_crop_13.png,3822,1,497,483,104.0,5
25,03-01-25 2 44 41_crop_13.png,3823,1,505,478,104.0,5
25,03-01-25 2 44 41_crop_13.png,3824,1,500,472,104.0,5
25,03-01-25 2 44 41_crop_13.png,3825,1,505,395,101.0,5
25,03-01-25 2 44 41_crop_13.png,3826,1,507,408,85.0,5
25,03-01-25 2 44 41_crop_13.png,3827,1,496,399,104.0,5
25,03-01-25 2 44 41_crop_13.png,3828,1,491,403,104.0,5
25,03-01-25 2 44 41_crop_13.png,3829,1,494,410,104.0,5
25,03-01-25 2 44 41_crop_13.png,3830,1,499,405,104.0,5
25,03-01-25 2 44 41_crop_13.png,3831,1,500,423,104.0,5
25,03-01-25 2 44 41_crop_13.png,3832,1,505,463,104.0,5
25,03-01-25 2 44 41_crop_13.png,3833,1,504,452,104.0,5
25,03-01-25 2 44 41_crop_13.png,3834,1,506,443,94.0,5
25,03-01-25 2 44 41_crop_13.png,3835,1,502,434,104.0,5
25,03-01-25 2 44 41_crop_13.png,3836,1,494,434,104.0,5
25,03-01-25 2 44 41_crop_13.png,3837,1,490,427,104.0,5
25,03-01-25 2 44 41_crop_13.png,3838,1,488,441,104.0,5
25,03-01-25 2 44 41_crop_13.png,3839,1,492,449,104.0,5
25,03-01-25 2 44 41_crop_13.png,3840,1,491,457,104.0,5
25,03-01-25 2 44 41_crop_13.png,3841,1,499,462,104.0,5
25,03-01-25 2 44 41_crop_13.png,3842,1,490,464,104.0,5
25,03-01-25 2 44 41_crop_13.png,3843,1,485,460,104.0,5
25,03-01-25 2 44 41_crop_13.png,3844,1,481,454,104.0,5
25,03-01-25 2 44 41_crop_13.png,3845,1,490,472,104.0,5
25,03-01-25 2 44 41_crop_13.png,3846,1,479,481,104.0,5
25,03-01-25 2 44 41_crop_13.png,3847,1,464,490,104.0,5
25,03-01-25 2 44 41_crop_13.png,3848,1,471,380,104.0,5
25,03-01-25 2 44 41_crop_13.png,3849,1,463,384,104.0,5
25,03-01-25 2 44 41_crop_13.png,3850,1,476,388,104.0,5
25,03-01-25 2 44 41_crop_13.png,3851,1,487,388,104.0,5
25,03-01-25 2 44 41_crop_13.png,3852,1,480,399,104.0,5
25,03-01-25 2 44 41_crop_13.png,3853,1,481,410,104.0,5
25,03-01-25 2 44 41_crop_13.png,3854,1,479,420,104.0,5
25,03-01-25 2 44 41_crop_13.png,3855,1,478,436,104.0,5
25,03-01-25 2 44 41_crop_13.png,3856,1,469,398,104.0,5
25,03-01-25 2 44 41_crop_13.png,3857,1,471,410,104.0,5
25,03-01-25 2 44 41_crop_13.png,3858,1,472,446,104.0,5
25,03-01-25 2 44 41_crop_13.png,3859,1,466,452,104.0,5
25,03-01-25 2 44 41_crop_13.png,3860,1,456,476,104.0,5
25,03-01-25 2 44 41_crop_13.png,3861,1,441,472,104.0,5
25,03-01-25 2 44 41_crop_13.png,3862,1,443,391,104.0,5
25,03-01-25 2 44 41_crop_13.png,3863,1,449,401,104.0,5
25,03-01-25 2 44 41_crop_13.png,3864,1,454,407,104.0,5
25,03-01-25 2 44 41_crop_13.png,3865,1,460,415,104.0,5
25,03-01-25 2 44 41_crop_13.png,3866,1,468,426,104.0,5
25,03-01-25 2 44 41_crop_13.png,3867,1,458,440,104.0,5
25,03-01-25 2 44 41_crop_13.png,3868,1,446,458,104.0,5
25,03-01-25 2 44 41_crop_13.png,3869,1,450,421,104.0,5
25,03-01-25 2 44 41_crop_13.png,3870,1,438,411,104.0,5
25,03-01-25 2 44 41_crop_13.png,3871,1,434,403,104.0,5
25,03-01-25 2 44 41_crop_13.png,3872,1,426,395,104.0,5
25,03-01-25 2 44 41_crop_13.png,3873,1,420,384,104.0,5
25,03-01-25 2 44 41_crop_13.png,3874,1,380,381,104.0,5
25,03-01-25 2 44 41_crop_13.png,3875,1,394,387,104.0,5
25,03-01-25 2 44 41_crop_13.png,3876,1,350,390,104.0,5
25,03-01-25 2 44 41_crop_13.png,3877,1,344,400,104.0,5
25,03-01-25 2 44 41_crop_13.png,3878,1,355,404,104.0,5
25,03-01-25 2 44 41_crop_13.png,3879,1,365,397,104.0,5
25,03-01-25 2 44 41_crop_13.png,3880,1,362,414,104.0,5
25,03-01-25 2 44 41_crop_13.png,3881,1,356,420,104.0,5
25,03-01-25 2 44 41_crop_13.png,3882,1,348,420,104.0,5
25,03-01-25 2 44 41_crop_13.png,3883,1,347,427,104.0,5
25,03-01-25 2 44 41_crop_13.png,3884,1,355,429,104.0,5
25,03-01-25 2 44 41_crop_13.png,3885,1,342,436,104.0,5
25,03-01-25 2 44 41_crop_13.png,3886,1,337,442,104.0,5
25,03-01-25 2 44 41_crop_13.png,3887,1,340,452,104.0,5
25,03-01-25 2 44 41_crop_13.png,3888,1,350,446,104.0,5
25,03-01-25 2 44 41_crop_13.png,3889,1,345,468,104.0,5
25,03-01-25 2 44 41_crop_13.png,3890,1,350,459,104.0,5
25,03-01-25 2 44 41_crop_13.png,3891,1,354,454,104.0,5
25,03-01-25 2 44 41_crop_13.png,3892,1,356,467,104.0,5
25,03-01-25 2 44 41_crop_13.png,3893,1,355,476,104.0,5
25,03-01-25 2 44 41_crop_13.png,3894,1,361,483,104.0,5
25,03-01-25 2 44 41_crop_13.png,3895,1,375,486,104.0,5
25,03-01-25 2 44 41_crop_13.png,3896,1,388,483,104.0,5
25,03-01-25 2 44 41_crop_13.png,3897,1,382,476,104.0,5
25,03-01-25 2 44 41_crop_13.png,3898,1,408,489,104.0,5
25,03-01-25 2 44 41_crop_13.png,3899,1,420,486,104.0,5
25,03-01-25 2 44 41_crop_13.png,3900,1,425,495,104.0,5
25,03-01-25 2 44 41_crop_13.png,3901,1,427,489,104.0,5
25,03-01-25 2 44 41_crop_13.png,3902,1,436,490,104.0,5
25,03-01-25 2 44 41_crop_13.png,3903,1,423,473,104.0,5
25,03-01-25 2 44 41_crop_13.png,3904,1,429,456,104.0,5
25,03-01-25 2 44 41_crop_13.png,3905,1,445,440,104.0,5
25,03-01-25 2 44 41_crop_13.png,3906,1,442,433,104.0,5
25,03-01-25 2 44 41_crop_13.png,3907,1,436,426,104.0,5
25,03-01-25 2 44 41_crop_13.png,3908,1,429,434,104.0,5
25,03-01-25 2 44 41_crop_13.png,3909,1,427,418,104.0,5
25,03-01-25 2 44 41_crop_13.png,3910,1,416,417,104.0,5
25,03-01-25 2 44 41_crop_13.png,3911,1,416,402,104.0,5
25,03-01-25 2 44 41_crop_13.png,3912,1,408,402,104.0,5
25,03-01-25 2 44 41_crop_13.png,3913,1,400,400,104.0,5
25,03-01-25 2 44 41_crop_13.png,3914,1,408,393,104.0,5
25,03-01-25 2 44 41_crop_13.png,3915,1,381,400,104.0,5
25,03-01-25 2 44 41_crop_13.png,3916,1,385,411,104.0,5
25,03-01-25 2 44 41_crop_13.png,3917,1,377,415,104.0,5
25,03-01-25 2 44 41_crop_13.png,3918,1,395,414,104.0,5
25,03-01-25 2 44 41_crop_13.png,3919,1,399,421,104.0,5
25,03-01-25 2 44 41_crop_13.png,3920,1,406,425,104.0,5
25,03-01-25 2 44 41_crop_13.png,3921,1,414,432,104.0,5
25,03-01-25 2 44 41_crop_13.png,3922,1,411,443,104.0,5
25,03-01-25 2 44 41_crop_13.png,3923,1,405,434,104.0,5
25,03-01-25 2 44 41_crop_13.png,3924,1,395,431,104.0,5
25,03-01-25 2 44 41_crop_13.png,3925,1,391,423,104.0,5
25,03-01-25 2 44 41_crop_13.png,3926,1,388,433,104.0,5
25,03-01-25 2 44 41_crop_13.png,3927,1,397,438,104.0,5
25,03-01-25 2 44 41_crop_13.png,3928,1,380,424,104.0,5
25,03-01-25 2 44 41_crop_13.png,3929,1,374,429,104.0,5
25,03-01-25 2 44 41_crop_13.png,3930,1,370,437,104.0,5
25,03-01-25 2 44 41_crop_13.png,3931,1,362,447,104.0,5
25,03-01-25 2 44 41_crop_13.png,3932,1,364,460,104.0,5
25,03-01-25 2 44 41_crop_13.png,3933,1,373,464,104.0,5
25,03-01-25 2 44 41_crop_13.png,3934,1,377,450,104.0,5
25,03-01-25 2 44 41_crop_13.png,3935,1,379,440,104.0,5
25,03-01-25 2 44 41_crop_13.png,3936,1,390,467,104.0,5
25,03-01-25 2 44 41_crop_13.png,3937,1,405,467,104.0,5
25,03-01-25 2 44 41_crop_13.png,3938,1,405,452,104.0,5
26,03-01-25 2 44 52_crop_12.png,3939,1,156,223,104.0,5
26,03-01-25 2 44 52_crop_12.png,3940,1,21,391,104.0,5
26,03-01-25 2 44 52_crop_12.png,3941,1,20,342,104.0,5
26,03-01-25 2 44 52_crop_12.png,3942,1,232,244,104.0,5
26,03-01-25 2 44 52_crop_12.png,3943,1,384,284,104.0,5
26,03-01-25 2 44 52_crop_12.png,3944,1,369,301,104.0,5
26,03-01-25 2 44 52_crop_12.png,3945,1,379,249,104.0,5
26,03-01-25 2 44 52_crop_12.png,3946,1,458,179,104.0,5
26,03-01-25 2 44 52_crop_12.png,3947,1,478,276,104.0,5
26,03-01-25 2 44 52_crop_12.png,3948,1,477,240,104.0,5
26,03-01-25 2 44 52_crop_12.png,3949,1,484,422,104.0,5
26,03-01-25 2 44 52_crop_12.png,3950,1,480,311,104.0,5
26,03-01-25 2 44 52_crop_12.png,3951,1,323,381,104.0,5
26,03-01-25 2 44 52_crop_12.png,3952,1,407,356,104.0,5
26,03-01-25 2 44 52_crop_12.png,3953,1,433,355,104.0,5
26,03-01-25 2 44 52_crop_12.png,3954,1,455,375,104.0,5
26,03-01-25 2 44 52_crop_12.png,3955,1,418,454,104.0,5
26,03-01-25 2 44 52_crop_12.png,3956,1,433,429,104.0,5
26,03-01-25 2 44 52_crop_12.png,3957,1,412,434,104.0,5
26,03-01-25 2 44 52_crop_12.png,3958,1,397,435,104.0,5
26,03-01-25 2 44 52_crop_12.png,3959,1,358,506,94.0,5
26,03-01-25 2 44 52_crop_12.png,3960,1,342,497,104.0,5
26,03-01-25 2 44 52_crop_12.png,3961,1,278,501,104.0,5
26,03-01-25 2 44 52_crop_12.png,3962,1,295,444,104.0,5
26,03-01-25 2 44 52_crop_12.png,3963,1,173,499,104.0,5
26,03-01-25 2 44 52_crop_12.png,3964,1,178,485,104.0,5
26,03-01-25 2 44 52_crop_12.png,3965,1,167,485,104.0,5
26,03-01-25 2 44 52_crop_12.png,3966,1,88,492,104.0,5
26,03-01-25 2 44 52_crop_12.png,3967,1,149,284,104.0,5
26,03-01-25 2 44 52_crop_12.png,3968,1,135,270,104.0,5
26,03-01-25 2 44 52_crop_12.png,3969,1,163,311,104.0,5
26,03-01-25 2 44 52_crop_12.png,3970,1,182,319,104.0,5
26,03-01-25 2 44 52_crop_12.png,3971,1,187,376,104.0,5
26,03-01-25 2 44 52_crop_12.png,3972,1,204,373,104.0,5
26,03-01-25 2 44 52_crop_12.png,3973,1,225,358,104.0,5
26,03-01-25 2 44 52_crop_12.png,3974,1,274,361,104.0,5
26,03-01-25 2 44 52_crop_12.png,3975,1,275,373,104.0,5
26,03-01-25 2 44 52_crop_12.png,3976,1,262,354,104.0,5
26,03-01-25 2 44 52_crop_12.png,3977,1,266,287,104.0,5
26,03-01-25 2 44 52_crop_12.png,3978,1,254,312,104.0,5
26,03-01-25 2 44 52_crop_12.png,3979,1,244,328,104.0,5
26,03-01-25 2 44 52_crop_12.png,3980,1,228,316,104.0,5
26,03-01-25 2 44 52_crop_12.png,3981,1,162,285,104.0,5
26,03-01-25 2 44 52_crop_12.png,3982,1,299,300,104.0,5
26,03-01-25 2 44 52_crop_12.png,3983,1,294,272,104.0,5
26,03-01-25 2 44 52_crop_12.png,3984,1,282,269,104.0,5
26,03-01-25 2 44 52_crop_12.png,3985,1,270,264,104.0,5
26,03-01-25 2 44 52_crop_12.png,3986,1,258,263,104.0,5
26,03-01-25 2 44 52_crop_12.png,3987,1,349,349,104.0,5
26,03-01-25 2 44 52_crop_12.png,3988,1,311,407,104.0,5
26,03-01-25 2 44 52_crop_12.png,3989,1,291,409,104.0,5
26,03-01-25 2 44 52_crop_12.png,3990,1,282,402,104.0,5
26,03-01-25 2 44 52_crop_12.png,3991,1,270,409,104.0,5
26,03-01-25 2 44 52_crop_12.png,3992,1,231,468,104.0,5
26,03-01-25 2 44 52_crop_12.png,3993,1,66,430,104.0,5
26,03-01-25 2 44 52_crop_12.png,3994,1,82,430,104.0,5
26,03-01-25 2 44 52_crop_12.png,3995,1,130,427,104.0,5
26,03-01-25 2 44 52_crop_12.png,3996,1,136,445,104.0,5
26,03-01-25 2 44 52_crop_12.png,3997,1,173,455,104.0,5
26,03-01-25 2 44 52_crop_12.png,3998,1,163,433,104.0,5
26,03-01-25 2 44 52_crop_12.png,3999,1,141,403,104.0,5
26,03-01-25 2 44 52_crop_12.png,4000,1,127,370,104.0,5
26,03-01-25 2 44 52_crop_12.png,4001,1,98,321,104.0,5
26,03-01-25 2 44 52_crop_12.png,4002,1,119,293,104.0,5
26,03-01-25 2 44 52_crop_12.png,4003,1,121,237,104.0,5
26,03-01-25 2 44 52_crop_12.png,4004,1,97,249,104.0,5
26,03-01-25 2 44 52_crop_12.png,4005,1,67,258,104.0,5
26,03-01-25 2 44 52_crop_12.png,4006,1,78,248,104.0,5
26,03-01-25 2 44 52_crop_12.png,4007,1,60,246,104.0,5
26,03-01-25 2 44 52_crop_12.png,4008,1,40,233,104.0,5
26,03-01-25 2 44 52_crop_12.png,4009,1,20,235,104.0,5
26,03-01-25 2 44 52_crop_12.png,4010,1,38,200,104.0,5
26,03-01-25 2 44 52_crop_12.png,4011,1,62,210,104.0,5
26,03-01-25 2 44 52_crop_12.png,4012,1,52,184,104.0,5
26,03-01-25 2 44 52_crop_12.png,4013,1,92,209,104.0,5
26,03-01-25 2 44 52_crop_12.png,4014,1,63,147,104.0,5
26,03-01-25 2 44 52_crop_12.png,4015,1,65,173,104.0,5
26,03-01-25 2 44 52_crop_12.png,4016,1,35,154,104.0,5
26,03-01-25 2 44 52_crop_12.png,4017,1,25,117,104.0,5
26,03-01-25 2 44 52_crop_12.png,4018,1,19,76,104.0,5
26,03-01-25 2 44 52_crop_12.png,4019,1,31,32,104.0,5
26,03-01-25 2 44 52_crop_12.png,4020,1,63,80,104.0,5
26,03-01-25 2 44 52_crop_12.png,4021,1,58,62,104.0,5
26,03-01-25 2 44 52_crop_12.png,4022,1,71,53,104.0,5
26,03-01-25 2 44 52_crop_12.png,4023,1,159,203,104.0,5
26,03-01-25 2 44 52_crop_12.png,4024,1,191,171,104.0,5
26,03-01-25 2 44 52_crop_12.png,4025,1,128,99,104.0,5
26,03-01-25 2 44 52_crop_12.png,4026,1,133,159,104.0,5
26,03-01-25 2 44 52_crop_12.png,4027,1,121,134,104.0,5
26,03-01-25 2 44 52_crop_12.png,4028,1,170,96,104.0,5
26,03-01-25 2 44 52_crop_12.png,4029,1,373,129,104.0,5
26,03-01-25 2 44 52_crop_12.png,4030,1,300,193,104.0,5
26,03-01-25 2 44 52_crop_12.png,4031,1,282,182,104.0,5
26,03-01-25 2 44 52_crop_12.png,4032,1,246,198,104.0,5
26,03-01-25 2 44 52_crop_12.png,4033,1,207,146,104.0,5
26,03-01-25 2 44 52_crop_12.png,4034,1,225,90,104.0,5
26,03-01-25 2 44 52_crop_12.png,4035,1,257,81,104.0,5
26,03-01-25 2 44 52_crop_12.png,4036,1,260,109,104.0,5
26,03-01-25 2 44 52_crop_12.png,4037,1,280,92,104.0,5
26,03-01-25 2 44 52_crop_12.png,4038,1,398,208,104.0,5
26,03-01-25 2 44 52_crop_12.png,4039,1,420,213,104.0,5
26,03-01-25 2 44 52_crop_12.png,4040,1,419,165,104.0,5
26,03-01-25 2 44 52_crop_12.png,4041,1,390,176,104.0,5
26,03-01-25 2 44 52_crop_12.png,4042,1,378,156,104.0,5
26,03-01-25 2 44 52_crop_12.png,4043,1,411,106,104.0,5
26,03-01-25 2 44 52_crop_12.png,4044,1,396,107,104.0,5
26,03-01-25 2 44 52_crop_12.png,4045,1,319,70,104.0,5
26,03-01-25 2 44 52_crop_12.png,4046,1,328,83,104.0,5
26,03-01-25 2 44 52_crop_12.png,4047,1,337,74,104.0,5
26,03-01-25 2 44 52_crop_12.png,4048,1,494,270,104.0,5
26,03-01-25 2 44 52_crop_12.png,4049,1,505,227,101.0,5
26,03-01-25 2 44 52_crop_12.png,4050,1,486,188,104.0,5
26,03-01-25 2 44 52_crop_12.png,4051,1,496,173,104.0,5
26,03-01-25 2 44 52_crop_12.png,4052,1,499,98,104.0,5
26,03-01-25 2 44 52_crop_12.png,4053,1,453,146,104.0,5
26,03-01-25 2 44 52_crop_12.png,4054,1,170,20,104.0,5
26,03-01-25 2 44 52_crop_12.png,4055,1,210,3,75.0,4
26,03-01-25 2 44 52_crop_12.png,4056,1,260,28,104.0,5
26,03-01-25 2 44 52_crop_12.png,4057,1,264,36,104.0,5
26,03-01-25 2 44 52_crop_12.png,4058,1,359,11,104.0,5
26,03-01-25 2 44 52_crop_12.png,4059,1,372,3,75.0,4
26,03-01-25 2 44 52_crop_12.png,4060,1,412,15,104.0,5
26,03-01-25 2 44 52_crop_12.png,4061,1,427,43,104.0,5
26,03-01-25 2 44 52_crop_12.png,4062,1,456,39,104.0,5
26,03-01-25 2 44 52_crop_12.png,4063,1,484,79,104.0,5
26,03-01-25 2 44 52_crop_12.png,4064,1,483,68,104.0,5
26,03-01-25 2 44 52_crop_12.png,4065,1,325,134,104.0,5
27,03-01-25 2 44 52_crop_13.png,4066,1,38,98,104.0,5
27,03-01-25 2 44 52_crop_13.png,4067,1,20,77,104.0,5
27,03-01-25 2 44 52_crop_13.png,4068,1,21,67,104.0,5
27,03-01-25 2 44 52_crop_13.png,4069,1,70,59,104.0,5
27,03-01-25 2 44 52_crop_13.png,4070,1,59,43,104.0,5
27,03-01-25 2 44 52_crop_13.png,4071,1,47,61,104.0,5
27,03-01-25 2 44 52_crop_13.png,4072,1,44,53,104.0,5
27,03-01-25 2 44 52_crop_13.png,4073,1,48,45,104.0,5
27,03-01-25 2 44 52_crop_13.png,4074,1,49,25,104.0,5
27,03-01-25 2 44 52_crop_13.png,4075,1,60,17,104.0,5
27,03-01-25 2 44 52_crop_13.png,4076,1,492,314,104.0,5
27,03-01-25 2 44 52_crop_13.png,4077,1,394,233,104.0,5
27,03-01-25 2 44 52_crop_13.png,4078,1,379,219,104.0,5
27,03-01-25 2 44 52_crop_13.png,4079,1,434,213,104.0,5
27,03-01-25 2 44 52_crop_13.png,4080,1,432,206,104.0,5
27,03-01-25 2 44 52_crop_13.png,4081,1,463,211,104.0,5
27,03-01-25 2 44 52_crop_13.png,4082,1,474,249,104.0,5
27,03-01-25 2 44 52_crop_13.png,4083,1,466,253,104.0,5
27,03-01-25 2 44 52_crop_13.png,4084,1,421,261,104.0,5
27,03-01-25 2 44 52_crop_13.png,4085,1,420,247,104.0,5
27,03-01-25 2 44 52_crop_13.png,4086,1,442,301,104.0,5
27,03-01-25 2 44 52_crop_13.png,4087,1,446,273,104.0,5
27,03-01-25 2 44 52_crop_13.png,4088,1,469,291,104.0,5
27,03-01-25 2 44 52_crop_13.png,4089,1,507,274,85.0,5
27,03-01-25 2 44 52_crop_13.png,4090,1,498,289,104.0,5
27,03-01-25 2 44 52_crop_13.png,4091,1,405,232,104.0,5
27,03-01-25 2 44 52_crop_13.png,4092,1,373,166,104.0,5
27,03-01-25 2 44 52_crop_13.png,4093,1,287,174,104.0,5
27,03-01-25 2 44 52_crop_13.png,4094,1,154,193,104.0,5
27,03-01-25 2 44 52_crop_13.png,4095,1,127,123,104.0,5
27,03-01-25 2 44 52_crop_13.png,4096,1,30,126,104.0,5
27,03-01-25 2 44 52_crop_13.png,4097,1,312,200,104.0,5
27,03-01-25 2 44 52_crop_13.png,4098,1,15,241,104.0,5
27,03-01-25 2 44 52_crop_13.png,4099,1,30,271,104.0,5
27,03-01-25 2 44 52_crop_13.png,4100,1,47,224,104.0,5
27,03-01-25 2 44 52_crop_13.png,4101,1,97,252,104.0,5
27,03-01-25 2 44 52_crop_13.png,4102,1,107,286,104.0,5
27,03-01-25 2 44 52_crop_13.png,4103,1,133,271,104.0,5
27,03-01-25 2 44 52_crop_13.png,4104,1,147,282,104.0,5
27,03-01-25 2 44 52_crop_13.png,4105,1,162,277,104.0,5
27,03-01-25 2 44 52_crop_13.png,4106,1,185,225,104.0,5
27,03-01-25 2 44 52_crop_13.png,4107,1,185,250,104.0,5
27,03-01-25 2 44 52_crop_13.png,4108,1,192,265,104.0,5
27,03-01-25 2 44 52_crop_13.png,4109,1,212,254,104.0,5
27,03-01-25 2 44 52_crop_13.png,4110,1,311,298,104.0,5
27,03-01-25 2 44 52_crop_13.png,4111,1,382,424,104.0,5
27,03-01-25 2 44 52_crop_13.png,4112,1,377,459,104.0,5
27,03-01-25 2 44 52_crop_13.png,4113,1,22,423,104.0,5
27,03-01-25 2 44 52_crop_13.png,4114,1,17,311,104.0,5
27,03-01-25 2 44 52_crop_13.png,4115,1,77,336,104.0,5
27,03-01-25 2 44 52_crop_13.png,4116,1,69,348,104.0,5
27,03-01-25 2 44 52_crop_13.png,4117,1,57,341,104.0,5
27,03-01-25 2 44 52_crop_13.png,4118,1,62,367,104.0,5
27,03-01-25 2 44 52_crop_13.png,4119,1,110,357,104.0,5
27,03-01-25 2 44 52_crop_13.png,4120,1,86,399,104.0,5
27,03-01-25 2 44 52_crop_13.png,4121,1,74,419,104.0,5
27,03-01-25 2 44 52_crop_13.png,4122,1,91,427,104.0,5
27,03-01-25 2 44 52_crop_13.png,4123,1,72,508,64.0,4
27,03-01-25 2 44 52_crop_13.png,4124,1,55,500,104.0,5
27,03-01-25 2 44 52_crop_13.png,4125,1,66,487,104.0,5
27,03-01-25 2 44 52_crop_13.png,4126,1,65,460,104.0,5
27,03-01-25 2 44 52_crop_13.png,4127,1,96,472,104.0,5
27,03-01-25 2 44 52_crop_13.png,4128,1,106,482,104.0,5
27,03-01-25 2 44 52_crop_13.png,4129,1,121,489,104.0,5
27,03-01-25 2 44 52_crop_13.png,4130,1,166,507,85.0,5
27,03-01-25 2 44 52_crop_13.png,4131,1,97,446,104.0,5
27,03-01-25 2 44 52_crop_13.png,4132,1,163,447,104.0,5
27,03-01-25 2 44 52_crop_13.png,4133,1,139,478,104.0,5
27,03-01-25 2 44 52_crop_13.png,4134,1,140,456,104.0,5
27,03-01-25 2 44 52_crop_13.png,4135,1,132,426,104.0,5
27,03-01-25 2 44 52_crop_13.png,4136,1,160,333,104.0,5
27,03-01-25 2 44 52_crop_13.png,4137,1,169,322,104.0,5
27,03-01-25 2 44 52_crop_13.png,4138,1,153,311,104.0,5
27,03-01-25 2 44 52_crop_13.png,4139,1,184,288,104.0,5
27,03-01-25 2 44 52_crop_13.png,4140,1,277,306,104.0,5
27,03-01-25 2 44 52_crop_13.png,4141,1,231,307,104.0,5
27,03-01-25 2 44 52_crop_13.png,4142,1,242,294,104.0,5
27,03-01-25 2 44 52_crop_13.png,4143,1,240,366,104.0,5
27,03-01-25 2 44 52_crop_13.png,4144,1,244,391,104.0,5
27,03-01-25 2 44 52_crop_13.png,4145,1,272,465,104.0,5
27,03-01-25 2 44 52_crop_13.png,4146,1,251,432,104.0,5
27,03-01-25 2 44 52_crop_13.png,4147,1,212,455,104.0,5
27,03-01-25 2 44 52_crop_13.png,4148,1,223,463,104.0,5
27,03-01-25 2 44 52_crop_13.png,4149,1,279,485,104.0,5
27,03-01-25 2 44 52_crop_13.png,4150,1,317,470,104.0,5
27,03-01-25 2 44 52_crop_13.png,4151,1,312,410,104.0,5
27,03-01-25 2 44 52_crop_13.png,4152,1,344,480,104.0,5
27,03-01-25 2 44 52_crop_13.png,4153,1,365,481,104.0,5
27,03-01-25 2 44 52_crop_13.png,4154,1,373,430,104.0,5
27,03-01-25 2 44 52_crop_13.png,4155,1,447,506,94.0,5
27,03-01-25 2 44 52_crop_13.png,4156,1,461,437,104.0,5
27,03-01-25 2 44 52_crop_13.png,4157,1,489,504,104.0,5
27,03-01-25 2 44 52_crop_13.png,4158,1,485,468,104.0,5
27,03-01-25 2 44 52_crop_13.png,4159,1,490,461,104.0,5
27,03-01-25 2 44 52_crop_13.png,4160,1,445,395,104.0,5
27,03-01-25 2 44 52_crop_13.png,4161,1,390,355,104.0,5
27,03-01-25 2 44 52_crop_13.png,4162,1,384,346,104.0,5
27,03-01-25 2 44 52_crop_13.png,4163,1,360,392,104.0,5
27,03-01-25 2 44 52_crop_13.png,4164,1,326,353,104.0,5
27,03-01-25 2 44 52_crop_13.png,4165,1,332,329,104.0,5
27,03-01-25 2 44 52_crop_13.png,4166,1,309,319,104.0,5
27,03-01-25 2 44 52_crop_13.png,4167,1,329,305,104.0,5
27,03-01-25 2 44 52_crop_13.png,4168,1,334,287,104.0,5
27,03-01-25 2 44 52_crop_13.png,4169,1,341,274,104.0,5
27,03-01-25 2 44 52_crop_13.png,4170,1,332,256,104.0,5
27,03-01-25 2 44 52_crop_13.png,4171,1,252,246,104.0,5
27,03-01-25 2 44 52_crop_13.png,4172,1,276,210,104.0,5
27,03-01-25 2 44 52_crop_13.png,4173,1,324,198,104.0,5
27,03-01-25 2 44 52_crop_13.png,4174,1,398,155,104.0,5
27,03-01-25 2 44 52_crop_13.png,4175,1,459,168,104.0,5
27,03-01-25 2 44 52_crop_13.png,4176,1,449,158,104.0,5
27,03-01-25 2 44 52_crop_13.png,4177,1,445,135,104.0,5
27,03-01-25 2 44 52_crop_13.png,4178,1,438,125,104.0,5
27,03-01-25 2 44 52_crop_13.png,4179,1,417,126,104.0,5
27,03-01-25 2 44 52_crop_13.png,4180,1,418,86,104.0,5
27,03-01-25 2 44 52_crop_13.png,4181,1,432,63,104.0,5
27,03-01-25 2 44 52_crop_13.png,4182,1,496,107,104.0,5
27,03-01-25 2 44 52_crop_13.png,4183,1,465,53,104.0,5
27,03-01-25 2 44 52_crop_13.png,4184,1,454,37,104.0,5
27,03-01-25 2 44 52_crop_13.png,4185,1,466,3,75.0,4
27,03-01-25 2 44 52_crop_13.png,4186,1,416,5,101.0,5
27,03-01-25 2 44 52_crop_13.png,4187,1,244,183,104.0,5
27,03-01-25 2 44 52_crop_13.png,4188,1,113,204,104.0,5
27,03-01-25 2 44 52_crop_13.png,4189,1,103,208,104.0,5
27,03-01-25 2 44 52_crop_13.png,4190,1,93,193,104.0,5
27,03-01-25 2 44 52_crop_13.png,4191,1,113,185,104.0,5
27,03-01-25 2 44 52_crop_13.png,4192,1,100,183,104.0,5
27,03-01-25 2 44 52_crop_13.png,4193,1,20,188,104.0,5
27,03-01-25 2 44 52_crop_13.png,4194,1,31,172,104.0,5
27,03-01-25 2 44 52_crop_13.png,4195,1,180,135,104.0,5
27,03-01-25 2 44 52_crop_13.png,4196,1,162,141,104.0,5
27,03-01-25 2 44 52_crop_13.png,4197,1,104,157,104.0,5
27,03-01-25 2 44 52_crop_13.png,4198,1,92,153,104.0,5
27,03-01-25 2 44 52_crop_13.png,4199,1,76,145,104.0,5
27,03-01-25 2 44 52_crop_13.png,4200,1,305,135,104.0,5
27,03-01-25 2 44 52_crop_13.png,4201,1,341,146,104.0,5
27,03-01-25 2 44 52_crop_13.png,4202,1,365,104,104.0,5
27,03-01-25 2 44 52_crop_13.png,4203,1,376,51,104.0,5
27,03-01-25 2 44 52_crop_13.png,4204,1,302,105,104.0,5
27,03-01-25 2 44 52_crop_13.png,4205,1,316,61,104.0,5
27,03-01-25 2 44 52_crop_13.png,4206,1,312,14,104.0,5
27,03-01-25 2 44 52_crop_13.png,4207,1,275,44,104.0,5
27,03-01-25 2 44 52_crop_13.png,4208,1,194,67,104.0,5
27,03-01-25 2 44 52_crop_13.png,4209,1,173,51,104.0,5
27,03-01-25 2 44 52_crop_13.png,4210,1,156,35,104.0,5
27,03-01-25 2 44 52_crop_13.png,4211,1,138,29,104.0,5
27,03-01-25 2 44 52_crop_13.png,4212,1,110,76,104.0,5
27,03-01-25 2 44 52_crop_13.png,4213,1,80,88,104.0,5
27,03-01-25 2 44 52_crop_13.png,4214,1,118,47,104.0,5
27,03-01-25 2 44 52_crop_13.png,4215,1,129,2,52.0,4
27,03-01-25 2 44 52_crop_13.png,4216,1,92,19,104.0,5
27,03-01-25 2 44 52_crop_13.png,4217,1,89,51,104.0,5
48,03-01-25 2 44 36_crop_16.png,4481,1,343,88,31.5,3
48,03-01-25 2 44 36_crop_16.png,4482,1,189,289,31.5,3
48,03-01-25 2 44 36_crop_16.png,4483,1,217,287,31.5,3
48,03-01-25 2 44 36_crop_16.png,4484,1,216,267,31.5,3
48,03-01-25 2 44 36_crop_16.png,4485,1,217,322,31.5,3
48,03-01-25 2 44 36_crop_16.png,4486,1,205,341,31.5,3
48,03-01-25 2 44 36_crop_16.png,4487,1,211,243,31.5,3
48,03-01-25 2 44 36_crop_16.png,4488,1,246,279,31.5,3
48,03-01-25 2 44 36_crop_16.png,4489,1,301,275,31.5,3
48,03-01-25 2 44 36_crop_16.png,4490,1,281,358,31.5,3
48,03-01-25 2 44 36_crop_16.png,4491,1,345,242,31.5,3
48,03-01-25 2 44 36_crop_16.png,4492,1,369,279,31.5,3
48,03-01-25 2 44 36_crop_16.png,4493,1,325,304,31.5,3
48,03-01-25 2 44 36_crop_16.png,4494,1,332,293,31.5,3
48,03-01-25 2 44 36_crop_16.png,4495,1,335,300,31.5,3
48,03-01-25 2 44 36_crop_16.png,4496,1,368,290,31.5,3
48,03-01-25 2 44 36_crop_16.png,4497,1,126,324,31.5,3
48,03-01-25 2 44 36_crop_16.png,4498,1,142,351,31.5,3
48,03-01-25 2 44 36_crop_16.png,4499,1,158,352,31.5,3
48,03-01-25 2 44 36_crop_16.png,4500,1,143,371,31.5,3
48,03-01-25 2 44 36_crop_16.png,4501,1,151,313,31.5,3
48,03-01-25 2 44 36_crop_16.png,4502,1,259,409,31.5,3
48,03-01-25 2 44 36_crop_16.png,4503,1,275,414,31.5,3
48,03-01-25 2 44 36_crop_16.png,4504,1,304,393,31.5,3
48,03-01-25 2 44 36_crop_16.png,4505,1,316,384,31.5,3
48,03-01-25 2 44 36_crop_16.png,4506,1,266,493,31.5,3
48,03-01-25 2 44 36_crop_16.png,4507,1,349,372,31.5,3
48,03-01-25 2 44 36_crop_16.png,4508,1,347,421,31.5,3
48,03-01-25 2 44 36_crop_16.png,4509,1,335,443,31.5,3
48,03-01-25 2 44 36_crop_16.png,4510,1,341,490,31.5,3
48,03-01-25 2 44 36_crop_16.png,4511,1,359,494,31.5,3
48,03-01-25 2 44 36_crop_16.png,4512,1,415,429,31.5,3
48,03-01-25 2 44 36_crop_16.png,4513,1,388,426,31.5,3
48,03-01-25 2 44 36_crop_16.png,4514,1,383,431,31.5,3
48,03-01-25 2 44 36_crop_16.png,4515,1,174,480,31.5,3
48,03-01-25 2 44 36_crop_16.png,4516,1,403,448,31.5,3
48,03-01-25 2 44 36_crop_16.png,4517,1,439,446,31.5,3
48,03-01-25 2 44 36_crop_16.png,4518,1,456,454,31.5,3
48,03-01-25 2 44 36_crop_16.png,4519,1,467,411,31.5,3
48,03-01-25 2 44 36_crop_16.png,4520,1,506,449,31.5,3
48,03-01-25 2 44 36_crop_16.png,4521,1,472,376,31.5,3
48,03-01-25 2 44 36_crop_16.png,4522,1,202,361,31.5,3
48,03-01-25 2 44 36_crop_16.png,4523,1,206,378,31.5,3
48,03-01-25 2 44 36_crop_16.png,4524,1,394,309,31.5,3
48,03-01-25 2 44 36_crop_16.png,4525,1,413,332,31.5,3
48,03-01-25 2 44 36_crop_16.png,4526,1,423,336,31.5,3
48,03-01-25 2 44 36_crop_16.png,4527,1,490,314,31.5,3
48,03-01-25 2 44 36_crop_16.png,4528,1,503,327,31.5,3
48,03-01-25 2 44 36_crop_16.png,4529,1,492,280,31.5,3
48,03-01-25 2 44 36_crop_16.png,4530,1,491,273,31.5,3
48,03-01-25 2 44 36_crop_16.png,4531,1,506,258,31.5,3
48,03-01-25 2 44 36_crop_16.png,4532,1,425,263,31.5,3
48,03-01-25 2 44 36_crop_16.png,4533,1,407,240,31.5,3
48,03-01-25 2 44 36_crop_16.png,4534,1,419,219,31.5,3
48,03-01-25 2 44 36_crop_16.png,4535,1,403,208,31.5,3
48,03-01-25 2 44 36_crop_16.png,4536,1,414,194,31.5,3
48,03-01-25 2 44 36_crop_16.png,4537,1,395,199,31.5,3
48,03-01-25 2 44 36_crop_16.png,4538,1,470,232,31.5,3
48,03-01-25 2 44 36_crop_16.png,4539,1,416,175,31.5,3
48,03-01-25 2 44 36_crop_16.png,4540,1,423,179,31.5,3
48,03-01-25 2 44 36_crop_16.png,4541,1,470,199,31.5,3
48,03-01-25 2 44 36_crop_16.png,4542,1,445,180,31.5,3
48,03-01-25 2 44 36_crop_16.png,4543,1,463,179,31.5,3
48,03-01-25 2 44 36_crop_16.png,4544,1,468,183,31.5,3
48,03-01-25 2 44 36_crop_16.png,4545,1,497,131,31.5,3
48,03-01-25 2 44 36_crop_16.png,4546,1,457,121,31.5,3
48,03-01-25 2 44 36_crop_16.png,4547,1,408,156,31.5,3
48,03-01-25 2 44 36_crop_16.png,4548,1,393,154,31.5,3
48,03-01-25 2 44 36_crop_16.png,4549,1,418,131,31.5,3
48,03-01-25 2 44 36_crop_16.png,4550,1,400,137,31.5,3
48,03-01-25 2 44 36_crop_16.png,4551,1,285,242,31.5,3
48,03-01-25 2 44 36_crop_16.png,4552,1,282,226,31.5,3
48,03-01-25 2 44 36_crop_16.png,4553,1,242,225,31.5,3
48,03-01-25 2 44 36_crop_16.png,4554,1,228,264,31.5,3
48,03-01-25 2 44 36_crop_16.png,4555,1,238,253,31.5,3
48,03-01-25 2 44 36_crop_16.png,4556,1,237,261,31.5,3
48,03-01-25 2 44 36_crop_16.png,4557,1,210,434,31.5,3
48,03-01-25 2 44 36_crop_16.png,4558,1,171,457,31.5,3
48,03-01-25 2 44 36_crop_16.png,4559,1,150,469,31.5,3
48,03-01-25 2 44 36_crop_16.png,4560,1,141,487,31.5,3
48,03-01-25 2 44 36_crop_16.png,4561,1,94,506,31.5,3
48,03-01-25 2 44 36_crop_16.png,4562,1,105,458,31.5,3
48,03-01-25 2 44 36_crop_16.png,4563,1,123,448,31.5,3
48,03-01-25 2 44 36_crop_16.png,4564,1,131,435,31.5,3
48,03-01-25 2 44 36_crop_16.png,4565,1,165,444,31.5,3
48,03-01-25 2 44 36_crop_16.png,4566,1,155,443,31.5,3
48,03-01-25 2 44 36_crop_16.png,4567,1,170,449,31.5,3
48,03-01-25 2 44 36_crop_16.png,4568,1,151,428,31.5,3
48,03-01-25 2 44 36_crop_16.png,4569,1,38,495,31.5,3
48,03-01-25 2 44 36_crop_16.png,4570,1,117,363,31.5,3
48,03-01-25 2 44 36_crop_16.png,4571,1,100,389,31.5,3
48,03-01-25 2 44 36_crop_16.png,4572,1,15,478,31.5,3
48,03-01-25 2 44 36_crop_16.png,4573,1,4,406,31.5,3
48,03-01-25 2 44 36_crop_16.png,4574,1,18,367,31.5,3
48,03-01-25 2 44 36_crop_16.png,4575,1,28,378,31.5,3
48,03-01-25 2 44 36_crop_16.png,4576,1,6,340,31.5,3
48,03-01-25 2 44 36_crop_16.png,4577,1,11,309,31.5,3
48,03-01-25 2 44 36_crop_16.png,4578,1,59,375,31.5,3
48,03-01-25 2 44 36_crop_16.png,4579,1,110,294,31.5,3
48,03-01-25 2 44 36_crop_16.png,4580,1,121,286,31.5,3
48,03-01-25 2 44 36_crop_16.png,4581,1,66,244,31.5,3
48,03-01-25 2 44 36_crop_16.png,4582,1,70,293,31.5,3
48,03-01-25 2 44 36_crop_16.png,4583,1,79,299,31.5,3
48,03-01-25 2 44 36_crop_16.png,4584,1,161,246,31.5,3
48,03-01-25 2 44 36_crop_16.png,4585,1,173,235,31.5,3
48,03-01-25 2 44 36_crop_16.png,4586,1,181,246,31.5,3
48,03-01-25 2 44 36_crop_16.png,4587,1,81,218,31.5,3
48,03-01-25 2 44 36_crop_16.png,4588,1,86,211,31.5,3
48,03-01-25 2 44 36_crop_16.png,4589,1,95,321,31.5,3
48,03-01-25 2 44 36_crop_16.png,4590,1,87,322,31.5,3
48,03-01-25 2 44 36_crop_16.png,4591,1,97,349,31.5,3
48,03-01-25 2 44 36_crop_16.png,4592,1,78,357,31.5,3
48,03-01-25 2 44 36_crop_16.png,4593,1,37,210,31.5,3
48,03-01-25 2 44 36_crop_16.png,4594,1,33,193,31.5,3
48,03-01-25 2 44 36_crop_16.png,4595,1,59,187,31.5,3
48,03-01-25 2 44 36_crop_16.png,4596,1,3,193,31.5,3
48,03-01-25 2 44 36_crop_16.png,4597,1,2,178,27.0,2
48,03-01-25 2 44 36_crop_16.png,4598,1,78,148,31.5,3
48,03-01-25 2 44 36_crop_16.png,4599,1,93,155,31.5,3
48,03-01-25 2 44 36_crop_16.png,4600,1,13,192,31.5,3
48,03-01-25 2 44 36_crop_16.png,4601,1,144,145,31.5,3
48,03-01-25 2 44 36_crop_16.png,4602,1,155,125,31.5,3
48,03-01-25 2 44 36_crop_16.png,4603,1,153,110,31.5,3
48,03-01-25 2 44 36_crop_16.png,4604,1,159,106,31.5,3
48,03-01-25 2 44 36_crop_16.png,4605,1,107,102,31.5,3
48,03-01-25 2 44 36_crop_16.png,4606,1,78,123,31.5,3
48,03-01-25 2 44 36_crop_16.png,4607,1,76,106,31.5,3
48,03-01-25 2 44 36_crop_16.png,4608,1,54,88,31.5,3
48,03-01-25 2 44 36_crop_16.png,4609,1,33,61,31.5,3
48,03-01-25 2 44 36_crop_16.png,4610,1,55,58,31.5,3
48,03-01-25 2 44 36_crop_16.png,4611,1,167,53,31.5,3
48,03-01-25 2 44 36_crop_16.png,4612,1,66,49,31.5,3
48,03-01-25 2 44 36_crop_16.png,4613,1,77,53,31.5,3
48,03-01-25 2 44 36_crop_16.png,4614,1,81,48,31.5,3
48,03-01-25 2 44 36_crop_16.png,4615,1,190,105,31.5,3
48,03-01-25 2 44 36_crop_16.png,4616,1,181,79,31.5,3
48,03-01-25 2 44 36_crop_16.png,4617,1,198,108,31.5,3
48,03-01-25 2 44 36_crop_16.png,4618,1,234,105,31.5,3
48,03-01-25 2 44 36_crop_16.png,4619,1,239,112,31.5,3
48,03-01-25 2 44 36_crop_16.png,4620,1,262,79,31.5,3
48,03-01-25 2 44 36_crop_16.png,4621,1,259,100,31.5,3
48,03-01-25 2 44 36_crop_16.png,4622,1,262,115,31.5,3
48,03-01-25 2 44 36_crop_16.png,4623,1,262,47,31.5,3
48,03-01-25 2 44 36_crop_16.png,4624,1,214,143,31.5,3
48,03-01-25 2 44 36_crop_16.png,4625,1,207,163,31.5,3
48,03-01-25 2 44 36_crop_16.png,4626,1,215,174,31.5,3
48,03-01-25 2 44 36_crop_16.png,4627,1,187,182,31.5,3
48,03-01-25 2 44 36_crop_16.png,4628,1,205,196,31.5,3
48,03-01-25 2 44 36_crop_16.png,4629,1,194,212,31.5,3
48,03-01-25 2 44 36_crop_16.png,4630,1,294,158,31.5,3
48,03-01-25 2 44 36_crop_16.png,4631,1,285,181,31.5,3
48,03-01-25 2 44 36_crop_16.png,4632,1,313,187,31.5,3
48,03-01-25 2 44 36_crop_16.png,4633,1,162,21,31.5,3
48,03-01-25 2 44 36_crop_16.png,4634,1,220,23,31.5,3
48,03-01-25 2 44 36_crop_16.png,4635,1,189,20,31.5,3
48,03-01-25 2 44 36_crop_16.png,4636,1,194,11,31.5,3
48,03-01-25 2 44 36_crop_16.png,4637,1,202,19,31.5,3
48,03-01-25 2 44 36_crop_16.png,4638,1,184,33,31.5,3
48,03-01-25 2 44 36_crop_16.png,4639,1,178,28,31.5,3
48,03-01-25 2 44 36_crop_16.png,4640,1,173,24,31.5,3
48,03-01-25 2 44 36_crop_16.png,4641,1,3,37,31.5,3
48,03-01-25 2 44 36_crop_16.png,4642,1,289,45,31.5,3
48,03-01-25 2 44 36_crop_16.png,4643,1,313,27,31.5,3
48,03-01-25 2 44 36_crop_16.png,4644,1,354,28,31.5,3
48,03-01-25 2 44 36_crop_16.png,4645,1,363,56,31.5,3
48,03-01-25 2 44 36_crop_16.png,4646,1,372,88,31.5,3
48,03-01-25 2 44 36_crop_16.png,4647,1,403,94,31.5,3
48,03-01-25 2 44 36_crop_16.png,4648,1,408,100,31.5,3
48,03-01-25 2 44 36_crop_16.png,4649,1,433,30,31.5,3
48,03-01-25 2 44 36_crop_16.png,4650,1,467,35,31.5,3
48,03-01-25 2 44 36_crop_16.png,4651,1,470,70,31.5,3
48,03-01-25 2 44 36_crop_16.png,4652,1,484,106,31.5,3
48,03-01-25 2 44 36_crop_16.png,4653,1,479,84,31.5,3
48,03-01-25 2 44 36_crop_16.png,4654,1,497,49,31.5,3
48,03-01-25 2 44 36_crop_16.png,4655,1,379,47,31.5,3
48,03-01-25 2 44 36_crop_16.png,4656,1,51,445,31.5,3
48,03-01-25 2 44 36_crop_16.png,4657,1,492,304,31.5,3
48,03-01-25 2 44 36_crop_16.png,4658,1,476,228,31.5,3
48,03-01-25 2 44 36_crop_16.png,4659,1,427,151,31.5,3
48,03-01-25 2 44 36_crop_16.png,4660,1,333,139,31.5,3
48,03-01-25 2 44 36_crop_16.png,4661,1,326,105,31.5,3
48,03-01-25 2 44 36_crop_16.png,4662,1,355,118,31.5,3
48,03-01-25 2 44 36_crop_16.png,4663,1,378,103,31.5,3
48,03-01-25 2 44 36_crop_16.png,4664,1,385,106,31.5,3
48,03-01-25 2 44 36_crop_16.png,4665,1,4,49,31.5,3
48,03-01-25 2 44 36_crop_16.png,4666,1,137,77,31.5,3
48,03-01-25 2 44 36_crop_16.png,4667,1,475,21,31.5,3
48,03-01-25 2 44 36_crop_16.png,4668,1,497,24,31.5,3
48,03-01-25 2 44 36_crop_16.png,4669,1,506,42,31.5,3
48,03-01-25 2 44 36_crop_16.png,4670,1,497,90,31.5,3
48,03-01-25 2 44 36_crop_16.png,4671,1,446,96,31.5,3
48,03-01-25 2 44 36_crop_16.png,4672,1,451,8,31.5,3
48,03-01-25 2 44 36_crop_16.png,4673,1,183,351,31.5,3
48,03-01-25 2 44 36_crop_16.png,4674,1,171,370,31.5,3
48,03-01-25 2 44 36_crop_16.png,4675,1,182,369,31.5,3
48,03-01-25 2 44 36_crop_16.png,4676,1,180,394,31.5,3
48,03-01-25 2 44 36_crop_16.png,4677,1,174,212,31.5,3
48,03-01-25 2 44 36_crop_16.png,4678,1,169,219,31.5,3
48,03-01-25 2 44 36_crop_16.png,4679,1,177,219,31.5,3
48,03-01-25 2 44 36_crop_16.png,4680,1,85,364,31.5,3
49,03-01-25 2 44 36_crop_17.png,4681,1,95,66,31.5,3
49,03-01-25 2 44 36_crop_17.png,4682,1,77,107,31.5,3
49,03-01-25 2 44 36_crop_17.png,4683,1,105,84,31.5,3
49,03-01-25 2 44 36_crop_17.png,4684,1,139,52,31.5,3
49,03-01-25 2 44 36_crop_17.png,4685,1,158,56,31.5,3
49,03-01-25 2 44 36_crop_17.png,4686,1,34,130,31.5,3
49,03-01-25 2 44 36_crop_17.png,4687,1,53,129,31.5,3
49,03-01-25 2 44 36_crop_17.png,4688,1,75,206,31.5,3
49,03-01-25 2 44 36_crop_17.png,4689,1,83,240,31.5,3
49,03-01-25 2 44 36_crop_17.png,4690,1,65,232,31.5,3
49,03-01-25 2 44 36_crop_17.png,4691,1,53,227,31.5,3
49,03-01-25 2 44 36_crop_17.png,4692,1,44,258,31.5,3
49,03-01-25 2 44 36_crop_17.png,4693,1,28,272,31.5,3
49,03-01-25 2 44 36_crop_17.png,4694,1,30,280,31.5,3
49,03-01-25 2 44 36_crop_17.png,4695,1,28,314,31.5,3
49,03-01-25 2 44 36_crop_17.png,4696,1,75,305,31.5,3
49,03-01-25 2 44 36_crop_17.png,4697,1,95,293,31.5,3
49,03-01-25 2 44 36_crop_17.png,4698,1,100,275,31.5,3
49,03-01-25 2 44 36_crop_17.png,4699,1,7,233,31.5,3
49,03-01-25 2 44 36_crop_17.png,4700,1,8,199,31.5,3
49,03-01-25 2 44 36_crop_17.png,4701,1,8,199,31.5,3
49,03-01-25 2 44 36_crop_17.png,4702,1,7,184,31.5,3
49,03-01-25 2 44 36_crop_17.png,4703,1,2,178,27.0,2
49,03-01-25 2 44 36_crop_17.png,4704,1,23,105,31.5,3
49,03-01-25 2 44 36_crop_17.png,4705,1,110,167,31.5,3
49,03-01-25 2 44 36_crop_17.png,4706,1,158,119,31.5,3
49,03-01-25 2 44 36_crop_17.png,4707,1,167,128,31.5,3
49,03-01-25 2 44 36_crop_17.png,4708,1,56,425,31.5,3
49,03-01-25 2 44 36_crop_17.png,4709,1,80,477,46.0,3
49,03-01-25 2 44 36_crop_17.png,4710,1,71,482,31.5,3
49,03-01-25 2 44 36_crop_17.png,4711,1,113,493,31.5,3
49,03-01-25 2 44 36_crop_17.png,4712,1,95,470,31.5,3
49,03-01-25 2 44 36_crop_17.png,4713,1,103,426,31.5,3
49,03-01-25 2 44 36_crop_17.png,4714,1,92,390,31.5,3
49,03-01-25 2 44 36_crop_17.png,4715,1,93,359,31.5,3
49,03-01-25 2 44 36_crop_17.png,4716,1,111,365,31.5,3
49,03-01-25 2 44 36_crop_17.png,4717,1,148,388,31.5,3
49,03-01-25 2 44 36_crop_17.png,4718,1,76,364,31.5,3
49,03-01-25 2 44 36_crop_17.png,4719,1,42,448,31.5,3
49,03-01-25 2 44 36_crop_17.png,4720,1,4,411,31.5,3
49,03-01-25 2 44 36_crop_17.png,4721,1,11,377,31.5,3
49,03-01-25 2 44 36_crop_17.png,4722,1,58,411,31.5,3
49,03-01-25 2 44 36_crop_17.png,4723,1,63,386,31.5,3
49,03-01-25 2 44 36_crop_17.png,4724,1,65,376,31.5,3
49,03-01-25 2 44 36_crop_17.png,4725,1,76,326,31.5,3
49,03-01-25 2 44 36_crop_17.png,4726,1,94,330,31.5,3
49,03-01-25 2 44 36_crop_17.png,4727,1,106,328,31.5,3
49,03-01-25 2 44 36_crop_17.png,4728,1,125,316,31.5,3
49,03-01-25 2 44 36_crop_17.png,4729,1,119,306,31.5,3
49,03-01-25 2 44 36_crop_17.png,4730,1,152,326,31.5,3
49,03-01-25 2 44 36_crop_17.png,4731,1,165,318,31.5,3
49,03-01-25 2 44 36_crop_17.png,4732,1,134,459,31.5,3
49,03-01-25 2 44 36_crop_17.png,4733,1,139,477,31.5,3
49,03-01-25 2 44 36_crop_17.png,4734,1,118,432,31.5,3
49,03-01-25 2 44 36_crop_17.png,4735,1,123,427,31.5,3
49,03-01-25 2 44 36_crop_17.png,4736,1,156,444,31.5,3
49,03-01-25 2 44 36_crop_17.png,4737,1,165,484,31.5,3
49,03-01-25 2 44 36_crop_17.png,4738,1,194,440,31.5,3
49,03-01-25 2 44 36_crop_17.png,4739,1,193,429,31.5,3
49,03-01-25 2 44 36_crop_17.png,4740,1,194,455,31.5,3
49,03-01-25 2 44 36_crop_17.png,4741,1,208,411,31.5,3
49,03-01-25 2 44 36_crop_17.png,4742,1,222,472,31.5,3
49,03-01-25 2 44 36_crop_17.png,4743,1,232,497,31.5,3
49,03-01-25 2 44 36_crop_17.png,4744,1,239,472,31.5,3
49,03-01-25 2 44 36_crop_17.png,4745,1,243,478,31.5,3
49,03-01-25 2 44 36_crop_17.png,4746,1,267,475,31.5,3
49,03-01-25 2 44 36_crop_17.png,4747,1,277,468,31.5,3
49,03-01-25 2 44 36_crop_17.png,4748,1,309,454,31.5,3
49,03-01-25 2 44 36_crop_17.png,4749,1,320,449,31.5,3
49,03-01-25 2 44 36_crop_17.png,4750,1,304,484,31.5,3
49,03-01-25 2 44 36_crop_17.png,4751,1,282,451,31.5,3
49,03-01-25 2 44 36_crop_17.png,4752,1,279,463,31.5,3
49,03-01-25 2 44 36_crop_17.png,4753,1,320,496,31.5,3
49,03-01-25 2 44 36_crop_17.png,4754,1,328,489,31.5,3
49,03-01-25 2 44 36_crop_17.png,4755,1,334,494,31.5,3
49,03-01-25 2 44 36_crop_17.png,4756,1,342,436,31.5,3
49,03-01-25 2 44 36_crop_17.png,4757,1,349,456,31.5,3
49,03-01-25 2 44 36_crop_17.png,4758,1,383,415,31.5,3
49,03-01-25 2 44 36_crop_17.png,4759,1,332,370,31.5,3
49,03-01-25 2 44 36_crop_17.png,4760,1,271,312,31.5,3
49,03-01-25 2 44 36_crop_17.png,4761,1,296,360,31.5,3
49,03-01-25 2 44 36_crop_17.png,4762,1,265,362,31.5,3
49,03-01-25 2 44 36_crop_17.png,4763,1,263,368,31.5,3
49,03-01-25 2 44 36_crop_17.png,4764,1,280,372,31.5,3
49,03-01-25 2 44 36_crop_17.png,4765,1,343,348,31.5,3
49,03-01-25 2 44 36_crop_17.png,4766,1,334,324,31.5,3
49,03-01-25 2 44 36_crop_17.png,4767,1,311,321,31.5,3
49,03-01-25 2 44 36_crop_17.png,4768,1,283,317,31.5,3
49,03-01-25 2 44 36_crop_17.png,4769,1,235,308,31.5,3
49,03-01-25 2 44 36_crop_17.png,4770,1,247,289,31.5,3
49,03-01-25 2 44 36_crop_17.png,4771,1,427,37,31.5,3
49,03-01-25 2 44 36_crop_17.png,4772,1,192,353,31.5,3
49,03-01-25 2 44 36_crop_17.png,4773,1,197,286,31.5,3
49,03-01-25 2 44 36_crop_17.png,4774,1,228,274,31.5,3
49,03-01-25 2 44 36_crop_17.png,4775,1,175,278,31.5,3
49,03-01-25 2 44 36_crop_17.png,4776,1,170,262,31.5,3
49,03-01-25 2 44 36_crop_17.png,4777,1,370,334,31.5,3
49,03-01-25 2 44 36_crop_17.png,4778,1,383,367,31.5,3
49,03-01-25 2 44 36_crop_17.png,4779,1,397,348,31.5,3
49,03-01-25 2 44 36_crop_17.png,4780,1,404,324,31.5,3
49,03-01-25 2 44 36_crop_17.png,4781,1,390,301,31.5,3
49,03-01-25 2 44 36_crop_17.png,4782,1,387,313,31.5,3
49,03-01-25 2 44 36_crop_17.png,4783,1,434,364,31.5,3
49,03-01-25 2 44 36_crop_17.png,4784,1,174,225,31.5,3
49,03-01-25 2 44 36_crop_17.png,4785,1,209,213,31.5,3
49,03-01-25 2 44 36_crop_17.png,4786,1,278,212,31.5,3
49,03-01-25 2 44 36_crop_17.png,4787,1,308,208,31.5,3
49,03-01-25 2 44 36_crop_17.png,4788,1,326,205,31.5,3
49,03-01-25 2 44 36_crop_17.png,4789,1,129,209,31.5,3
49,03-01-25 2 44 36_crop_17.png,4790,1,121,76,31.5,3
49,03-01-25 2 44 36_crop_17.png,4791,1,102,124,31.5,3
49,03-01-25 2 44 36_crop_17.png,4792,1,91,80,31.5,3
49,03-01-25 2 44 36_crop_17.png,4793,1,84,86,31.5,3
49,03-01-25 2 44 36_crop_17.png,4794,1,73,36,31.5,3
49,03-01-25 2 44 36_crop_17.png,4795,1,95,45,31.5,3
49,03-01-25 2 44 36_crop_17.png,4796,1,174,132,31.5,3
49,03-01-25 2 44 36_crop_17.png,4797,1,207,135,31.5,3
49,03-01-25 2 44 36_crop_17.png,4798,1,246,153,31.5,3
49,03-01-25 2 44 36_crop_17.png,4799,1,258,145,31.5,3
49,03-01-25 2 44 36_crop_17.png,4800,1,257,172,31.5,3
49,03-01-25 2 44 36_crop_17.png,4801,1,281,159,31.5,3
49,03-01-25 2 44 36_crop_17.png,4802,1,297,188,31.5,3
49,03-01-25 2 44 36_crop_17.png,4803,1,292,176,31.5,3
49,03-01-25 2 44 36_crop_17.png,4804,1,318,197,31.5,3
49,03-01-25 2 44 36_crop_17.png,4805,1,349,179,31.5,3
49,03-01-25 2 44 36_crop_17.png,4806,1,263,92,31.5,3
49,03-01-25 2 44 36_crop_17.png,4807,1,222,97,31.5,3
49,03-01-25 2 44 36_crop_17.png,4808,1,228,92,31.5,3
49,03-01-25 2 44 36_crop_17.png,4809,1,204,90,31.5,3
49,03-01-25 2 44 36_crop_17.png,4810,1,201,84,31.5,3
49,03-01-25 2 44 36_crop_17.png,4811,1,206,80,31.5,3
49,03-01-25 2 44 36_crop_17.png,4812,1,213,76,31.5,3
49,03-01-25 2 44 36_crop_17.png,4813,1,196,68,31.5,3
49,03-01-25 2 44 36_crop_17.png,4814,1,186,59,31.5,3
49,03-01-25 2 44 36_crop_17.png,4815,1,225,48,31.5,3
49,03-01-25 2 44 36_crop_17.png,4816,1,230,53,31.5,3
49,03-01-25 2 44 36_crop_17.png,4817,1,341,219,31.5,3
49,03-01-25 2 44 36_crop_17.png,4818,1,351,219,31.5,3
49,03-01-25 2 44 36_crop_17.png,4819,1,358,212,31.5,3
49,03-01-25 2 44 36_crop_17.png,4820,1,276,31,31.5,3
49,03-01-25 2 44 36_crop_17.png,4821,1,324,91,31.5,3
49,03-01-25 2 44 36_crop_17.png,4822,1,339,63,31.5,3
49,03-01-25 2 44 36_crop_17.png,4823,1,345,85,31.5,3
49,03-01-25 2 44 36_crop_17.png,4824,1,353,93,31.5,3
49,03-01-25 2 44 36_crop_17.png,4825,1,215,37,31.5,3
49,03-01-25 2 44 36_crop_17.png,4826,1,206,25,31.5,3
49,03-01-25 2 44 36_crop_17.png,4827,1,207,19,31.5,3
49,03-01-25 2 44 36_crop_17.png,4828,1,212,9,31.5,3
49,03-01-25 2 44 36_crop_17.png,4829,1,180,10,31.5,3
49,03-01-25 2 44 36_crop_17.png,4830,1,172,4,31.5,3
49,03-01-25 2 44 36_crop_17.png,4831,1,300,9,31.5,3
49,03-01-25 2 44 36_crop_17.png,4832,1,333,10,31.5,3
49,03-01-25 2 44 36_crop_17.png,4833,1,366,7,31.5,3
49,03-01-25 2 44 36_crop_17.png,4834,1,379,6,31.5,3
49,03-01-25 2 44 36_crop_17.png,4835,1,379,236,31.5,3
49,03-01-25 2 44 36_crop_17.png,4836,1,360,242,31.5,3
49,03-01-25 2 44 36_crop_17.png,4837,1,349,243,31.5,3
49,03-01-25 2 44 36_crop_17.png,4838,1,367,272,31.5,3
49,03-01-25 2 44 36_crop_17.png,4839,1,419,220,31.5,3
49,03-01-25 2 44 36_crop_17.png,4840,1,429,207,31.5,3
49,03-01-25 2 44 36_crop_17.png,4841,1,374,202,31.5,3
49,03-01-25 2 44 36_crop_17.png,4842,1,371,213,31.5,3
49,03-01-25 2 44 36_crop_17.png,4843,1,363,209,31.5,3
49,03-01-25 2 44 36_crop_17.png,4844,1,469,224,31.5,3
49,03-01-25 2 44 36_crop_17.png,4845,1,473,217,31.5,3
49,03-01-25 2 44 36_crop_17.png,4846,1,494,217,31.5,3
49,03-01-25 2 44 36_crop_17.png,4847,1,500,245,31.5,3
49,03-01-25 2 44 36_crop_17.png,4848,1,495,293,31.5,3
49,03-01-25 2 44 36_crop_17.png,4849,1,488,295,31.5,3
49,03-01-25 2 44 36_crop_17.png,4850,1,487,321,31.5,3
49,03-01-25 2 44 36_crop_17.png,4851,1,465,347,31.5,3
49,03-01-25 2 44 36_crop_17.png,4852,1,444,348,31.5,3
49,03-01-25 2 44 36_crop_17.png,4853,1,430,343,31.5,3
49,03-01-25 2 44 36_crop_17.png,4854,1,427,291,31.5,3
49,03-01-25 2 44 36_crop_17.png,4855,1,421,293,31.5,3
49,03-01-25 2 44 36_crop_17.png,4856,1,466,367,31.5,3
49,03-01-25 2 44 36_crop_17.png,4857,1,475,364,31.5,3
49,03-01-25 2 44 36_crop_17.png,4858,1,487,342,31.5,3
49,03-01-25 2 44 36_crop_17.png,4859,1,448,182,31.5,3
49,03-01-25 2 44 36_crop_17.png,4860,1,459,189,31.5,3
49,03-01-25 2 44 36_crop_17.png,4861,1,458,168,31.5,3
49,03-01-25 2 44 36_crop_17.png,4862,1,472,181,31.5,3
49,03-01-25 2 44 36_crop_17.png,4863,1,496,173,31.5,3
49,03-01-25 2 44 36_crop_17.png,4864,1,504,184,31.5,3
49,03-01-25 2 44 36_crop_17.png,4865,1,474,144,31.5,3
49,03-01-25 2 44 36_crop_17.png,4866,1,414,141,31.5,3
49,03-01-25 2 44 36_crop_17.png,4867,1,425,114,31.5,3
49,03-01-25 2 44 36_crop_17.png,4868,1,422,65,31.5,3
49,03-01-25 2 44 36_crop_17.png,4869,1,484,74,31.5,3
49,03-01-25 2 44 36_crop_17.png,4870,1,501,69,31.5,3
49,03-01-25 2 44 36_crop_17.png,4871,1,487,62,31.5,3
49,03-01-25 2 44 36_crop_17.png,4872,1,490,57,31.5,3
49,03-01-25 2 44 36_crop_17.png,4873,1,421,416,31.5,3
49,03-01-25 2 44 36_crop_17.png,4874,1,444,423,31.5,3
49,03-01-25 2 44 36_crop_17.png,4875,1,445,411,31.5,3
49,03-01-25 2 44 36_crop_17.png,4876,1,434,443,31.5,3
49,03-01-25 2 44 36_crop_17.png,4877,1,439,464,31.5,3
49,03-01-25 2 44 36_crop_17.png,4878,1,421,482,31.5,3
49,03-01-25 2 44 36_crop_17.png,4879,1,497,471,31.5,3
49,03-01-25 2 44 36_crop_17.png,4880,1,504,448,31.5,3
49,03-01-25 2 44 36_crop_17.png,4881,1,499,431,31.5,3
49,03-01-25 2 44 36_crop_17.png,4882,1,496,498,31.5,3
49,03-01-25 2 44 36_crop_17.png,4883,1,501,509,20.5,2
49,03-01-25 2 44 36_crop_17.png,4884,1,509,507,15.5,2
49,03-01-25 2 44 36_crop_17.png,4885,1,461,500,31.5,3
49,03-01-25 2 44 36_crop_17.png,4886,1,476,137,31.5,3
49,03-01-25 2 44 36_crop_17.png,4887,1,216,108,31.5,3
49,03-01-25 2 44 36_crop_17.png,4888,1,215,151,31.5,3
49,03-01-25 2 44 36_crop_17.png,4889,1,136,168,31.5,3
49,03-01-25 2 44 36_crop_17.png,4890,1,127,159,31.5,3
49,03-01-25 2 44 36_crop_17.png,4891,1,260,48,31.5,3
49,03-01-25 2 44 36_crop_17.png,4892,1,301,78,31.5,3
49,03-01-25 2 44 36_crop_17.png,4893,1,315,67,31.5,3
49,03-01-25 2 44 36_crop_17.png,4894,1,328,67,31.5,3
49,03-01-25 2 44 36_crop_17.png,4895,1,496,34,46.0,3
49,03-01-25 2 44 36_crop_17.png,4896,1,450,20,46.0,3
49,03-01-25 2 44 36_crop_17.png,4897,1,487,17,31.5,3
49,03-01-25 2 44 36_crop_17.png,4898,1,416,70,31.5,3
49,03-01-25 2 44 36_crop_17.png,4899,1,398,58,31.5,3
49,03-01-25 2 44 36_crop_17.png,4900,1,399,33,31.5,3
49,03-01-25 2 44 36_crop_17.png,4901,1,392,25,31.5,3
49,03-01-25 2 44 36_crop_17.png,4902,1,386,21,31.5,3
49,03-01-25 2 44 36_crop_17.png,4903,1,255,14,31.5,3
49,03-01-25 2 44 36_crop_17.png,4904,1,420,90,31.5,3
49,03-01-25 2 44 36_crop_17.png,4905,1,384,127,31.5,3
49,03-01-25 2 44 36_crop_17.png,4906,1,431,109,31.5,3
49,03-01-25 2 44 36_crop_17.png,4907,1,426,123,31.5,3
49,03-01-25 2 44 36_crop_17.png,4908,1,427,129,31.5,3
49,03-01-25 2 44 36_crop_17.png,4909,1,441,165,31.5,3
49,03-01-25 2 44 36_crop_17.png,4910,1,462,133,31.5,3
49,03-01-25 2 44 36_crop_17.png,4911,1,490,143,31.5,3
49,03-01-25 2 44 36_crop_17.png,4912,1,480,53,31.5,3
49,03-01-25 2 44 36_crop_17.png,4913,1,381,84,31.5,3
49,03-01-25 2 44 36_crop_17.png,4914,1,478,42,31.5,3
49,03-01-25 2 44 36_crop_17.png,4915,1,481,36,31.5,3
49,03-01-25 2 44 36_crop_17.png,4916,1,366,93,31.5,3
49,03-01-25 2 44 36_crop_17.png,4917,1,243,283,31.5,3
49,03-01-25 2 44 36_crop_17.png,4918,1,432,81,31.5,3
49,03-01-25 2 44 36_crop_17.png,4919,1,417,172,31.5,3
49,03-01-25 2 44 36_crop_17.png,4920,1,401,196,31.5,3
49,03-01-25 2 44 36_crop_17.png,4921,1,290,127,31.5,3
49,03-01-25 2 44 36_crop_17.png,4922,1,299,102,31.5,3
49,03-01-25 2 44 36_crop_17.png,4923,1,233,126,31.5,3
49,03-01-25 2 44 36_crop_17.png,4924,1,34,50,31.5,3
49,03-01-25 2 44 36_crop_17.png,4925,1,6,36,31.5,3
49,03-01-25 2 44 36_crop_17.png,4926,1,17,84,31.5,3
49,03-01-25 2 44 36_crop_17.png,4927,1,8,69,31.5,3
49,03-01-25 2 44 36_crop_17.png,4928,1,11,74,31.5,3
49,03-01-25 2 44 36_crop_17.png,4929,1,61,23,31.5,3
49,03-01-25 2 44 36_crop_17.png,4930,1,102,18,31.5,3
50,03-01-25 2 44 41_crop_16.png,4931,1,208,188,74.5,4
50,03-01-25 2 44 41_crop_16.png,4932,1,264,156,74.5,4
50,03-01-25 2 44 41_crop_16.png,4933,1,262,149,74.5,4
50,03-01-25 2 44 41_crop_16.png,4934,1,289,416,74.5,4
50,03-01-25 2 44 41_crop_16.png,4935,1,272,144,74.5,4
50,03-01-25 2 44 41_crop_16.png,4936,1,263,138,74.5,4
50,03-01-25 2 44 41_crop_16.png,4937,1,253,138,74.5,4
50,03-01-25 2 44 41_crop_16.png,4938,1,138,127,74.5,4
50,03-01-25 2 44 41_crop_16.png,4939,1,153,129,74.5,4
50,03-01-25 2 44 41_crop_16.png,4940,1,150,140,74.5,4
50,03-01-25 2 44 41_crop_16.png,4941,1,134,154,74.5,4
50,03-01-25 2 44 41_crop_16.png,4942,1,124,140,74.5,4
50,03-01-25 2 44 41_crop_16.png,4943,1,168,140,74.5,4
50,03-01-25 2 44 41_crop_16.png,4944,1,172,151,74.5,4
50,03-01-25 2 44 41_crop_16.png,4945,1,183,145,74.5,4
50,03-01-25 2 44 41_crop_16.png,4946,1,176,136,74.5,4
50,03-01-25 2 44 41_crop_16.png,4947,1,187,132,74.5,4
50,03-01-25 2 44 41_crop_16.png,4948,1,183,119,74.5,4
50,03-01-25 2 44 41_crop_16.png,4949,1,195,147,74.5,4
50,03-01-25 2 44 41_crop_16.png,4950,1,189,157,74.5,4
50,03-01-25 2 44 41_crop_16.png,4951,1,176,169,74.5,4
50,03-01-25 2 44 41_crop_16.png,4952,1,163,118,74.5,4
50,03-01-25 2 44 41_crop_16.png,4953,1,150,114,74.5,4
50,03-01-25 2 44 41_crop_16.png,4954,1,141,114,74.5,4
50,03-01-25 2 44 41_crop_16.png,4955,1,126,115,74.5,4
50,03-01-25 2 44 41_crop_16.png,4956,1,126,132,74.5,4
50,03-01-25 2 44 41_crop_16.png,4957,1,112,144,74.5,4
50,03-01-25 2 44 41_crop_16.png,4958,1,102,146,74.5,4
50,03-01-25 2 44 41_crop_16.png,4959,1,88,137,74.5,4
50,03-01-25 2 44 41_crop_16.png,4960,1,96,135,74.5,4
50,03-01-25 2 44 41_crop_16.png,4961,1,94,122,74.5,4
50,03-01-25 2 44 41_crop_16.png,4962,1,106,112,74.5,4
50,03-01-25 2 44 41_crop_16.png,4963,1,107,100,74.5,4
50,03-01-25 2 44 41_crop_16.png,4964,1,92,108,74.5,4
50,03-01-25 2 44 41_crop_16.png,4965,1,84,112,74.5,4
50,03-01-25 2 44 41_crop_16.png,4966,1,72,120,74.5,4
50,03-01-25 2 44 41_crop_16.png,4967,1,83,95,74.5,4
50,03-01-25 2 44 41_crop_16.png,4968,1,94,90,74.5,4
50,03-01-25 2 44 41_crop_16.png,4969,1,134,102,74.5,4
50,03-01-25 2 44 41_crop_16.png,4970,1,117,94,74.5,4
50,03-01-25 2 44 41_crop_16.png,4971,1,133,89,74.5,4
50,03-01-25 2 44 41_crop_16.png,4972,1,154,94,74.5,4
50,03-01-25 2 44 41_crop_16.png,4973,1,168,100,74.5,4
50,03-01-25 2 44 41_crop_16.png,4974,1,195,100,74.5,4
50,03-01-25 2 44 41_crop_16.png,4975,1,209,96,74.5,4
50,03-01-25 2 44 41_crop_16.png,4976,1,222,132,74.5,4
50,03-01-25 2 44 41_crop_16.png,4977,1,229,133,74.5,4
50,03-01-25 2 44 41_crop_16.png,4978,1,213,116,74.5,4
50,03-01-25 2 44 41_crop_16.png,4979,1,210,131,74.5,4
50,03-01-25 2 44 41_crop_16.png,4980,1,202,126,74.5,4
50,03-01-25 2 44 41_crop_16.png,4981,1,202,162,74.5,4
50,03-01-25 2 44 41_crop_16.png,4982,1,193,171,74.5,4
50,03-01-25 2 44 41_crop_16.png,4983,1,193,180,74.5,4
50,03-01-25 2 44 41_crop_16.png,4984,1,206,180,74.5,4
50,03-01-25 2 44 41_crop_16.png,4985,1,223,181,74.5,4
50,03-01-25 2 44 41_crop_16.png,4986,1,230,188,74.5,4
50,03-01-25 2 44 41_crop_16.png,4987,1,240,193,74.5,4
50,03-01-25 2 44 41_crop_16.png,4988,1,250,185,74.5,4
50,03-01-25 2 44 41_crop_16.png,4989,1,263,180,74.5,4
50,03-01-25 2 44 41_crop_16.png,4990,1,253,175,74.5,4
50,03-01-25 2 44 41_crop_16.png,4991,1,251,159,74.5,4
50,03-01-25 2 44 41_crop_16.png,4992,1,233,165,74.5,4
50,03-01-25 2 44 41_crop_16.png,4993,1,220,162,74.5,4
50,03-01-25 2 44 41_crop_16.png,4994,1,209,161,74.5,4
50,03-01-25 2 44 41_crop_16.png,4995,1,206,150,74.5,4
50,03-01-25 2 44 41_crop_16.png,4996,1,218,152,74.5,4
50,03-01-25 2 44 41_crop_16.png,4997,1,227,153,74.5,4
50,03-01-25 2 44 41_crop_16.png,4998,1,236,152,74.5,4
50,03-01-25 2 44 41_crop_16.png,4999,1,243,120,74.5,4
50,03-01-25 2 44 41_crop_16.png,5000,1,237,110,74.5,4
50,03-01-25 2 44 41_crop_16.png,5001,1,230,98,74.5,4
50,03-01-25 2 44 41_crop_16.png,5002,1,240,96,74.5,4
50,03-01-25 2 44 41_crop_16.png,5003,1,259,110,74.5,4
50,03-01-25 2 44 41_crop_16.png,5004,1,261,100,74.5,4
50,03-01-25 2 44 41_crop_16.png,5005,1,252,93,74.5,4
50,03-01-25 2 44 41_crop_16.png,5006,1,271,95,74.5,4
50,03-01-25 2 44 41_crop_16.png,5007,1,268,125,74.5,4
50,03-01-25 2 44 41_crop_16.png,5008,1,276,132,74.5,4
50,03-01-25 2 44 41_crop_16.png,5009,1,284,137,74.5,4
50,03-01-25 2 44 41_crop_16.png,5010,1,289,131,74.5,4
50,03-01-25 2 44 41_crop_16.png,5011,1,297,135,74.5,4
50,03-01-25 2 44 41_crop_16.png,5012,1,281,124,74.5,4
50,03-01-25 2 44 41_crop_16.png,5013,1,275,118,74.5,4
50,03-01-25 2 44 41_crop_16.png,5014,1,283,110,74.5,4
50,03-01-25 2 44 41_crop_16.png,5015,1,294,118,74.5,4
50,03-01-25 2 44 41_crop_16.png,5016,1,293,104,74.5,4
50,03-01-25 2 44 41_crop_16.png,5017,1,298,112,74.5,4
50,03-01-25 2 44 41_crop_16.png,5018,1,306,116,74.5,4
50,03-01-25 2 44 41_crop_16.png,5019,1,305,107,74.5,4
50,03-01-25 2 44 41_crop_16.png,5020,1,307,100,74.5,4
50,03-01-25 2 44 41_crop_16.png,5021,1,70,102,74.5,4
50,03-01-25 2 44 41_crop_16.png,5022,1,62,109,74.5,4
50,03-01-25 2 44 41_crop_16.png,5023,1,50,109,74.5,4
50,03-01-25 2 44 41_crop_16.png,5024,1,55,97,74.5,4
50,03-01-25 2 44 41_crop_16.png,5025,1,66,92,74.5,4
50,03-01-25 2 44 41_crop_16.png,5026,1,68,80,74.5,4
50,03-01-25 2 44 41_crop_16.png,5027,1,80,85,74.5,4
50,03-01-25 2 44 41_crop_16.png,5028,1,69,68,74.5,4
50,03-01-25 2 44 41_crop_16.png,5029,1,52,61,74.5,4
50,03-01-25 2 44 41_crop_16.png,5030,1,64,63,74.5,4
50,03-01-25 2 44 41_crop_16.png,5031,1,58,53,74.5,4
50,03-01-25 2 44 41_crop_16.png,5032,1,51,42,74.5,4
50,03-01-25 2 44 41_crop_16.png,5033,1,67,43,74.5,4
50,03-01-25 2 44 41_crop_16.png,5034,1,81,50,74.5,4
50,03-01-25 2 44 41_crop_16.png,5035,1,91,51,74.5,4
50,03-01-25 2 44 41_crop_16.png,5036,1,84,61,74.5,4
50,03-01-25 2 44 41_crop_16.png,5037,1,85,73,74.5,4
50,03-01-25 2 44 41_crop_16.png,5038,1,99,71,74.5,4
50,03-01-25 2 44 41_crop_16.png,5039,1,110,70,74.5,4
50,03-01-25 2 44 41_crop_16.png,5040,1,116,84,74.5,4
50,03-01-25 2 44 41_crop_16.png,5041,1,126,76,74.5,4
50,03-01-25 2 44 41_crop_16.png,5042,1,134,64,74.5,4
50,03-01-25 2 44 41_crop_16.png,5043,1,145,70,74.5,4
50,03-01-25 2 44 41_crop_16.png,5044,1,144,87,74.5,4
50,03-01-25 2 44 41_crop_16.png,5045,1,148,82,74.5,4
50,03-01-25 2 44 41_crop_16.png,5046,1,155,83,74.5,4
50,03-01-25 2 44 41_crop_16.png,5047,1,107,48,74.5,4
50,03-01-25 2 44 41_crop_16.png,5048,1,107,57,74.5,4
50,03-01-25 2 44 41_crop_16.png,5049,1,99,59,74.5,4
50,03-01-25 2 44 41_crop_16.png,5050,1,113,62,74.5,4
50,03-01-25 2 44 41_crop_16.png,5051,1,22,60,74.5,4
50,03-01-25 2 44 41_crop_16.png,5052,1,32,61,74.5,4
50,03-01-25 2 44 41_crop_16.png,5053,1,11,59,74.5,4
50,03-01-25 2 44 41_crop_16.png,5054,1,2,49,48.0,3
50,03-01-25 2 44 41_crop_16.png,5055,1,8,45,74.5,4
50,03-01-25 2 44 41_crop_16.png,5056,1,15,48,74.5,4
50,03-01-25 2 44 41_crop_16.png,5057,1,27,47,74.5,4
50,03-01-25 2 44 41_crop_16.png,5058,1,37,33,74.5,4
50,03-01-25 2 44 41_crop_16.png,5059,1,30,70,74.5,4
50,03-01-25 2 44 41_crop_16.png,5060,1,41,74,74.5,4
50,03-01-25 2 44 41_crop_16.png,5061,1,20,94,74.5,4
50,03-01-25 2 44 41_crop_16.png,5062,1,11,94,74.5,4
50,03-01-25 2 44 41_crop_16.png,5063,1,12,84,74.5,4
50,03-01-25 2 44 41_crop_16.png,5064,1,2,77,48.0,3
50,03-01-25 2 44 41_crop_16.png,5065,1,7,73,74.5,4
50,03-01-25 2 44 41_crop_16.png,5066,1,33,105,74.5,4
50,03-01-25 2 44 41_crop_16.png,5067,1,15,106,74.5,4
50,03-01-25 2 44 41_crop_16.png,5068,1,3,108,57.0,4
50,03-01-25 2 44 41_crop_16.png,5069,1,16,114,74.5,4
50,03-01-25 2 44 41_crop_16.png,5070,1,7,121,74.5,4
50,03-01-25 2 44 41_crop_16.png,5071,1,22,121,74.5,4
50,03-01-25 2 44 41_crop_16.png,5072,1,23,130,74.5,4
50,03-01-25 2 44 41_crop_16.png,5073,1,30,135,74.5,4
50,03-01-25 2 44 41_crop_16.png,5074,1,44,135,74.5,4
50,03-01-25 2 44 41_crop_16.png,5075,1,38,120,74.5,4
50,03-01-25 2 44 41_crop_16.png,5076,1,45,124,74.5,4
50,03-01-25 2 44 41_crop_16.png,5077,1,53,126,74.5,4
50,03-01-25 2 44 41_crop_16.png,5078,1,67,131,74.5,4
50,03-01-25 2 44 41_crop_16.png,5079,1,76,131,74.5,4
50,03-01-25 2 44 41_crop_16.png,5080,1,77,141,74.5,4
50,03-01-25 2 44 41_crop_16.png,5081,1,44,90,74.5,4
50,03-01-25 2 44 41_crop_16.png,5082,1,34,93,74.5,4
50,03-01-25 2 44 41_crop_16.png,5083,1,22,83,74.5,4
50,03-01-25 2 44 41_crop_16.png,5084,1,76,40,74.5,4
50,03-01-25 2 44 41_crop_16.png,5085,1,158,52,74.5,4
50,03-01-25 2 44 41_crop_16.png,5086,1,117,44,74.5,4
50,03-01-25 2 44 41_crop_16.png,5087,1,3,32,57.0,4
50,03-01-25 2 44 41_crop_16.png,5088,1,18,28,74.5,4
50,03-01-25 2 44 41_crop_16.png,5089,1,7,13,74.5,4
50,03-01-25 2 44 41_crop_16.png,5090,1,19,11,74.5,4
50,03-01-25 2 44 41_crop_16.png,5091,1,20,3,66.0,4
50,03-01-25 2 44 41_crop_16.png,5092,1,34,4,73.0,4
50,03-01-25 2 44 41_crop_16.png,5093,1,22,17,74.5,4
50,03-01-25 2 44 41_crop_16.png,5094,1,30,15,74.5,4
50,03-01-25 2 44 41_crop_16.png,5095,1,34,23,74.5,4
50,03-01-25 2 44 41_crop_16.png,5096,1,44,25,74.5,4
50,03-01-25 2 44 41_crop_16.png,5097,1,49,18,74.5,4
50,03-01-25 2 44 41_crop_16.png,5098,1,57,11,74.5,4
50,03-01-25 2 44 41_crop_16.png,5099,1,63,3,66.0,4
50,03-01-25 2 44 41_crop_16.png,5100,1,75,8,74.5,4
50,03-01-25 2 44 41_crop_16.png,5101,1,73,23,74.5,4
50,03-01-25 2 44 41_crop_16.png,5102,1,64,28,74.5,4
50,03-01-25 2 44 41_crop_16.png,5103,1,84,36,74.5,4
50,03-01-25 2 44 41_crop_16.png,5104,1,94,29,74.5,4
50,03-01-25 2 44 41_crop_16.png,5105,1,90,22,74.5,4
50,03-01-25 2 44 41_crop_16.png,5106,1,99,20,74.5,4
50,03-01-25 2 44 41_crop_16.png,5107,1,109,12,74.5,4
50,03-01-25 2 44 41_crop_16.png,5108,1,95,9,74.5,4
50,03-01-25 2 44 41_crop_16.png,5109,1,102,3,58.0,4
50,03-01-25 2 44 41_crop_16.png,5110,1,114,25,74.5,4
50,03-01-25 2 44 41_crop_16.png,5111,1,109,34,74.5,4
50,03-01-25 2 44 41_crop_16.png,5112,1,127,34,74.5,4
50,03-01-25 2 44 41_crop_16.png,5113,1,129,43,74.5,4
50,03-01-25 2 44 41_crop_16.png,5114,1,137,46,74.5,4
50,03-01-25 2 44 41_crop_16.png,5115,1,147,42,74.5,4
50,03-01-25 2 44 41_crop_16.png,5116,1,155,33,74.5,4
50,03-01-25 2 44 41_crop_16.png,5117,1,132,19,74.5,4
50,03-01-25 2 44 41_crop_16.png,5118,1,154,18,74.5,4
50,03-01-25 2 44 41_crop_16.png,5119,1,141,10,74.5,4
50,03-01-25 2 44 41_crop_16.png,5120,1,130,3,66.0,4
50,03-01-25 2 44 41_crop_16.png,5121,1,143,4,73.0,4
50,03-01-25 2 44 41_crop_16.png,5122,1,173,2,49.0,3
50,03-01-25 2 44 41_crop_16.png,5123,1,192,21,74.5,4
50,03-01-25 2 44 41_crop_16.png,5124,1,204,14,74.5,4
50,03-01-25 2 44 41_crop_16.png,5125,1,212,8,74.5,4
50,03-01-25 2 44 41_crop_16.png,5126,1,221,3,58.0,4
50,03-01-25 2 44 41_crop_16.png,5127,1,227,16,74.5,4
50,03-01-25 2 44 41_crop_16.png,5128,1,225,25,74.5,4
50,03-01-25 2 44 41_crop_16.png,5129,1,245,5,74.5,4
50,03-01-25 2 44 41_crop_16.png,5130,1,253,12,74.5,4
50,03-01-25 2 44 41_crop_16.png,5131,1,259,3,66.0,4
50,03-01-25 2 44 41_crop_16.png,5132,1,268,12,74.5,4
50,03-01-25 2 44 41_crop_16.png,5133,1,245,23,74.5,4
50,03-01-25 2 44 41_crop_16.png,5134,1,243,33,74.5,4
50,03-01-25 2 44 41_crop_16.png,5135,1,242,43,74.5,4
50,03-01-25 2 44 41_crop_16.png,5136,1,259,44,74.5,4
50,03-01-25 2 44 41_crop_16.png,5137,1,269,44,74.5,4
50,03-01-25 2 44 41_crop_16.png,5138,1,273,33,74.5,4
50,03-01-25 2 44 41_crop_16.png,5139,1,206,39,74.5,4
50,03-01-25 2 44 41_crop_16.png,5140,1,213,43,74.5,4
50,03-01-25 2 44 41_crop_16.png,5141,1,196,53,74.5,4
50,03-01-25 2 44 41_crop_16.png,5142,1,201,61,74.5,4
50,03-01-25 2 44 41_crop_16.png,5143,1,193,75,74.5,4
50,03-01-25 2 44 41_crop_16.png,5144,1,198,87,74.5,4
50,03-01-25 2 44 41_crop_16.png,5145,1,179,89,74.5,4
50,03-01-25 2 44 41_crop_16.png,5146,1,167,87,74.5,4
50,03-01-25 2 44 41_crop_16.png,5147,1,166,79,74.5,4
50,03-01-25 2 44 41_crop_16.png,5148,1,166,65,74.5,4
50,03-01-25 2 44 41_crop_16.png,5149,1,157,68,74.5,4
50,03-01-25 2 44 41_crop_16.png,5150,1,147,59,74.5,4
50,03-01-25 2 44 41_crop_16.png,5151,1,140,56,74.5,4
50,03-01-25 2 44 41_crop_16.png,5152,1,130,55,74.5,4
50,03-01-25 2 44 41_crop_16.png,5153,1,120,54,74.5,4
50,03-01-25 2 44 41_crop_16.png,5154,1,217,57,74.5,4
50,03-01-25 2 44 41_crop_16.png,5155,1,226,50,74.5,4
50,03-01-25 2 44 41_crop_16.png,5156,1,210,71,74.5,4
50,03-01-25 2 44 41_crop_16.png,5157,1,244,82,74.5,4
50,03-01-25 2 44 41_crop_16.png,5158,1,259,80,74.5,4
50,03-01-25 2 44 41_crop_16.png,5159,1,244,69,74.5,4
50,03-01-25 2 44 41_crop_16.png,5160,1,245,60,74.5,4
50,03-01-25 2 44 41_crop_16.png,5161,1,237,57,74.5,4
50,03-01-25 2 44 41_crop_16.png,5162,1,255,61,74.5,4
50,03-01-25 2 44 41_crop_16.png,5163,1,266,64,74.5,4
50,03-01-25 2 44 41_crop_16.png,5164,1,279,62,74.5,4
50,03-01-25 2 44 41_crop_16.png,5165,1,280,47,74.5,4
50,03-01-25 2 44 41_crop_16.png,5166,1,292,53,74.5,4
50,03-01-25 2 44 41_crop_16.png,5167,1,281,32,74.5,4
50,03-01-25 2 44 41_crop_16.png,5168,1,292,30,74.5,4
50,03-01-25 2 44 41_crop_16.png,5169,1,297,39,74.5,4
50,03-01-25 2 44 41_crop_16.png,5170,1,305,35,74.5,4
50,03-01-25 2 44 41_crop_16.png,5171,1,306,53,74.5,4
50,03-01-25 2 44 41_crop_16.png,5172,1,314,33,74.5,4
50,03-01-25 2 44 41_crop_16.png,5173,1,326,37,74.5,4
50,03-01-25 2 44 41_crop_16.png,5174,1,320,44,74.5,4
50,03-01-25 2 44 41_crop_16.png,5175,1,320,53,74.5,4
50,03-01-25 2 44 41_crop_16.png,5176,1,330,48,74.5,4
50,03-01-25 2 44 41_crop_16.png,5177,1,299,83,74.5,4
50,03-01-25 2 44 41_crop_16.png,5178,1,289,91,74.5,4
50,03-01-25 2 44 41_crop_16.png,5179,1,300,94,74.5,4
50,03-01-25 2 44 41_crop_16.png,5180,1,314,94,74.5,4
50,03-01-25 2 44 41_crop_16.png,5181,1,314,80,74.5,4
50,03-01-25 2 44 41_crop_16.png,5182,1,294,68,74.5,4
50,03-01-25 2 44 41_crop_16.png,5183,1,304,68,74.5,4
50,03-01-25 2 44 41_crop_16.png,5184,1,313,65,74.5,4
50,03-01-25 2 44 41_crop_16.png,5185,1,330,83,74.5,4
50,03-01-25 2 44 41_crop_16.png,5186,1,327,98,74.5,4
50,03-01-25 2 44 41_crop_16.png,5187,1,322,108,74.5,4
50,03-01-25 2 44 41_crop_16.png,5188,1,335,103,74.5,4
50,03-01-25 2 44 41_crop_16.png,5189,1,347,108,74.5,4
50,03-01-25 2 44 41_crop_16.png,5190,1,358,108,74.5,4
50,03-01-25 2 44 41_crop_16.png,5191,1,368,102,74.5,4
50,03-01-25 2 44 41_crop_16.png,5192,1,364,94,74.5,4
50,03-01-25 2 44 41_crop_16.png,5193,1,355,96,74.5,4
50,03-01-25 2 44 41_crop_16.png,5194,1,347,83,74.5,4
50,03-01-25 2 44 41_crop_16.png,5195,1,348,75,74.5,4
50,03-01-25 2 44 41_crop_16.png,5196,1,332,71,74.5,4
50,03-01-25 2 44 41_crop_16.png,5197,1,330,62,74.5,4
50,03-01-25 2 44 41_crop_16.png,5198,1,338,60,74.5,4
50,03-01-25 2 44 41_crop_16.png,5199,1,341,54,74.5,4
50,03-01-25 2 44 41_crop_16.png,5200,1,341,46,74.5,4
50,03-01-25 2 44 41_crop_16.png,5201,1,354,47,74.5,4
50,03-01-25 2 44 41_crop_16.png,5202,1,349,65,74.5,4
50,03-01-25 2 44 41_crop_16.png,5203,1,376,57,74.5,4
50,03-01-25 2 44 41_crop_16.png,5204,1,367,66,74.5,4
50,03-01-25 2 44 41_crop_16.png,5205,1,386,70,74.5,4
50,03-01-25 2 44 41_crop_16.png,5206,1,382,78,74.5,4
50,03-01-25 2 44 41_crop_16.png,5207,1,381,88,74.5,4
50,03-01-25 2 44 41_crop_16.png,5208,1,368,84,74.5,4
50,03-01-25 2 44 41_crop_16.png,5209,1,358,83,74.5,4
50,03-01-25 2 44 41_crop_16.png,5210,1,337,33,74.5,4
50,03-01-25 2 44 41_crop_16.png,5211,1,309,21,74.5,4
50,03-01-25 2 44 41_crop_16.png,5212,1,301,21,74.5,4
50,03-01-25 2 44 41_crop_16.png,5213,1,284,19,74.5,4
50,03-01-25 2 44 41_crop_16.png,5214,1,278,8,74.5,4
50,03-01-25 2 44 41_crop_16.png,5215,1,318,13,74.5,4
50,03-01-25 2 44 41_crop_16.png,5216,1,310,12,74.5,4
50,03-01-25 2 44 41_crop_16.png,5217,1,330,22,74.5,4
50,03-01-25 2 44 41_crop_16.png,5218,1,328,12,74.5,4
50,03-01-25 2 44 41_crop_16.png,5219,1,340,15,74.5,4
50,03-01-25 2 44 41_crop_16.png,5220,1,348,7,74.5,4
50,03-01-25 2 44 41_crop_16.png,5221,1,360,19,74.5,4
50,03-01-25 2 44 41_crop_16.png,5222,1,367,2,49.0,3
50,03-01-25 2 44 41_crop_16.png,5223,1,378,2,49.0,3
50,03-01-25 2 44 41_crop_16.png,5224,1,389,6,74.5,4
50,03-01-25 2 44 41_crop_16.png,5225,1,382,16,74.5,4
50,03-01-25 2 44 41_crop_16.png,5226,1,373,18,74.5,4
50,03-01-25 2 44 41_crop_16.png,5227,1,384,38,74.5,4
50,03-01-25 2 44 41_crop_16.png,5228,1,377,37,74.5,4
50,03-01-25 2 44 41_crop_16.png,5229,1,393,36,74.5,4
50,03-01-25 2 44 41_crop_16.png,5230,1,347,35,74.5,4
50,03-01-25 2 44 41_crop_16.png,5231,1,353,41,74.5,4
50,03-01-25 2 44 41_crop_16.png,5232,1,363,32,74.5,4
50,03-01-25 2 44 41_crop_16.png,5233,1,349,127,74.5,4
50,03-01-25 2 44 41_crop_16.png,5234,1,313,2,49.0,3
50,03-01-25 2 44 41_crop_16.png,5235,1,325,3,66.0,4
50,03-01-25 2 44 41_crop_16.png,5236,1,299,10,74.5,4
50,03-01-25 2 44 41_crop_16.png,5237,1,289,7,74.5,4
50,03-01-25 2 44 41_crop_16.png,5238,1,288,2,39.0,3
50,03-01-25 2 44 41_crop_16.png,5239,1,398,2,39.0,3
50,03-01-25 2 44 41_crop_16.png,5240,1,418,3,66.0,4
50,03-01-25 2 44 41_crop_16.png,5241,1,408,9,74.5,4
50,03-01-25 2 44 41_crop_16.png,5242,1,399,14,74.5,4
50,03-01-25 2 44 41_crop_16.png,5243,1,395,22,74.5,4
50,03-01-25 2 44 41_crop_16.png,5244,1,405,32,74.5,4
50,03-01-25 2 44 41_crop_16.png,5245,1,415,38,74.5,4
50,03-01-25 2 44 41_crop_16.png,5246,1,405,47,74.5,4
50,03-01-25 2 44 41_crop_16.png,5247,1,398,53,74.5,4
50,03-01-25 2 44 41_crop_16.png,5248,1,395,59,74.5,4
50,03-01-25 2 44 41_crop_16.png,5249,1,411,68,74.5,4
50,03-01-25 2 44 41_crop_16.png,5250,1,400,74,74.5,4
50,03-01-25 2 44 41_crop_16.png,5251,1,414,58,74.5,4
50,03-01-25 2 44 41_crop_16.png,5252,1,424,67,74.5,4
50,03-01-25 2 44 41_crop_16.png,5253,1,419,51,74.5,4
50,03-01-25 2 44 41_crop_16.png,5254,1,415,21,74.5,4
50,03-01-25 2 44 41_crop_16.png,5255,1,422,23,74.5,4
50,03-01-25 2 44 41_crop_16.png,5256,1,434,29,74.5,4
50,03-01-25 2 44 41_crop_16.png,5257,1,444,30,74.5,4
50,03-01-25 2 44 41_crop_16.png,5258,1,436,20,74.5,4
50,03-01-25 2 44 41_crop_16.png,5259,1,444,3,66.0,4
50,03-01-25 2 44 41_crop_16.png,5260,1,451,6,74.5,4
50,03-01-25 2 44 41_crop_16.png,5261,1,456,12,74.5,4
50,03-01-25 2 44 41_crop_16.png,5262,1,467,4,73.0,4
50,03-01-25 2 44 41_crop_16.png,5263,1,475,12,74.5,4
50,03-01-25 2 44 41_crop_16.png,5264,1,464,32,74.5,4
50,03-01-25 2 44 41_crop_16.png,5265,1,476,38,74.5,4
50,03-01-25 2 44 41_crop_16.png,5266,1,442,42,74.5,4
50,03-01-25 2 44 41_crop_16.png,5267,1,437,54,74.5,4
50,03-01-25 2 44 41_crop_16.png,5268,1,436,64,74.5,4
50,03-01-25 2 44 41_crop_16.png,5269,1,447,52,74.5,4
50,03-01-25 2 44 41_crop_16.png,5270,1,409,88,74.5,4
50,03-01-25 2 44 41_crop_16.png,5271,1,415,82,74.5,4
50,03-01-25 2 44 41_crop_16.png,5272,1,417,77,74.5,4
50,03-01-25 2 44 41_crop_16.png,5273,1,428,88,74.5,4
50,03-01-25 2 44 41_crop_16.png,5274,1,440,91,74.5,4
50,03-01-25 2 44 41_crop_16.png,5275,1,444,79,74.5,4
50,03-01-25 2 44 41_crop_16.png,5276,1,448,86,74.5,4
50,03-01-25 2 44 41_crop_16.png,5277,1,457,85,74.5,4
50,03-01-25 2 44 41_crop_16.png,5278,1,452,95,74.5,4
50,03-01-25 2 44 41_crop_16.png,5279,1,457,68,74.5,4
50,03-01-25 2 44 41_crop_16.png,5280,1,464,59,74.5,4
50,03-01-25 2 44 41_crop_16.png,5281,1,456,48,74.5,4
50,03-01-25 2 44 41_crop_16.png,5282,1,466,47,74.5,4
50,03-01-25 2 44 41_crop_16.png,5283,1,481,48,74.5,4
50,03-01-25 2 44 41_crop_16.png,5284,1,496,49,74.5,4
50,03-01-25 2 44 41_crop_16.png,5285,1,508,53,46.5,3
50,03-01-25 2 44 41_crop_16.png,5286,1,506,66,70.5,4
50,03-01-25 2 44 41_crop_16.png,5287,1,496,67,74.5,4
50,03-01-25 2 44 41_crop_16.png,5288,1,481,61,74.5,4
50,03-01-25 2 44 41_crop_16.png,5289,1,478,70,74.5,4
50,03-01-25 2 44 41_crop_16.png,5290,1,472,65,74.5,4
50,03-01-25 2 44 41_crop_16.png,5291,1,507,76,63.5,4
50,03-01-25 2 44 41_crop_16.png,5292,1,502,37,74.5,4
50,03-01-25 2 44 41_crop_16.png,5293,1,507,25,63.5,4
50,03-01-25 2 44 41_crop_16.png,5294,1,495,27,74.5,4
50,03-01-25 2 44 41_crop_16.png,5295,1,493,19,74.5,4
50,03-01-25 2 44 41_crop_16.png,5296,1,506,13,70.5,4
50,03-01-25 2 44 41_crop_16.png,5297,1,501,11,74.5,4
50,03-01-25 2 44 41_crop_16.png,5298,1,497,4,73.0,4
50,03-01-25 2 44 41_crop_16.png,5299,1,492,11,74.5,4
50,03-01-25 2 44 41_crop_16.png,5300,1,499,81,74.5,4
50,03-01-25 2 44 41_crop_16.png,5301,1,489,77,74.5,4
50,03-01-25 2 44 41_crop_16.png,5302,1,481,83,74.5,4
50,03-01-25 2 44 41_crop_16.png,5303,1,482,92,74.5,4
50,03-01-25 2 44 41_crop_16.png,5304,1,474,94,74.5,4
50,03-01-25 2 44 41_crop_16.png,5305,1,471,85,74.5,4
50,03-01-25 2 44 41_crop_16.png,5306,1,465,81,74.5,4
50,03-01-25 2 44 41_crop_16.png,5307,1,463,103,74.5,4
50,03-01-25 2 44 41_crop_16.png,5308,1,463,97,74.5,4
50,03-01-25 2 44 41_crop_16.png,5309,1,471,109,74.5,4
50,03-01-25 2 44 41_crop_16.png,5310,1,481,103,74.5,4
50,03-01-25 2 44 41_crop_16.png,5311,1,498,92,74.5,4
50,03-01-25 2 44 41_crop_16.png,5312,1,505,91,74.5,4
50,03-01-25 2 44 41_crop_16.png,5313,1,509,101,26.5,2
50,03-01-25 2 44 41_crop_16.png,5314,1,502,104,74.5,4
50,03-01-25 2 44 41_crop_16.png,5315,1,496,106,74.5,4
50,03-01-25 2 44 41_crop_16.png,5316,1,488,116,74.5,4
50,03-01-25 2 44 41_crop_16.png,5317,1,503,116,74.5,4
50,03-01-25 2 44 41_crop_16.png,5318,1,397,95,74.5,4
50,03-01-25 2 44 41_crop_16.png,5319,1,333,168,74.5,4
50,03-01-25 2 44 41_crop_16.png,5320,1,350,192,74.5,4
50,03-01-25 2 44 41_crop_16.png,5321,1,361,191,74.5,4
50,03-01-25 2 44 41_crop_16.png,5322,1,341,199,74.5,4
50,03-01-25 2 44 41_crop_16.png,5323,1,326,197,74.5,4
50,03-01-25 2 44 41_crop_16.png,5324,1,314,189,74.5,4
50,03-01-25 2 44 41_crop_16.png,5325,1,367,181,74.5,4
50,03-01-25 2 44 41_crop_16.png,5326,1,273,159,74.5,4
50,03-01-25 2 44 41_crop_16.png,5327,1,364,152,74.5,4
50,03-01-25 2 44 41_crop_16.png,5328,1,281,157,74.5,4
50,03-01-25 2 44 41_crop_16.png,5329,1,295,150,74.5,4
50,03-01-25 2 44 41_crop_16.png,5330,1,400,146,74.5,4
50,03-01-25 2 44 41_crop_16.png,5331,1,407,156,74.5,4
50,03-01-25 2 44 41_crop_16.png,5332,1,415,160,74.5,4
50,03-01-25 2 44 41_crop_16.png,5333,1,420,151,74.5,4
50,03-01-25 2 44 41_crop_16.png,5334,1,432,149,74.5,4
50,03-01-25 2 44 41_crop_16.png,5335,1,422,137,74.5,4
50,03-01-25 2 44 41_crop_16.png,5336,1,433,139,74.5,4
50,03-01-25 2 44 41_crop_16.png,5337,1,358,135,74.5,4
50,03-01-25 2 44 41_crop_16.png,5338,1,373,167,74.5,4
50,03-01-25 2 44 41_crop_16.png,5339,1,386,157,74.5,4
50,03-01-25 2 44 41_crop_16.png,5340,1,398,160,74.5,4
50,03-01-25 2 44 41_crop_16.png,5341,1,354,223,74.5,4
50,03-01-25 2 44 41_crop_16.png,5342,1,344,214,74.5,4
50,03-01-25 2 44 41_crop_16.png,5343,1,330,210,74.5,4
50,03-01-25 2 44 41_crop_16.png,5344,1,318,217,74.5,4
50,03-01-25 2 44 41_crop_16.png,5345,1,307,227,74.5,4
50,03-01-25 2 44 41_crop_16.png,5346,1,295,226,74.5,4
50,03-01-25 2 44 41_crop_16.png,5347,1,317,207,74.5,4
50,03-01-25 2 44 41_crop_16.png,5348,1,307,209,74.5,4
50,03-01-25 2 44 41_crop_16.png,5349,1,296,198,74.5,4
50,03-01-25 2 44 41_crop_16.png,5350,1,300,190,74.5,4
50,03-01-25 2 44 41_crop_16.png,5351,1,305,182,74.5,4
50,03-01-25 2 44 41_crop_16.png,5352,1,299,178,74.5,4
50,03-01-25 2 44 41_crop_16.png,5353,1,288,179,74.5,4
50,03-01-25 2 44 41_crop_16.png,5354,1,281,169,74.5,4
50,03-01-25 2 44 41_crop_16.png,5355,1,291,160,74.5,4
50,03-01-25 2 44 41_crop_16.png,5356,1,311,175,74.5,4
50,03-01-25 2 44 41_crop_16.png,5357,1,307,162,74.5,4
50,03-01-25 2 44 41_crop_16.png,5358,1,306,152,74.5,4
50,03-01-25 2 44 41_crop_16.png,5359,1,299,151,74.5,4
50,03-01-25 2 44 41_crop_16.png,5360,1,305,143,74.5,4
50,03-01-25 2 44 41_crop_16.png,5361,1,312,140,74.5,4
50,03-01-25 2 44 41_crop_16.png,5362,1,317,150,74.5,4
50,03-01-25 2 44 41_crop_16.png,5363,1,314,126,74.5,4
50,03-01-25 2 44 41_crop_16.png,5364,1,326,131,74.5,4
50,03-01-25 2 44 41_crop_16.png,5365,1,333,142,74.5,4
50,03-01-25 2 44 41_crop_16.png,5366,1,346,143,74.5,4
50,03-01-25 2 44 41_crop_16.png,5367,1,372,141,74.5,4
50,03-01-25 2 44 41_crop_16.png,5368,1,387,145,74.5,4
50,03-01-25 2 44 41_crop_16.png,5369,1,395,150,74.5,4
50,03-01-25 2 44 41_crop_16.png,5370,1,396,134,74.5,4
50,03-01-25 2 44 41_crop_16.png,5371,1,384,127,74.5,4
50,03-01-25 2 44 41_crop_16.png,5372,1,390,119,74.5,4
50,03-01-25 2 44 41_crop_16.png,5373,1,401,124,74.5,4
50,03-01-25 2 44 41_crop_16.png,5374,1,404,117,74.5,4
50,03-01-25 2 44 41_crop_16.png,5375,1,394,109,74.5,4
50,03-01-25 2 44 41_crop_16.png,5376,1,388,106,74.5,4
50,03-01-25 2 44 41_crop_16.png,5377,1,401,104,74.5,4
50,03-01-25 2 44 41_crop_16.png,5378,1,410,109,74.5,4
50,03-01-25 2 44 41_crop_16.png,5379,1,420,112,74.5,4
50,03-01-25 2 44 41_crop_16.png,5380,1,429,118,74.5,4
50,03-01-25 2 44 41_crop_16.png,5381,1,407,140,74.5,4
50,03-01-25 2 44 41_crop_16.png,5382,1,422,124,74.5,4
50,03-01-25 2 44 41_crop_16.png,5383,1,431,129,74.5,4
50,03-01-25 2 44 41_crop_16.png,5384,1,442,129,74.5,4
50,03-01-25 2 44 41_crop_16.png,5385,1,449,135,74.5,4
50,03-01-25 2 44 41_crop_16.png,5386,1,152,173,74.5,4
50,03-01-25 2 44 41_crop_16.png,5387,1,439,119,74.5,4
50,03-01-25 2 44 41_crop_16.png,5388,1,435,110,74.5,4
50,03-01-25 2 44 41_crop_16.png,5389,1,441,103,74.5,4
50,03-01-25 2 44 41_crop_16.png,5390,1,447,112,74.5,4
50,03-01-25 2 44 41_crop_16.png,5391,1,452,108,74.5,4
50,03-01-25 2 44 41_crop_16.png,5392,1,458,118,74.5,4
50,03-01-25 2 44 41_crop_16.png,5393,1,458,130,74.5,4
50,03-01-25 2 44 41_crop_16.png,5394,1,454,144,74.5,4
50,03-01-25 2 44 41_crop_16.png,5395,1,447,150,74.5,4
50,03-01-25 2 44 41_crop_16.png,5396,1,471,129,74.5,4
50,03-01-25 2 44 41_crop_16.png,5397,1,472,141,74.5,4
50,03-01-25 2 44 41_crop_16.png,5398,1,471,150,74.5,4
50,03-01-25 2 44 41_crop_16.png,5399,1,481,139,74.5,4
50,03-01-25 2 44 41_crop_16.png,5400,1,481,131,74.5,4
50,03-01-25 2 44 41_crop_16.png,5401,1,490,130,74.5,4
50,03-01-25 2 44 41_crop_16.png,5402,1,486,146,74.5,4
50,03-01-25 2 44 41_crop_16.png,5403,1,503,132,74.5,4
50,03-01-25 2 44 41_crop_16.png,5404,1,488,157,74.5,4
50,03-01-25 2 44 41_crop_16.png,5405,1,492,163,74.5,4
50,03-01-25 2 44 41_crop_16.png,5406,1,502,162,74.5,4
50,03-01-25 2 44 41_crop_16.png,5407,1,497,152,74.5,4
50,03-01-25 2 44 41_crop_16.png,5408,1,495,142,74.5,4
50,03-01-25 2 44 41_crop_16.png,5409,1,503,145,74.5,4
50,03-01-25 2 44 41_crop_16.png,5410,1,481,163,74.5,4
50,03-01-25 2 44 41_crop_16.png,5411,1,468,164,74.5,4
50,03-01-25 2 44 41_crop_16.png,5412,1,476,172,74.5,4
50,03-01-25 2 44 41_crop_16.png,5413,1,459,165,74.5,4
50,03-01-25 2 44 41_crop_16.png,5414,1,455,156,74.5,4
50,03-01-25 2 44 41_crop_16.png,5415,1,446,159,74.5,4
50,03-01-25 2 44 41_crop_16.png,5416,1,437,162,74.5,4
50,03-01-25 2 44 41_crop_16.png,5417,1,449,171,74.5,4
50,03-01-25 2 44 41_crop_16.png,5418,1,431,168,74.5,4
50,03-01-25 2 44 41_crop_16.png,5419,1,433,174,74.5,4
50,03-01-25 2 44 41_crop_16.png,5420,1,442,180,74.5,4
50,03-01-25 2 44 41_crop_16.png,5421,1,448,186,74.5,4
50,03-01-25 2 44 41_crop_16.png,5422,1,456,193,74.5,4
50,03-01-25 2 44 41_crop_16.png,5423,1,458,180,74.5,4
50,03-01-25 2 44 41_crop_16.png,5424,1,464,186,74.5,4
50,03-01-25 2 44 41_crop_16.png,5425,1,473,182,74.5,4
50,03-01-25 2 44 41_crop_16.png,5426,1,470,193,74.5,4
50,03-01-25 2 44 41_crop_16.png,5427,1,482,183,74.5,4
50,03-01-25 2 44 41_crop_16.png,5428,1,497,175,74.5,4
50,03-01-25 2 44 41_crop_16.png,5429,1,508,178,36.5,3
50,03-01-25 2 44 41_crop_16.png,5430,1,509,169,17.5,2
50,03-01-25 2 44 41_crop_16.png,5431,1,509,159,17.5,2
50,03-01-25 2 44 41_crop_16.png,5432,1,510,138,10.0,1
50,03-01-25 2 44 41_crop_16.png,5433,1,509,125,17.5,2
50,03-01-25 2 44 41_crop_16.png,5434,1,509,195,17.5,2
50,03-01-25 2 44 41_crop_16.png,5435,1,506,195,74.5,4
50,03-01-25 2 44 41_crop_16.png,5436,1,501,189,74.5,4
50,03-01-25 2 44 41_crop_16.png,5437,1,493,189,74.5,4
50,03-01-25 2 44 41_crop_16.png,5438,1,509,210,26.5,2
50,03-01-25 2 44 41_crop_16.png,5439,1,508,221,36.5,3
50,03-01-25 2 44 41_crop_16.png,5440,1,508,242,36.5,3
50,03-01-25 2 44 41_crop_16.png,5441,1,508,250,46.5,3
50,03-01-25 2 44 41_crop_16.png,5442,1,508,260,46.5,3
50,03-01-25 2 44 41_crop_16.png,5443,1,507,273,63.5,4
50,03-01-25 2 44 41_crop_16.png,5444,1,500,207,74.5,4
50,03-01-25 2 44 41_crop_16.png,5445,1,493,201,74.5,4
50,03-01-25 2 44 41_crop_16.png,5446,1,486,200,74.5,4
50,03-01-25 2 44 41_crop_16.png,5447,1,480,206,74.5,4
50,03-01-25 2 44 41_crop_16.png,5448,1,472,201,74.5,4
50,03-01-25 2 44 41_crop_16.png,5449,1,468,205,74.5,4
50,03-01-25 2 44 41_crop_16.png,5450,1,457,210,74.5,4
50,03-01-25 2 44 41_crop_16.png,5451,1,472,213,74.5,4
50,03-01-25 2 44 41_crop_16.png,5452,1,488,213,74.5,4
50,03-01-25 2 44 41_crop_16.png,5453,1,496,217,74.5,4
50,03-01-25 2 44 41_crop_16.png,5454,1,500,226,74.5,4
50,03-01-25 2 44 41_crop_16.png,5455,1,505,232,74.5,4
50,03-01-25 2 44 41_crop_16.png,5456,1,495,235,74.5,4
50,03-01-25 2 44 41_crop_16.png,5457,1,486,227,74.5,4
50,03-01-25 2 44 41_crop_16.png,5458,1,476,222,74.5,4
50,03-01-25 2 44 41_crop_16.png,5459,1,468,220,74.5,4
50,03-01-25 2 44 41_crop_16.png,5460,1,445,203,74.5,4
50,03-01-25 2 44 41_crop_16.png,5461,1,432,197,74.5,4
50,03-01-25 2 44 41_crop_16.png,5462,1,427,186,74.5,4
50,03-01-25 2 44 41_crop_16.png,5463,1,416,183,74.5,4
50,03-01-25 2 44 41_crop_16.png,5464,1,414,194,74.5,4
50,03-01-25 2 44 41_crop_16.png,5465,1,415,205,74.5,4
50,03-01-25 2 44 41_crop_16.png,5466,1,442,212,74.5,4
50,03-01-25 2 44 41_crop_16.png,5467,1,287,148,74.5,4
50,03-01-25 2 44 41_crop_16.png,5468,1,277,151,74.5,4
50,03-01-25 2 44 41_crop_16.png,5469,1,372,199,74.5,4
50,03-01-25 2 44 41_crop_16.png,5470,1,380,204,74.5,4
50,03-01-25 2 44 41_crop_16.png,5471,1,389,192,74.5,4
50,03-01-25 2 44 41_crop_16.png,5472,1,396,186,74.5,4
50,03-01-25 2 44 41_crop_16.png,5473,1,405,182,74.5,4
50,03-01-25 2 44 41_crop_16.png,5474,1,398,196,74.5,4
50,03-01-25 2 44 41_crop_16.png,5475,1,402,204,74.5,4
50,03-01-25 2 44 41_crop_16.png,5476,1,402,210,74.5,4
50,03-01-25 2 44 41_crop_16.png,5477,1,392,213,74.5,4
50,03-01-25 2 44 41_crop_16.png,5478,1,380,216,74.5,4
50,03-01-25 2 44 41_crop_16.png,5479,1,370,218,74.5,4
50,03-01-25 2 44 41_crop_16.png,5480,1,362,218,74.5,4
50,03-01-25 2 44 41_crop_16.png,5481,1,425,171,74.5,4
50,03-01-25 2 44 41_crop_16.png,5482,1,416,171,74.5,4
50,03-01-25 2 44 41_crop_16.png,5483,1,409,169,74.5,4
50,03-01-25 2 44 41_crop_16.png,5484,1,382,180,74.5,4
50,03-01-25 2 44 41_crop_16.png,5485,1,411,219,74.5,4
50,03-01-25 2 44 41_crop_16.png,5486,1,421,217,74.5,4
50,03-01-25 2 44 41_crop_16.png,5487,1,429,216,74.5,4
50,03-01-25 2 44 41_crop_16.png,5488,1,399,224,74.5,4
50,03-01-25 2 44 41_crop_16.png,5489,1,390,227,74.5,4
50,03-01-25 2 44 41_crop_16.png,5490,1,377,228,74.5,4
50,03-01-25 2 44 41_crop_16.png,5491,1,364,227,74.5,4
50,03-01-25 2 44 41_crop_16.png,5492,1,366,237,74.5,4
50,03-01-25 2 44 41_crop_16.png,5493,1,368,246,74.5,4
50,03-01-25 2 44 41_crop_16.png,5494,1,375,248,74.5,4
50,03-01-25 2 44 41_crop_16.png,5495,1,382,241,74.5,4
50,03-01-25 2 44 41_crop_16.png,5496,1,393,236,74.5,4
50,03-01-25 2 44 41_crop_16.png,5497,1,392,246,74.5,4
50,03-01-25 2 44 41_crop_16.png,5498,1,387,254,74.5,4
50,03-01-25 2 44 41_crop_16.png,5499,1,411,229,74.5,4
50,03-01-25 2 44 41_crop_16.png,5500,1,413,237,74.5,4
50,03-01-25 2 44 41_crop_16.png,5501,1,407,247,74.5,4
50,03-01-25 2 44 41_crop_16.png,5502,1,404,258,74.5,4
50,03-01-25 2 44 41_crop_16.png,5503,1,419,259,74.5,4
50,03-01-25 2 44 41_crop_16.png,5504,1,421,247,74.5,4
50,03-01-25 2 44 41_crop_16.png,5505,1,422,233,74.5,4
50,03-01-25 2 44 41_crop_16.png,5506,1,433,237,74.5,4
50,03-01-25 2 44 41_crop_16.png,5507,1,439,246,74.5,4
50,03-01-25 2 44 41_crop_16.png,5508,1,425,224,74.5,4
50,03-01-25 2 44 41_crop_16.png,5509,1,444,232,74.5,4
50,03-01-25 2 44 41_crop_16.png,5510,1,435,227,74.5,4
50,03-01-25 2 44 41_crop_16.png,5511,1,441,222,74.5,4
50,03-01-25 2 44 41_crop_16.png,5512,1,452,219,74.5,4
50,03-01-25 2 44 41_crop_16.png,5513,1,449,241,74.5,4
50,03-01-25 2 44 41_crop_16.png,5514,1,458,240,74.5,4
50,03-01-25 2 44 41_crop_16.png,5515,1,458,248,74.5,4
50,03-01-25 2 44 41_crop_16.png,5516,1,459,233,74.5,4
50,03-01-25 2 44 41_crop_16.png,5517,1,469,231,74.5,4
50,03-01-25 2 44 41_crop_16.png,5518,1,478,236,74.5,4
50,03-01-25 2 44 41_crop_16.png,5519,1,441,263,74.5,4
50,03-01-25 2 44 41_crop_16.png,5520,1,426,267,74.5,4
50,03-01-25 2 44 41_crop_16.png,5521,1,454,261,74.5,4
50,03-01-25 2 44 41_crop_16.png,5522,1,462,259,74.5,4
50,03-01-25 2 44 41_crop_16.png,5523,1,465,274,74.5,4
50,03-01-25 2 44 41_crop_16.png,5524,1,481,276,74.5,4
50,03-01-25 2 44 41_crop_16.png,5525,1,495,283,74.5,4
50,03-01-25 2 44 41_crop_16.png,5526,1,495,268,74.5,4
50,03-01-25 2 44 41_crop_16.png,5527,1,489,260,74.5,4
50,03-01-25 2 44 41_crop_16.png,5528,1,497,253,74.5,4
50,03-01-25 2 44 41_crop_16.png,5529,1,496,243,74.5,4
50,03-01-25 2 44 41_crop_16.png,5530,1,489,244,74.5,4
50,03-01-25 2 44 41_crop_16.png,5531,1,448,274,74.5,4
50,03-01-25 2 44 41_crop_16.png,5532,1,435,277,74.5,4
50,03-01-25 2 44 41_crop_16.png,5533,1,446,287,74.5,4
50,03-01-25 2 44 41_crop_16.png,5534,1,456,288,74.5,4
50,03-01-25 2 44 41_crop_16.png,5535,1,472,286,74.5,4
50,03-01-25 2 44 41_crop_16.png,5536,1,472,300,74.5,4
50,03-01-25 2 44 41_crop_16.png,5537,1,469,310,74.5,4
50,03-01-25 2 44 41_crop_16.png,5538,1,467,321,74.5,4
50,03-01-25 2 44 41_crop_16.png,5539,1,452,327,74.5,4
50,03-01-25 2 44 41_crop_16.png,5540,1,452,310,74.5,4
50,03-01-25 2 44 41_crop_16.png,5541,1,436,311,74.5,4
50,03-01-25 2 44 41_crop_16.png,5542,1,425,317,74.5,4
50,03-01-25 2 44 41_crop_16.png,5543,1,422,327,74.5,4
50,03-01-25 2 44 41_crop_16.png,5544,1,431,331,74.5,4
50,03-01-25 2 44 41_crop_16.png,5545,1,441,334,74.5,4
50,03-01-25 2 44 41_crop_16.png,5546,1,429,345,74.5,4
50,03-01-25 2 44 41_crop_16.png,5547,1,412,325,74.5,4
50,03-01-25 2 44 41_crop_16.png,5548,1,411,315,74.5,4
50,03-01-25 2 44 41_crop_16.png,5549,1,407,304,74.5,4
50,03-01-25 2 44 41_crop_16.png,5550,1,417,305,74.5,4
50,03-01-25 2 44 41_crop_16.png,5551,1,395,296,74.5,4
50,03-01-25 2 44 41_crop_16.png,5552,1,387,281,74.5,4
50,03-01-25 2 44 41_crop_16.png,5553,1,404,273,74.5,4
50,03-01-25 2 44 41_crop_16.png,5554,1,416,275,74.5,4
50,03-01-25 2 44 41_crop_16.png,5555,1,379,268,74.5,4
50,03-01-25 2 44 41_crop_16.png,5556,1,366,263,74.5,4
50,03-01-25 2 44 41_crop_16.png,5557,1,371,256,74.5,4
50,03-01-25 2 44 41_crop_16.png,5558,1,362,275,74.5,4
50,03-01-25 2 44 41_crop_16.png,5559,1,370,276,74.5,4
50,03-01-25 2 44 41_crop_16.png,5560,1,350,251,74.5,4
50,03-01-25 2 44 41_crop_16.png,5561,1,346,263,74.5,4
50,03-01-25 2 44 41_crop_16.png,5562,1,334,267,74.5,4
50,03-01-25 2 44 41_crop_16.png,5563,1,343,274,74.5,4
50,03-01-25 2 44 41_crop_16.png,5564,1,351,282,74.5,4
50,03-01-25 2 44 41_crop_16.png,5565,1,330,255,74.5,4
50,03-01-25 2 44 41_crop_16.png,5566,1,310,262,74.5,4
50,03-01-25 2 44 41_crop_16.png,5567,1,316,279,74.5,4
50,03-01-25 2 44 41_crop_16.png,5568,1,328,276,74.5,4
50,03-01-25 2 44 41_crop_16.png,5569,1,337,283,74.5,4
50,03-01-25 2 44 41_crop_16.png,5570,1,324,288,74.5,4
50,03-01-25 2 44 41_crop_16.png,5571,1,332,293,74.5,4
50,03-01-25 2 44 41_crop_16.png,5572,1,343,292,74.5,4
50,03-01-25 2 44 41_crop_16.png,5573,1,352,296,74.5,4
50,03-01-25 2 44 41_crop_16.png,5574,1,361,292,74.5,4
50,03-01-25 2 44 41_crop_16.png,5575,1,371,297,74.5,4
50,03-01-25 2 44 41_crop_16.png,5576,1,337,300,74.5,4
50,03-01-25 2 44 41_crop_16.png,5577,1,345,305,74.5,4
50,03-01-25 2 44 41_crop_16.png,5578,1,344,317,74.5,4
50,03-01-25 2 44 41_crop_16.png,5579,1,337,327,74.5,4
50,03-01-25 2 44 41_crop_16.png,5580,1,328,325,74.5,4
50,03-01-25 2 44 41_crop_16.png,5581,1,320,319,74.5,4
50,03-01-25 2 44 41_crop_16.png,5582,1,327,306,74.5,4
50,03-01-25 2 44 41_crop_16.png,5583,1,310,293,74.5,4
50,03-01-25 2 44 41_crop_16.png,5584,1,304,286,74.5,4
50,03-01-25 2 44 41_crop_16.png,5585,1,295,289,74.5,4
50,03-01-25 2 44 41_crop_16.png,5586,1,297,277,74.5,4
50,03-01-25 2 44 41_crop_16.png,5587,1,277,280,74.5,4
50,03-01-25 2 44 41_crop_16.png,5588,1,270,270,74.5,4
50,03-01-25 2 44 41_crop_16.png,5589,1,284,268,74.5,4
50,03-01-25 2 44 41_crop_16.png,5590,1,293,251,74.5,4
50,03-01-25 2 44 41_crop_16.png,5591,1,283,250,74.5,4
50,03-01-25 2 44 41_crop_16.png,5592,1,269,254,74.5,4
50,03-01-25 2 44 41_crop_16.png,5593,1,260,250,74.5,4
50,03-01-25 2 44 41_crop_16.png,5594,1,284,232,74.5,4
50,03-01-25 2 44 41_crop_16.png,5595,1,266,231,74.5,4
50,03-01-25 2 44 41_crop_16.png,5596,1,258,228,74.5,4
50,03-01-25 2 44 41_crop_16.png,5597,1,274,226,74.5,4
50,03-01-25 2 44 41_crop_16.png,5598,1,276,219,74.5,4
50,03-01-25 2 44 41_crop_16.png,5599,1,284,217,74.5,4
50,03-01-25 2 44 41_crop_16.png,5600,1,271,210,74.5,4
50,03-01-25 2 44 41_crop_16.png,5601,1,263,201,74.5,4
50,03-01-25 2 44 41_crop_16.png,5602,1,261,192,74.5,4
50,03-01-25 2 44 41_crop_16.png,5603,1,247,204,74.5,4
50,03-01-25 2 44 41_crop_16.png,5604,1,255,212,74.5,4
50,03-01-25 2 44 41_crop_16.png,5605,1,236,211,74.5,4
50,03-01-25 2 44 41_crop_16.png,5606,1,238,225,74.5,4
50,03-01-25 2 44 41_crop_16.png,5607,1,251,224,74.5,4
50,03-01-25 2 44 41_crop_16.png,5608,1,252,236,74.5,4
50,03-01-25 2 44 41_crop_16.png,5609,1,243,237,74.5,4
50,03-01-25 2 44 41_crop_16.png,5610,1,243,253,74.5,4
50,03-01-25 2 44 41_crop_16.png,5611,1,235,256,74.5,4
50,03-01-25 2 44 41_crop_16.png,5612,1,240,267,74.5,4
50,03-01-25 2 44 41_crop_16.png,5613,1,252,268,74.5,4
50,03-01-25 2 44 41_crop_16.png,5614,1,252,282,74.5,4
50,03-01-25 2 44 41_crop_16.png,5615,1,240,284,74.5,4
50,03-01-25 2 44 41_crop_16.png,5616,1,250,298,74.5,4
50,03-01-25 2 44 41_crop_16.png,5617,1,258,292,74.5,4
50,03-01-25 2 44 41_crop_16.png,5618,1,267,294,74.5,4
50,03-01-25 2 44 41_crop_16.png,5619,1,244,305,74.5,4
50,03-01-25 2 44 41_crop_16.png,5620,1,251,315,74.5,4
50,03-01-25 2 44 41_crop_16.png,5621,1,239,316,74.5,4
50,03-01-25 2 44 41_crop_16.png,5622,1,233,308,74.5,4
50,03-01-25 2 44 41_crop_16.png,5623,1,228,297,74.5,4
50,03-01-25 2 44 41_crop_16.png,5624,1,254,307,74.5,4
50,03-01-25 2 44 41_crop_16.png,5625,1,262,309,74.5,4
50,03-01-25 2 44 41_crop_16.png,5626,1,262,322,74.5,4
50,03-01-25 2 44 41_crop_16.png,5627,1,267,328,74.5,4
50,03-01-25 2 44 41_crop_16.png,5628,1,276,309,74.5,4
50,03-01-25 2 44 41_crop_16.png,5629,1,286,309,74.5,4
50,03-01-25 2 44 41_crop_16.png,5630,1,290,321,74.5,4
50,03-01-25 2 44 41_crop_16.png,5631,1,306,314,74.5,4
50,03-01-25 2 44 41_crop_16.png,5632,1,308,325,74.5,4
50,03-01-25 2 44 41_crop_16.png,5633,1,311,337,74.5,4
50,03-01-25 2 44 41_crop_16.png,5634,1,321,338,74.5,4
50,03-01-25 2 44 41_crop_16.png,5635,1,326,348,74.5,4
50,03-01-25 2 44 41_crop_16.png,5636,1,336,347,74.5,4
50,03-01-25 2 44 41_crop_16.png,5637,1,336,360,74.5,4
50,03-01-25 2 44 41_crop_16.png,5638,1,330,368,74.5,4
50,03-01-25 2 44 41_crop_16.png,5639,1,336,372,74.5,4
50,03-01-25 2 44 41_crop_16.png,5640,1,345,375,74.5,4
50,03-01-25 2 44 41_crop_16.png,5641,1,325,382,74.5,4
50,03-01-25 2 44 41_crop_16.png,5642,1,364,336,74.5,4
50,03-01-25 2 44 41_crop_16.png,5643,1,365,345,74.5,4
50,03-01-25 2 44 41_crop_16.png,5644,1,369,354,74.5,4
50,03-01-25 2 44 41_crop_16.png,5645,1,371,362,74.5,4
50,03-01-25 2 44 41_crop_16.png,5646,1,359,375,74.5,4
50,03-01-25 2 44 41_crop_16.png,5647,1,374,378,74.5,4
50,03-01-25 2 44 41_crop_16.png,5648,1,367,385,74.5,4
50,03-01-25 2 44 41_crop_16.png,5649,1,379,352,74.5,4
50,03-01-25 2 44 41_crop_16.png,5650,1,395,335,74.5,4
50,03-01-25 2 44 41_crop_16.png,5651,1,400,342,74.5,4
50,03-01-25 2 44 41_crop_16.png,5652,1,403,331,74.5,4
50,03-01-25 2 44 41_crop_16.png,5653,1,399,319,74.5,4
50,03-01-25 2 44 41_crop_16.png,5654,1,388,327,74.5,4
50,03-01-25 2 44 41_crop_16.png,5655,1,389,317,74.5,4
50,03-01-25 2 44 41_crop_16.png,5656,1,378,324,74.5,4
50,03-01-25 2 44 41_crop_16.png,5657,1,380,312,74.5,4
50,03-01-25 2 44 41_crop_16.png,5658,1,367,316,74.5,4
50,03-01-25 2 44 41_crop_16.png,5659,1,359,309,74.5,4
50,03-01-25 2 44 41_crop_16.png,5660,1,402,287,74.5,4
50,03-01-25 2 44 41_crop_16.png,5661,1,409,291,74.5,4
50,03-01-25 2 44 41_crop_16.png,5662,1,423,296,74.5,4
50,03-01-25 2 44 41_crop_16.png,5663,1,431,302,74.5,4
50,03-01-25 2 44 41_crop_16.png,5664,1,436,295,74.5,4
50,03-01-25 2 44 41_crop_16.png,5665,1,484,296,74.5,4
50,03-01-25 2 44 41_crop_16.png,5666,1,494,292,74.5,4
50,03-01-25 2 44 41_crop_16.png,5667,1,505,295,74.5,4
50,03-01-25 2 44 41_crop_16.png,5668,1,508,287,46.5,3
50,03-01-25 2 44 41_crop_16.png,5669,1,492,309,74.5,4
50,03-01-25 2 44 41_crop_16.png,5670,1,479,305,74.5,4
50,03-01-25 2 44 41_crop_16.png,5671,1,462,333,74.5,4
50,03-01-25 2 44 41_crop_16.png,5672,1,460,341,74.5,4
50,03-01-25 2 44 41_crop_16.png,5673,1,458,349,74.5,4
50,03-01-25 2 44 41_crop_16.png,5674,1,468,349,74.5,4
50,03-01-25 2 44 41_crop_16.png,5675,1,473,360,74.5,4
50,03-01-25 2 44 41_crop_16.png,5676,1,469,368,74.5,4
50,03-01-25 2 44 41_crop_16.png,5677,1,479,367,74.5,4
50,03-01-25 2 44 41_crop_16.png,5678,1,488,355,74.5,4
50,03-01-25 2 44 41_crop_16.png,5679,1,495,346,74.5,4
50,03-01-25 2 44 41_crop_16.png,5680,1,481,333,74.5,4
50,03-01-25 2 44 41_crop_16.png,5681,1,478,318,74.5,4
50,03-01-25 2 44 41_crop_16.png,5682,1,493,327,74.5,4
50,03-01-25 2 44 41_crop_16.png,5683,1,508,359,46.5,3
50,03-01-25 2 44 41_crop_16.png,5684,1,505,350,74.5,4
50,03-01-25 2 44 41_crop_16.png,5685,1,508,345,36.5,3
50,03-01-25 2 44 41_crop_16.png,5686,1,498,373,74.5,4
50,03-01-25 2 44 41_crop_16.png,5687,1,485,386,74.5,4
50,03-01-25 2 44 41_crop_16.png,5688,1,492,394,74.5,4
50,03-01-25 2 44 41_crop_16.png,5689,1,500,390,74.5,4
50,03-01-25 2 44 41_crop_16.png,5690,1,476,384,74.5,4
50,03-01-25 2 44 41_crop_16.png,5691,1,467,381,74.5,4
50,03-01-25 2 44 41_crop_16.png,5692,1,456,382,74.5,4
50,03-01-25 2 44 41_crop_16.png,5693,1,445,387,74.5,4
50,03-01-25 2 44 41_crop_16.png,5694,1,444,373,74.5,4
50,03-01-25 2 44 41_crop_16.png,5695,1,453,363,74.5,4
50,03-01-25 2 44 41_crop_16.png,5696,1,441,356,74.5,4
50,03-01-25 2 44 41_crop_16.png,5697,1,436,364,74.5,4
50,03-01-25 2 44 41_crop_16.png,5698,1,425,365,74.5,4
50,03-01-25 2 44 41_crop_16.png,5699,1,426,378,74.5,4
50,03-01-25 2 44 41_crop_16.png,5700,1,435,377,74.5,4
50,03-01-25 2 44 41_crop_16.png,5701,1,421,389,74.5,4
50,03-01-25 2 44 41_crop_16.png,5702,1,417,400,74.5,4
50,03-01-25 2 44 41_crop_16.png,5703,1,408,382,74.5,4
50,03-01-25 2 44 41_crop_16.png,5704,1,397,386,74.5,4
50,03-01-25 2 44 41_crop_16.png,5705,1,387,387,74.5,4
50,03-01-25 2 44 41_crop_16.png,5706,1,376,391,74.5,4
50,03-01-25 2 44 41_crop_16.png,5707,1,361,395,74.5,4
50,03-01-25 2 44 41_crop_16.png,5708,1,351,403,74.5,4
50,03-01-25 2 44 41_crop_16.png,5709,1,347,397,74.5,4
50,03-01-25 2 44 41_crop_16.png,5710,1,329,406,74.5,4
50,03-01-25 2 44 41_crop_16.png,5711,1,320,398,74.5,4
50,03-01-25 2 44 41_crop_16.png,5712,1,310,395,74.5,4
50,03-01-25 2 44 41_crop_16.png,5713,1,307,401,74.5,4
50,03-01-25 2 44 41_crop_16.png,5714,1,308,410,74.5,4
50,03-01-25 2 44 41_crop_16.png,5715,1,308,417,74.5,4
50,03-01-25 2 44 41_crop_16.png,5716,1,305,426,74.5,4
50,03-01-25 2 44 41_crop_16.png,5717,1,292,429,74.5,4
50,03-01-25 2 44 41_crop_16.png,5718,1,293,409,74.5,4
50,03-01-25 2 44 41_crop_16.png,5719,1,295,399,74.5,4
50,03-01-25 2 44 41_crop_16.png,5720,1,287,393,74.5,4
50,03-01-25 2 44 41_crop_16.png,5721,1,280,402,74.5,4
50,03-01-25 2 44 41_crop_16.png,5722,1,265,405,74.5,4
50,03-01-25 2 44 41_crop_16.png,5723,1,276,415,74.5,4
50,03-01-25 2 44 41_crop_16.png,5724,1,271,395,74.5,4
50,03-01-25 2 44 41_crop_16.png,5725,1,249,414,74.5,4
50,03-01-25 2 44 41_crop_16.png,5726,1,236,426,74.5,4
50,03-01-25 2 44 41_crop_16.png,5727,1,229,432,74.5,4
50,03-01-25 2 44 41_crop_16.png,5728,1,220,431,74.5,4
50,03-01-25 2 44 41_crop_16.png,5729,1,210,433,74.5,4
50,03-01-25 2 44 41_crop_16.png,5730,1,202,440,74.5,4
50,03-01-25 2 44 41_crop_16.png,5731,1,193,451,74.5,4
50,03-01-25 2 44 41_crop_16.png,5732,1,201,462,74.5,4
50,03-01-25 2 44 41_crop_16.png,5733,1,195,470,74.5,4
50,03-01-25 2 44 41_crop_16.png,5734,1,186,479,74.5,4
50,03-01-25 2 44 41_crop_16.png,5735,1,185,465,74.5,4
50,03-01-25 2 44 41_crop_16.png,5736,1,177,457,74.5,4
50,03-01-25 2 44 41_crop_16.png,5737,1,174,447,74.5,4
50,03-01-25 2 44 41_crop_16.png,5738,1,179,433,74.5,4
50,03-01-25 2 44 41_crop_16.png,5739,1,167,426,74.5,4
50,03-01-25 2 44 41_crop_16.png,5740,1,177,418,74.5,4
50,03-01-25 2 44 41_crop_16.png,5741,1,197,423,74.5,4
50,03-01-25 2 44 41_crop_16.png,5742,1,189,410,74.5,4
50,03-01-25 2 44 41_crop_16.png,5743,1,202,409,74.5,4
50,03-01-25 2 44 41_crop_16.png,5744,1,222,413,74.5,4
50,03-01-25 2 44 41_crop_16.png,5745,1,236,415,74.5,4
50,03-01-25 2 44 41_crop_16.png,5746,1,229,401,74.5,4
50,03-01-25 2 44 41_crop_16.png,5747,1,241,392,74.5,4
50,03-01-25 2 44 41_crop_16.png,5748,1,227,390,74.5,4
50,03-01-25 2 44 41_crop_16.png,5749,1,231,382,74.5,4
50,03-01-25 2 44 41_crop_16.png,5750,1,243,377,74.5,4
50,03-01-25 2 44 41_crop_16.png,5751,1,256,372,74.5,4
50,03-01-25 2 44 41_crop_16.png,5752,1,264,382,74.5,4
50,03-01-25 2 44 41_crop_16.png,5753,1,255,391,74.5,4
50,03-01-25 2 44 41_crop_16.png,5754,1,271,375,74.5,4
50,03-01-25 2 44 41_crop_16.png,5755,1,277,380,74.5,4
50,03-01-25 2 44 41_crop_16.png,5756,1,288,383,74.5,4
50,03-01-25 2 44 41_crop_16.png,5757,1,294,377,74.5,4
50,03-01-25 2 44 41_crop_16.png,5758,1,302,375,74.5,4
50,03-01-25 2 44 41_crop_16.png,5759,1,311,374,74.5,4
50,03-01-25 2 44 41_crop_16.png,5760,1,289,369,74.5,4
50,03-01-25 2 44 41_crop_16.png,5761,1,272,366,74.5,4
50,03-01-25 2 44 41_crop_16.png,5762,1,260,360,74.5,4
50,03-01-25 2 44 41_crop_16.png,5763,1,257,349,74.5,4
50,03-01-25 2 44 41_crop_16.png,5764,1,261,338,74.5,4
50,03-01-25 2 44 41_crop_16.png,5765,1,269,341,74.5,4
50,03-01-25 2 44 41_crop_16.png,5766,1,269,352,74.5,4
50,03-01-25 2 44 41_crop_16.png,5767,1,276,337,74.5,4
50,03-01-25 2 44 41_crop_16.png,5768,1,276,329,74.5,4
50,03-01-25 2 44 41_crop_16.png,5769,1,274,318,74.5,4
50,03-01-25 2 44 41_crop_16.png,5770,1,285,333,74.5,4
50,03-01-25 2 44 41_crop_16.png,5771,1,293,331,74.5,4
50,03-01-25 2 44 41_crop_16.png,5772,1,298,339,74.5,4
50,03-01-25 2 44 41_crop_16.png,5773,1,287,348,74.5,4
50,03-01-25 2 44 41_crop_16.png,5774,1,284,355,74.5,4
50,03-01-25 2 44 41_crop_16.png,5775,1,280,363,74.5,4
50,03-01-25 2 44 41_crop_16.png,5776,1,299,363,74.5,4
50,03-01-25 2 44 41_crop_16.png,5777,1,306,359,74.5,4
50,03-01-25 2 44 41_crop_16.png,5778,1,302,350,74.5,4
50,03-01-25 2 44 41_crop_16.png,5779,1,314,349,74.5,4
50,03-01-25 2 44 41_crop_16.png,5780,1,318,357,74.5,4
50,03-01-25 2 44 41_crop_16.png,5781,1,356,355,74.5,4
50,03-01-25 2 44 41_crop_16.png,5782,1,355,363,74.5,4
50,03-01-25 2 44 41_crop_16.png,5783,1,318,412,74.5,4
50,03-01-25 2 44 41_crop_16.png,5784,1,317,421,74.5,4
50,03-01-25 2 44 41_crop_16.png,5785,1,335,425,74.5,4
50,03-01-25 2 44 41_crop_16.png,5786,1,338,437,74.5,4
50,03-01-25 2 44 41_crop_16.png,5787,1,247,130,74.5,4
50,03-01-25 2 44 41_crop_16.png,5788,1,258,130,74.5,4
50,03-01-25 2 44 41_crop_16.png,5789,1,252,123,74.5,4
50,03-01-25 2 44 41_crop_16.png,5790,1,360,55,74.5,4
50,03-01-25 2 44 41_crop_16.png,5791,1,359,62,74.5,4
50,03-01-25 2 44 41_crop_16.png,5792,1,169,198,74.5,4
50,03-01-25 2 44 41_crop_16.png,5793,1,182,207,74.5,4
50,03-01-25 2 44 41_crop_16.png,5794,1,189,221,74.5,4
50,03-01-25 2 44 41_crop_16.png,5795,1,201,223,74.5,4
50,03-01-25 2 44 41_crop_16.png,5796,1,206,232,74.5,4
50,03-01-25 2 44 41_crop_16.png,5797,1,214,222,74.5,4
50,03-01-25 2 44 41_crop_16.png,5798,1,225,220,74.5,4
50,03-01-25 2 44 41_crop_16.png,5799,1,226,231,74.5,4
50,03-01-25 2 44 41_crop_16.png,5800,1,231,241,74.5,4
50,03-01-25 2 44 41_crop_16.png,5801,1,223,249,74.5,4
50,03-01-25 2 44 41_crop_16.png,5802,1,219,259,74.5,4
50,03-01-25 2 44 41_crop_16.png,5803,1,209,242,74.5,4
50,03-01-25 2 44 41_crop_16.png,5804,1,226,197,74.5,4
50,03-01-25 2 44 41_crop_16.png,5805,1,226,209,74.5,4
50,03-01-25 2 44 41_crop_16.png,5806,1,218,209,74.5,4
50,03-01-25 2 44 41_crop_16.png,5807,1,208,204,74.5,4
50,03-01-25 2 44 41_crop_16.png,5808,1,198,206,74.5,4
50,03-01-25 2 44 41_crop_16.png,5809,1,203,198,74.5,4
50,03-01-25 2 44 41_crop_16.png,5810,1,197,193,74.5,4
50,03-01-25 2 44 41_crop_16.png,5811,1,214,194,74.5,4
50,03-01-25 2 44 41_crop_16.png,5812,1,144,169,74.5,4
50,03-01-25 2 44 41_crop_16.png,5813,1,130,163,74.5,4
50,03-01-25 2 44 41_crop_16.png,5814,1,121,163,74.5,4
50,03-01-25 2 44 41_crop_16.png,5815,1,111,170,74.5,4
50,03-01-25 2 44 41_crop_16.png,5816,1,125,179,74.5,4
50,03-01-25 2 44 41_crop_16.png,5817,1,113,189,74.5,4
50,03-01-25 2 44 41_crop_16.png,5818,1,105,193,74.5,4
50,03-01-25 2 44 41_crop_16.png,5819,1,91,195,74.5,4
50,03-01-25 2 44 41_crop_16.png,5820,1,98,181,74.5,4
50,03-01-25 2 44 41_crop_16.png,5821,1,83,178,74.5,4
50,03-01-25 2 44 41_crop_16.png,5822,1,90,162,74.5,4
50,03-01-25 2 44 41_crop_16.png,5823,1,78,154,74.5,4
50,03-01-25 2 44 41_crop_16.png,5824,1,64,153,74.5,4
50,03-01-25 2 44 41_crop_16.png,5825,1,71,166,74.5,4
50,03-01-25 2 44 41_crop_16.png,5826,1,52,169,74.5,4
50,03-01-25 2 44 41_crop_16.png,5827,1,61,175,74.5,4
50,03-01-25 2 44 41_crop_16.png,5828,1,67,185,74.5,4
50,03-01-25 2 44 41_crop_16.png,5829,1,74,193,74.5,4
50,03-01-25 2 44 41_crop_16.png,5830,1,74,202,74.5,4
50,03-01-25 2 44 41_crop_16.png,5831,1,80,206,74.5,4
50,03-01-25 2 44 41_crop_16.png,5832,1,88,205,74.5,4
50,03-01-25 2 44 41_crop_16.png,5833,1,97,216,74.5,4
50,03-01-25 2 44 41_crop_16.png,5834,1,97,226,74.5,4
50,03-01-25 2 44 41_crop_16.png,5835,1,82,224,74.5,4
50,03-01-25 2 44 41_crop_16.png,5836,1,130,195,74.5,4
50,03-01-25 2 44 41_crop_16.png,5837,1,137,194,74.5,4
50,03-01-25 2 44 41_crop_16.png,5838,1,141,208,74.5,4
50,03-01-25 2 44 41_crop_16.png,5839,1,147,214,74.5,4
50,03-01-25 2 44 41_crop_16.png,5840,1,157,222,74.5,4
50,03-01-25 2 44 41_crop_16.png,5841,1,166,214,74.5,4
50,03-01-25 2 44 41_crop_16.png,5842,1,175,225,74.5,4
50,03-01-25 2 44 41_crop_16.png,5843,1,181,231,74.5,4
50,03-01-25 2 44 41_crop_16.png,5844,1,173,235,74.5,4
50,03-01-25 2 44 41_crop_16.png,5845,1,180,241,74.5,4
50,03-01-25 2 44 41_crop_16.png,5846,1,172,252,74.5,4
50,03-01-25 2 44 41_crop_16.png,5847,1,145,257,74.5,4
50,03-01-25 2 44 41_crop_16.png,5848,1,142,265,74.5,4
50,03-01-25 2 44 41_crop_16.png,5849,1,145,242,74.5,4
50,03-01-25 2 44 41_crop_16.png,5850,1,150,229,74.5,4
50,03-01-25 2 44 41_crop_16.png,5851,1,161,237,74.5,4
50,03-01-25 2 44 41_crop_16.png,5852,1,136,227,74.5,4
50,03-01-25 2 44 41_crop_16.png,5853,1,129,213,74.5,4
50,03-01-25 2 44 41_crop_16.png,5854,1,121,208,74.5,4
50,03-01-25 2 44 41_crop_16.png,5855,1,111,203,74.5,4
50,03-01-25 2 44 41_crop_16.png,5856,1,101,203,74.5,4
50,03-01-25 2 44 41_crop_16.png,5857,1,114,217,74.5,4
50,03-01-25 2 44 41_crop_16.png,5858,1,119,233,74.5,4
50,03-01-25 2 44 41_crop_16.png,5859,1,117,239,74.5,4
50,03-01-25 2 44 41_crop_16.png,5860,1,128,238,74.5,4
50,03-01-25 2 44 41_crop_16.png,5861,1,131,249,74.5,4
50,03-01-25 2 44 41_crop_16.png,5862,1,127,257,74.5,4
50,03-01-25 2 44 41_crop_16.png,5863,1,120,251,74.5,4
50,03-01-25 2 44 41_crop_16.png,5864,1,104,240,74.5,4
50,03-01-25 2 44 41_crop_16.png,5865,1,87,240,74.5,4
50,03-01-25 2 44 41_crop_16.png,5866,1,77,235,74.5,4
50,03-01-25 2 44 41_crop_16.png,5867,1,72,229,74.5,4
50,03-01-25 2 44 41_crop_16.png,5868,1,62,223,74.5,4
50,03-01-25 2 44 41_crop_16.png,5869,1,53,227,74.5,4
50,03-01-25 2 44 41_crop_16.png,5870,1,61,236,74.5,4
50,03-01-25 2 44 41_crop_16.png,5871,1,387,399,74.5,4
50,03-01-25 2 44 41_crop_16.png,5872,1,379,403,74.5,4
50,03-01-25 2 44 41_crop_16.png,5873,1,371,408,74.5,4
50,03-01-25 2 44 41_crop_16.png,5874,1,379,419,74.5,4
50,03-01-25 2 44 41_crop_16.png,5875,1,375,427,74.5,4
50,03-01-25 2 44 41_crop_16.png,5876,1,370,437,74.5,4
50,03-01-25 2 44 41_crop_16.png,5877,1,358,429,74.5,4
50,03-01-25 2 44 41_crop_16.png,5878,1,347,427,74.5,4
50,03-01-25 2 44 41_crop_16.png,5879,1,354,418,74.5,4
50,03-01-25 2 44 41_crop_16.png,5880,1,364,416,74.5,4
50,03-01-25 2 44 41_crop_16.png,5881,1,371,418,74.5,4
50,03-01-25 2 44 41_crop_16.png,5882,1,386,436,74.5,4
50,03-01-25 2 44 41_crop_16.png,5883,1,372,449,74.5,4
50,03-01-25 2 44 41_crop_16.png,5884,1,389,449,74.5,4
50,03-01-25 2 44 41_crop_16.png,5885,1,396,449,74.5,4
50,03-01-25 2 44 41_crop_16.png,5886,1,395,431,74.5,4
50,03-01-25 2 44 41_crop_16.png,5887,1,397,420,74.5,4
50,03-01-25 2 44 41_crop_16.png,5888,1,392,411,74.5,4
50,03-01-25 2 44 41_crop_16.png,5889,1,397,402,74.5,4
50,03-01-25 2 44 41_crop_16.png,5890,1,406,400,74.5,4
50,03-01-25 2 44 41_crop_16.png,5891,1,393,374,74.5,4
50,03-01-25 2 44 41_crop_16.png,5892,1,402,372,74.5,4
50,03-01-25 2 44 41_crop_16.png,5893,1,409,374,74.5,4
50,03-01-25 2 44 41_crop_16.png,5894,1,415,370,74.5,4
50,03-01-25 2 44 41_crop_16.png,5895,1,417,355,74.5,4
50,03-01-25 2 44 41_crop_16.png,5896,1,406,357,74.5,4
50,03-01-25 2 44 41_crop_16.png,5897,1,385,372,74.5,4
50,03-01-25 2 44 41_crop_16.png,5898,1,378,366,74.5,4
50,03-01-25 2 44 41_crop_16.png,5899,1,393,366,74.5,4
50,03-01-25 2 44 41_crop_16.png,5900,1,401,364,74.5,4
50,03-01-25 2 44 41_crop_16.png,5901,1,395,358,74.5,4
50,03-01-25 2 44 41_crop_16.png,5902,1,387,361,74.5,4
50,03-01-25 2 44 41_crop_16.png,5903,1,398,350,74.5,4
50,03-01-25 2 44 41_crop_16.png,5904,1,428,411,74.5,4
50,03-01-25 2 44 41_crop_16.png,5905,1,442,412,74.5,4
50,03-01-25 2 44 41_crop_16.png,5906,1,446,404,74.5,4
50,03-01-25 2 44 41_crop_16.png,5907,1,456,400,74.5,4
50,03-01-25 2 44 41_crop_16.png,5908,1,465,393,74.5,4
50,03-01-25 2 44 41_crop_16.png,5909,1,456,410,74.5,4
50,03-01-25 2 44 41_crop_16.png,5910,1,451,416,74.5,4
50,03-01-25 2 44 41_crop_16.png,5911,1,469,413,74.5,4
50,03-01-25 2 44 41_crop_16.png,5912,1,480,404,74.5,4
50,03-01-25 2 44 41_crop_16.png,5913,1,483,417,74.5,4
50,03-01-25 2 44 41_crop_16.png,5914,1,474,423,74.5,4
50,03-01-25 2 44 41_crop_16.png,5915,1,482,427,74.5,4
50,03-01-25 2 44 41_crop_16.png,5916,1,495,418,74.5,4
50,03-01-25 2 44 41_crop_16.png,5917,1,507,409,63.5,4
50,03-01-25 2 44 41_crop_16.png,5918,1,499,430,74.5,4
50,03-01-25 2 44 41_crop_16.png,5919,1,500,441,74.5,4
50,03-01-25 2 44 41_crop_16.png,5920,1,499,448,74.5,4
50,03-01-25 2 44 41_crop_16.png,5921,1,487,448,74.5,4
50,03-01-25 2 44 41_crop_16.png,5922,1,488,438,74.5,4
50,03-01-25 2 44 41_crop_16.png,5923,1,476,442,74.5,4
50,03-01-25 2 44 41_crop_16.png,5924,1,466,446,74.5,4
50,03-01-25 2 44 41_crop_16.png,5925,1,462,430,74.5,4
50,03-01-25 2 44 41_crop_16.png,5926,1,461,422,74.5,4
50,03-01-25 2 44 41_crop_16.png,5927,1,449,437,74.5,4
50,03-01-25 2 44 41_crop_16.png,5928,1,465,457,74.5,4
50,03-01-25 2 44 41_crop_16.png,5929,1,452,455,74.5,4
50,03-01-25 2 44 41_crop_16.png,5930,1,404,424,74.5,4
50,03-01-25 2 44 41_crop_16.png,5931,1,412,422,74.5,4
50,03-01-25 2 44 41_crop_16.png,5932,1,415,431,74.5,4
50,03-01-25 2 44 41_crop_16.png,5933,1,418,440,74.5,4
50,03-01-25 2 44 41_crop_16.png,5934,1,413,449,74.5,4
50,03-01-25 2 44 41_crop_16.png,5935,1,436,429,74.5,4
50,03-01-25 2 44 41_crop_16.png,5936,1,430,432,74.5,4
50,03-01-25 2 44 41_crop_16.png,5937,1,443,433,74.5,4
50,03-01-25 2 44 41_crop_16.png,5938,1,431,452,74.5,4
50,03-01-25 2 44 41_crop_16.png,5939,1,430,461,74.5,4
50,03-01-25 2 44 41_crop_16.png,5940,1,442,449,74.5,4
50,03-01-25 2 44 41_crop_16.png,5941,1,444,463,74.5,4
50,03-01-25 2 44 41_crop_16.png,5942,1,438,467,74.5,4
50,03-01-25 2 44 41_crop_16.png,5943,1,428,470,74.5,4
50,03-01-25 2 44 41_crop_16.png,5944,1,421,466,74.5,4
50,03-01-25 2 44 41_crop_16.png,5945,1,411,469,74.5,4
50,03-01-25 2 44 41_crop_16.png,5946,1,404,472,74.5,4
50,03-01-25 2 44 41_crop_16.png,5947,1,390,475,74.5,4
50,03-01-25 2 44 41_crop_16.png,5948,1,391,463,74.5,4
50,03-01-25 2 44 41_crop_16.png,5949,1,407,457,74.5,4
50,03-01-25 2 44 41_crop_16.png,5950,1,371,470,74.5,4
50,03-01-25 2 44 41_crop_16.png,5951,1,383,460,74.5,4
50,03-01-25 2 44 41_crop_16.png,5952,1,420,457,74.5,4
50,03-01-25 2 44 41_crop_16.png,5953,1,456,472,74.5,4
50,03-01-25 2 44 41_crop_16.png,5954,1,177,497,74.5,4
50,03-01-25 2 44 41_crop_16.png,5955,1,461,466,74.5,4
50,03-01-25 2 44 41_crop_16.png,5956,1,443,478,74.5,4
50,03-01-25 2 44 41_crop_16.png,5957,1,472,477,74.5,4
50,03-01-25 2 44 41_crop_16.png,5958,1,485,482,74.5,4
50,03-01-25 2 44 41_crop_16.png,5959,1,494,472,74.5,4
50,03-01-25 2 44 41_crop_16.png,5960,1,498,461,74.5,4
50,03-01-25 2 44 41_crop_16.png,5961,1,506,456,70.5,4
50,03-01-25 2 44 41_crop_16.png,5962,1,509,462,26.5,2
50,03-01-25 2 44 41_crop_16.png,5963,1,508,443,36.5,3
50,03-01-25 2 44 41_crop_16.png,5964,1,508,473,36.5,3
50,03-01-25 2 44 41_crop_16.png,5965,1,365,461,74.5,4
50,03-01-25 2 44 41_crop_16.png,5966,1,487,487,74.5,4
50,03-01-25 2 44 41_crop_16.png,5967,1,475,492,74.5,4
50,03-01-25 2 44 41_crop_16.png,5968,1,483,502,74.5,4
50,03-01-25 2 44 41_crop_16.png,5969,1,476,506,71.5,4
50,03-01-25 2 44 41_crop_16.png,5970,1,465,505,74.5,4
50,03-01-25 2 44 41_crop_16.png,5971,1,457,496,74.5,4
50,03-01-25 2 44 41_crop_16.png,5972,1,449,489,74.5,4
50,03-01-25 2 44 41_crop_16.png,5973,1,461,484,74.5,4
50,03-01-25 2 44 41_crop_16.png,5974,1,448,502,74.5,4
50,03-01-25 2 44 41_crop_16.png,5975,1,448,508,35.5,3
50,03-01-25 2 44 41_crop_16.png,5976,1,502,506,71.5,4
50,03-01-25 2 44 41_crop_16.png,5977,1,507,496,63.5,4
50,03-01-25 2 44 41_crop_16.png,5978,1,507,485,55.5,4
50,03-01-25 2 44 41_crop_16.png,5979,1,497,493,74.5,4
50,03-01-25 2 44 41_crop_16.png,5980,1,437,502,74.5,4
50,03-01-25 2 44 41_crop_16.png,5981,1,431,39,74.5,4
50,03-01-25 2 44 41_crop_16.png,5982,1,427,55,74.5,4
50,03-01-25 2 44 41_crop_16.png,5983,1,270,2,49.0,3
50,03-01-25 2 44 41_crop_16.png,5984,1,335,462,74.5,4
50,03-01-25 2 44 41_crop_16.png,5985,1,323,462,74.5,4
50,03-01-25 2 44 41_crop_16.png,5986,1,327,474,74.5,4
50,03-01-25 2 44 41_crop_16.png,5987,1,320,484,74.5,4
50,03-01-25 2 44 41_crop_16.png,5988,1,331,487,74.5,4
50,03-01-25 2 44 41_crop_16.png,5989,1,314,471,74.5,4
50,03-01-25 2 44 41_crop_16.png,5990,1,309,462,74.5,4
50,03-01-25 2 44 41_crop_16.png,5991,1,295,467,74.5,4
50,03-01-25 2 44 41_crop_16.png,5992,1,304,481,74.5,4
50,03-01-25 2 44 41_crop_16.png,5993,1,307,486,74.5,4
50,03-01-25 2 44 41_crop_16.png,5994,1,297,500,74.5,4
50,03-01-25 2 44 41_crop_16.png,5995,1,312,502,74.5,4
50,03-01-25 2 44 41_crop_16.png,5996,1,316,496,74.5,4
50,03-01-25 2 44 41_crop_16.png,5997,1,324,500,74.5,4
50,03-01-25 2 44 41_crop_16.png,5998,1,333,497,74.5,4
50,03-01-25 2 44 41_crop_16.png,5999,1,348,498,74.5,4
50,03-01-25 2 44 41_crop_16.png,6000,1,349,489,74.5,4
50,03-01-25 2 44 41_crop_16.png,6001,1,357,489,74.5,4
50,03-01-25 2 44 41_crop_16.png,6002,1,359,476,74.5,4
50,03-01-25 2 44 41_crop_16.png,6003,1,355,468,74.5,4
50,03-01-25 2 44 41_crop_16.png,6004,1,345,474,74.5,4
50,03-01-25 2 44 41_crop_16.png,6005,1,343,463,74.5,4
50,03-01-25 2 44 41_crop_16.png,6006,1,352,457,74.5,4
50,03-01-25 2 44 41_crop_16.png,6007,1,371,485,74.5,4
50,03-01-25 2 44 41_crop_16.png,6008,1,383,489,74.5,4
50,03-01-25 2 44 41_crop_16.png,6009,1,378,501,74.5,4
50,03-01-25 2 44 41_crop_16.png,6010,1,390,505,74.5,4
50,03-01-25 2 44 41_crop_16.png,6011,1,399,508,55.5,4
50,03-01-25 2 44 41_crop_16.png,6012,1,409,506,74.5,4
50,03-01-25 2 44 41_crop_16.png,6013,1,403,494,74.5,4
50,03-01-25 2 44 41_crop_16.png,6014,1,395,494,74.5,4
50,03-01-25 2 44 41_crop_16.png,6015,1,403,481,74.5,4
50,03-01-25 2 44 41_crop_16.png,6016,1,415,490,74.5,4
50,03-01-25 2 44 41_crop_16.png,6017,1,424,484,74.5,4
50,03-01-25 2 44 41_crop_16.png,6018,1,415,478,74.5,4
50,03-01-25 2 44 41_crop_16.png,6019,1,411,481,74.5,4
50,03-01-25 2 44 41_crop_16.png,6020,1,419,501,74.5,4
50,03-01-25 2 44 41_crop_16.png,6021,1,427,495,74.5,4
50,03-01-25 2 44 41_crop_16.png,6022,1,428,505,74.5,4
50,03-01-25 2 44 41_crop_16.png,6023,1,292,481,74.5,4
50,03-01-25 2 44 41_crop_16.png,6024,1,283,491,74.5,4
50,03-01-25 2 44 41_crop_16.png,6025,1,280,502,74.5,4
50,03-01-25 2 44 41_crop_16.png,6026,1,265,503,74.5,4
50,03-01-25 2 44 41_crop_16.png,6027,1,257,506,74.5,4
50,03-01-25 2 44 41_crop_16.png,6028,1,244,507,64.5,4
50,03-01-25 2 44 41_crop_16.png,6029,1,242,497,74.5,4
50,03-01-25 2 44 41_crop_16.png,6030,1,258,487,74.5,4
50,03-01-25 2 44 41_crop_16.png,6031,1,272,482,74.5,4
50,03-01-25 2 44 41_crop_16.png,6032,1,283,474,74.5,4
50,03-01-25 2 44 41_crop_16.png,6033,1,277,467,74.5,4
50,03-01-25 2 44 41_crop_16.png,6034,1,285,452,74.5,4
50,03-01-25 2 44 41_crop_16.png,6035,1,304,447,74.5,4
50,03-01-25 2 44 41_crop_16.png,6036,1,335,448,74.5,4
50,03-01-25 2 44 41_crop_16.png,6037,1,323,432,74.5,4
50,03-01-25 2 44 41_crop_16.png,6038,1,316,439,74.5,4
50,03-01-25 2 44 41_crop_16.png,6039,1,309,436,74.5,4
50,03-01-25 2 44 41_crop_16.png,6040,1,262,459,74.5,4
50,03-01-25 2 44 41_crop_16.png,6041,1,250,469,74.5,4
50,03-01-25 2 44 41_crop_16.png,6042,1,223,482,74.5,4
50,03-01-25 2 44 41_crop_16.png,6043,1,230,498,74.5,4
50,03-01-25 2 44 41_crop_16.png,6044,1,210,500,74.5,4
50,03-01-25 2 44 41_crop_16.png,6045,1,212,508,55.5,4
50,03-01-25 2 44 41_crop_16.png,6046,1,209,491,74.5,4
50,03-01-25 2 44 41_crop_16.png,6047,1,206,476,74.5,4
50,03-01-25 2 44 41_crop_16.png,6048,1,193,508,35.5,3
50,03-01-25 2 44 41_crop_16.png,6049,1,186,495,74.5,4
50,03-01-25 2 44 41_crop_16.png,6050,1,176,485,74.5,4
50,03-01-25 2 44 41_crop_16.png,6051,1,158,489,74.5,4
50,03-01-25 2 44 41_crop_16.png,6052,1,144,501,74.5,4
50,03-01-25 2 44 41_crop_16.png,6053,1,133,508,45.5,3
50,03-01-25 2 44 41_crop_16.png,6054,1,121,501,74.5,4
50,03-01-25 2 44 41_crop_16.png,6055,1,131,489,74.5,4
50,03-01-25 2 44 41_crop_16.png,6056,1,142,480,74.5,4
50,03-01-25 2 44 41_crop_16.png,6057,1,155,477,74.5,4
50,03-01-25 2 44 41_crop_16.png,6058,1,166,477,74.5,4
50,03-01-25 2 44 41_crop_16.png,6059,1,171,467,74.5,4
50,03-01-25 2 44 41_crop_16.png,6060,1,162,466,74.5,4
50,03-01-25 2 44 41_crop_16.png,6061,1,166,458,74.5,4
50,03-01-25 2 44 41_crop_16.png,6062,1,157,455,74.5,4
50,03-01-25 2 44 41_crop_16.png,6063,1,140,466,74.5,4
50,03-01-25 2 44 41_crop_16.png,6064,1,125,467,74.5,4
50,03-01-25 2 44 41_crop_16.png,6065,1,117,461,74.5,4
50,03-01-25 2 44 41_crop_16.png,6066,1,237,445,74.5,4
50,03-01-25 2 44 41_crop_16.png,6067,1,213,456,74.5,4
50,03-01-25 2 44 41_crop_16.png,6068,1,225,456,74.5,4
50,03-01-25 2 44 41_crop_16.png,6069,1,222,465,74.5,4
50,03-01-25 2 44 41_crop_16.png,6070,1,221,473,74.5,4
50,03-01-25 2 44 41_crop_16.png,6071,1,229,474,74.5,4
50,03-01-25 2 44 41_crop_16.png,6072,1,245,434,74.5,4
50,03-01-25 2 44 41_crop_16.png,6073,1,254,435,74.5,4
50,03-01-25 2 44 41_crop_16.png,6074,1,266,432,74.5,4
50,03-01-25 2 44 41_crop_16.png,6075,1,265,442,74.5,4
50,03-01-25 2 44 41_crop_16.png,6076,1,259,452,74.5,4
50,03-01-25 2 44 41_crop_16.png,6077,1,251,451,74.5,4
50,03-01-25 2 44 41_crop_16.png,6078,1,278,430,74.5,4
50,03-01-25 2 44 41_crop_16.png,6079,1,283,444,74.5,4
50,03-01-25 2 44 41_crop_16.png,6080,1,272,445,74.5,4
50,03-01-25 2 44 41_crop_16.png,6081,1,269,450,74.5,4
50,03-01-25 2 44 41_crop_16.png,6082,1,293,442,74.5,4
50,03-01-25 2 44 41_crop_16.png,6083,1,276,436,74.5,4
50,03-01-25 2 44 41_crop_16.png,6084,1,162,443,74.5,4
50,03-01-25 2 44 41_crop_16.png,6085,1,114,495,74.5,4
50,03-01-25 2 44 41_crop_16.png,6086,1,112,507,64.5,4
50,03-01-25 2 44 41_crop_16.png,6087,1,104,504,74.5,4
50,03-01-25 2 44 41_crop_16.png,6088,1,98,496,74.5,4
50,03-01-25 2 44 41_crop_16.png,6089,1,104,485,74.5,4
50,03-01-25 2 44 41_crop_16.png,6090,1,91,485,74.5,4
50,03-01-25 2 44 41_crop_16.png,6091,1,83,488,74.5,4
50,03-01-25 2 44 41_crop_16.png,6092,1,71,484,74.5,4
50,03-01-25 2 44 41_crop_16.png,6093,1,64,499,74.5,4
50,03-01-25 2 44 41_crop_16.png,6094,1,75,501,74.5,4
50,03-01-25 2 44 41_crop_16.png,6095,1,100,470,74.5,4
50,03-01-25 2 44 41_crop_16.png,6096,1,477,264,74.5,4
50,03-01-25 2 44 41_crop_16.png,6097,1,333,382,74.5,4
50,03-01-25 2 44 41_crop_16.png,6098,1,487,319,74.5,4
50,03-01-25 2 44 41_crop_16.png,6099,1,198,485,74.5,4
50,03-01-25 2 44 41_crop_16.png,6100,1,17,508,45.5,3
50,03-01-25 2 44 41_crop_16.png,6101,1,6,501,74.5,4
50,03-01-25 2 44 41_crop_16.png,6102,1,18,492,74.5,4
50,03-01-25 2 44 41_crop_16.png,6103,1,27,496,74.5,4
50,03-01-25 2 44 41_crop_16.png,6104,1,33,505,74.5,4
50,03-01-25 2 44 41_crop_16.png,6105,1,45,508,55.5,4
50,03-01-25 2 44 41_crop_16.png,6106,1,53,507,64.5,4
50,03-01-25 2 44 41_crop_16.png,6107,1,57,492,74.5,4
50,03-01-25 2 44 41_crop_16.png,6108,1,57,483,74.5,4
50,03-01-25 2 44 41_crop_16.png,6109,1,46,478,74.5,4
50,03-01-25 2 44 41_crop_16.png,6110,1,36,485,74.5,4
50,03-01-25 2 44 41_crop_16.png,6111,1,54,470,74.5,4
50,03-01-25 2 44 41_crop_16.png,6112,1,62,474,74.5,4
50,03-01-25 2 44 41_crop_16.png,6113,1,43,462,74.5,4
50,03-01-25 2 44 41_crop_16.png,6114,1,30,472,74.5,4
50,03-01-25 2 44 41_crop_16.png,6115,1,17,478,74.5,4
50,03-01-25 2 44 41_crop_16.png,6116,1,5,485,74.5,4
50,03-01-25 2 44 41_crop_16.png,6117,1,3,472,57.0,4
50,03-01-25 2 44 41_crop_16.png,6118,1,3,462,65.0,4
50,03-01-25 2 44 41_crop_16.png,6119,1,13,458,74.5,4
50,03-01-25 2 44 41_crop_16.png,6120,1,24,454,74.5,4
50,03-01-25 2 44 41_crop_16.png,6121,1,25,443,74.5,4
50,03-01-25 2 44 41_crop_16.png,6122,1,5,429,74.5,4
50,03-01-25 2 44 41_crop_16.png,6123,1,39,437,74.5,4
50,03-01-25 2 44 41_crop_16.png,6124,1,26,433,74.5,4
50,03-01-25 2 44 41_crop_16.png,6125,1,38,427,74.5,4
50,03-01-25 2 44 41_crop_16.png,6126,1,23,418,74.5,4
50,03-01-25 2 44 41_crop_16.png,6127,1,36,417,74.5,4
50,03-01-25 2 44 41_crop_16.png,6128,1,45,414,74.5,4
50,03-01-25 2 44 41_crop_16.png,6129,1,54,417,74.5,4
50,03-01-25 2 44 41_crop_16.png,6130,1,55,427,74.5,4
50,03-01-25 2 44 41_crop_16.png,6131,1,58,448,74.5,4
50,03-01-25 2 44 41_crop_16.png,6132,1,71,452,74.5,4
50,03-01-25 2 44 41_crop_16.png,6133,1,73,442,74.5,4
50,03-01-25 2 44 41_crop_16.png,6134,1,70,434,74.5,4
50,03-01-25 2 44 41_crop_16.png,6135,1,71,415,74.5,4
50,03-01-25 2 44 41_crop_16.png,6136,1,81,407,74.5,4
50,03-01-25 2 44 41_crop_16.png,6137,1,89,424,74.5,4
50,03-01-25 2 44 41_crop_16.png,6138,1,90,440,74.5,4
50,03-01-25 2 44 41_crop_16.png,6139,1,105,449,74.5,4
50,03-01-25 2 44 41_crop_16.png,6140,1,92,454,74.5,4
50,03-01-25 2 44 41_crop_16.png,6141,1,100,459,74.5,4
50,03-01-25 2 44 41_crop_16.png,6142,1,86,462,74.5,4
50,03-01-25 2 44 41_crop_16.png,6143,1,77,461,74.5,4
50,03-01-25 2 44 41_crop_16.png,6144,1,87,471,74.5,4
50,03-01-25 2 44 41_crop_16.png,6145,1,115,440,74.5,4
50,03-01-25 2 44 41_crop_16.png,6146,1,103,442,74.5,4
50,03-01-25 2 44 41_crop_16.png,6147,1,99,427,74.5,4
50,03-01-25 2 44 41_crop_16.png,6148,1,107,428,74.5,4
50,03-01-25 2 44 41_crop_16.png,6149,1,106,417,74.5,4
50,03-01-25 2 44 41_crop_16.png,6150,1,113,422,74.5,4
50,03-01-25 2 44 41_crop_16.png,6151,1,121,417,74.5,4
50,03-01-25 2 44 41_crop_16.png,6152,1,118,430,74.5,4
50,03-01-25 2 44 41_crop_16.png,6153,1,130,435,74.5,4
50,03-01-25 2 44 41_crop_16.png,6154,1,139,442,74.5,4
50,03-01-25 2 44 41_crop_16.png,6155,1,136,426,74.5,4
50,03-01-25 2 44 41_crop_16.png,6156,1,137,417,74.5,4
50,03-01-25 2 44 41_crop_16.png,6157,1,150,430,74.5,4
50,03-01-25 2 44 41_crop_16.png,6158,1,149,415,74.5,4
50,03-01-25 2 44 41_crop_16.png,6159,1,138,404,74.5,4
50,03-01-25 2 44 41_crop_16.png,6160,1,144,396,74.5,4
50,03-01-25 2 44 41_crop_16.png,6161,1,157,404,74.5,4
50,03-01-25 2 44 41_crop_16.png,6162,1,177,402,74.5,4
50,03-01-25 2 44 41_crop_16.png,6163,1,167,392,74.5,4
50,03-01-25 2 44 41_crop_16.png,6164,1,161,384,74.5,4
50,03-01-25 2 44 41_crop_16.png,6165,1,148,383,74.5,4
50,03-01-25 2 44 41_crop_16.png,6166,1,137,387,74.5,4
50,03-01-25 2 44 41_crop_16.png,6167,1,130,378,74.5,4
50,03-01-25 2 44 41_crop_16.png,6168,1,121,367,74.5,4
50,03-01-25 2 44 41_crop_16.png,6169,1,140,365,74.5,4
50,03-01-25 2 44 41_crop_16.png,6170,1,139,353,74.5,4
50,03-01-25 2 44 41_crop_16.png,6171,1,121,349,74.5,4
50,03-01-25 2 44 41_crop_16.png,6172,1,117,333,74.5,4
50,03-01-25 2 44 41_crop_16.png,6173,1,115,323,74.5,4
50,03-01-25 2 44 41_crop_16.png,6174,1,130,324,74.5,4
50,03-01-25 2 44 41_crop_16.png,6175,1,101,332,74.5,4
50,03-01-25 2 44 41_crop_16.png,6176,1,103,342,74.5,4
50,03-01-25 2 44 41_crop_16.png,6177,1,146,339,74.5,4
50,03-01-25 2 44 41_crop_16.png,6178,1,301,393,74.5,4
50,03-01-25 2 44 41_crop_16.png,6179,1,231,357,74.5,4
50,03-01-25 2 44 41_crop_16.png,6180,1,347,351,74.5,4
50,03-01-25 2 44 41_crop_16.png,6181,1,347,359,74.5,4
50,03-01-25 2 44 41_crop_16.png,6182,1,475,326,74.5,4
50,03-01-25 2 44 41_crop_16.png,6183,1,501,320,74.5,4
50,03-01-25 2 44 41_crop_16.png,6184,1,507,326,55.5,4
50,03-01-25 2 44 41_crop_16.png,6185,1,508,316,36.5,3
50,03-01-25 2 44 41_crop_16.png,6186,1,507,333,55.5,4
50,03-01-25 2 44 41_crop_16.png,6187,1,502,335,74.5,4
50,03-01-25 2 44 41_crop_16.png,6188,1,481,254,74.5,4
50,03-01-25 2 44 41_crop_16.png,6189,1,481,246,74.5,4
50,03-01-25 2 44 41_crop_16.png,6190,1,474,252,74.5,4
50,03-01-25 2 44 41_crop_16.png,6191,1,203,343,74.5,4
50,03-01-25 2 44 41_crop_16.png,6192,1,10,412,74.5,4
50,03-01-25 2 44 41_crop_16.png,6193,1,3,412,57.0,4
50,03-01-25 2 44 41_crop_16.png,6194,1,5,393,74.5,4
50,03-01-25 2 44 41_crop_16.png,6195,1,12,402,74.5,4
50,03-01-25 2 44 41_crop_16.png,6196,1,24,406,74.5,4
50,03-01-25 2 44 41_crop_16.png,6197,1,34,399,74.5,4
50,03-01-25 2 44 41_crop_16.png,6198,1,47,403,74.5,4
50,03-01-25 2 44 41_crop_16.png,6199,1,65,404,74.5,4
50,03-01-25 2 44 41_crop_16.png,6200,1,67,393,74.5,4
50,03-01-25 2 44 41_crop_16.png,6201,1,59,382,74.5,4
50,03-01-25 2 44 41_crop_16.png,6202,1,53,393,74.5,4
50,03-01-25 2 44 41_crop_16.png,6203,1,42,395,74.5,4
50,03-01-25 2 44 41_crop_16.png,6204,1,50,372,74.5,4
50,03-01-25 2 44 41_crop_16.png,6205,1,60,359,74.5,4
50,03-01-25 2 44 41_crop_16.png,6206,1,53,353,74.5,4
50,03-01-25 2 44 41_crop_16.png,6207,1,41,343,74.5,4
50,03-01-25 2 44 41_crop_16.png,6208,1,53,333,74.5,4
50,03-01-25 2 44 41_crop_16.png,6209,1,63,326,74.5,4
50,03-01-25 2 44 41_crop_16.png,6210,1,37,389,74.5,4
50,03-01-25 2 44 41_crop_16.png,6211,1,19,389,74.5,4
50,03-01-25 2 44 41_crop_16.png,6212,1,17,358,74.5,4
50,03-01-25 2 44 41_crop_16.png,6213,1,3,362,65.0,4
50,03-01-25 2 44 41_crop_16.png,6214,1,3,353,57.0,4
50,03-01-25 2 44 41_crop_16.png,6215,1,2,377,48.0,3
50,03-01-25 2 44 41_crop_16.png,6216,1,11,375,74.5,4
50,03-01-25 2 44 41_crop_16.png,6217,1,19,373,74.5,4
50,03-01-25 2 44 41_crop_16.png,6218,1,32,372,74.5,4
50,03-01-25 2 44 41_crop_16.png,6219,1,9,340,74.5,4
50,03-01-25 2 44 41_crop_16.png,6220,1,9,329,74.5,4
50,03-01-25 2 44 41_crop_16.png,6221,1,3,311,57.0,4
50,03-01-25 2 44 41_crop_16.png,6222,1,8,307,74.5,4
50,03-01-25 2 44 41_crop_16.png,6223,1,22,303,74.5,4
50,03-01-25 2 44 41_crop_16.png,6224,1,21,295,74.5,4
50,03-01-25 2 44 41_crop_16.png,6225,1,30,298,74.5,4
50,03-01-25 2 44 41_crop_16.png,6226,1,38,304,74.5,4
50,03-01-25 2 44 41_crop_16.png,6227,1,35,313,74.5,4
50,03-01-25 2 44 41_crop_16.png,6228,1,23,312,74.5,4
50,03-01-25 2 44 41_crop_16.png,6229,1,26,320,74.5,4
50,03-01-25 2 44 41_crop_16.png,6230,1,29,331,74.5,4
50,03-01-25 2 44 41_crop_16.png,6231,1,45,323,74.5,4
50,03-01-25 2 44 41_crop_16.png,6232,1,47,313,74.5,4
50,03-01-25 2 44 41_crop_16.png,6233,1,56,316,74.5,4
50,03-01-25 2 44 41_crop_16.png,6234,1,68,312,74.5,4
50,03-01-25 2 44 41_crop_16.png,6235,1,81,311,74.5,4
50,03-01-25 2 44 41_crop_16.png,6236,1,94,315,74.5,4
50,03-01-25 2 44 41_crop_16.png,6237,1,93,324,74.5,4
50,03-01-25 2 44 41_crop_16.png,6238,1,82,329,74.5,4
50,03-01-25 2 44 41_crop_16.png,6239,1,76,337,74.5,4
50,03-01-25 2 44 41_crop_16.png,6240,1,67,343,74.5,4
50,03-01-25 2 44 41_crop_16.png,6241,1,85,341,74.5,4
50,03-01-25 2 44 41_crop_16.png,6242,1,81,348,74.5,4
50,03-01-25 2 44 41_crop_16.png,6243,1,90,357,74.5,4
50,03-01-25 2 44 41_crop_16.png,6244,1,90,349,74.5,4
50,03-01-25 2 44 41_crop_16.png,6245,1,100,359,74.5,4
50,03-01-25 2 44 41_crop_16.png,6246,1,102,353,74.5,4
50,03-01-25 2 44 41_crop_16.png,6247,1,78,359,74.5,4
50,03-01-25 2 44 41_crop_16.png,6248,1,69,367,74.5,4
50,03-01-25 2 44 41_crop_16.png,6249,1,82,367,74.5,4
50,03-01-25 2 44 41_crop_16.png,6250,1,85,379,74.5,4
50,03-01-25 2 44 41_crop_16.png,6251,1,94,375,74.5,4
50,03-01-25 2 44 41_crop_16.png,6252,1,111,380,74.5,4
50,03-01-25 2 44 41_crop_16.png,6253,1,113,390,74.5,4
50,03-01-25 2 44 41_crop_16.png,6254,1,127,396,74.5,4
50,03-01-25 2 44 41_crop_16.png,6255,1,125,407,74.5,4
50,03-01-25 2 44 41_crop_16.png,6256,1,113,410,74.5,4
50,03-01-25 2 44 41_crop_16.png,6257,1,98,408,74.5,4
50,03-01-25 2 44 41_crop_16.png,6258,1,83,392,74.5,4
50,03-01-25 2 44 41_crop_16.png,6259,1,17,314,74.5,4
50,03-01-25 2 44 41_crop_16.png,6260,1,3,283,65.0,4
50,03-01-25 2 44 41_crop_16.png,6261,1,21,282,74.5,4
50,03-01-25 2 44 41_crop_16.png,6262,1,35,270,74.5,4
50,03-01-25 2 44 41_crop_16.png,6263,1,24,264,74.5,4
50,03-01-25 2 44 41_crop_16.png,6264,1,11,267,74.5,4
50,03-01-25 2 44 41_crop_16.png,6265,1,7,274,74.5,4
50,03-01-25 2 44 41_crop_16.png,6266,1,9,260,74.5,4
50,03-01-25 2 44 41_crop_16.png,6267,1,46,278,74.5,4
50,03-01-25 2 44 41_crop_16.png,6268,1,46,289,74.5,4
50,03-01-25 2 44 41_crop_16.png,6269,1,61,302,74.5,4
50,03-01-25 2 44 41_crop_16.png,6270,1,64,293,74.5,4
50,03-01-25 2 44 41_crop_16.png,6271,1,71,298,74.5,4
50,03-01-25 2 44 41_crop_16.png,6272,1,69,280,74.5,4
50,03-01-25 2 44 41_crop_16.png,6273,1,71,290,74.5,4
50,03-01-25 2 44 41_crop_16.png,6274,1,80,291,74.5,4
50,03-01-25 2 44 41_crop_16.png,6275,1,89,291,74.5,4
50,03-01-25 2 44 41_crop_16.png,6276,1,89,280,74.5,4
50,03-01-25 2 44 41_crop_16.png,6277,1,80,274,74.5,4
50,03-01-25 2 44 41_crop_16.png,6278,1,88,267,74.5,4
50,03-01-25 2 44 41_crop_16.png,6279,1,101,262,74.5,4
50,03-01-25 2 44 41_crop_16.png,6280,1,93,255,74.5,4
50,03-01-25 2 44 41_crop_16.png,6281,1,111,268,74.5,4
50,03-01-25 2 44 41_crop_16.png,6282,1,122,265,74.5,4
50,03-01-25 2 44 41_crop_16.png,6283,1,109,278,74.5,4
50,03-01-25 2 44 41_crop_16.png,6284,1,109,284,74.5,4
50,03-01-25 2 44 41_crop_16.png,6285,1,103,286,74.5,4
50,03-01-25 2 44 41_crop_16.png,6286,1,97,278,74.5,4
50,03-01-25 2 44 41_crop_16.png,6287,1,107,296,74.5,4
50,03-01-25 2 44 41_crop_16.png,6288,1,109,305,74.5,4
50,03-01-25 2 44 41_crop_16.png,6289,1,116,312,74.5,4
50,03-01-25 2 44 41_crop_16.png,6290,1,123,303,74.5,4
50,03-01-25 2 44 41_crop_16.png,6291,1,133,302,74.5,4
50,03-01-25 2 44 41_crop_16.png,6292,1,141,293,74.5,4
50,03-01-25 2 44 41_crop_16.png,6293,1,135,284,74.5,4
50,03-01-25 2 44 41_crop_16.png,6294,1,148,282,74.5,4
50,03-01-25 2 44 41_crop_16.png,6295,1,159,276,74.5,4
50,03-01-25 2 44 41_crop_16.png,6296,1,163,267,74.5,4
50,03-01-25 2 44 41_crop_16.png,6297,1,175,264,74.5,4
50,03-01-25 2 44 41_crop_16.png,6298,1,184,261,74.5,4
50,03-01-25 2 44 41_crop_16.png,6299,1,199,260,74.5,4
50,03-01-25 2 44 41_crop_16.png,6300,1,191,252,74.5,4
50,03-01-25 2 44 41_crop_16.png,6301,1,208,256,74.5,4
50,03-01-25 2 44 41_crop_16.png,6302,1,204,272,74.5,4
50,03-01-25 2 44 41_crop_16.png,6303,1,214,276,74.5,4
50,03-01-25 2 44 41_crop_16.png,6304,1,185,283,74.5,4
50,03-01-25 2 44 41_crop_16.png,6305,1,198,288,74.5,4
50,03-01-25 2 44 41_crop_16.png,6306,1,208,293,74.5,4
50,03-01-25 2 44 41_crop_16.png,6307,1,220,290,74.5,4
50,03-01-25 2 44 41_crop_16.png,6308,1,215,309,74.5,4
50,03-01-25 2 44 41_crop_16.png,6309,1,189,306,74.5,4
50,03-01-25 2 44 41_crop_16.png,6310,1,191,314,74.5,4
50,03-01-25 2 44 41_crop_16.png,6311,1,176,310,74.5,4
50,03-01-25 2 44 41_crop_16.png,6312,1,197,310,74.5,4
50,03-01-25 2 44 41_crop_16.png,6313,1,205,308,74.5,4
50,03-01-25 2 44 41_crop_16.png,6314,1,187,324,74.5,4
50,03-01-25 2 44 41_crop_16.png,6315,1,177,324,74.5,4
50,03-01-25 2 44 41_crop_16.png,6316,1,180,340,74.5,4
50,03-01-25 2 44 41_crop_16.png,6317,1,173,338,74.5,4
50,03-01-25 2 44 41_crop_16.png,6318,1,165,334,74.5,4
50,03-01-25 2 44 41_crop_16.png,6319,1,159,340,74.5,4
50,03-01-25 2 44 41_crop_16.png,6320,1,153,331,74.5,4
50,03-01-25 2 44 41_crop_16.png,6321,1,160,322,74.5,4
50,03-01-25 2 44 41_crop_16.png,6322,1,118,291,74.5,4
50,03-01-25 2 44 41_crop_16.png,6323,1,161,185,74.5,4
50,03-01-25 2 44 41_crop_16.png,6324,1,154,256,74.5,4
50,03-01-25 2 44 41_crop_16.png,6325,1,183,185,74.5,4
50,03-01-25 2 44 41_crop_16.png,6326,1,308,242,74.5,4
50,03-01-25 2 44 41_crop_16.png,6327,1,328,244,74.5,4
50,03-01-25 2 44 41_crop_16.png,6328,1,285,280,74.5,4
50,03-01-25 2 44 41_crop_16.png,6329,1,71,243,74.5,4
50,03-01-25 2 44 41_crop_16.png,6330,1,80,251,74.5,4
50,03-01-25 2 44 41_crop_16.png,6331,1,75,260,74.5,4
50,03-01-25 2 44 41_crop_16.png,6332,1,64,259,74.5,4
50,03-01-25 2 44 41_crop_16.png,6333,1,58,263,74.5,4
50,03-01-25 2 44 41_crop_16.png,6334,1,55,251,74.5,4
50,03-01-25 2 44 41_crop_16.png,6335,1,37,258,74.5,4
50,03-01-25 2 44 41_crop_16.png,6336,1,20,251,74.5,4
50,03-01-25 2 44 41_crop_16.png,6337,1,33,245,74.5,4
50,03-01-25 2 44 41_crop_16.png,6338,1,43,241,74.5,4
50,03-01-25 2 44 41_crop_16.png,6339,1,40,230,74.5,4
50,03-01-25 2 44 41_crop_16.png,6340,1,31,224,74.5,4
50,03-01-25 2 44 41_crop_16.png,6341,1,28,236,74.5,4
50,03-01-25 2 44 41_crop_16.png,6342,1,20,237,74.5,4
50,03-01-25 2 44 41_crop_16.png,6343,1,9,237,74.5,4
50,03-01-25 2 44 41_crop_16.png,6344,1,3,246,57.0,4
50,03-01-25 2 44 41_crop_16.png,6345,1,3,229,57.0,4
50,03-01-25 2 44 41_crop_16.png,6346,1,13,229,74.5,4
50,03-01-25 2 44 41_crop_16.png,6347,1,20,226,74.5,4
50,03-01-25 2 44 41_crop_16.png,6348,1,18,215,74.5,4
50,03-01-25 2 44 41_crop_16.png,6349,1,8,216,74.5,4
50,03-01-25 2 44 41_crop_16.png,6350,1,2,209,48.0,3
50,03-01-25 2 44 41_crop_16.png,6351,1,8,202,74.5,4
50,03-01-25 2 44 41_crop_16.png,6352,1,14,198,74.5,4
50,03-01-25 2 44 41_crop_16.png,6353,1,25,191,74.5,4
50,03-01-25 2 44 41_crop_16.png,6354,1,3,187,57.0,4
50,03-01-25 2 44 41_crop_16.png,6355,1,28,200,74.5,4
50,03-01-25 2 44 41_crop_16.png,6356,1,38,198,74.5,4
50,03-01-25 2 44 41_crop_16.png,6357,1,41,186,74.5,4
50,03-01-25 2 44 41_crop_16.png,6358,1,51,185,74.5,4
50,03-01-25 2 44 41_crop_16.png,6359,1,33,176,74.5,4
50,03-01-25 2 44 41_crop_16.png,6360,1,40,171,74.5,4
50,03-01-25 2 44 41_crop_16.png,6361,1,40,251,74.5,4
50,03-01-25 2 44 41_crop_16.png,6362,1,411,131,74.5,4
50,03-01-25 2 44 41_crop_16.png,6363,1,415,126,74.5,4
50,03-01-25 2 44 41_crop_16.png,6364,1,350,25,74.5,4
50,03-01-25 2 44 41_crop_16.png,6365,1,357,26,74.5,4
50,03-01-25 2 44 41_crop_16.png,6366,1,353,32,74.5,4
50,03-01-25 2 44 41_crop_16.png,6367,1,189,231,74.5,4
50,03-01-25 2 44 41_crop_16.png,6368,1,209,399,74.5,4
50,03-01-25 2 44 41_crop_16.png,6369,1,198,393,74.5,4
50,03-01-25 2 44 41_crop_16.png,6370,1,203,385,74.5,4
50,03-01-25 2 44 41_crop_16.png,6371,1,189,399,74.5,4
50,03-01-25 2 44 41_crop_16.png,6372,1,182,393,74.5,4
50,03-01-25 2 44 41_crop_16.png,6373,1,175,374,74.5,4
50,03-01-25 2 44 41_crop_16.png,6374,1,183,370,74.5,4
50,03-01-25 2 44 41_crop_16.png,6375,1,189,379,74.5,4
50,03-01-25 2 44 41_crop_16.png,6376,1,189,362,74.5,4
50,03-01-25 2 44 41_crop_16.png,6377,1,197,363,74.5,4
50,03-01-25 2 44 41_crop_16.png,6378,1,204,369,74.5,4
50,03-01-25 2 44 41_crop_16.png,6379,1,209,359,74.5,4
50,03-01-25 2 44 41_crop_16.png,6380,1,215,353,74.5,4
50,03-01-25 2 44 41_crop_16.png,6381,1,233,344,74.5,4
50,03-01-25 2 44 41_crop_16.png,6382,1,225,340,74.5,4
50,03-01-25 2 44 41_crop_16.png,6383,1,216,336,74.5,4
50,03-01-25 2 44 41_crop_16.png,6384,1,220,330,74.5,4
50,03-01-25 2 44 41_crop_16.png,6385,1,223,324,74.5,4
50,03-01-25 2 44 41_crop_16.png,6386,1,230,318,74.5,4
50,03-01-25 2 44 41_crop_16.png,6387,1,215,321,74.5,4
50,03-01-25 2 44 41_crop_16.png,6388,1,230,326,74.5,4
50,03-01-25 2 44 41_crop_16.png,6389,1,241,328,74.5,4
50,03-01-25 2 44 41_crop_16.png,6390,1,170,349,74.5,4
50,03-01-25 2 44 41_crop_16.png,6391,1,196,333,74.5,4
50,03-01-25 2 44 41_crop_16.png,6392,1,145,318,74.5,4
50,03-01-25 2 44 41_crop_16.png,6393,1,155,309,74.5,4
50,03-01-25 2 44 41_crop_16.png,6394,1,163,312,74.5,4
50,03-01-25 2 44 41_crop_16.png,6395,1,145,303,74.5,4
50,03-01-25 2 44 41_crop_16.png,6396,1,156,299,74.5,4
50,03-01-25 2 44 41_crop_16.png,6397,1,159,287,74.5,4
50,03-01-25 2 44 41_crop_16.png,6398,1,165,294,74.5,4
50,03-01-25 2 44 41_crop_16.png,6399,1,180,295,74.5,4
50,03-01-25 2 44 41_crop_16.png,6400,1,169,282,74.5,4
50,03-01-25 2 44 41_crop_16.png,6401,1,174,276,74.5,4
50,03-01-25 2 44 41_crop_16.png,6402,1,199,248,74.5,4
50,03-01-25 2 44 41_crop_16.png,6403,1,198,241,74.5,4
50,03-01-25 2 44 41_crop_16.png,6404,1,178,357,74.5,4
50,03-01-25 2 44 41_crop_16.png,6405,1,88,390,74.5,4
50,03-01-25 2 44 41_crop_16.png,6406,1,99,386,74.5,4
50,03-01-25 2 44 41_crop_16.png,6407,1,95,396,74.5,4
50,03-01-25 2 44 41_crop_16.png,6408,1,104,393,74.5,4
50,03-01-25 2 44 41_crop_16.png,6409,1,47,255,74.5,4
50,03-01-25 2 44 41_crop_16.png,6410,1,26,213,74.5,4
50,03-01-25 2 44 41_crop_16.png,6411,1,38,219,74.5,4
50,03-01-25 2 44 41_crop_16.png,6412,1,36,209,74.5,4
50,03-01-25 2 44 41_crop_16.png,6413,1,47,216,74.5,4
50,03-01-25 2 44 41_crop_16.png,6414,1,57,213,74.5,4
50,03-01-25 2 44 41_crop_16.png,6415,1,56,205,74.5,4
50,03-01-25 2 44 41_crop_16.png,6416,1,46,206,74.5,4
50,03-01-25 2 44 41_crop_16.png,6417,1,55,197,74.5,4
50,03-01-25 2 44 41_crop_16.png,6418,1,65,203,74.5,4
50,03-01-25 2 44 41_crop_16.png,6419,1,58,159,74.5,4
50,03-01-25 2 44 41_crop_16.png,6420,1,47,161,74.5,4
50,03-01-25 2 44 41_crop_16.png,6421,1,54,154,74.5,4
50,03-01-25 2 44 41_crop_16.png,6422,1,47,151,74.5,4
50,03-01-25 2 44 41_crop_16.png,6423,1,40,157,74.5,4
50,03-01-25 2 44 41_crop_16.png,6424,1,27,159,74.5,4
50,03-01-25 2 44 41_crop_16.png,6425,1,40,144,74.5,4
50,03-01-25 2 44 41_crop_16.png,6426,1,56,144,74.5,4
50,03-01-25 2 44 41_crop_16.png,6427,1,12,137,74.5,4
50,03-01-25 2 44 41_crop_16.png,6428,1,2,146,48.0,3
50,03-01-25 2 44 41_crop_16.png,6429,1,9,158,74.5,4
50,03-01-25 2 44 41_crop_16.png,6430,1,5,137,74.5,4
50,03-01-25 2 44 41_crop_16.png,6431,1,2,131,48.0,3
50,03-01-25 2 44 41_crop_16.png,6432,1,2,88,48.0,3
50,03-01-25 2 44 41_crop_16.png,6433,1,38,81,74.5,4
50,03-01-25 2 44 41_crop_16.png,6434,1,30,81,74.5,4
50,03-01-25 2 44 41_crop_16.png,6435,1,29,89,74.5,4
50,03-01-25 2 44 41_crop_16.png,6436,1,117,401,74.5,4
51,03-01-25 2 44 41_crop_17.png,6437,1,299,456,74.5,4
51,03-01-25 2 44 41_crop_17.png,6438,1,297,470,74.5,4
51,03-01-25 2 44 41_crop_17.png,6439,1,296,477,74.5,4
51,03-01-25 2 44 41_crop_17.png,6440,1,350,459,74.5,4
51,03-01-25 2 44 41_crop_17.png,6441,1,346,448,74.5,4
51,03-01-25 2 44 41_crop_17.png,6442,1,346,442,74.5,4
51,03-01-25 2 44 41_crop_17.png,6443,1,510,353,10.0,1
51,03-01-25 2 44 41_crop_17.png,6444,1,510,386,10.0,1
51,03-01-25 2 44 41_crop_17.png,6445,1,368,159,74.5,4
51,03-01-25 2 44 41_crop_17.png,6446,1,449,458,74.5,4
51,03-01-25 2 44 41_crop_17.png,6447,1,427,454,74.5,4
51,03-01-25 2 44 41_crop_17.png,6448,1,414,458,74.5,4
51,03-01-25 2 44 41_crop_17.png,6449,1,407,454,74.5,4
51,03-01-25 2 44 41_crop_17.png,6450,1,424,466,74.5,4
51,03-01-25 2 44 41_crop_17.png,6451,1,431,470,74.5,4
51,03-01-25 2 44 41_crop_17.png,6452,1,444,478,74.5,4
51,03-01-25 2 44 41_crop_17.png,6453,1,451,478,74.5,4
51,03-01-25 2 44 41_crop_17.png,6454,1,451,469,74.5,4
51,03-01-25 2 44 41_crop_17.png,6455,1,459,462,74.5,4
51,03-01-25 2 44 41_crop_17.png,6456,1,459,451,74.5,4
51,03-01-25 2 44 41_crop_17.png,6457,1,467,458,74.5,4
51,03-01-25 2 44 41_crop_17.png,6458,1,473,449,74.5,4
51,03-01-25 2 44 41_crop_17.png,6459,1,480,459,74.5,4
51,03-01-25 2 44 41_crop_17.png,6460,1,475,471,74.5,4
51,03-01-25 2 44 41_crop_17.png,6461,1,466,473,74.5,4
51,03-01-25 2 44 41_crop_17.png,6462,1,473,431,74.5,4
51,03-01-25 2 44 41_crop_17.png,6463,1,475,421,74.5,4
51,03-01-25 2 44 41_crop_17.png,6464,1,473,408,74.5,4
51,03-01-25 2 44 41_crop_17.png,6465,1,476,399,74.5,4
51,03-01-25 2 44 41_crop_17.png,6466,1,486,400,74.5,4
51,03-01-25 2 44 41_crop_17.png,6467,1,502,403,74.5,4
51,03-01-25 2 44 41_crop_17.png,6468,1,494,412,74.5,4
51,03-01-25 2 44 41_crop_17.png,6469,1,486,415,74.5,4
51,03-01-25 2 44 41_crop_17.png,6470,1,498,426,74.5,4
51,03-01-25 2 44 41_crop_17.png,6471,1,501,434,74.5,4
51,03-01-25 2 44 41_crop_17.png,6472,1,484,433,74.5,4
51,03-01-25 2 44 41_crop_17.png,6473,1,489,447,74.5,4
51,03-01-25 2 44 41_crop_17.png,6474,1,483,448,74.5,4
51,03-01-25 2 44 41_crop_17.png,6475,1,493,456,74.5,4
51,03-01-25 2 44 41_crop_17.png,6476,1,499,467,74.5,4
51,03-01-25 2 44 41_crop_17.png,6477,1,506,458,70.5,4
51,03-01-25 2 44 41_crop_17.png,6478,1,510,453,10.0,1
51,03-01-25 2 44 41_crop_17.png,6479,1,503,445,74.5,4
51,03-01-25 2 44 41_crop_17.png,6480,1,507,443,55.5,4
51,03-01-25 2 44 41_crop_17.png,6481,1,509,425,17.5,2
51,03-01-25 2 44 41_crop_17.png,6482,1,503,388,74.5,4
51,03-01-25 2 44 41_crop_17.png,6483,1,489,384,74.5,4
51,03-01-25 2 44 41_crop_17.png,6484,1,507,363,55.5,4
51,03-01-25 2 44 41_crop_17.png,6485,1,507,496,55.5,4
51,03-01-25 2 44 41_crop_17.png,6486,1,508,503,46.5,3
51,03-01-25 2 44 41_crop_17.png,6487,1,501,498,74.5,4
51,03-01-25 2 44 41_crop_17.png,6488,1,496,505,74.5,4
51,03-01-25 2 44 41_crop_17.png,6489,1,488,508,35.5,3
51,03-01-25 2 44 41_crop_17.png,6490,1,491,485,74.5,4
51,03-01-25 2 44 41_crop_17.png,6491,1,486,477,74.5,4
51,03-01-25 2 44 41_crop_17.png,6492,1,489,472,74.5,4
51,03-01-25 2 44 41_crop_17.png,6493,1,499,476,74.5,4
51,03-01-25 2 44 41_crop_17.png,6494,1,506,476,74.5,4
51,03-01-25 2 44 41_crop_17.png,6495,1,509,470,26.5,2
51,03-01-25 2 44 41_crop_17.png,6496,1,481,485,74.5,4
51,03-01-25 2 44 41_crop_17.png,6497,1,474,490,74.5,4
51,03-01-25 2 44 41_crop_17.png,6498,1,469,486,74.5,4
51,03-01-25 2 44 41_crop_17.png,6499,1,477,504,74.5,4
51,03-01-25 2 44 41_crop_17.png,6500,1,463,507,64.5,4
51,03-01-25 2 44 41_crop_17.png,6501,1,453,506,71.5,4
51,03-01-25 2 44 41_crop_17.png,6502,1,444,506,74.5,4
51,03-01-25 2 44 41_crop_17.png,6503,1,456,494,74.5,4
51,03-01-25 2 44 41_crop_17.png,6504,1,507,489,63.5,4
51,03-01-25 2 44 41_crop_17.png,6505,1,493,496,74.5,4
51,03-01-25 2 44 41_crop_17.png,6506,1,469,381,74.5,4
51,03-01-25 2 44 41_crop_17.png,6507,1,481,377,74.5,4
51,03-01-25 2 44 41_crop_17.png,6508,1,470,368,74.5,4
51,03-01-25 2 44 41_crop_17.png,6509,1,459,378,74.5,4
51,03-01-25 2 44 41_crop_17.png,6510,1,454,367,74.5,4
51,03-01-25 2 44 41_crop_17.png,6511,1,440,361,74.5,4
51,03-01-25 2 44 41_crop_17.png,6512,1,441,354,74.5,4
51,03-01-25 2 44 41_crop_17.png,6513,1,456,347,74.5,4
51,03-01-25 2 44 41_crop_17.png,6514,1,464,357,74.5,4
51,03-01-25 2 44 41_crop_17.png,6515,1,466,344,74.5,4
51,03-01-25 2 44 41_crop_17.png,6516,1,476,344,74.5,4
51,03-01-25 2 44 41_crop_17.png,6517,1,475,352,74.5,4
51,03-01-25 2 44 41_crop_17.png,6518,1,484,352,74.5,4
51,03-01-25 2 44 41_crop_17.png,6519,1,488,333,74.5,4
51,03-01-25 2 44 41_crop_17.png,6520,1,501,329,74.5,4
51,03-01-25 2 44 41_crop_17.png,6521,1,500,339,74.5,4
51,03-01-25 2 44 41_crop_17.png,6522,1,499,348,74.5,4
51,03-01-25 2 44 41_crop_17.png,6523,1,508,311,46.5,3
51,03-01-25 2 44 41_crop_17.png,6524,1,495,315,74.5,4
51,03-01-25 2 44 41_crop_17.png,6525,1,498,302,74.5,4
51,03-01-25 2 44 41_crop_17.png,6526,1,506,300,74.5,4
51,03-01-25 2 44 41_crop_17.png,6527,1,377,414,74.5,4
51,03-01-25 2 44 41_crop_17.png,6528,1,495,367,74.5,4
51,03-01-25 2 44 41_crop_17.png,6529,1,447,366,74.5,4
51,03-01-25 2 44 41_crop_17.png,6530,1,451,347,74.5,4
51,03-01-25 2 44 41_crop_17.png,6531,1,455,358,74.5,4
51,03-01-25 2 44 41_crop_17.png,6532,1,486,343,74.5,4
51,03-01-25 2 44 41_crop_17.png,6533,1,397,345,74.5,4
51,03-01-25 2 44 41_crop_17.png,6534,1,389,346,74.5,4
51,03-01-25 2 44 41_crop_17.png,6535,1,398,357,74.5,4
51,03-01-25 2 44 41_crop_17.png,6536,1,406,351,74.5,4
51,03-01-25 2 44 41_crop_17.png,6537,1,418,344,74.5,4
51,03-01-25 2 44 41_crop_17.png,6538,1,410,338,74.5,4
51,03-01-25 2 44 41_crop_17.png,6539,1,420,329,74.5,4
51,03-01-25 2 44 41_crop_17.png,6540,1,426,325,74.5,4
51,03-01-25 2 44 41_crop_17.png,6541,1,432,331,74.5,4
51,03-01-25 2 44 41_crop_17.png,6542,1,439,341,74.5,4
51,03-01-25 2 44 41_crop_17.png,6543,1,435,349,74.5,4
51,03-01-25 2 44 41_crop_17.png,6544,1,429,350,74.5,4
51,03-01-25 2 44 41_crop_17.png,6545,1,428,341,74.5,4
51,03-01-25 2 44 41_crop_17.png,6546,1,454,333,74.5,4
51,03-01-25 2 44 41_crop_17.png,6547,1,464,334,74.5,4
51,03-01-25 2 44 41_crop_17.png,6548,1,476,335,74.5,4
51,03-01-25 2 44 41_crop_17.png,6549,1,470,338,74.5,4
51,03-01-25 2 44 41_crop_17.png,6550,1,467,325,74.5,4
51,03-01-25 2 44 41_crop_17.png,6551,1,477,327,74.5,4
51,03-01-25 2 44 41_crop_17.png,6552,1,465,312,74.5,4
51,03-01-25 2 44 41_crop_17.png,6553,1,472,309,74.5,4
51,03-01-25 2 44 41_crop_17.png,6554,1,472,301,74.5,4
51,03-01-25 2 44 41_crop_17.png,6555,1,459,314,74.5,4
51,03-01-25 2 44 41_crop_17.png,6556,1,454,306,74.5,4
51,03-01-25 2 44 41_crop_17.png,6557,1,446,300,74.5,4
51,03-01-25 2 44 41_crop_17.png,6558,1,443,289,74.5,4
51,03-01-25 2 44 41_crop_17.png,6559,1,459,280,74.5,4
51,03-01-25 2 44 41_crop_17.png,6560,1,462,292,74.5,4
51,03-01-25 2 44 41_crop_17.png,6561,1,476,286,74.5,4
51,03-01-25 2 44 41_crop_17.png,6562,1,486,281,74.5,4
51,03-01-25 2 44 41_crop_17.png,6563,1,486,305,74.5,4
51,03-01-25 2 44 41_crop_17.png,6564,1,482,310,74.5,4
51,03-01-25 2 44 41_crop_17.png,6565,1,479,317,74.5,4
51,03-01-25 2 44 41_crop_17.png,6566,1,487,319,74.5,4
51,03-01-25 2 44 41_crop_17.png,6567,1,488,291,74.5,4
51,03-01-25 2 44 41_crop_17.png,6568,1,498,291,74.5,4
51,03-01-25 2 44 41_crop_17.png,6569,1,496,284,74.5,4
51,03-01-25 2 44 41_crop_17.png,6570,1,498,276,74.5,4
51,03-01-25 2 44 41_crop_17.png,6571,1,490,274,74.5,4
51,03-01-25 2 44 41_crop_17.png,6572,1,500,265,74.5,4
51,03-01-25 2 44 41_crop_17.png,6573,1,506,261,70.5,4
51,03-01-25 2 44 41_crop_17.png,6574,1,506,285,74.5,4
51,03-01-25 2 44 41_crop_17.png,6575,1,508,293,46.5,3
51,03-01-25 2 44 41_crop_17.png,6576,1,506,278,70.5,4
51,03-01-25 2 44 41_crop_17.png,6577,1,509,274,26.5,2
51,03-01-25 2 44 41_crop_17.png,6578,1,478,272,74.5,4
51,03-01-25 2 44 41_crop_17.png,6579,1,478,265,74.5,4
51,03-01-25 2 44 41_crop_17.png,6580,1,483,262,74.5,4
51,03-01-25 2 44 41_crop_17.png,6581,1,469,261,74.5,4
51,03-01-25 2 44 41_crop_17.png,6582,1,458,265,74.5,4
51,03-01-25 2 44 41_crop_17.png,6583,1,448,268,74.5,4
51,03-01-25 2 44 41_crop_17.png,6584,1,435,265,74.5,4
51,03-01-25 2 44 41_crop_17.png,6585,1,430,272,74.5,4
51,03-01-25 2 44 41_crop_17.png,6586,1,440,275,74.5,4
51,03-01-25 2 44 41_crop_17.png,6587,1,427,282,74.5,4
51,03-01-25 2 44 41_crop_17.png,6588,1,415,271,74.5,4
51,03-01-25 2 44 41_crop_17.png,6589,1,415,287,74.5,4
51,03-01-25 2 44 41_crop_17.png,6590,1,424,294,74.5,4
51,03-01-25 2 44 41_crop_17.png,6591,1,419,302,74.5,4
51,03-01-25 2 44 41_crop_17.png,6592,1,431,307,74.5,4
51,03-01-25 2 44 41_crop_17.png,6593,1,436,298,74.5,4
51,03-01-25 2 44 41_crop_17.png,6594,1,428,317,74.5,4
51,03-01-25 2 44 41_crop_17.png,6595,1,440,319,74.5,4
51,03-01-25 2 44 41_crop_17.png,6596,1,417,320,74.5,4
51,03-01-25 2 44 41_crop_17.png,6597,1,401,318,74.5,4
51,03-01-25 2 44 41_crop_17.png,6598,1,397,301,74.5,4
51,03-01-25 2 44 41_crop_17.png,6599,1,410,307,74.5,4
51,03-01-25 2 44 41_crop_17.png,6600,1,390,316,74.5,4
51,03-01-25 2 44 41_crop_17.png,6601,1,382,313,74.5,4
51,03-01-25 2 44 41_crop_17.png,6602,1,372,306,74.5,4
51,03-01-25 2 44 41_crop_17.png,6603,1,375,301,74.5,4
51,03-01-25 2 44 41_crop_17.png,6604,1,375,284,74.5,4
51,03-01-25 2 44 41_crop_17.png,6605,1,387,299,74.5,4
51,03-01-25 2 44 41_crop_17.png,6606,1,390,290,74.5,4
51,03-01-25 2 44 41_crop_17.png,6607,1,387,276,74.5,4
51,03-01-25 2 44 41_crop_17.png,6608,1,380,262,74.5,4
51,03-01-25 2 44 41_crop_17.png,6609,1,388,260,74.5,4
51,03-01-25 2 44 41_crop_17.png,6610,1,393,265,74.5,4
51,03-01-25 2 44 41_crop_17.png,6611,1,373,321,74.5,4
51,03-01-25 2 44 41_crop_17.png,6612,1,379,322,74.5,4
51,03-01-25 2 44 41_crop_17.png,6613,1,382,332,74.5,4
51,03-01-25 2 44 41_crop_17.png,6614,1,364,329,74.5,4
51,03-01-25 2 44 41_crop_17.png,6615,1,364,344,74.5,4
51,03-01-25 2 44 41_crop_17.png,6616,1,364,354,74.5,4
51,03-01-25 2 44 41_crop_17.png,6617,1,355,311,74.5,4
51,03-01-25 2 44 41_crop_17.png,6618,1,334,339,74.5,4
51,03-01-25 2 44 41_crop_17.png,6619,1,328,320,74.5,4
51,03-01-25 2 44 41_crop_17.png,6620,1,332,325,74.5,4
51,03-01-25 2 44 41_crop_17.png,6621,1,347,331,74.5,4
51,03-01-25 2 44 41_crop_17.png,6622,1,353,335,74.5,4
51,03-01-25 2 44 41_crop_17.png,6623,1,347,352,74.5,4
51,03-01-25 2 44 41_crop_17.png,6624,1,341,352,74.5,4
51,03-01-25 2 44 41_crop_17.png,6625,1,333,354,74.5,4
51,03-01-25 2 44 41_crop_17.png,6626,1,326,349,74.5,4
51,03-01-25 2 44 41_crop_17.png,6627,1,327,359,74.5,4
51,03-01-25 2 44 41_crop_17.png,6628,1,330,371,74.5,4
51,03-01-25 2 44 41_crop_17.png,6629,1,335,381,74.5,4
51,03-01-25 2 44 41_crop_17.png,6630,1,346,368,74.5,4
51,03-01-25 2 44 41_crop_17.png,6631,1,351,375,74.5,4
51,03-01-25 2 44 41_crop_17.png,6632,1,358,374,74.5,4
51,03-01-25 2 44 41_crop_17.png,6633,1,354,367,74.5,4
51,03-01-25 2 44 41_crop_17.png,6634,1,353,360,74.5,4
51,03-01-25 2 44 41_crop_17.png,6635,1,365,365,74.5,4
51,03-01-25 2 44 41_crop_17.png,6636,1,388,372,74.5,4
51,03-01-25 2 44 41_crop_17.png,6637,1,371,374,74.5,4
51,03-01-25 2 44 41_crop_17.png,6638,1,376,371,74.5,4
51,03-01-25 2 44 41_crop_17.png,6639,1,385,391,74.5,4
51,03-01-25 2 44 41_crop_17.png,6640,1,377,391,74.5,4
51,03-01-25 2 44 41_crop_17.png,6641,1,380,400,74.5,4
51,03-01-25 2 44 41_crop_17.png,6642,1,363,406,74.5,4
51,03-01-25 2 44 41_crop_17.png,6643,1,351,403,74.5,4
51,03-01-25 2 44 41_crop_17.png,6644,1,352,391,74.5,4
51,03-01-25 2 44 41_crop_17.png,6645,1,369,388,74.5,4
51,03-01-25 2 44 41_crop_17.png,6646,1,363,388,74.5,4
51,03-01-25 2 44 41_crop_17.png,6647,1,390,381,74.5,4
51,03-01-25 2 44 41_crop_17.png,6648,1,401,381,74.5,4
51,03-01-25 2 44 41_crop_17.png,6649,1,393,402,74.5,4
51,03-01-25 2 44 41_crop_17.png,6650,1,405,392,74.5,4
51,03-01-25 2 44 41_crop_17.png,6651,1,418,388,74.5,4
51,03-01-25 2 44 41_crop_17.png,6652,1,420,378,74.5,4
51,03-01-25 2 44 41_crop_17.png,6653,1,409,366,74.5,4
51,03-01-25 2 44 41_crop_17.png,6654,1,398,365,74.5,4
51,03-01-25 2 44 41_crop_17.png,6655,1,416,361,74.5,4
51,03-01-25 2 44 41_crop_17.png,6656,1,415,353,74.5,4
51,03-01-25 2 44 41_crop_17.png,6657,1,430,360,74.5,4
51,03-01-25 2 44 41_crop_17.png,6658,1,417,371,74.5,4
51,03-01-25 2 44 41_crop_17.png,6659,1,422,367,74.5,4
51,03-01-25 2 44 41_crop_17.png,6660,1,431,372,74.5,4
51,03-01-25 2 44 41_crop_17.png,6661,1,356,424,74.5,4
51,03-01-25 2 44 41_crop_17.png,6662,1,367,439,74.5,4
51,03-01-25 2 44 41_crop_17.png,6663,1,360,445,74.5,4
51,03-01-25 2 44 41_crop_17.png,6664,1,345,418,74.5,4
51,03-01-25 2 44 41_crop_17.png,6665,1,325,438,74.5,4
51,03-01-25 2 44 41_crop_17.png,6666,1,328,425,74.5,4
51,03-01-25 2 44 41_crop_17.png,6667,1,323,422,74.5,4
51,03-01-25 2 44 41_crop_17.png,6668,1,331,413,74.5,4
51,03-01-25 2 44 41_crop_17.png,6669,1,340,405,74.5,4
51,03-01-25 2 44 41_crop_17.png,6670,1,334,396,74.5,4
51,03-01-25 2 44 41_crop_17.png,6671,1,310,430,74.5,4
51,03-01-25 2 44 41_crop_17.png,6672,1,303,429,74.5,4
51,03-01-25 2 44 41_crop_17.png,6673,1,299,442,74.5,4
51,03-01-25 2 44 41_crop_17.png,6674,1,308,441,74.5,4
51,03-01-25 2 44 41_crop_17.png,6675,1,315,447,74.5,4
51,03-01-25 2 44 41_crop_17.png,6676,1,312,419,74.5,4
51,03-01-25 2 44 41_crop_17.png,6677,1,306,413,74.5,4
51,03-01-25 2 44 41_crop_17.png,6678,1,299,412,74.5,4
51,03-01-25 2 44 41_crop_17.png,6679,1,300,404,74.5,4
51,03-01-25 2 44 41_crop_17.png,6680,1,308,401,74.5,4
51,03-01-25 2 44 41_crop_17.png,6681,1,318,397,74.5,4
51,03-01-25 2 44 41_crop_17.png,6682,1,325,404,74.5,4
51,03-01-25 2 44 41_crop_17.png,6683,1,318,411,74.5,4
51,03-01-25 2 44 41_crop_17.png,6684,1,326,390,74.5,4
51,03-01-25 2 44 41_crop_17.png,6685,1,323,381,74.5,4
51,03-01-25 2 44 41_crop_17.png,6686,1,306,384,74.5,4
51,03-01-25 2 44 41_crop_17.png,6687,1,308,377,74.5,4
51,03-01-25 2 44 41_crop_17.png,6688,1,308,365,74.5,4
51,03-01-25 2 44 41_crop_17.png,6689,1,295,375,74.5,4
51,03-01-25 2 44 41_crop_17.png,6690,1,279,376,74.5,4
51,03-01-25 2 44 41_crop_17.png,6691,1,292,387,74.5,4
51,03-01-25 2 44 41_crop_17.png,6692,1,283,398,74.5,4
51,03-01-25 2 44 41_crop_17.png,6693,1,277,392,74.5,4
51,03-01-25 2 44 41_crop_17.png,6694,1,289,407,74.5,4
51,03-01-25 2 44 41_crop_17.png,6695,1,277,418,74.5,4
51,03-01-25 2 44 41_crop_17.png,6696,1,302,392,74.5,4
51,03-01-25 2 44 41_crop_17.png,6697,1,274,408,74.5,4
51,03-01-25 2 44 41_crop_17.png,6698,1,268,401,74.5,4
51,03-01-25 2 44 41_crop_17.png,6699,1,258,388,74.5,4
51,03-01-25 2 44 41_crop_17.png,6700,1,397,389,74.5,4
51,03-01-25 2 44 41_crop_17.png,6701,1,413,385,74.5,4
51,03-01-25 2 44 41_crop_17.png,6702,1,335,298,74.5,4
51,03-01-25 2 44 41_crop_17.png,6703,1,350,297,74.5,4
51,03-01-25 2 44 41_crop_17.png,6704,1,349,284,74.5,4
51,03-01-25 2 44 41_crop_17.png,6705,1,230,387,74.5,4
51,03-01-25 2 44 41_crop_17.png,6706,1,213,473,74.5,4
51,03-01-25 2 44 41_crop_17.png,6707,1,221,466,74.5,4
51,03-01-25 2 44 41_crop_17.png,6708,1,226,451,74.5,4
51,03-01-25 2 44 41_crop_17.png,6709,1,196,378,74.5,4
51,03-01-25 2 44 41_crop_17.png,6710,1,189,383,74.5,4
51,03-01-25 2 44 41_crop_17.png,6711,1,219,381,74.5,4
51,03-01-25 2 44 41_crop_17.png,6712,1,340,434,74.5,4
51,03-01-25 2 44 41_crop_17.png,6713,1,241,386,74.5,4
51,03-01-25 2 44 41_crop_17.png,6714,1,247,384,74.5,4
51,03-01-25 2 44 41_crop_17.png,6715,1,245,396,74.5,4
51,03-01-25 2 44 41_crop_17.png,6716,1,251,396,74.5,4
51,03-01-25 2 44 41_crop_17.png,6717,1,260,398,74.5,4
51,03-01-25 2 44 41_crop_17.png,6718,1,248,407,74.5,4
51,03-01-25 2 44 41_crop_17.png,6719,1,243,415,74.5,4
51,03-01-25 2 44 41_crop_17.png,6720,1,254,423,74.5,4
51,03-01-25 2 44 41_crop_17.png,6721,1,247,423,74.5,4
51,03-01-25 2 44 41_crop_17.png,6722,1,264,418,74.5,4
51,03-01-25 2 44 41_crop_17.png,6723,1,254,413,74.5,4
51,03-01-25 2 44 41_crop_17.png,6724,1,244,445,74.5,4
51,03-01-25 2 44 41_crop_17.png,6725,1,250,440,74.5,4
51,03-01-25 2 44 41_crop_17.png,6726,1,229,437,74.5,4
51,03-01-25 2 44 41_crop_17.png,6727,1,236,440,74.5,4
51,03-01-25 2 44 41_crop_17.png,6728,1,225,432,74.5,4
51,03-01-25 2 44 41_crop_17.png,6729,1,251,485,74.5,4
51,03-01-25 2 44 41_crop_17.png,6730,1,251,495,74.5,4
51,03-01-25 2 44 41_crop_17.png,6731,1,261,485,74.5,4
51,03-01-25 2 44 41_crop_17.png,6732,1,266,498,74.5,4
51,03-01-25 2 44 41_crop_17.png,6733,1,281,496,74.5,4
51,03-01-25 2 44 41_crop_17.png,6734,1,274,506,74.5,4
51,03-01-25 2 44 41_crop_17.png,6735,1,261,502,74.5,4
51,03-01-25 2 44 41_crop_17.png,6736,1,260,508,35.5,3
51,03-01-25 2 44 41_crop_17.png,6737,1,289,507,64.5,4
51,03-01-25 2 44 41_crop_17.png,6738,1,297,503,74.5,4
51,03-01-25 2 44 41_crop_17.png,6739,1,310,502,74.5,4
51,03-01-25 2 44 41_crop_17.png,6740,1,316,508,55.5,4
51,03-01-25 2 44 41_crop_17.png,6741,1,335,498,74.5,4
51,03-01-25 2 44 41_crop_17.png,6742,1,347,498,74.5,4
51,03-01-25 2 44 41_crop_17.png,6743,1,339,508,45.5,3
51,03-01-25 2 44 41_crop_17.png,6744,1,337,479,74.5,4
51,03-01-25 2 44 41_crop_17.png,6745,1,330,478,74.5,4
51,03-01-25 2 44 41_crop_17.png,6746,1,324,470,74.5,4
51,03-01-25 2 44 41_crop_17.png,6747,1,316,477,74.5,4
51,03-01-25 2 44 41_crop_17.png,6748,1,307,471,74.5,4
51,03-01-25 2 44 41_crop_17.png,6749,1,304,485,74.5,4
51,03-01-25 2 44 41_crop_17.png,6750,1,295,487,74.5,4
51,03-01-25 2 44 41_crop_17.png,6751,1,272,479,74.5,4
51,03-01-25 2 44 41_crop_17.png,6752,1,276,474,74.5,4
51,03-01-25 2 44 41_crop_17.png,6753,1,282,474,74.5,4
51,03-01-25 2 44 41_crop_17.png,6754,1,287,480,74.5,4
51,03-01-25 2 44 41_crop_17.png,6755,1,423,488,74.5,4
51,03-01-25 2 44 41_crop_17.png,6756,1,372,508,45.5,3
51,03-01-25 2 44 41_crop_17.png,6757,1,377,498,74.5,4
51,03-01-25 2 44 41_crop_17.png,6758,1,390,500,74.5,4
51,03-01-25 2 44 41_crop_17.png,6759,1,393,508,35.5,3
51,03-01-25 2 44 41_crop_17.png,6760,1,403,509,25.5,2
51,03-01-25 2 44 41_crop_17.png,6761,1,414,494,74.5,4
51,03-01-25 2 44 41_crop_17.png,6762,1,409,487,74.5,4
51,03-01-25 2 44 41_crop_17.png,6763,1,429,494,74.5,4
51,03-01-25 2 44 41_crop_17.png,6764,1,439,495,74.5,4
51,03-01-25 2 44 41_crop_17.png,6765,1,445,490,74.5,4
51,03-01-25 2 44 41_crop_17.png,6766,1,435,509,25.5,2
51,03-01-25 2 44 41_crop_17.png,6767,1,425,508,55.5,4
51,03-01-25 2 44 41_crop_17.png,6768,1,419,506,74.5,4
51,03-01-25 2 44 41_crop_17.png,6769,1,325,456,74.5,4
51,03-01-25 2 44 41_crop_17.png,6770,1,364,491,74.5,4
51,03-01-25 2 44 41_crop_17.png,6771,1,373,480,74.5,4
51,03-01-25 2 44 41_crop_17.png,6772,1,379,479,74.5,4
51,03-01-25 2 44 41_crop_17.png,6773,1,384,471,74.5,4
51,03-01-25 2 44 41_crop_17.png,6774,1,392,475,74.5,4
51,03-01-25 2 44 41_crop_17.png,6775,1,399,476,74.5,4
51,03-01-25 2 44 41_crop_17.png,6776,1,403,470,74.5,4
51,03-01-25 2 44 41_crop_17.png,6777,1,396,486,74.5,4
51,03-01-25 2 44 41_crop_17.png,6778,1,389,485,74.5,4
51,03-01-25 2 44 41_crop_17.png,6779,1,358,480,74.5,4
51,03-01-25 2 44 41_crop_17.png,6780,1,354,476,74.5,4
51,03-01-25 2 44 41_crop_17.png,6781,1,347,475,74.5,4
51,03-01-25 2 44 41_crop_17.png,6782,1,341,465,74.5,4
51,03-01-25 2 44 41_crop_17.png,6783,1,331,466,74.5,4
51,03-01-25 2 44 41_crop_17.png,6784,1,335,456,74.5,4
51,03-01-25 2 44 41_crop_17.png,6785,1,314,460,74.5,4
51,03-01-25 2 44 41_crop_17.png,6786,1,300,462,74.5,4
51,03-01-25 2 44 41_crop_17.png,6787,1,390,135,74.5,4
51,03-01-25 2 44 41_crop_17.png,6788,1,423,184,74.5,4
51,03-01-25 2 44 41_crop_17.png,6789,1,343,171,74.5,4
51,03-01-25 2 44 41_crop_17.png,6790,1,323,183,74.5,4
51,03-01-25 2 44 41_crop_17.png,6791,1,317,190,74.5,4
51,03-01-25 2 44 41_crop_17.png,6792,1,317,200,74.5,4
51,03-01-25 2 44 41_crop_17.png,6793,1,325,200,74.5,4
51,03-01-25 2 44 41_crop_17.png,6794,1,325,210,74.5,4
51,03-01-25 2 44 41_crop_17.png,6795,1,333,211,74.5,4
51,03-01-25 2 44 41_crop_17.png,6796,1,337,216,74.5,4
51,03-01-25 2 44 41_crop_17.png,6797,1,348,215,74.5,4
51,03-01-25 2 44 41_crop_17.png,6798,1,360,208,74.5,4
51,03-01-25 2 44 41_crop_17.png,6799,1,358,222,74.5,4
51,03-01-25 2 44 41_crop_17.png,6800,1,367,225,74.5,4
51,03-01-25 2 44 41_crop_17.png,6801,1,356,237,74.5,4
51,03-01-25 2 44 41_crop_17.png,6802,1,342,233,74.5,4
51,03-01-25 2 44 41_crop_17.png,6803,1,343,249,74.5,4
51,03-01-25 2 44 41_crop_17.png,6804,1,370,243,74.5,4
51,03-01-25 2 44 41_crop_17.png,6805,1,378,252,74.5,4
51,03-01-25 2 44 41_crop_17.png,6806,1,384,242,74.5,4
51,03-01-25 2 44 41_crop_17.png,6807,1,390,235,74.5,4
51,03-01-25 2 44 41_crop_17.png,6808,1,397,227,74.5,4
51,03-01-25 2 44 41_crop_17.png,6809,1,385,216,74.5,4
51,03-01-25 2 44 41_crop_17.png,6810,1,374,219,74.5,4
51,03-01-25 2 44 41_crop_17.png,6811,1,378,212,74.5,4
51,03-01-25 2 44 41_crop_17.png,6812,1,381,205,74.5,4
51,03-01-25 2 44 41_crop_17.png,6813,1,389,209,74.5,4
51,03-01-25 2 44 41_crop_17.png,6814,1,390,199,74.5,4
51,03-01-25 2 44 41_crop_17.png,6815,1,373,199,74.5,4
51,03-01-25 2 44 41_crop_17.png,6816,1,371,208,74.5,4
51,03-01-25 2 44 41_crop_17.png,6817,1,368,186,74.5,4
51,03-01-25 2 44 41_crop_17.png,6818,1,370,177,74.5,4
51,03-01-25 2 44 41_crop_17.png,6819,1,379,181,74.5,4
51,03-01-25 2 44 41_crop_17.png,6820,1,384,189,74.5,4
51,03-01-25 2 44 41_crop_17.png,6821,1,392,171,74.5,4
51,03-01-25 2 44 41_crop_17.png,6822,1,382,163,74.5,4
51,03-01-25 2 44 41_crop_17.png,6823,1,373,168,74.5,4
51,03-01-25 2 44 41_crop_17.png,6824,1,352,153,74.5,4
51,03-01-25 2 44 41_crop_17.png,6825,1,358,148,74.5,4
51,03-01-25 2 44 41_crop_17.png,6826,1,362,141,74.5,4
51,03-01-25 2 44 41_crop_17.png,6827,1,375,134,74.5,4
51,03-01-25 2 44 41_crop_17.png,6828,1,375,123,74.5,4
51,03-01-25 2 44 41_crop_17.png,6829,1,383,119,74.5,4
51,03-01-25 2 44 41_crop_17.png,6830,1,398,145,74.5,4
51,03-01-25 2 44 41_crop_17.png,6831,1,405,152,74.5,4
51,03-01-25 2 44 41_crop_17.png,6832,1,406,163,74.5,4
51,03-01-25 2 44 41_crop_17.png,6833,1,401,169,74.5,4
51,03-01-25 2 44 41_crop_17.png,6834,1,407,180,74.5,4
51,03-01-25 2 44 41_crop_17.png,6835,1,415,180,74.5,4
51,03-01-25 2 44 41_crop_17.png,6836,1,411,170,74.5,4
51,03-01-25 2 44 41_crop_17.png,6837,1,401,186,74.5,4
51,03-01-25 2 44 41_crop_17.png,6838,1,411,196,74.5,4
51,03-01-25 2 44 41_crop_17.png,6839,1,419,193,74.5,4
51,03-01-25 2 44 41_crop_17.png,6840,1,422,172,74.5,4
51,03-01-25 2 44 41_crop_17.png,6841,1,417,158,74.5,4
51,03-01-25 2 44 41_crop_17.png,6842,1,408,136,74.5,4
51,03-01-25 2 44 41_crop_17.png,6843,1,412,114,74.5,4
51,03-01-25 2 44 41_crop_17.png,6844,1,421,139,74.5,4
51,03-01-25 2 44 41_crop_17.png,6845,1,424,147,74.5,4
51,03-01-25 2 44 41_crop_17.png,6846,1,428,137,74.5,4
51,03-01-25 2 44 41_crop_17.png,6847,1,434,142,74.5,4
51,03-01-25 2 44 41_crop_17.png,6848,1,436,131,74.5,4
51,03-01-25 2 44 41_crop_17.png,6849,1,441,125,74.5,4
51,03-01-25 2 44 41_crop_17.png,6850,1,448,129,74.5,4
51,03-01-25 2 44 41_crop_17.png,6851,1,456,114,74.5,4
51,03-01-25 2 44 41_crop_17.png,6852,1,457,99,74.5,4
51,03-01-25 2 44 41_crop_17.png,6853,1,440,106,74.5,4
51,03-01-25 2 44 41_crop_17.png,6854,1,432,99,74.5,4
51,03-01-25 2 44 41_crop_17.png,6855,1,413,100,74.5,4
51,03-01-25 2 44 41_crop_17.png,6856,1,406,105,74.5,4
51,03-01-25 2 44 41_crop_17.png,6857,1,404,98,74.5,4
51,03-01-25 2 44 41_crop_17.png,6858,1,390,104,74.5,4
51,03-01-25 2 44 41_crop_17.png,6859,1,378,111,74.5,4
51,03-01-25 2 44 41_crop_17.png,6860,1,379,97,74.5,4
51,03-01-25 2 44 41_crop_17.png,6861,1,365,104,74.5,4
51,03-01-25 2 44 41_crop_17.png,6862,1,351,138,74.5,4
51,03-01-25 2 44 41_crop_17.png,6863,1,347,148,74.5,4
51,03-01-25 2 44 41_crop_17.png,6864,1,336,139,74.5,4
51,03-01-25 2 44 41_crop_17.png,6865,1,345,142,74.5,4
51,03-01-25 2 44 41_crop_17.png,6866,1,331,146,74.5,4
51,03-01-25 2 44 41_crop_17.png,6867,1,322,139,74.5,4
51,03-01-25 2 44 41_crop_17.png,6868,1,341,119,74.5,4
51,03-01-25 2 44 41_crop_17.png,6869,1,326,123,74.5,4
51,03-01-25 2 44 41_crop_17.png,6870,1,317,131,74.5,4
51,03-01-25 2 44 41_crop_17.png,6871,1,317,143,74.5,4
51,03-01-25 2 44 41_crop_17.png,6872,1,317,155,74.5,4
51,03-01-25 2 44 41_crop_17.png,6873,1,300,167,74.5,4
51,03-01-25 2 44 41_crop_17.png,6874,1,281,163,74.5,4
51,03-01-25 2 44 41_crop_17.png,6875,1,292,183,74.5,4
51,03-01-25 2 44 41_crop_17.png,6876,1,286,191,74.5,4
51,03-01-25 2 44 41_crop_17.png,6877,1,293,196,74.5,4
51,03-01-25 2 44 41_crop_17.png,6878,1,306,196,74.5,4
51,03-01-25 2 44 41_crop_17.png,6879,1,307,208,74.5,4
51,03-01-25 2 44 41_crop_17.png,6880,1,296,217,74.5,4
51,03-01-25 2 44 41_crop_17.png,6881,1,285,209,74.5,4
51,03-01-25 2 44 41_crop_17.png,6882,1,300,230,74.5,4
51,03-01-25 2 44 41_crop_17.png,6883,1,295,243,74.5,4
51,03-01-25 2 44 41_crop_17.png,6884,1,310,245,74.5,4
51,03-01-25 2 44 41_crop_17.png,6885,1,314,235,74.5,4
51,03-01-25 2 44 41_crop_17.png,6886,1,320,224,74.5,4
51,03-01-25 2 44 41_crop_17.png,6887,1,390,251,74.5,4
51,03-01-25 2 44 41_crop_17.png,6888,1,402,256,74.5,4
51,03-01-25 2 44 41_crop_17.png,6889,1,411,224,74.5,4
51,03-01-25 2 44 41_crop_17.png,6890,1,401,218,74.5,4
51,03-01-25 2 44 41_crop_17.png,6891,1,405,211,74.5,4
51,03-01-25 2 44 41_crop_17.png,6892,1,396,213,74.5,4
51,03-01-25 2 44 41_crop_17.png,6893,1,421,212,74.5,4
51,03-01-25 2 44 41_crop_17.png,6894,1,430,205,74.5,4
51,03-01-25 2 44 41_crop_17.png,6895,1,422,222,74.5,4
51,03-01-25 2 44 41_crop_17.png,6896,1,427,231,74.5,4
51,03-01-25 2 44 41_crop_17.png,6897,1,434,225,74.5,4
51,03-01-25 2 44 41_crop_17.png,6898,1,440,230,74.5,4
51,03-01-25 2 44 41_crop_17.png,6899,1,445,252,74.5,4
51,03-01-25 2 44 41_crop_17.png,6900,1,441,258,74.5,4
51,03-01-25 2 44 41_crop_17.png,6901,1,467,255,74.5,4
51,03-01-25 2 44 41_crop_17.png,6902,1,454,233,74.5,4
51,03-01-25 2 44 41_crop_17.png,6903,1,447,218,74.5,4
51,03-01-25 2 44 41_crop_17.png,6904,1,437,217,74.5,4
51,03-01-25 2 44 41_crop_17.png,6905,1,444,191,74.5,4
51,03-01-25 2 44 41_crop_17.png,6906,1,450,207,74.5,4
51,03-01-25 2 44 41_crop_17.png,6907,1,454,199,74.5,4
51,03-01-25 2 44 41_crop_17.png,6908,1,465,209,74.5,4
51,03-01-25 2 44 41_crop_17.png,6909,1,471,198,74.5,4
51,03-01-25 2 44 41_crop_17.png,6910,1,466,187,74.5,4
51,03-01-25 2 44 41_crop_17.png,6911,1,456,186,74.5,4
51,03-01-25 2 44 41_crop_17.png,6912,1,454,181,74.5,4
51,03-01-25 2 44 41_crop_17.png,6913,1,439,191,74.5,4
51,03-01-25 2 44 41_crop_17.png,6914,1,431,167,74.5,4
51,03-01-25 2 44 41_crop_17.png,6915,1,428,157,74.5,4
51,03-01-25 2 44 41_crop_17.png,6916,1,439,162,74.5,4
51,03-01-25 2 44 41_crop_17.png,6917,1,460,156,74.5,4
51,03-01-25 2 44 41_crop_17.png,6918,1,281,107,74.5,4
51,03-01-25 2 44 41_crop_17.png,6919,1,405,123,74.5,4
51,03-01-25 2 44 41_crop_17.png,6920,1,415,125,74.5,4
51,03-01-25 2 44 41_crop_17.png,6921,1,423,114,74.5,4
51,03-01-25 2 44 41_crop_17.png,6922,1,427,110,74.5,4
51,03-01-25 2 44 41_crop_17.png,6923,1,424,127,74.5,4
51,03-01-25 2 44 41_crop_17.png,6924,1,433,124,74.5,4
51,03-01-25 2 44 41_crop_17.png,6925,1,459,135,74.5,4
51,03-01-25 2 44 41_crop_17.png,6926,1,466,106,74.5,4
51,03-01-25 2 44 41_crop_17.png,6927,1,466,95,74.5,4
51,03-01-25 2 44 41_crop_17.png,6928,1,471,91,74.5,4
51,03-01-25 2 44 41_crop_17.png,6929,1,362,116,74.5,4
51,03-01-25 2 44 41_crop_17.png,6930,1,355,121,74.5,4
51,03-01-25 2 44 41_crop_17.png,6931,1,358,130,74.5,4
51,03-01-25 2 44 41_crop_17.png,6932,1,344,132,74.5,4
51,03-01-25 2 44 41_crop_17.png,6933,1,332,132,74.5,4
51,03-01-25 2 44 41_crop_17.png,6934,1,414,248,74.5,4
51,03-01-25 2 44 41_crop_17.png,6935,1,419,239,74.5,4
51,03-01-25 2 44 41_crop_17.png,6936,1,409,232,74.5,4
51,03-01-25 2 44 41_crop_17.png,6937,1,439,240,74.5,4
51,03-01-25 2 44 41_crop_17.png,6938,1,429,246,74.5,4
51,03-01-25 2 44 41_crop_17.png,6939,1,454,250,74.5,4
51,03-01-25 2 44 41_crop_17.png,6940,1,463,242,74.5,4
51,03-01-25 2 44 41_crop_17.png,6941,1,455,240,74.5,4
51,03-01-25 2 44 41_crop_17.png,6942,1,453,224,74.5,4
51,03-01-25 2 44 41_crop_17.png,6943,1,461,201,74.5,4
51,03-01-25 2 44 41_crop_17.png,6944,1,461,217,74.5,4
51,03-01-25 2 44 41_crop_17.png,6945,1,475,187,74.5,4
51,03-01-25 2 44 41_crop_17.png,6946,1,448,175,74.5,4
51,03-01-25 2 44 41_crop_17.png,6947,1,459,172,74.5,4
51,03-01-25 2 44 41_crop_17.png,6948,1,431,183,74.5,4
51,03-01-25 2 44 41_crop_17.png,6949,1,453,159,74.5,4
51,03-01-25 2 44 41_crop_17.png,6950,1,469,171,74.5,4
51,03-01-25 2 44 41_crop_17.png,6951,1,473,164,74.5,4
51,03-01-25 2 44 41_crop_17.png,6952,1,472,111,74.5,4
51,03-01-25 2 44 41_crop_17.png,6953,1,475,130,74.5,4
51,03-01-25 2 44 41_crop_17.png,6954,1,476,141,74.5,4
51,03-01-25 2 44 41_crop_17.png,6955,1,478,155,74.5,4
51,03-01-25 2 44 41_crop_17.png,6956,1,486,154,74.5,4
51,03-01-25 2 44 41_crop_17.png,6957,1,485,163,74.5,4
51,03-01-25 2 44 41_crop_17.png,6958,1,492,157,74.5,4
51,03-01-25 2 44 41_crop_17.png,6959,1,498,162,74.5,4
51,03-01-25 2 44 41_crop_17.png,6960,1,503,172,74.5,4
51,03-01-25 2 44 41_crop_17.png,6961,1,493,181,74.5,4
51,03-01-25 2 44 41_crop_17.png,6962,1,485,193,74.5,4
51,03-01-25 2 44 41_crop_17.png,6963,1,477,217,74.5,4
51,03-01-25 2 44 41_crop_17.png,6964,1,470,228,74.5,4
51,03-01-25 2 44 41_crop_17.png,6965,1,472,246,74.5,4
51,03-01-25 2 44 41_crop_17.png,6966,1,479,250,74.5,4
51,03-01-25 2 44 41_crop_17.png,6967,1,486,248,74.5,4
51,03-01-25 2 44 41_crop_17.png,6968,1,496,247,74.5,4
51,03-01-25 2 44 41_crop_17.png,6969,1,502,253,74.5,4
51,03-01-25 2 44 41_crop_17.png,6970,1,504,239,74.5,4
51,03-01-25 2 44 41_crop_17.png,6971,1,510,230,10.0,1
51,03-01-25 2 44 41_crop_17.png,6972,1,502,222,74.5,4
51,03-01-25 2 44 41_crop_17.png,6973,1,494,227,74.5,4
51,03-01-25 2 44 41_crop_17.png,6974,1,489,215,74.5,4
51,03-01-25 2 44 41_crop_17.png,6975,1,483,230,74.5,4
51,03-01-25 2 44 41_crop_17.png,6976,1,484,240,74.5,4
51,03-01-25 2 44 41_crop_17.png,6977,1,506,215,70.5,4
51,03-01-25 2 44 41_crop_17.png,6978,1,503,205,74.5,4
51,03-01-25 2 44 41_crop_17.png,6979,1,508,194,36.5,3
51,03-01-25 2 44 41_crop_17.png,6980,1,500,191,74.5,4
51,03-01-25 2 44 41_crop_17.png,6981,1,506,186,74.5,4
51,03-01-25 2 44 41_crop_17.png,6982,1,507,179,63.5,4
51,03-01-25 2 44 41_crop_17.png,6983,1,508,159,46.5,3
51,03-01-25 2 44 41_crop_17.png,6984,1,504,151,74.5,4
51,03-01-25 2 44 41_crop_17.png,6985,1,505,142,74.5,4
51,03-01-25 2 44 41_crop_17.png,6986,1,509,137,17.5,2
51,03-01-25 2 44 41_crop_17.png,6987,1,505,129,74.5,4
51,03-01-25 2 44 41_crop_17.png,6988,1,510,129,10.0,1
51,03-01-25 2 44 41_crop_17.png,6989,1,510,119,10.0,1
51,03-01-25 2 44 41_crop_17.png,6990,1,508,110,36.5,3
51,03-01-25 2 44 41_crop_17.png,6991,1,500,116,74.5,4
51,03-01-25 2 44 41_crop_17.png,6992,1,498,106,74.5,4
51,03-01-25 2 44 41_crop_17.png,6993,1,491,98,74.5,4
51,03-01-25 2 44 41_crop_17.png,6994,1,481,99,74.5,4
51,03-01-25 2 44 41_crop_17.png,6995,1,484,91,74.5,4
51,03-01-25 2 44 41_crop_17.png,6996,1,477,84,74.5,4
51,03-01-25 2 44 41_crop_17.png,6997,1,482,76,74.5,4
51,03-01-25 2 44 41_crop_17.png,6998,1,490,69,74.5,4
51,03-01-25 2 44 41_crop_17.png,6999,1,501,73,74.5,4
51,03-01-25 2 44 41_crop_17.png,7000,1,508,80,36.5,3
51,03-01-25 2 44 41_crop_17.png,7001,1,503,92,74.5,4
51,03-01-25 2 44 41_crop_17.png,7002,1,504,61,74.5,4
51,03-01-25 2 44 41_crop_17.png,7003,1,508,50,36.5,3
51,03-01-25 2 44 41_crop_17.png,7004,1,495,49,74.5,4
51,03-01-25 2 44 41_crop_17.png,7005,1,487,46,74.5,4
51,03-01-25 2 44 41_crop_17.png,7006,1,476,50,74.5,4
51,03-01-25 2 44 41_crop_17.png,7007,1,469,58,74.5,4
51,03-01-25 2 44 41_crop_17.png,7008,1,470,71,74.5,4
51,03-01-25 2 44 41_crop_17.png,7009,1,483,38,74.5,4
51,03-01-25 2 44 41_crop_17.png,7010,1,493,37,74.5,4
51,03-01-25 2 44 41_crop_17.png,7011,1,495,27,74.5,4
51,03-01-25 2 44 41_crop_17.png,7012,1,497,22,74.5,4
51,03-01-25 2 44 41_crop_17.png,7013,1,500,31,74.5,4
51,03-01-25 2 44 41_crop_17.png,7014,1,506,30,70.5,4
51,03-01-25 2 44 41_crop_17.png,7015,1,507,24,63.5,4
51,03-01-25 2 44 41_crop_17.png,7016,1,505,15,74.5,4
51,03-01-25 2 44 41_crop_17.png,7017,1,500,10,74.5,4
51,03-01-25 2 44 41_crop_17.png,7018,1,375,62,74.5,4
51,03-01-25 2 44 41_crop_17.png,7019,1,510,10,10.0,1
51,03-01-25 2 44 41_crop_17.png,7020,1,505,2,49.0,3
51,03-01-25 2 44 41_crop_17.png,7021,1,498,2,39.0,3
51,03-01-25 2 44 41_crop_17.png,7022,1,490,1,19.0,2
51,03-01-25 2 44 41_crop_17.png,7023,1,490,9,74.5,4
51,03-01-25 2 44 41_crop_17.png,7024,1,479,19,74.5,4
51,03-01-25 2 44 41_crop_17.png,7025,1,464,29,74.5,4
51,03-01-25 2 44 41_crop_17.png,7026,1,464,43,74.5,4
51,03-01-25 2 44 41_crop_17.png,7027,1,458,71,74.5,4
51,03-01-25 2 44 41_crop_17.png,7028,1,459,75,74.5,4
51,03-01-25 2 44 41_crop_17.png,7029,1,459,82,74.5,4
51,03-01-25 2 44 41_crop_17.png,7030,1,447,76,74.5,4
51,03-01-25 2 44 41_crop_17.png,7031,1,425,89,74.5,4
51,03-01-25 2 44 41_crop_17.png,7032,1,415,89,74.5,4
51,03-01-25 2 44 41_crop_17.png,7033,1,407,90,74.5,4
51,03-01-25 2 44 41_crop_17.png,7034,1,397,82,74.5,4
51,03-01-25 2 44 41_crop_17.png,7035,1,390,81,74.5,4
51,03-01-25 2 44 41_crop_17.png,7036,1,391,90,74.5,4
51,03-01-25 2 44 41_crop_17.png,7037,1,383,88,74.5,4
51,03-01-25 2 44 41_crop_17.png,7038,1,369,82,74.5,4
51,03-01-25 2 44 41_crop_17.png,7039,1,367,92,74.5,4
51,03-01-25 2 44 41_crop_17.png,7040,1,394,69,74.5,4
51,03-01-25 2 44 41_crop_17.png,7041,1,403,70,74.5,4
51,03-01-25 2 44 41_crop_17.png,7042,1,414,78,74.5,4
51,03-01-25 2 44 41_crop_17.png,7043,1,430,67,74.5,4
51,03-01-25 2 44 41_crop_17.png,7044,1,439,62,74.5,4
51,03-01-25 2 44 41_crop_17.png,7045,1,434,49,74.5,4
51,03-01-25 2 44 41_crop_17.png,7046,1,450,55,74.5,4
51,03-01-25 2 44 41_crop_17.png,7047,1,451,47,74.5,4
51,03-01-25 2 44 41_crop_17.png,7048,1,435,28,74.5,4
51,03-01-25 2 44 41_crop_17.png,7049,1,429,26,74.5,4
51,03-01-25 2 44 41_crop_17.png,7050,1,425,33,74.5,4
51,03-01-25 2 44 41_crop_17.png,7051,1,418,23,74.5,4
51,03-01-25 2 44 41_crop_17.png,7052,1,421,11,74.5,4
51,03-01-25 2 44 41_crop_17.png,7053,1,439,9,74.5,4
51,03-01-25 2 44 41_crop_17.png,7054,1,456,13,74.5,4
51,03-01-25 2 44 41_crop_17.png,7055,1,403,5,74.5,4
51,03-01-25 2 44 41_crop_17.png,7056,1,390,5,74.5,4
51,03-01-25 2 44 41_crop_17.png,7057,1,372,3,58.0,4
51,03-01-25 2 44 41_crop_17.png,7058,1,384,14,74.5,4
51,03-01-25 2 44 41_crop_17.png,7059,1,388,20,74.5,4
51,03-01-25 2 44 41_crop_17.png,7060,1,382,20,74.5,4
51,03-01-25 2 44 41_crop_17.png,7061,1,377,23,74.5,4
51,03-01-25 2 44 41_crop_17.png,7062,1,385,31,74.5,4
51,03-01-25 2 44 41_crop_17.png,7063,1,385,40,74.5,4
51,03-01-25 2 44 41_crop_17.png,7064,1,388,48,74.5,4
51,03-01-25 2 44 41_crop_17.png,7065,1,394,47,74.5,4
51,03-01-25 2 44 41_crop_17.png,7066,1,399,34,74.5,4
51,03-01-25 2 44 41_crop_17.png,7067,1,408,27,74.5,4
51,03-01-25 2 44 41_crop_17.png,7068,1,408,41,74.5,4
51,03-01-25 2 44 41_crop_17.png,7069,1,414,39,74.5,4
51,03-01-25 2 44 41_crop_17.png,7070,1,405,52,74.5,4
51,03-01-25 2 44 41_crop_17.png,7071,1,417,50,74.5,4
51,03-01-25 2 44 41_crop_17.png,7072,1,414,62,74.5,4
51,03-01-25 2 44 41_crop_17.png,7073,1,385,60,74.5,4
51,03-01-25 2 44 41_crop_17.png,7074,1,308,129,74.5,4
51,03-01-25 2 44 41_crop_17.png,7075,1,301,136,74.5,4
51,03-01-25 2 44 41_crop_17.png,7076,1,296,131,74.5,4
51,03-01-25 2 44 41_crop_17.png,7077,1,295,138,74.5,4
51,03-01-25 2 44 41_crop_17.png,7078,1,293,140,74.5,4
51,03-01-25 2 44 41_crop_17.png,7079,1,284,136,74.5,4
51,03-01-25 2 44 41_crop_17.png,7080,1,284,127,74.5,4
51,03-01-25 2 44 41_crop_17.png,7081,1,278,133,74.5,4
51,03-01-25 2 44 41_crop_17.png,7082,1,283,119,74.5,4
51,03-01-25 2 44 41_crop_17.png,7083,1,291,106,74.5,4
51,03-01-25 2 44 41_crop_17.png,7084,1,291,113,74.5,4
51,03-01-25 2 44 41_crop_17.png,7085,1,297,120,74.5,4
51,03-01-25 2 44 41_crop_17.png,7086,1,303,121,74.5,4
51,03-01-25 2 44 41_crop_17.png,7087,1,305,112,74.5,4
51,03-01-25 2 44 41_crop_17.png,7088,1,300,107,74.5,4
51,03-01-25 2 44 41_crop_17.png,7089,1,304,100,74.5,4
51,03-01-25 2 44 41_crop_17.png,7090,1,294,98,74.5,4
51,03-01-25 2 44 41_crop_17.png,7091,1,315,116,74.5,4
51,03-01-25 2 44 41_crop_17.png,7092,1,322,111,74.5,4
51,03-01-25 2 44 41_crop_17.png,7093,1,337,105,74.5,4
51,03-01-25 2 44 41_crop_17.png,7094,1,342,95,74.5,4
51,03-01-25 2 44 41_crop_17.png,7095,1,339,90,74.5,4
51,03-01-25 2 44 41_crop_17.png,7096,1,322,72,74.5,4
51,03-01-25 2 44 41_crop_17.png,7097,1,319,66,74.5,4
51,03-01-25 2 44 41_crop_17.png,7098,1,313,71,74.5,4
51,03-01-25 2 44 41_crop_17.png,7099,1,333,64,74.5,4
51,03-01-25 2 44 41_crop_17.png,7100,1,338,60,74.5,4
51,03-01-25 2 44 41_crop_17.png,7101,1,345,67,74.5,4
51,03-01-25 2 44 41_crop_17.png,7102,1,343,72,74.5,4
51,03-01-25 2 44 41_crop_17.png,7103,1,355,74,74.5,4
51,03-01-25 2 44 41_crop_17.png,7104,1,361,77,74.5,4
51,03-01-25 2 44 41_crop_17.png,7105,1,356,66,74.5,4
51,03-01-25 2 44 41_crop_17.png,7106,1,365,66,74.5,4
51,03-01-25 2 44 41_crop_17.png,7107,1,370,55,74.5,4
51,03-01-25 2 44 41_crop_17.png,7108,1,379,52,74.5,4
51,03-01-25 2 44 41_crop_17.png,7109,1,369,48,74.5,4
51,03-01-25 2 44 41_crop_17.png,7110,1,358,40,74.5,4
51,03-01-25 2 44 41_crop_17.png,7111,1,358,53,74.5,4
51,03-01-25 2 44 41_crop_17.png,7112,1,349,33,74.5,4
51,03-01-25 2 44 41_crop_17.png,7113,1,273,123,74.5,4
51,03-01-25 2 44 41_crop_17.png,7114,1,300,91,74.5,4
51,03-01-25 2 44 41_crop_17.png,7115,1,322,91,74.5,4
51,03-01-25 2 44 41_crop_17.png,7116,1,325,81,74.5,4
51,03-01-25 2 44 41_crop_17.png,7117,1,344,47,74.5,4
51,03-01-25 2 44 41_crop_17.png,7118,1,361,22,74.5,4
51,03-01-25 2 44 41_crop_17.png,7119,1,355,15,74.5,4
51,03-01-25 2 44 41_crop_17.png,7120,1,356,5,74.5,4
51,03-01-25 2 44 41_crop_17.png,7121,1,347,7,74.5,4
51,03-01-25 2 44 41_crop_17.png,7122,1,340,23,74.5,4
51,03-01-25 2 44 41_crop_17.png,7123,1,334,33,74.5,4
51,03-01-25 2 44 41_crop_17.png,7124,1,330,40,74.5,4
51,03-01-25 2 44 41_crop_17.png,7125,1,325,47,74.5,4
51,03-01-25 2 44 41_crop_17.png,7126,1,322,39,74.5,4
51,03-01-25 2 44 41_crop_17.png,7127,1,317,34,74.5,4
51,03-01-25 2 44 41_crop_17.png,7128,1,323,27,74.5,4
51,03-01-25 2 44 41_crop_17.png,7129,1,319,16,74.5,4
51,03-01-25 2 44 41_crop_17.png,7130,1,332,13,74.5,4
51,03-01-25 2 44 41_crop_17.png,7131,1,321,2,39.0,3
51,03-01-25 2 44 41_crop_17.png,7132,1,303,4,73.0,4
51,03-01-25 2 44 41_crop_17.png,7133,1,300,11,74.5,4
51,03-01-25 2 44 41_crop_17.png,7134,1,306,19,74.5,4
51,03-01-25 2 44 41_crop_17.png,7135,1,311,26,74.5,4
51,03-01-25 2 44 41_crop_17.png,7136,1,297,22,74.5,4
51,03-01-25 2 44 41_crop_17.png,7137,1,299,39,74.5,4
51,03-01-25 2 44 41_crop_17.png,7138,1,313,50,74.5,4
51,03-01-25 2 44 41_crop_17.png,7139,1,297,50,74.5,4
51,03-01-25 2 44 41_crop_17.png,7140,1,301,60,74.5,4
51,03-01-25 2 44 41_crop_17.png,7141,1,290,60,74.5,4
51,03-01-25 2 44 41_crop_17.png,7142,1,285,52,74.5,4
51,03-01-25 2 44 41_crop_17.png,7143,1,280,56,74.5,4
51,03-01-25 2 44 41_crop_17.png,7144,1,283,63,74.5,4
51,03-01-25 2 44 41_crop_17.png,7145,1,275,50,74.5,4
51,03-01-25 2 44 41_crop_17.png,7146,1,276,36,74.5,4
51,03-01-25 2 44 41_crop_17.png,7147,1,288,35,74.5,4
51,03-01-25 2 44 41_crop_17.png,7148,1,280,22,74.5,4
51,03-01-25 2 44 41_crop_17.png,7149,1,278,3,58.0,4
51,03-01-25 2 44 41_crop_17.png,7150,1,269,8,74.5,4
51,03-01-25 2 44 41_crop_17.png,7151,1,269,20,74.5,4
51,03-01-25 2 44 41_crop_17.png,7152,1,265,23,74.5,4
51,03-01-25 2 44 41_crop_17.png,7153,1,268,30,74.5,4
51,03-01-25 2 44 41_crop_17.png,7154,1,263,39,74.5,4
51,03-01-25 2 44 41_crop_17.png,7155,1,268,46,74.5,4
51,03-01-25 2 44 41_crop_17.png,7156,1,260,50,74.5,4
51,03-01-25 2 44 41_crop_17.png,7157,1,253,51,74.5,4
51,03-01-25 2 44 41_crop_17.png,7158,1,243,57,74.5,4
51,03-01-25 2 44 41_crop_17.png,7159,1,254,41,74.5,4
51,03-01-25 2 44 41_crop_17.png,7160,1,253,30,74.5,4
51,03-01-25 2 44 41_crop_17.png,7161,1,248,22,74.5,4
51,03-01-25 2 44 41_crop_17.png,7162,1,254,16,74.5,4
51,03-01-25 2 44 41_crop_17.png,7163,1,251,5,74.5,4
51,03-01-25 2 44 41_crop_17.png,7164,1,243,16,74.5,4
51,03-01-25 2 44 41_crop_17.png,7165,1,236,14,74.5,4
51,03-01-25 2 44 41_crop_17.png,7166,1,230,7,74.5,4
51,03-01-25 2 44 41_crop_17.png,7167,1,238,25,74.5,4
51,03-01-25 2 44 41_crop_17.png,7168,1,233,36,74.5,4
51,03-01-25 2 44 41_crop_17.png,7169,1,238,46,74.5,4
51,03-01-25 2 44 41_crop_17.png,7170,1,254,64,74.5,4
51,03-01-25 2 44 41_crop_17.png,7171,1,247,69,74.5,4
51,03-01-25 2 44 41_crop_17.png,7172,1,253,79,74.5,4
51,03-01-25 2 44 41_crop_17.png,7173,1,267,77,74.5,4
51,03-01-25 2 44 41_crop_17.png,7174,1,271,67,74.5,4
51,03-01-25 2 44 41_crop_17.png,7175,1,262,88,74.5,4
51,03-01-25 2 44 41_crop_17.png,7176,1,280,95,74.5,4
51,03-01-25 2 44 41_crop_17.png,7177,1,286,88,74.5,4
51,03-01-25 2 44 41_crop_17.png,7178,1,270,112,74.5,4
51,03-01-25 2 44 41_crop_17.png,7179,1,261,123,74.5,4
51,03-01-25 2 44 41_crop_17.png,7180,1,266,129,74.5,4
51,03-01-25 2 44 41_crop_17.png,7181,1,247,140,74.5,4
51,03-01-25 2 44 41_crop_17.png,7182,1,292,153,74.5,4
51,03-01-25 2 44 41_crop_17.png,7183,1,283,152,74.5,4
51,03-01-25 2 44 41_crop_17.png,7184,1,269,88,74.5,4
51,03-01-25 2 44 41_crop_17.png,7185,1,261,100,74.5,4
51,03-01-25 2 44 41_crop_17.png,7186,1,263,112,74.5,4
51,03-01-25 2 44 41_crop_17.png,7187,1,259,138,74.5,4
51,03-01-25 2 44 41_crop_17.png,7188,1,271,163,74.5,4
51,03-01-25 2 44 41_crop_17.png,7189,1,264,155,74.5,4
51,03-01-25 2 44 41_crop_17.png,7190,1,271,150,74.5,4
51,03-01-25 2 44 41_crop_17.png,7191,1,258,159,74.5,4
51,03-01-25 2 44 41_crop_17.png,7192,1,248,153,74.5,4
51,03-01-25 2 44 41_crop_17.png,7193,1,244,163,74.5,4
51,03-01-25 2 44 41_crop_17.png,7194,1,252,171,74.5,4
51,03-01-25 2 44 41_crop_17.png,7195,1,235,150,74.5,4
51,03-01-25 2 44 41_crop_17.png,7196,1,235,139,74.5,4
51,03-01-25 2 44 41_crop_17.png,7197,1,235,134,74.5,4
51,03-01-25 2 44 41_crop_17.png,7198,1,241,125,74.5,4
51,03-01-25 2 44 41_crop_17.png,7199,1,232,116,74.5,4
51,03-01-25 2 44 41_crop_17.png,7200,1,247,110,74.5,4
51,03-01-25 2 44 41_crop_17.png,7201,1,245,99,74.5,4
51,03-01-25 2 44 41_crop_17.png,7202,1,251,100,74.5,4
51,03-01-25 2 44 41_crop_17.png,7203,1,245,88,74.5,4
51,03-01-25 2 44 41_crop_17.png,7204,1,232,97,74.5,4
51,03-01-25 2 44 41_crop_17.png,7205,1,231,92,74.5,4
51,03-01-25 2 44 41_crop_17.png,7206,1,230,84,74.5,4
51,03-01-25 2 44 41_crop_17.png,7207,1,221,105,74.5,4
51,03-01-25 2 44 41_crop_17.png,7208,1,214,7,74.5,4
51,03-01-25 2 44 41_crop_17.png,7209,1,210,96,74.5,4
51,03-01-25 2 44 41_crop_17.png,7210,1,213,88,74.5,4
51,03-01-25 2 44 41_crop_17.png,7211,1,219,84,74.5,4
51,03-01-25 2 44 41_crop_17.png,7212,1,215,73,74.5,4
51,03-01-25 2 44 41_crop_17.png,7213,1,203,71,74.5,4
51,03-01-25 2 44 41_crop_17.png,7214,1,216,62,74.5,4
51,03-01-25 2 44 41_crop_17.png,7215,1,221,56,74.5,4
51,03-01-25 2 44 41_crop_17.png,7216,1,229,64,74.5,4
51,03-01-25 2 44 41_crop_17.png,7217,1,231,71,74.5,4
51,03-01-25 2 44 41_crop_17.png,7218,1,237,75,74.5,4
51,03-01-25 2 44 41_crop_17.png,7219,1,237,64,74.5,4
51,03-01-25 2 44 41_crop_17.png,7220,1,218,44,74.5,4
51,03-01-25 2 44 41_crop_17.png,7221,1,222,35,74.5,4
51,03-01-25 2 44 41_crop_17.png,7222,1,212,34,74.5,4
51,03-01-25 2 44 41_crop_17.png,7223,1,207,43,74.5,4
51,03-01-25 2 44 41_crop_17.png,7224,1,206,55,74.5,4
51,03-01-25 2 44 41_crop_17.png,7225,1,198,49,74.5,4
51,03-01-25 2 44 41_crop_17.png,7226,1,199,59,74.5,4
51,03-01-25 2 44 41_crop_17.png,7227,1,186,55,74.5,4
51,03-01-25 2 44 41_crop_17.png,7228,1,181,68,74.5,4
51,03-01-25 2 44 41_crop_17.png,7229,1,180,76,74.5,4
51,03-01-25 2 44 41_crop_17.png,7230,1,185,82,74.5,4
51,03-01-25 2 44 41_crop_17.png,7231,1,178,94,74.5,4
51,03-01-25 2 44 41_crop_17.png,7232,1,186,103,74.5,4
51,03-01-25 2 44 41_crop_17.png,7233,1,193,111,74.5,4
51,03-01-25 2 44 41_crop_17.png,7234,1,200,105,74.5,4
51,03-01-25 2 44 41_crop_17.png,7235,1,198,90,74.5,4
51,03-01-25 2 44 41_crop_17.png,7236,1,212,122,74.5,4
51,03-01-25 2 44 41_crop_17.png,7237,1,221,124,74.5,4
51,03-01-25 2 44 41_crop_17.png,7238,1,226,135,74.5,4
51,03-01-25 2 44 41_crop_17.png,7239,1,218,136,74.5,4
51,03-01-25 2 44 41_crop_17.png,7240,1,224,143,74.5,4
51,03-01-25 2 44 41_crop_17.png,7241,1,228,129,74.5,4
51,03-01-25 2 44 41_crop_17.png,7242,1,213,165,74.5,4
51,03-01-25 2 44 41_crop_17.png,7243,1,446,117,74.5,4
51,03-01-25 2 44 41_crop_17.png,7244,1,420,96,74.5,4
51,03-01-25 2 44 41_crop_17.png,7245,1,480,146,74.5,4
51,03-01-25 2 44 41_crop_17.png,7246,1,450,89,74.5,4
51,03-01-25 2 44 41_crop_17.png,7247,1,436,88,74.5,4
51,03-01-25 2 44 41_crop_17.png,7248,1,422,72,74.5,4
51,03-01-25 2 44 41_crop_17.png,7249,1,445,43,74.5,4
51,03-01-25 2 44 41_crop_17.png,7250,1,223,157,74.5,4
51,03-01-25 2 44 41_crop_17.png,7251,1,225,165,74.5,4
51,03-01-25 2 44 41_crop_17.png,7252,1,227,174,74.5,4
51,03-01-25 2 44 41_crop_17.png,7253,1,232,180,74.5,4
51,03-01-25 2 44 41_crop_17.png,7254,1,238,176,74.5,4
51,03-01-25 2 44 41_crop_17.png,7255,1,245,176,74.5,4
51,03-01-25 2 44 41_crop_17.png,7256,1,257,185,74.5,4
51,03-01-25 2 44 41_crop_17.png,7257,1,268,181,74.5,4
51,03-01-25 2 44 41_crop_17.png,7258,1,278,186,74.5,4
51,03-01-25 2 44 41_crop_17.png,7259,1,275,195,74.5,4
51,03-01-25 2 44 41_crop_17.png,7260,1,270,195,74.5,4
51,03-01-25 2 44 41_crop_17.png,7261,1,272,208,74.5,4
51,03-01-25 2 44 41_crop_17.png,7262,1,264,218,74.5,4
51,03-01-25 2 44 41_crop_17.png,7263,1,259,221,74.5,4
51,03-01-25 2 44 41_crop_17.png,7264,1,252,216,74.5,4
51,03-01-25 2 44 41_crop_17.png,7265,1,259,211,74.5,4
51,03-01-25 2 44 41_crop_17.png,7266,1,254,199,74.5,4
51,03-01-25 2 44 41_crop_17.png,7267,1,245,192,74.5,4
51,03-01-25 2 44 41_crop_17.png,7268,1,238,199,74.5,4
51,03-01-25 2 44 41_crop_17.png,7269,1,237,208,74.5,4
51,03-01-25 2 44 41_crop_17.png,7270,1,244,215,74.5,4
51,03-01-25 2 44 41_crop_17.png,7271,1,246,222,74.5,4
51,03-01-25 2 44 41_crop_17.png,7272,1,237,229,74.5,4
51,03-01-25 2 44 41_crop_17.png,7273,1,225,226,74.5,4
51,03-01-25 2 44 41_crop_17.png,7274,1,219,222,74.5,4
51,03-01-25 2 44 41_crop_17.png,7275,1,224,217,74.5,4
51,03-01-25 2 44 41_crop_17.png,7276,1,230,211,74.5,4
51,03-01-25 2 44 41_crop_17.png,7277,1,229,201,74.5,4
51,03-01-25 2 44 41_crop_17.png,7278,1,224,203,74.5,4
51,03-01-25 2 44 41_crop_17.png,7279,1,217,208,74.5,4
51,03-01-25 2 44 41_crop_17.png,7280,1,215,201,74.5,4
51,03-01-25 2 44 41_crop_17.png,7281,1,207,195,74.5,4
51,03-01-25 2 44 41_crop_17.png,7282,1,202,190,74.5,4
51,03-01-25 2 44 41_crop_17.png,7283,1,209,183,74.5,4
51,03-01-25 2 44 41_crop_17.png,7284,1,215,189,74.5,4
51,03-01-25 2 44 41_crop_17.png,7285,1,222,191,74.5,4
51,03-01-25 2 44 41_crop_17.png,7286,1,225,185,74.5,4
51,03-01-25 2 44 41_crop_17.png,7287,1,234,190,74.5,4
51,03-01-25 2 44 41_crop_17.png,7288,1,203,174,74.5,4
51,03-01-25 2 44 41_crop_17.png,7289,1,197,161,74.5,4
51,03-01-25 2 44 41_crop_17.png,7290,1,211,146,74.5,4
51,03-01-25 2 44 41_crop_17.png,7291,1,204,141,74.5,4
51,03-01-25 2 44 41_crop_17.png,7292,1,199,143,74.5,4
51,03-01-25 2 44 41_crop_17.png,7293,1,198,135,74.5,4
51,03-01-25 2 44 41_crop_17.png,7294,1,184,146,74.5,4
51,03-01-25 2 44 41_crop_17.png,7295,1,171,148,74.5,4
51,03-01-25 2 44 41_crop_17.png,7296,1,160,155,74.5,4
51,03-01-25 2 44 41_crop_17.png,7297,1,177,162,74.5,4
51,03-01-25 2 44 41_crop_17.png,7298,1,160,171,74.5,4
51,03-01-25 2 44 41_crop_17.png,7299,1,150,176,74.5,4
51,03-01-25 2 44 41_crop_17.png,7300,1,181,124,74.5,4
51,03-01-25 2 44 41_crop_17.png,7301,1,165,133,74.5,4
51,03-01-25 2 44 41_crop_17.png,7302,1,170,122,74.5,4
51,03-01-25 2 44 41_crop_17.png,7303,1,180,112,74.5,4
51,03-01-25 2 44 41_crop_17.png,7304,1,173,105,74.5,4
51,03-01-25 2 44 41_crop_17.png,7305,1,160,102,74.5,4
51,03-01-25 2 44 41_crop_17.png,7306,1,157,87,74.5,4
51,03-01-25 2 44 41_crop_17.png,7307,1,162,76,74.5,4
51,03-01-25 2 44 41_crop_17.png,7308,1,160,113,74.5,4
51,03-01-25 2 44 41_crop_17.png,7309,1,155,122,74.5,4
51,03-01-25 2 44 41_crop_17.png,7310,1,149,113,74.5,4
51,03-01-25 2 44 41_crop_17.png,7311,1,145,106,74.5,4
51,03-01-25 2 44 41_crop_17.png,7312,1,141,120,74.5,4
51,03-01-25 2 44 41_crop_17.png,7313,1,145,133,74.5,4
51,03-01-25 2 44 41_crop_17.png,7314,1,138,136,74.5,4
51,03-01-25 2 44 41_crop_17.png,7315,1,142,150,74.5,4
51,03-01-25 2 44 41_crop_17.png,7316,1,129,150,74.5,4
51,03-01-25 2 44 41_crop_17.png,7317,1,127,143,74.5,4
51,03-01-25 2 44 41_crop_17.png,7318,1,119,136,74.5,4
51,03-01-25 2 44 41_crop_17.png,7319,1,127,131,74.5,4
51,03-01-25 2 44 41_crop_17.png,7320,1,127,124,74.5,4
51,03-01-25 2 44 41_crop_17.png,7321,1,130,113,74.5,4
51,03-01-25 2 44 41_crop_17.png,7322,1,134,105,74.5,4
51,03-01-25 2 44 41_crop_17.png,7323,1,124,100,74.5,4
51,03-01-25 2 44 41_crop_17.png,7324,1,125,89,74.5,4
51,03-01-25 2 44 41_crop_17.png,7325,1,115,92,74.5,4
51,03-01-25 2 44 41_crop_17.png,7326,1,114,105,74.5,4
51,03-01-25 2 44 41_crop_17.png,7327,1,101,108,74.5,4
51,03-01-25 2 44 41_crop_17.png,7328,1,120,81,74.5,4
51,03-01-25 2 44 41_crop_17.png,7329,1,130,80,74.5,4
51,03-01-25 2 44 41_crop_17.png,7330,1,140,85,74.5,4
51,03-01-25 2 44 41_crop_17.png,7331,1,144,94,74.5,4
51,03-01-25 2 44 41_crop_17.png,7332,1,149,81,74.5,4
51,03-01-25 2 44 41_crop_17.png,7333,1,142,76,74.5,4
51,03-01-25 2 44 41_crop_17.png,7334,1,140,70,74.5,4
51,03-01-25 2 44 41_crop_17.png,7335,1,148,67,74.5,4
51,03-01-25 2 44 41_crop_17.png,7336,1,155,62,74.5,4
51,03-01-25 2 44 41_crop_17.png,7337,1,148,58,74.5,4
51,03-01-25 2 44 41_crop_17.png,7338,1,140,58,74.5,4
51,03-01-25 2 44 41_crop_17.png,7339,1,159,49,74.5,4
51,03-01-25 2 44 41_crop_17.png,7340,1,163,60,74.5,4
51,03-01-25 2 44 41_crop_17.png,7341,1,171,58,74.5,4
51,03-01-25 2 44 41_crop_17.png,7342,1,174,48,74.5,4
51,03-01-25 2 44 41_crop_17.png,7343,1,180,55,74.5,4
51,03-01-25 2 44 41_crop_17.png,7344,1,185,41,74.5,4
51,03-01-25 2 44 41_crop_17.png,7345,1,199,36,74.5,4
51,03-01-25 2 44 41_crop_17.png,7346,1,194,27,74.5,4
51,03-01-25 2 44 41_crop_17.png,7347,1,206,23,74.5,4
51,03-01-25 2 44 41_crop_17.png,7348,1,221,20,74.5,4
51,03-01-25 2 44 41_crop_17.png,7349,1,218,15,74.5,4
51,03-01-25 2 44 41_crop_17.png,7350,1,195,11,74.5,4
51,03-01-25 2 44 41_crop_17.png,7351,1,190,14,74.5,4
51,03-01-25 2 44 41_crop_17.png,7352,1,180,14,74.5,4
51,03-01-25 2 44 41_crop_17.png,7353,1,181,25,74.5,4
51,03-01-25 2 44 41_crop_17.png,7354,1,174,35,74.5,4
51,03-01-25 2 44 41_crop_17.png,7355,1,167,41,74.5,4
51,03-01-25 2 44 41_crop_17.png,7356,1,160,37,74.5,4
51,03-01-25 2 44 41_crop_17.png,7357,1,161,29,74.5,4
51,03-01-25 2 44 41_crop_17.png,7358,1,161,18,74.5,4
51,03-01-25 2 44 41_crop_17.png,7359,1,166,6,74.5,4
51,03-01-25 2 44 41_crop_17.png,7360,1,142,22,74.5,4
51,03-01-25 2 44 41_crop_17.png,7361,1,141,34,74.5,4
51,03-01-25 2 44 41_crop_17.png,7362,1,143,45,74.5,4
51,03-01-25 2 44 41_crop_17.png,7363,1,132,44,74.5,4
51,03-01-25 2 44 41_crop_17.png,7364,1,124,43,74.5,4
51,03-01-25 2 44 41_crop_17.png,7365,1,125,33,74.5,4
51,03-01-25 2 44 41_crop_17.png,7366,1,127,22,74.5,4
51,03-01-25 2 44 41_crop_17.png,7367,1,128,7,74.5,4
51,03-01-25 2 44 41_crop_17.png,7368,1,145,4,73.0,4
51,03-01-25 2 44 41_crop_17.png,7369,1,153,6,74.5,4
51,03-01-25 2 44 41_crop_17.png,7370,1,115,7,74.5,4
51,03-01-25 2 44 41_crop_17.png,7371,1,116,22,74.5,4
51,03-01-25 2 44 41_crop_17.png,7372,1,110,36,74.5,4
51,03-01-25 2 44 41_crop_17.png,7373,1,108,50,74.5,4
51,03-01-25 2 44 41_crop_17.png,7374,1,114,58,74.5,4
51,03-01-25 2 44 41_crop_17.png,7375,1,126,65,74.5,4
51,03-01-25 2 44 41_crop_17.png,7376,1,128,58,74.5,4
51,03-01-25 2 44 41_crop_17.png,7377,1,106,66,74.5,4
51,03-01-25 2 44 41_crop_17.png,7378,1,110,72,74.5,4
51,03-01-25 2 44 41_crop_17.png,7379,1,97,85,74.5,4
51,03-01-25 2 44 41_crop_17.png,7380,1,88,88,74.5,4
51,03-01-25 2 44 41_crop_17.png,7381,1,74,76,74.5,4
51,03-01-25 2 44 41_crop_17.png,7382,1,85,70,74.5,4
51,03-01-25 2 44 41_crop_17.png,7383,1,78,63,74.5,4
51,03-01-25 2 44 41_crop_17.png,7384,1,89,65,74.5,4
51,03-01-25 2 44 41_crop_17.png,7385,1,77,53,74.5,4
51,03-01-25 2 44 41_crop_17.png,7386,1,77,40,74.5,4
51,03-01-25 2 44 41_crop_17.png,7387,1,89,44,74.5,4
51,03-01-25 2 44 41_crop_17.png,7388,1,96,50,74.5,4
51,03-01-25 2 44 41_crop_17.png,7389,1,92,33,74.5,4
51,03-01-25 2 44 41_crop_17.png,7390,1,85,23,74.5,4
51,03-01-25 2 44 41_crop_17.png,7391,1,94,22,74.5,4
51,03-01-25 2 44 41_crop_17.png,7392,1,104,22,74.5,4
51,03-01-25 2 44 41_crop_17.png,7393,1,78,14,74.5,4
51,03-01-25 2 44 41_crop_17.png,7394,1,67,15,74.5,4
51,03-01-25 2 44 41_crop_17.png,7395,1,68,5,74.5,4
51,03-01-25 2 44 41_crop_17.png,7396,1,74,28,74.5,4
51,03-01-25 2 44 41_crop_17.png,7397,1,80,34,74.5,4
51,03-01-25 2 44 41_crop_17.png,7398,1,68,32,74.5,4
51,03-01-25 2 44 41_crop_17.png,7399,1,59,31,74.5,4
51,03-01-25 2 44 41_crop_17.png,7400,1,47,26,74.5,4
51,03-01-25 2 44 41_crop_17.png,7401,1,52,41,74.5,4
51,03-01-25 2 44 41_crop_17.png,7402,1,61,39,74.5,4
51,03-01-25 2 44 41_crop_17.png,7403,1,66,46,74.5,4
51,03-01-25 2 44 41_crop_17.png,7404,1,59,60,74.5,4
51,03-01-25 2 44 41_crop_17.png,7405,1,46,53,74.5,4
51,03-01-25 2 44 41_crop_17.png,7406,1,33,50,74.5,4
51,03-01-25 2 44 41_crop_17.png,7407,1,40,37,74.5,4
51,03-01-25 2 44 41_crop_17.png,7408,1,34,27,74.5,4
51,03-01-25 2 44 41_crop_17.png,7409,1,29,20,74.5,4
51,03-01-25 2 44 41_crop_17.png,7410,1,29,10,74.5,4
51,03-01-25 2 44 41_crop_17.png,7411,1,37,12,74.5,4
51,03-01-25 2 44 41_crop_17.png,7412,1,33,3,66.0,4
51,03-01-25 2 44 41_crop_17.png,7413,1,45,13,74.5,4
51,03-01-25 2 44 41_crop_17.png,7414,1,53,3,66.0,4
51,03-01-25 2 44 41_crop_17.png,7415,1,13,12,74.5,4
51,03-01-25 2 44 41_crop_17.png,7416,1,4,3,62.0,4
51,03-01-25 2 44 41_crop_17.png,7417,1,14,38,74.5,4
51,03-01-25 2 44 41_crop_17.png,7418,1,19,49,74.5,4
51,03-01-25 2 44 41_crop_17.png,7419,1,18,63,74.5,4
51,03-01-25 2 44 41_crop_17.png,7420,1,45,65,74.5,4
51,03-01-25 2 44 41_crop_17.png,7421,1,46,76,74.5,4
51,03-01-25 2 44 41_crop_17.png,7422,1,52,75,74.5,4
51,03-01-25 2 44 41_crop_17.png,7423,1,64,79,74.5,4
51,03-01-25 2 44 41_crop_17.png,7424,1,59,88,74.5,4
51,03-01-25 2 44 41_crop_17.png,7425,1,65,94,74.5,4
51,03-01-25 2 44 41_crop_17.png,7426,1,74,92,74.5,4
51,03-01-25 2 44 41_crop_17.png,7427,1,72,105,74.5,4
51,03-01-25 2 44 41_crop_17.png,7428,1,80,114,74.5,4
51,03-01-25 2 44 41_crop_17.png,7429,1,78,120,74.5,4
51,03-01-25 2 44 41_crop_17.png,7430,1,53,111,74.5,4
51,03-01-25 2 44 41_crop_17.png,7431,1,43,91,74.5,4
51,03-01-25 2 44 41_crop_17.png,7432,1,37,80,74.5,4
51,03-01-25 2 44 41_crop_17.png,7433,1,26,79,74.5,4
51,03-01-25 2 44 41_crop_17.png,7434,1,18,71,74.5,4
51,03-01-25 2 44 41_crop_17.png,7435,1,9,66,74.5,4
51,03-01-25 2 44 41_crop_17.png,7436,1,3,60,57.0,4
51,03-01-25 2 44 41_crop_17.png,7437,1,3,47,57.0,4
51,03-01-25 2 44 41_crop_17.png,7438,1,3,33,57.0,4
51,03-01-25 2 44 41_crop_17.png,7439,1,19,84,74.5,4
51,03-01-25 2 44 41_crop_17.png,7440,1,20,91,74.5,4
51,03-01-25 2 44 41_crop_17.png,7441,1,13,94,74.5,4
51,03-01-25 2 44 41_crop_17.png,7442,1,10,87,74.5,4
51,03-01-25 2 44 41_crop_17.png,7443,1,3,81,57.0,4
51,03-01-25 2 44 41_crop_17.png,7444,1,35,92,74.5,4
51,03-01-25 2 44 41_crop_17.png,7445,1,38,104,74.5,4
51,03-01-25 2 44 41_crop_17.png,7446,1,53,128,74.5,4
51,03-01-25 2 44 41_crop_17.png,7447,1,57,131,74.5,4
51,03-01-25 2 44 41_crop_17.png,7448,1,64,126,74.5,4
51,03-01-25 2 44 41_crop_17.png,7449,1,65,136,74.5,4
51,03-01-25 2 44 41_crop_17.png,7450,1,73,131,74.5,4
51,03-01-25 2 44 41_crop_17.png,7451,1,83,136,74.5,4
51,03-01-25 2 44 41_crop_17.png,7452,1,79,145,74.5,4
51,03-01-25 2 44 41_crop_17.png,7453,1,70,148,74.5,4
51,03-01-25 2 44 41_crop_17.png,7454,1,59,145,74.5,4
51,03-01-25 2 44 41_crop_17.png,7455,1,53,140,74.5,4
51,03-01-25 2 44 41_crop_17.png,7456,1,40,134,74.5,4
51,03-01-25 2 44 41_crop_17.png,7457,1,33,143,74.5,4
51,03-01-25 2 44 41_crop_17.png,7458,1,34,153,74.5,4
51,03-01-25 2 44 41_crop_17.png,7459,1,24,146,74.5,4
51,03-01-25 2 44 41_crop_17.png,7460,1,18,141,74.5,4
51,03-01-25 2 44 41_crop_17.png,7461,1,9,140,74.5,4
51,03-01-25 2 44 41_crop_17.png,7462,1,9,149,74.5,4
51,03-01-25 2 44 41_crop_17.png,7463,1,8,131,74.5,4
51,03-01-25 2 44 41_crop_17.png,7464,1,19,131,74.5,4
51,03-01-25 2 44 41_crop_17.png,7465,1,27,131,74.5,4
51,03-01-25 2 44 41_crop_17.png,7466,1,27,156,74.5,4
51,03-01-25 2 44 41_crop_17.png,7467,1,28,163,74.5,4
51,03-01-25 2 44 41_crop_17.png,7468,1,39,162,74.5,4
51,03-01-25 2 44 41_crop_17.png,7469,1,51,160,74.5,4
51,03-01-25 2 44 41_crop_17.png,7470,1,51,168,74.5,4
51,03-01-25 2 44 41_crop_17.png,7471,1,79,165,74.5,4
51,03-01-25 2 44 41_crop_17.png,7472,1,74,159,74.5,4
51,03-01-25 2 44 41_crop_17.png,7473,1,83,155,74.5,4
51,03-01-25 2 44 41_crop_17.png,7474,1,93,127,74.5,4
51,03-01-25 2 44 41_crop_17.png,7475,1,98,120,74.5,4
51,03-01-25 2 44 41_crop_17.png,7476,1,104,122,74.5,4
51,03-01-25 2 44 41_crop_17.png,7477,1,114,122,74.5,4
51,03-01-25 2 44 41_crop_17.png,7478,1,104,131,74.5,4
51,03-01-25 2 44 41_crop_17.png,7479,1,107,138,74.5,4
51,03-01-25 2 44 41_crop_17.png,7480,1,108,146,74.5,4
51,03-01-25 2 44 41_crop_17.png,7481,1,98,144,74.5,4
51,03-01-25 2 44 41_crop_17.png,7482,1,101,153,74.5,4
51,03-01-25 2 44 41_crop_17.png,7483,1,93,158,74.5,4
51,03-01-25 2 44 41_crop_17.png,7484,1,90,164,74.5,4
51,03-01-25 2 44 41_crop_17.png,7485,1,82,170,74.5,4
51,03-01-25 2 44 41_crop_17.png,7486,1,86,179,74.5,4
51,03-01-25 2 44 41_crop_17.png,7487,1,86,190,74.5,4
51,03-01-25 2 44 41_crop_17.png,7488,1,80,196,74.5,4
51,03-01-25 2 44 41_crop_17.png,7489,1,97,190,74.5,4
51,03-01-25 2 44 41_crop_17.png,7490,1,93,174,74.5,4
51,03-01-25 2 44 41_crop_17.png,7491,1,100,169,74.5,4
51,03-01-25 2 44 41_crop_17.png,7492,1,104,180,74.5,4
51,03-01-25 2 44 41_crop_17.png,7493,1,113,176,74.5,4
51,03-01-25 2 44 41_crop_17.png,7494,1,105,163,74.5,4
51,03-01-25 2 44 41_crop_17.png,7495,1,112,161,74.5,4
51,03-01-25 2 44 41_crop_17.png,7496,1,120,157,74.5,4
51,03-01-25 2 44 41_crop_17.png,7497,1,119,149,74.5,4
51,03-01-25 2 44 41_crop_17.png,7498,1,121,167,74.5,4
51,03-01-25 2 44 41_crop_17.png,7499,1,130,163,74.5,4
51,03-01-25 2 44 41_crop_17.png,7500,1,138,161,74.5,4
51,03-01-25 2 44 41_crop_17.png,7501,1,141,169,74.5,4
51,03-01-25 2 44 41_crop_17.png,7502,1,139,176,74.5,4
51,03-01-25 2 44 41_crop_17.png,7503,1,134,186,74.5,4
51,03-01-25 2 44 41_crop_17.png,7504,1,132,194,74.5,4
51,03-01-25 2 44 41_crop_17.png,7505,1,144,187,74.5,4
51,03-01-25 2 44 41_crop_17.png,7506,1,144,199,74.5,4
51,03-01-25 2 44 41_crop_17.png,7507,1,137,203,74.5,4
51,03-01-25 2 44 41_crop_17.png,7508,1,136,215,74.5,4
51,03-01-25 2 44 41_crop_17.png,7509,1,138,223,74.5,4
51,03-01-25 2 44 41_crop_17.png,7510,1,123,200,74.5,4
51,03-01-25 2 44 41_crop_17.png,7511,1,115,196,74.5,4
51,03-01-25 2 44 41_crop_17.png,7512,1,120,186,74.5,4
51,03-01-25 2 44 41_crop_17.png,7513,1,104,200,74.5,4
51,03-01-25 2 44 41_crop_17.png,7514,1,96,205,74.5,4
51,03-01-25 2 44 41_crop_17.png,7515,1,101,216,74.5,4
51,03-01-25 2 44 41_crop_17.png,7516,1,109,226,74.5,4
51,03-01-25 2 44 41_crop_17.png,7517,1,106,233,74.5,4
51,03-01-25 2 44 41_crop_17.png,7518,1,157,204,74.5,4
51,03-01-25 2 44 41_crop_17.png,7519,1,166,209,74.5,4
51,03-01-25 2 44 41_crop_17.png,7520,1,158,196,74.5,4
51,03-01-25 2 44 41_crop_17.png,7521,1,162,189,74.5,4
51,03-01-25 2 44 41_crop_17.png,7522,1,172,194,74.5,4
51,03-01-25 2 44 41_crop_17.png,7523,1,179,188,74.5,4
51,03-01-25 2 44 41_crop_17.png,7524,1,184,197,74.5,4
51,03-01-25 2 44 41_crop_17.png,7525,1,192,194,74.5,4
51,03-01-25 2 44 41_crop_17.png,7526,1,190,204,74.5,4
51,03-01-25 2 44 41_crop_17.png,7527,1,202,206,74.5,4
51,03-01-25 2 44 41_crop_17.png,7528,1,204,213,74.5,4
51,03-01-25 2 44 41_crop_17.png,7529,1,207,228,74.5,4
51,03-01-25 2 44 41_crop_17.png,7530,1,212,219,74.5,4
51,03-01-25 2 44 41_crop_17.png,7531,1,210,210,74.5,4
51,03-01-25 2 44 41_crop_17.png,7532,1,183,212,74.5,4
51,03-01-25 2 44 41_crop_17.png,7533,1,185,222,74.5,4
51,03-01-25 2 44 41_crop_17.png,7534,1,177,228,74.5,4
51,03-01-25 2 44 41_crop_17.png,7535,1,187,233,74.5,4
51,03-01-25 2 44 41_crop_17.png,7536,1,172,218,74.5,4
51,03-01-25 2 44 41_crop_17.png,7537,1,161,217,74.5,4
51,03-01-25 2 44 41_crop_17.png,7538,1,164,228,74.5,4
51,03-01-25 2 44 41_crop_17.png,7539,1,164,236,74.5,4
51,03-01-25 2 44 41_crop_17.png,7540,1,151,233,74.5,4
51,03-01-25 2 44 41_crop_17.png,7541,1,127,236,74.5,4
51,03-01-25 2 44 41_crop_17.png,7542,1,259,230,74.5,4
51,03-01-25 2 44 41_crop_17.png,7543,1,280,235,74.5,4
51,03-01-25 2 44 41_crop_17.png,7544,1,35,176,74.5,4
51,03-01-25 2 44 41_crop_17.png,7545,1,93,99,74.5,4
51,03-01-25 2 44 41_crop_17.png,7546,1,83,82,74.5,4
51,03-01-25 2 44 41_crop_17.png,7547,1,68,59,74.5,4
51,03-01-25 2 44 41_crop_17.png,7548,1,34,67,74.5,4
51,03-01-25 2 44 41_crop_17.png,7549,1,48,101,74.5,4
51,03-01-25 2 44 41_crop_17.png,7550,1,19,103,74.5,4
51,03-01-25 2 44 41_crop_17.png,7551,1,8,108,74.5,4
51,03-01-25 2 44 41_crop_17.png,7552,1,31,107,74.5,4
51,03-01-25 2 44 41_crop_17.png,7553,1,26,116,74.5,4
51,03-01-25 2 44 41_crop_17.png,7554,1,41,116,74.5,4
51,03-01-25 2 44 41_crop_17.png,7555,1,42,146,74.5,4
51,03-01-25 2 44 41_crop_17.png,7556,1,58,159,74.5,4
51,03-01-25 2 44 41_crop_17.png,7557,1,195,123,74.5,4
51,03-01-25 2 44 41_crop_17.png,7558,1,179,138,74.5,4
51,03-01-25 2 44 41_crop_17.png,7559,1,125,226,74.5,4
51,03-01-25 2 44 41_crop_17.png,7560,1,2,103,48.0,3
51,03-01-25 2 44 41_crop_17.png,7561,1,2,99,48.0,3
51,03-01-25 2 44 41_crop_17.png,7562,1,7,164,74.5,4
51,03-01-25 2 44 41_crop_17.png,7563,1,13,172,74.5,4
51,03-01-25 2 44 41_crop_17.png,7564,1,18,163,74.5,4
51,03-01-25 2 44 41_crop_17.png,7565,1,21,182,74.5,4
51,03-01-25 2 44 41_crop_17.png,7566,1,9,182,74.5,4
51,03-01-25 2 44 41_crop_17.png,7567,1,3,184,57.0,4
51,03-01-25 2 44 41_crop_17.png,7568,1,8,191,74.5,4
51,03-01-25 2 44 41_crop_17.png,7569,1,359,158,74.5,4
51,03-01-25 2 44 41_crop_17.png,7570,1,10,198,74.5,4
51,03-01-25 2 44 41_crop_17.png,7571,1,4,205,71.0,4
51,03-01-25 2 44 41_crop_17.png,7572,1,9,213,74.5,4
51,03-01-25 2 44 41_crop_17.png,7573,1,4,219,71.0,4
51,03-01-25 2 44 41_crop_17.png,7574,1,13,223,74.5,4
51,03-01-25 2 44 41_crop_17.png,7575,1,23,226,74.5,4
51,03-01-25 2 44 41_crop_17.png,7576,1,17,206,74.5,4
51,03-01-25 2 44 41_crop_17.png,7577,1,24,200,74.5,4
51,03-01-25 2 44 41_crop_17.png,7578,1,30,201,74.5,4
51,03-01-25 2 44 41_crop_17.png,7579,1,38,205,74.5,4
51,03-01-25 2 44 41_crop_17.png,7580,1,27,214,74.5,4
51,03-01-25 2 44 41_crop_17.png,7581,1,34,218,74.5,4
51,03-01-25 2 44 41_crop_17.png,7582,1,36,225,74.5,4
51,03-01-25 2 44 41_crop_17.png,7583,1,42,233,74.5,4
51,03-01-25 2 44 41_crop_17.png,7584,1,50,223,74.5,4
51,03-01-25 2 44 41_crop_17.png,7585,1,60,221,74.5,4
51,03-01-25 2 44 41_crop_17.png,7586,1,50,209,74.5,4
51,03-01-25 2 44 41_crop_17.png,7587,1,60,205,74.5,4
51,03-01-25 2 44 41_crop_17.png,7588,1,69,203,74.5,4
51,03-01-25 2 44 41_crop_17.png,7589,1,73,213,74.5,4
51,03-01-25 2 44 41_crop_17.png,7590,1,54,193,74.5,4
51,03-01-25 2 44 41_crop_17.png,7591,1,45,195,74.5,4
51,03-01-25 2 44 41_crop_17.png,7592,1,39,188,74.5,4
51,03-01-25 2 44 41_crop_17.png,7593,1,31,190,74.5,4
51,03-01-25 2 44 41_crop_17.png,7594,1,48,178,74.5,4
51,03-01-25 2 44 41_crop_17.png,7595,1,59,184,74.5,4
51,03-01-25 2 44 41_crop_17.png,7596,1,57,174,74.5,4
51,03-01-25 2 44 41_crop_17.png,7597,1,64,177,74.5,4
51,03-01-25 2 44 41_crop_17.png,7598,1,70,174,74.5,4
51,03-01-25 2 44 41_crop_17.png,7599,1,70,183,74.5,4
51,03-01-25 2 44 41_crop_17.png,7600,1,88,219,74.5,4
51,03-01-25 2 44 41_crop_17.png,7601,1,84,225,74.5,4
51,03-01-25 2 44 41_crop_17.png,7602,1,73,227,74.5,4
51,03-01-25 2 44 41_crop_17.png,7603,1,81,235,74.5,4
51,03-01-25 2 44 41_crop_17.png,7604,1,90,243,74.5,4
51,03-01-25 2 44 41_crop_17.png,7605,1,99,244,74.5,4
51,03-01-25 2 44 41_crop_17.png,7606,1,95,255,74.5,4
51,03-01-25 2 44 41_crop_17.png,7607,1,120,246,74.5,4
51,03-01-25 2 44 41_crop_17.png,7608,1,134,254,74.5,4
51,03-01-25 2 44 41_crop_17.png,7609,1,147,256,74.5,4
51,03-01-25 2 44 41_crop_17.png,7610,1,153,248,74.5,4
51,03-01-25 2 44 41_crop_17.png,7611,1,128,263,74.5,4
51,03-01-25 2 44 41_crop_17.png,7612,1,119,260,74.5,4
51,03-01-25 2 44 41_crop_17.png,7613,1,352,59,74.5,4
51,03-01-25 2 44 41_crop_17.png,7614,1,112,266,74.5,4
51,03-01-25 2 44 41_crop_17.png,7615,1,118,274,74.5,4
51,03-01-25 2 44 41_crop_17.png,7616,1,127,272,74.5,4
51,03-01-25 2 44 41_crop_17.png,7617,1,99,278,74.5,4
51,03-01-25 2 44 41_crop_17.png,7618,1,63,235,74.5,4
51,03-01-25 2 44 41_crop_17.png,7619,1,59,240,74.5,4
51,03-01-25 2 44 41_crop_17.png,7620,1,63,254,74.5,4
51,03-01-25 2 44 41_crop_17.png,7621,1,71,246,74.5,4
51,03-01-25 2 44 41_crop_17.png,7622,1,75,254,74.5,4
51,03-01-25 2 44 41_crop_17.png,7623,1,73,261,74.5,4
51,03-01-25 2 44 41_crop_17.png,7624,1,80,270,74.5,4
51,03-01-25 2 44 41_crop_17.png,7625,1,91,288,74.5,4
51,03-01-25 2 44 41_crop_17.png,7626,1,47,260,74.5,4
51,03-01-25 2 44 41_crop_17.png,7627,1,36,254,74.5,4
51,03-01-25 2 44 41_crop_17.png,7628,1,49,244,74.5,4
51,03-01-25 2 44 41_crop_17.png,7629,1,14,237,74.5,4
51,03-01-25 2 44 41_crop_17.png,7630,1,7,229,74.5,4
51,03-01-25 2 44 41_crop_17.png,7631,1,3,233,57.0,4
51,03-01-25 2 44 41_crop_17.png,7632,1,13,265,74.5,4
51,03-01-25 2 44 41_crop_17.png,7633,1,3,259,57.0,4
51,03-01-25 2 44 41_crop_17.png,7634,1,27,259,74.5,4
51,03-01-25 2 44 41_crop_17.png,7635,1,355,166,74.5,4
51,03-01-25 2 44 41_crop_17.png,7636,1,32,268,74.5,4
51,03-01-25 2 44 41_crop_17.png,7637,1,18,276,74.5,4
51,03-01-25 2 44 41_crop_17.png,7638,1,2,273,48.0,3
51,03-01-25 2 44 41_crop_17.png,7639,1,10,286,74.5,4
51,03-01-25 2 44 41_crop_17.png,7640,1,22,295,74.5,4
51,03-01-25 2 44 41_crop_17.png,7641,1,32,293,74.5,4
51,03-01-25 2 44 41_crop_17.png,7642,1,31,281,74.5,4
51,03-01-25 2 44 41_crop_17.png,7643,1,46,273,74.5,4
51,03-01-25 2 44 41_crop_17.png,7644,1,57,269,74.5,4
51,03-01-25 2 44 41_crop_17.png,7645,1,66,270,74.5,4
51,03-01-25 2 44 41_crop_17.png,7646,1,72,276,74.5,4
51,03-01-25 2 44 41_crop_17.png,7647,1,77,285,74.5,4
51,03-01-25 2 44 41_crop_17.png,7648,1,66,284,74.5,4
51,03-01-25 2 44 41_crop_17.png,7649,1,55,285,74.5,4
51,03-01-25 2 44 41_crop_17.png,7650,1,49,287,74.5,4
51,03-01-25 2 44 41_crop_17.png,7651,1,43,294,74.5,4
51,03-01-25 2 44 41_crop_17.png,7652,1,58,296,74.5,4
51,03-01-25 2 44 41_crop_17.png,7653,1,65,305,74.5,4
51,03-01-25 2 44 41_crop_17.png,7654,1,57,309,74.5,4
51,03-01-25 2 44 41_crop_17.png,7655,1,50,317,74.5,4
51,03-01-25 2 44 41_crop_17.png,7656,1,32,236,74.5,4
51,03-01-25 2 44 41_crop_17.png,7657,1,29,309,74.5,4
51,03-01-25 2 44 41_crop_17.png,7658,1,18,305,74.5,4
51,03-01-25 2 44 41_crop_17.png,7659,1,9,299,74.5,4
51,03-01-25 2 44 41_crop_17.png,7660,1,7,311,74.5,4
51,03-01-25 2 44 41_crop_17.png,7661,1,4,320,71.0,4
51,03-01-25 2 44 41_crop_17.png,7662,1,21,332,74.5,4
51,03-01-25 2 44 41_crop_17.png,7663,1,14,326,74.5,4
51,03-01-25 2 44 41_crop_17.png,7664,1,25,318,74.5,4
51,03-01-25 2 44 41_crop_17.png,7665,1,18,319,74.5,4
51,03-01-25 2 44 41_crop_17.png,7666,1,39,319,74.5,4
51,03-01-25 2 44 41_crop_17.png,7667,1,78,303,74.5,4
51,03-01-25 2 44 41_crop_17.png,7668,1,78,295,74.5,4
51,03-01-25 2 44 41_crop_17.png,7669,1,86,306,74.5,4
51,03-01-25 2 44 41_crop_17.png,7670,1,79,315,74.5,4
51,03-01-25 2 44 41_crop_17.png,7671,1,81,325,74.5,4
51,03-01-25 2 44 41_crop_17.png,7672,1,69,321,74.5,4
51,03-01-25 2 44 41_crop_17.png,7673,1,63,329,74.5,4
51,03-01-25 2 44 41_crop_17.png,7674,1,55,338,74.5,4
51,03-01-25 2 44 41_crop_17.png,7675,1,51,347,74.5,4
51,03-01-25 2 44 41_crop_17.png,7676,1,43,351,74.5,4
51,03-01-25 2 44 41_crop_17.png,7677,1,32,347,74.5,4
51,03-01-25 2 44 41_crop_17.png,7678,1,26,356,74.5,4
51,03-01-25 2 44 41_crop_17.png,7679,1,17,366,74.5,4
51,03-01-25 2 44 41_crop_17.png,7680,1,5,367,74.5,4
51,03-01-25 2 44 41_crop_17.png,7681,1,10,361,74.5,4
51,03-01-25 2 44 41_crop_17.png,7682,1,5,349,74.5,4
51,03-01-25 2 44 41_crop_17.png,7683,1,39,336,74.5,4
51,03-01-25 2 44 41_crop_17.png,7684,1,46,332,74.5,4
51,03-01-25 2 44 41_crop_17.png,7685,1,28,326,74.5,4
51,03-01-25 2 44 41_crop_17.png,7686,1,34,328,74.5,4
51,03-01-25 2 44 41_crop_17.png,7687,1,80,334,74.5,4
51,03-01-25 2 44 41_crop_17.png,7688,1,80,343,74.5,4
51,03-01-25 2 44 41_crop_17.png,7689,1,92,338,74.5,4
51,03-01-25 2 44 41_crop_17.png,7690,1,351,159,74.5,4
51,03-01-25 2 44 41_crop_17.png,7691,1,103,334,74.5,4
51,03-01-25 2 44 41_crop_17.png,7692,1,96,325,74.5,4
51,03-01-25 2 44 41_crop_17.png,7693,1,93,314,74.5,4
51,03-01-25 2 44 41_crop_17.png,7694,1,121,290,74.5,4
51,03-01-25 2 44 41_crop_17.png,7695,1,124,303,74.5,4
51,03-01-25 2 44 41_crop_17.png,7696,1,130,297,74.5,4
51,03-01-25 2 44 41_crop_17.png,7697,1,133,292,74.5,4
51,03-01-25 2 44 41_crop_17.png,7698,1,141,293,74.5,4
51,03-01-25 2 44 41_crop_17.png,7699,1,138,281,74.5,4
51,03-01-25 2 44 41_crop_17.png,7700,1,140,272,74.5,4
51,03-01-25 2 44 41_crop_17.png,7701,1,150,267,74.5,4
51,03-01-25 2 44 41_crop_17.png,7702,1,155,283,74.5,4
51,03-01-25 2 44 41_crop_17.png,7703,1,147,285,74.5,4
51,03-01-25 2 44 41_crop_17.png,7704,1,159,294,74.5,4
51,03-01-25 2 44 41_crop_17.png,7705,1,111,296,74.5,4
51,03-01-25 2 44 41_crop_17.png,7706,1,106,295,74.5,4
51,03-01-25 2 44 41_crop_17.png,7707,1,97,303,74.5,4
51,03-01-25 2 44 41_crop_17.png,7708,1,101,301,74.5,4
51,03-01-25 2 44 41_crop_17.png,7709,1,36,373,74.5,4
51,03-01-25 2 44 41_crop_17.png,7710,1,53,386,74.5,4
51,03-01-25 2 44 41_crop_17.png,7711,1,57,372,74.5,4
51,03-01-25 2 44 41_crop_17.png,7712,1,66,381,74.5,4
51,03-01-25 2 44 41_crop_17.png,7713,1,73,358,74.5,4
51,03-01-25 2 44 41_crop_17.png,7714,1,79,354,74.5,4
51,03-01-25 2 44 41_crop_17.png,7715,1,66,355,74.5,4
51,03-01-25 2 44 41_crop_17.png,7716,1,53,357,74.5,4
51,03-01-25 2 44 41_crop_17.png,7717,1,45,358,74.5,4
51,03-01-25 2 44 41_crop_17.png,7718,1,22,386,74.5,4
51,03-01-25 2 44 41_crop_17.png,7719,1,14,384,74.5,4
51,03-01-25 2 44 41_crop_17.png,7720,1,3,382,57.0,4
51,03-01-25 2 44 41_crop_17.png,7721,1,3,394,65.0,4
51,03-01-25 2 44 41_crop_17.png,7722,1,18,403,74.5,4
51,03-01-25 2 44 41_crop_17.png,7723,1,5,412,74.5,4
51,03-01-25 2 44 41_crop_17.png,7724,1,20,416,74.5,4
51,03-01-25 2 44 41_crop_17.png,7725,1,12,422,74.5,4
51,03-01-25 2 44 41_crop_17.png,7726,1,19,427,74.5,4
51,03-01-25 2 44 41_crop_17.png,7727,1,31,416,74.5,4
51,03-01-25 2 44 41_crop_17.png,7728,1,31,392,74.5,4
51,03-01-25 2 44 41_crop_17.png,7729,1,38,389,74.5,4
51,03-01-25 2 44 41_crop_17.png,7730,1,46,410,74.5,4
51,03-01-25 2 44 41_crop_17.png,7731,1,368,147,74.5,4
51,03-01-25 2 44 41_crop_17.png,7732,1,55,406,74.5,4
51,03-01-25 2 44 41_crop_17.png,7733,1,53,420,74.5,4
51,03-01-25 2 44 41_crop_17.png,7734,1,69,394,74.5,4
51,03-01-25 2 44 41_crop_17.png,7735,1,78,400,74.5,4
51,03-01-25 2 44 41_crop_17.png,7736,1,75,382,74.5,4
51,03-01-25 2 44 41_crop_17.png,7737,1,91,383,74.5,4
51,03-01-25 2 44 41_crop_17.png,7738,1,96,371,74.5,4
51,03-01-25 2 44 41_crop_17.png,7739,1,102,378,74.5,4
51,03-01-25 2 44 41_crop_17.png,7740,1,101,388,74.5,4
51,03-01-25 2 44 41_crop_17.png,7741,1,103,396,74.5,4
51,03-01-25 2 44 41_crop_17.png,7742,1,93,399,74.5,4
51,03-01-25 2 44 41_crop_17.png,7743,1,86,395,74.5,4
51,03-01-25 2 44 41_crop_17.png,7744,1,85,403,74.5,4
51,03-01-25 2 44 41_crop_17.png,7745,1,87,412,74.5,4
51,03-01-25 2 44 41_crop_17.png,7746,1,78,413,74.5,4
51,03-01-25 2 44 41_crop_17.png,7747,1,87,419,74.5,4
51,03-01-25 2 44 41_crop_17.png,7748,1,96,410,74.5,4
51,03-01-25 2 44 41_crop_17.png,7749,1,98,419,74.5,4
51,03-01-25 2 44 41_crop_17.png,7750,1,94,429,74.5,4
51,03-01-25 2 44 41_crop_17.png,7751,1,78,426,74.5,4
51,03-01-25 2 44 41_crop_17.png,7752,1,68,419,74.5,4
51,03-01-25 2 44 41_crop_17.png,7753,1,66,436,74.5,4
51,03-01-25 2 44 41_crop_17.png,7754,1,77,438,74.5,4
51,03-01-25 2 44 41_crop_17.png,7755,1,108,422,74.5,4
51,03-01-25 2 44 41_crop_17.png,7756,1,119,420,74.5,4
51,03-01-25 2 44 41_crop_17.png,7757,1,122,411,74.5,4
51,03-01-25 2 44 41_crop_17.png,7758,1,116,379,74.5,4
51,03-01-25 2 44 41_crop_17.png,7759,1,136,385,74.5,4
51,03-01-25 2 44 41_crop_17.png,7760,1,145,391,74.5,4
51,03-01-25 2 44 41_crop_17.png,7761,1,146,401,74.5,4
51,03-01-25 2 44 41_crop_17.png,7762,1,143,371,74.5,4
51,03-01-25 2 44 41_crop_17.png,7763,1,152,373,74.5,4
51,03-01-25 2 44 41_crop_17.png,7764,1,160,380,74.5,4
51,03-01-25 2 44 41_crop_17.png,7765,1,165,393,74.5,4
51,03-01-25 2 44 41_crop_17.png,7766,1,156,413,74.5,4
51,03-01-25 2 44 41_crop_17.png,7767,1,146,424,74.5,4
51,03-01-25 2 44 41_crop_17.png,7768,1,135,423,74.5,4
51,03-01-25 2 44 41_crop_17.png,7769,1,123,430,74.5,4
51,03-01-25 2 44 41_crop_17.png,7770,1,110,438,74.5,4
51,03-01-25 2 44 41_crop_17.png,7771,1,120,439,74.5,4
51,03-01-25 2 44 41_crop_17.png,7772,1,126,443,74.5,4
51,03-01-25 2 44 41_crop_17.png,7773,1,134,448,74.5,4
51,03-01-25 2 44 41_crop_17.png,7774,1,134,435,74.5,4
51,03-01-25 2 44 41_crop_17.png,7775,1,107,448,74.5,4
51,03-01-25 2 44 41_crop_17.png,7776,1,96,448,74.5,4
51,03-01-25 2 44 41_crop_17.png,7777,1,82,450,74.5,4
51,03-01-25 2 44 41_crop_17.png,7778,1,85,468,74.5,4
51,03-01-25 2 44 41_crop_17.png,7779,1,64,459,74.5,4
51,03-01-25 2 44 41_crop_17.png,7780,1,62,475,74.5,4
51,03-01-25 2 44 41_crop_17.png,7781,1,50,474,74.5,4
51,03-01-25 2 44 41_crop_17.png,7782,1,30,471,74.5,4
51,03-01-25 2 44 41_crop_17.png,7783,1,48,485,74.5,4
51,03-01-25 2 44 41_crop_17.png,7784,1,46,494,74.5,4
51,03-01-25 2 44 41_crop_17.png,7785,1,36,493,74.5,4
51,03-01-25 2 44 41_crop_17.png,7786,1,24,488,74.5,4
51,03-01-25 2 44 41_crop_17.png,7787,1,13,491,74.5,4
51,03-01-25 2 44 41_crop_17.png,7788,1,23,480,74.5,4
51,03-01-25 2 44 41_crop_17.png,7789,1,11,477,74.5,4
51,03-01-25 2 44 41_crop_17.png,7790,1,3,457,65.0,4
51,03-01-25 2 44 41_crop_17.png,7791,1,2,467,38.0,3
51,03-01-25 2 44 41_crop_17.png,7792,1,4,445,71.0,4
51,03-01-25 2 44 41_crop_17.png,7793,1,12,441,74.5,4
51,03-01-25 2 44 41_crop_17.png,7794,1,25,448,74.5,4
51,03-01-25 2 44 41_crop_17.png,7795,1,27,437,74.5,4
51,03-01-25 2 44 41_crop_17.png,7796,1,38,429,74.5,4
51,03-01-25 2 44 41_crop_17.png,7797,1,38,441,74.5,4
51,03-01-25 2 44 41_crop_17.png,7798,1,36,448,74.5,4
51,03-01-25 2 44 41_crop_17.png,7799,1,49,442,74.5,4
51,03-01-25 2 44 41_crop_17.png,7800,1,53,433,74.5,4
51,03-01-25 2 44 41_crop_17.png,7801,1,60,445,74.5,4
51,03-01-25 2 44 41_crop_17.png,7802,1,55,451,74.5,4
51,03-01-25 2 44 41_crop_17.png,7803,1,45,455,74.5,4
51,03-01-25 2 44 41_crop_17.png,7804,1,51,462,74.5,4
51,03-01-25 2 44 41_crop_17.png,7805,1,36,459,74.5,4
51,03-01-25 2 44 41_crop_17.png,7806,1,2,430,48.0,3
51,03-01-25 2 44 41_crop_17.png,7807,1,2,423,38.0,3
51,03-01-25 2 44 41_crop_17.png,7808,1,97,357,74.5,4
51,03-01-25 2 44 41_crop_17.png,7809,1,110,455,74.5,4
51,03-01-25 2 44 41_crop_17.png,7810,1,3,504,57.0,4
51,03-01-25 2 44 41_crop_17.png,7811,1,13,506,71.5,4
51,03-01-25 2 44 41_crop_17.png,7812,1,20,502,74.5,4
51,03-01-25 2 44 41_crop_17.png,7813,1,40,506,74.5,4
51,03-01-25 2 44 41_crop_17.png,7814,1,67,506,71.5,4
51,03-01-25 2 44 41_crop_17.png,7815,1,58,490,74.5,4
51,03-01-25 2 44 41_crop_17.png,7816,1,67,488,74.5,4
51,03-01-25 2 44 41_crop_17.png,7817,1,74,488,74.5,4
51,03-01-25 2 44 41_crop_17.png,7818,1,80,478,74.5,4
51,03-01-25 2 44 41_crop_17.png,7819,1,92,480,74.5,4
51,03-01-25 2 44 41_crop_17.png,7820,1,91,488,74.5,4
51,03-01-25 2 44 41_crop_17.png,7821,1,96,503,74.5,4
51,03-01-25 2 44 41_crop_17.png,7822,1,107,502,74.5,4
51,03-01-25 2 44 41_crop_17.png,7823,1,107,490,74.5,4
51,03-01-25 2 44 41_crop_17.png,7824,1,118,496,74.5,4
51,03-01-25 2 44 41_crop_17.png,7825,1,117,487,74.5,4
51,03-01-25 2 44 41_crop_17.png,7826,1,110,482,74.5,4
51,03-01-25 2 44 41_crop_17.png,7827,1,119,477,74.5,4
51,03-01-25 2 44 41_crop_17.png,7828,1,114,472,74.5,4
51,03-01-25 2 44 41_crop_17.png,7829,1,124,466,74.5,4
51,03-01-25 2 44 41_crop_17.png,7830,1,130,459,74.5,4
51,03-01-25 2 44 41_crop_17.png,7831,1,136,466,74.5,4
51,03-01-25 2 44 41_crop_17.png,7832,1,146,458,74.5,4
51,03-01-25 2 44 41_crop_17.png,7833,1,142,473,74.5,4
51,03-01-25 2 44 41_crop_17.png,7834,1,131,477,74.5,4
51,03-01-25 2 44 41_crop_17.png,7835,1,136,485,74.5,4
51,03-01-25 2 44 41_crop_17.png,7836,1,127,486,74.5,4
51,03-01-25 2 44 41_crop_17.png,7837,1,127,495,74.5,4
51,03-01-25 2 44 41_crop_17.png,7838,1,122,508,55.5,4
51,03-01-25 2 44 41_crop_17.png,7839,1,141,506,71.5,4
51,03-01-25 2 44 41_crop_17.png,7840,1,132,509,25.5,2
51,03-01-25 2 44 41_crop_17.png,7841,1,136,497,74.5,4
51,03-01-25 2 44 41_crop_17.png,7842,1,142,501,74.5,4
51,03-01-25 2 44 41_crop_17.png,7843,1,347,54,74.5,4
51,03-01-25 2 44 41_crop_17.png,7844,1,144,491,74.5,4
51,03-01-25 2 44 41_crop_17.png,7845,1,149,497,74.5,4
51,03-01-25 2 44 41_crop_17.png,7846,1,155,500,74.5,4
51,03-01-25 2 44 41_crop_17.png,7847,1,161,506,74.5,4
51,03-01-25 2 44 41_crop_17.png,7848,1,161,489,74.5,4
51,03-01-25 2 44 41_crop_17.png,7849,1,153,487,74.5,4
51,03-01-25 2 44 41_crop_17.png,7850,1,146,480,74.5,4
51,03-01-25 2 44 41_crop_17.png,7851,1,155,470,74.5,4
51,03-01-25 2 44 41_crop_17.png,7852,1,154,461,74.5,4
51,03-01-25 2 44 41_crop_17.png,7853,1,162,460,74.5,4
51,03-01-25 2 44 41_crop_17.png,7854,1,164,468,74.5,4
51,03-01-25 2 44 41_crop_17.png,7855,1,171,459,74.5,4
51,03-01-25 2 44 41_crop_17.png,7856,1,164,475,74.5,4
51,03-01-25 2 44 41_crop_17.png,7857,1,175,471,74.5,4
51,03-01-25 2 44 41_crop_17.png,7858,1,184,466,74.5,4
51,03-01-25 2 44 41_crop_17.png,7859,1,172,489,74.5,4
51,03-01-25 2 44 41_crop_17.png,7860,1,168,496,74.5,4
51,03-01-25 2 44 41_crop_17.png,7861,1,190,484,74.5,4
51,03-01-25 2 44 41_crop_17.png,7862,1,201,482,74.5,4
51,03-01-25 2 44 41_crop_17.png,7863,1,382,69,74.5,4
51,03-01-25 2 44 41_crop_17.png,7864,1,197,498,74.5,4
51,03-01-25 2 44 41_crop_17.png,7865,1,192,506,71.5,4
51,03-01-25 2 44 41_crop_17.png,7866,1,184,508,35.5,3
51,03-01-25 2 44 41_crop_17.png,7867,1,176,509,25.5,2
51,03-01-25 2 44 41_crop_17.png,7868,1,198,508,35.5,3
51,03-01-25 2 44 41_crop_17.png,7869,1,212,506,74.5,4
51,03-01-25 2 44 41_crop_17.png,7870,1,216,508,35.5,3
51,03-01-25 2 44 41_crop_17.png,7871,1,223,508,55.5,4
51,03-01-25 2 44 41_crop_17.png,7872,1,235,505,74.5,4
51,03-01-25 2 44 41_crop_17.png,7873,1,235,508,35.5,3
51,03-01-25 2 44 41_crop_17.png,7874,1,229,478,74.5,4
51,03-01-25 2 44 41_crop_17.png,7875,1,220,484,74.5,4
51,03-01-25 2 44 41_crop_17.png,7876,1,212,488,74.5,4
51,03-01-25 2 44 41_crop_17.png,7877,1,207,492,74.5,4
51,03-01-25 2 44 41_crop_17.png,7878,1,194,450,74.5,4
51,03-01-25 2 44 41_crop_17.png,7879,1,206,440,74.5,4
51,03-01-25 2 44 41_crop_17.png,7880,1,222,442,74.5,4
51,03-01-25 2 44 41_crop_17.png,7881,1,191,429,74.5,4
51,03-01-25 2 44 41_crop_17.png,7882,1,200,426,74.5,4
51,03-01-25 2 44 41_crop_17.png,7883,1,185,423,74.5,4
51,03-01-25 2 44 41_crop_17.png,7884,1,182,435,74.5,4
51,03-01-25 2 44 41_crop_17.png,7885,1,172,433,74.5,4
51,03-01-25 2 44 41_crop_17.png,7886,1,158,428,74.5,4
51,03-01-25 2 44 41_crop_17.png,7887,1,159,437,74.5,4
51,03-01-25 2 44 41_crop_17.png,7888,1,149,443,74.5,4
51,03-01-25 2 44 41_crop_17.png,7889,1,180,412,74.5,4
51,03-01-25 2 44 41_crop_17.png,7890,1,128,377,74.5,4
51,03-01-25 2 44 41_crop_17.png,7891,1,353,254,74.5,4
51,03-01-25 2 44 41_crop_17.png,7892,1,108,359,74.5,4
51,03-01-25 2 44 41_crop_17.png,7893,1,115,361,74.5,4
51,03-01-25 2 44 41_crop_17.png,7894,1,105,346,74.5,4
51,03-01-25 2 44 41_crop_17.png,7895,1,116,350,74.5,4
51,03-01-25 2 44 41_crop_17.png,7896,1,127,354,74.5,4
51,03-01-25 2 44 41_crop_17.png,7897,1,135,347,74.5,4
51,03-01-25 2 44 41_crop_17.png,7898,1,144,354,74.5,4
51,03-01-25 2 44 41_crop_17.png,7899,1,150,360,74.5,4
51,03-01-25 2 44 41_crop_17.png,7900,1,376,153,74.5,4
51,03-01-25 2 44 41_crop_17.png,7901,1,153,343,74.5,4
51,03-01-25 2 44 41_crop_17.png,7902,1,156,351,74.5,4
51,03-01-25 2 44 41_crop_17.png,7903,1,165,343,74.5,4
51,03-01-25 2 44 41_crop_17.png,7904,1,121,334,74.5,4
51,03-01-25 2 44 41_crop_17.png,7905,1,126,339,74.5,4
51,03-01-25 2 44 41_crop_17.png,7906,1,128,328,74.5,4
51,03-01-25 2 44 41_crop_17.png,7907,1,137,322,74.5,4
51,03-01-25 2 44 41_crop_17.png,7908,1,136,332,74.5,4
51,03-01-25 2 44 41_crop_17.png,7909,1,150,328,74.5,4
51,03-01-25 2 44 41_crop_17.png,7910,1,146,338,74.5,4
51,03-01-25 2 44 41_crop_17.png,7911,1,157,335,74.5,4
51,03-01-25 2 44 41_crop_17.png,7912,1,166,330,74.5,4
51,03-01-25 2 44 41_crop_17.png,7913,1,174,333,74.5,4
51,03-01-25 2 44 41_crop_17.png,7914,1,183,327,74.5,4
51,03-01-25 2 44 41_crop_17.png,7915,1,176,321,74.5,4
51,03-01-25 2 44 41_crop_17.png,7916,1,171,314,74.5,4
51,03-01-25 2 44 41_crop_17.png,7917,1,161,306,74.5,4
51,03-01-25 2 44 41_crop_17.png,7918,1,158,312,74.5,4
51,03-01-25 2 44 41_crop_17.png,7919,1,153,319,74.5,4
51,03-01-25 2 44 41_crop_17.png,7920,1,142,318,74.5,4
51,03-01-25 2 44 41_crop_17.png,7921,1,143,307,74.5,4
51,03-01-25 2 44 41_crop_17.png,7922,1,131,312,74.5,4
51,03-01-25 2 44 41_crop_17.png,7923,1,124,318,74.5,4
51,03-01-25 2 44 41_crop_17.png,7924,1,167,286,74.5,4
51,03-01-25 2 44 41_crop_17.png,7925,1,171,278,74.5,4
51,03-01-25 2 44 41_crop_17.png,7926,1,178,265,74.5,4
51,03-01-25 2 44 41_crop_17.png,7927,1,170,299,74.5,4
51,03-01-25 2 44 41_crop_17.png,7928,1,182,311,74.5,4
51,03-01-25 2 44 41_crop_17.png,7929,1,187,299,74.5,4
51,03-01-25 2 44 41_crop_17.png,7930,1,192,289,74.5,4
51,03-01-25 2 44 41_crop_17.png,7931,1,199,284,74.5,4
51,03-01-25 2 44 41_crop_17.png,7932,1,207,294,74.5,4
51,03-01-25 2 44 41_crop_17.png,7933,1,200,307,74.5,4
51,03-01-25 2 44 41_crop_17.png,7934,1,199,320,74.5,4
51,03-01-25 2 44 41_crop_17.png,7935,1,159,261,74.5,4
51,03-01-25 2 44 41_crop_17.png,7936,1,165,252,74.5,4
51,03-01-25 2 44 41_crop_17.png,7937,1,172,245,74.5,4
51,03-01-25 2 44 41_crop_17.png,7938,1,174,256,74.5,4
51,03-01-25 2 44 41_crop_17.png,7939,1,180,253,74.5,4
51,03-01-25 2 44 41_crop_17.png,7940,1,187,248,74.5,4
51,03-01-25 2 44 41_crop_17.png,7941,1,190,258,74.5,4
51,03-01-25 2 44 41_crop_17.png,7942,1,199,252,74.5,4
51,03-01-25 2 44 41_crop_17.png,7943,1,198,260,74.5,4
51,03-01-25 2 44 41_crop_17.png,7944,1,187,276,74.5,4
51,03-01-25 2 44 41_crop_17.png,7945,1,210,284,74.5,4
51,03-01-25 2 44 41_crop_17.png,7946,1,199,277,74.5,4
51,03-01-25 2 44 41_crop_17.png,7947,1,213,270,74.5,4
51,03-01-25 2 44 41_crop_17.png,7948,1,220,262,74.5,4
51,03-01-25 2 44 41_crop_17.png,7949,1,229,263,74.5,4
51,03-01-25 2 44 41_crop_17.png,7950,1,230,271,74.5,4
51,03-01-25 2 44 41_crop_17.png,7951,1,237,274,74.5,4
51,03-01-25 2 44 41_crop_17.png,7952,1,235,282,74.5,4
51,03-01-25 2 44 41_crop_17.png,7953,1,227,280,74.5,4
51,03-01-25 2 44 41_crop_17.png,7954,1,219,288,74.5,4
51,03-01-25 2 44 41_crop_17.png,7955,1,224,297,74.5,4
51,03-01-25 2 44 41_crop_17.png,7956,1,216,306,74.5,4
51,03-01-25 2 44 41_crop_17.png,7957,1,223,311,74.5,4
51,03-01-25 2 44 41_crop_17.png,7958,1,232,316,74.5,4
51,03-01-25 2 44 41_crop_17.png,7959,1,235,306,74.5,4
51,03-01-25 2 44 41_crop_17.png,7960,1,249,294,74.5,4
51,03-01-25 2 44 41_crop_17.png,7961,1,250,304,74.5,4
51,03-01-25 2 44 41_crop_17.png,7962,1,260,301,74.5,4
51,03-01-25 2 44 41_crop_17.png,7963,1,256,290,74.5,4
51,03-01-25 2 44 41_crop_17.png,7964,1,266,289,74.5,4
51,03-01-25 2 44 41_crop_17.png,7965,1,267,273,74.5,4
51,03-01-25 2 44 41_crop_17.png,7966,1,258,273,74.5,4
51,03-01-25 2 44 41_crop_17.png,7967,1,251,280,74.5,4
51,03-01-25 2 44 41_crop_17.png,7968,1,248,269,74.5,4
51,03-01-25 2 44 41_crop_17.png,7969,1,243,262,74.5,4
51,03-01-25 2 44 41_crop_17.png,7970,1,256,262,74.5,4
51,03-01-25 2 44 41_crop_17.png,7971,1,246,253,74.5,4
51,03-01-25 2 44 41_crop_17.png,7972,1,238,252,74.5,4
51,03-01-25 2 44 41_crop_17.png,7973,1,229,254,74.5,4
51,03-01-25 2 44 41_crop_17.png,7974,1,217,249,74.5,4
51,03-01-25 2 44 41_crop_17.png,7975,1,208,248,74.5,4
51,03-01-25 2 44 41_crop_17.png,7976,1,206,236,74.5,4
51,03-01-25 2 44 41_crop_17.png,7977,1,221,233,74.5,4
51,03-01-25 2 44 41_crop_17.png,7978,1,216,239,74.5,4
51,03-01-25 2 44 41_crop_17.png,7979,1,224,243,74.5,4
51,03-01-25 2 44 41_crop_17.png,7980,1,237,240,74.5,4
51,03-01-25 2 44 41_crop_17.png,7981,1,245,242,74.5,4
51,03-01-25 2 44 41_crop_17.png,7982,1,250,235,74.5,4
51,03-01-25 2 44 41_crop_17.png,7983,1,254,245,74.5,4
51,03-01-25 2 44 41_crop_17.png,7984,1,265,238,74.5,4
51,03-01-25 2 44 41_crop_17.png,7985,1,263,252,74.5,4
51,03-01-25 2 44 41_crop_17.png,7986,1,273,253,74.5,4
51,03-01-25 2 44 41_crop_17.png,7987,1,277,244,74.5,4
51,03-01-25 2 44 41_crop_17.png,7988,1,283,257,74.5,4
51,03-01-25 2 44 41_crop_17.png,7989,1,289,252,74.5,4
51,03-01-25 2 44 41_crop_17.png,7990,1,291,261,74.5,4
51,03-01-25 2 44 41_crop_17.png,7991,1,282,268,74.5,4
51,03-01-25 2 44 41_crop_17.png,7992,1,300,255,74.5,4
51,03-01-25 2 44 41_crop_17.png,7993,1,300,269,74.5,4
51,03-01-25 2 44 41_crop_17.png,7994,1,326,259,74.5,4
51,03-01-25 2 44 41_crop_17.png,7995,1,330,252,74.5,4
51,03-01-25 2 44 41_crop_17.png,7996,1,336,254,74.5,4
51,03-01-25 2 44 41_crop_17.png,7997,1,333,270,74.5,4
51,03-01-25 2 44 41_crop_17.png,7998,1,346,268,74.5,4
51,03-01-25 2 44 41_crop_17.png,7999,1,362,264,74.5,4
51,03-01-25 2 44 41_crop_17.png,8000,1,366,272,74.5,4
51,03-01-25 2 44 41_crop_17.png,8001,1,288,282,74.5,4
51,03-01-25 2 44 41_crop_17.png,8002,1,282,287,74.5,4
51,03-01-25 2 44 41_crop_17.png,8003,1,288,294,74.5,4
51,03-01-25 2 44 41_crop_17.png,8004,1,294,289,74.5,4
51,03-01-25 2 44 41_crop_17.png,8005,1,303,285,74.5,4
51,03-01-25 2 44 41_crop_17.png,8006,1,317,281,74.5,4
51,03-01-25 2 44 41_crop_17.png,8007,1,316,294,74.5,4
51,03-01-25 2 44 41_crop_17.png,8008,1,327,287,74.5,4
51,03-01-25 2 44 41_crop_17.png,8009,1,326,300,74.5,4
51,03-01-25 2 44 41_crop_17.png,8010,1,173,422,74.5,4
51,03-01-25 2 44 41_crop_17.png,8011,1,235,296,74.5,4
51,03-01-25 2 44 41_crop_17.png,8012,1,240,324,74.5,4
51,03-01-25 2 44 41_crop_17.png,8013,1,234,328,74.5,4
51,03-01-25 2 44 41_crop_17.png,8014,1,227,333,74.5,4
51,03-01-25 2 44 41_crop_17.png,8015,1,214,333,74.5,4
51,03-01-25 2 44 41_crop_17.png,8016,1,215,324,74.5,4
51,03-01-25 2 44 41_crop_17.png,8017,1,204,338,74.5,4
51,03-01-25 2 44 41_crop_17.png,8018,1,195,330,74.5,4
51,03-01-25 2 44 41_crop_17.png,8019,1,189,337,74.5,4
51,03-01-25 2 44 41_crop_17.png,8020,1,185,342,74.5,4
51,03-01-25 2 44 41_crop_17.png,8021,1,176,345,74.5,4
51,03-01-25 2 44 41_crop_17.png,8022,1,179,362,74.5,4
51,03-01-25 2 44 41_crop_17.png,8023,1,168,364,74.5,4
51,03-01-25 2 44 41_crop_17.png,8024,1,173,373,74.5,4
51,03-01-25 2 44 41_crop_17.png,8025,1,182,373,74.5,4
51,03-01-25 2 44 41_crop_17.png,8026,1,190,367,74.5,4
51,03-01-25 2 44 41_crop_17.png,8027,1,216,351,74.5,4
51,03-01-25 2 44 41_crop_17.png,8028,1,227,344,74.5,4
51,03-01-25 2 44 41_crop_17.png,8029,1,238,351,74.5,4
51,03-01-25 2 44 41_crop_17.png,8030,1,237,339,74.5,4
51,03-01-25 2 44 41_crop_17.png,8031,1,246,342,74.5,4
51,03-01-25 2 44 41_crop_17.png,8032,1,255,345,74.5,4
51,03-01-25 2 44 41_crop_17.png,8033,1,257,353,74.5,4
51,03-01-25 2 44 41_crop_17.png,8034,1,251,357,74.5,4
51,03-01-25 2 44 41_crop_17.png,8035,1,263,338,74.5,4
51,03-01-25 2 44 41_crop_17.png,8036,1,253,318,74.5,4
51,03-01-25 2 44 41_crop_17.png,8037,1,261,323,74.5,4
51,03-01-25 2 44 41_crop_17.png,8038,1,265,316,74.5,4
51,03-01-25 2 44 41_crop_17.png,8039,1,265,309,74.5,4
51,03-01-25 2 44 41_crop_17.png,8040,1,276,314,74.5,4
51,03-01-25 2 44 41_crop_17.png,8041,1,283,312,74.5,4
51,03-01-25 2 44 41_crop_17.png,8042,1,290,319,74.5,4
51,03-01-25 2 44 41_crop_17.png,8043,1,293,303,74.5,4
51,03-01-25 2 44 41_crop_17.png,8044,1,301,310,74.5,4
51,03-01-25 2 44 41_crop_17.png,8045,1,282,326,74.5,4
51,03-01-25 2 44 41_crop_17.png,8046,1,274,330,74.5,4
51,03-01-25 2 44 41_crop_17.png,8047,1,285,337,74.5,4
51,03-01-25 2 44 41_crop_17.png,8048,1,277,341,74.5,4
51,03-01-25 2 44 41_crop_17.png,8049,1,276,353,74.5,4
51,03-01-25 2 44 41_crop_17.png,8050,1,287,353,74.5,4
51,03-01-25 2 44 41_crop_17.png,8051,1,296,353,74.5,4
51,03-01-25 2 44 41_crop_17.png,8052,1,296,359,74.5,4
51,03-01-25 2 44 41_crop_17.png,8053,1,295,341,74.5,4
51,03-01-25 2 44 41_crop_17.png,8054,1,301,328,74.5,4
51,03-01-25 2 44 41_crop_17.png,8055,1,314,326,74.5,4
51,03-01-25 2 44 41_crop_17.png,8056,1,310,337,74.5,4
51,03-01-25 2 44 41_crop_17.png,8057,1,308,349,74.5,4
51,03-01-25 2 44 41_crop_17.png,8058,1,318,309,74.5,4
51,03-01-25 2 44 41_crop_17.png,8059,1,334,311,74.5,4
51,03-01-25 2 44 41_crop_17.png,8060,1,197,351,74.5,4
51,03-01-25 2 44 41_crop_17.png,8061,1,201,381,74.5,4
51,03-01-25 2 44 41_crop_17.png,8062,1,199,396,74.5,4
51,03-01-25 2 44 41_crop_17.png,8063,1,204,401,74.5,4
51,03-01-25 2 44 41_crop_17.png,8064,1,214,398,74.5,4
51,03-01-25 2 44 41_crop_17.png,8065,1,221,369,74.5,4
51,03-01-25 2 44 41_crop_17.png,8066,1,231,365,74.5,4
51,03-01-25 2 44 41_crop_17.png,8067,1,231,358,74.5,4
51,03-01-25 2 44 41_crop_17.png,8068,1,241,369,74.5,4
51,03-01-25 2 44 41_crop_17.png,8069,1,260,364,74.5,4
51,03-01-25 2 44 41_crop_17.png,8070,1,268,369,74.5,4
51,03-01-25 2 44 41_crop_17.png,8071,1,250,377,74.5,4
51,03-01-25 2 44 41_crop_17.png,8072,1,178,401,74.5,4
51,03-01-25 2 44 41_crop_17.png,8073,1,368,428,74.5,4
51,03-01-25 2 44 41_crop_17.png,8074,1,206,361,74.5,4
51,03-01-25 2 44 41_crop_17.png,8075,1,212,367,74.5,4
51,03-01-25 2 44 41_crop_17.png,8076,1,187,399,74.5,4
51,03-01-25 2 44 41_crop_17.png,8077,1,196,410,74.5,4
51,03-01-25 2 44 41_crop_17.png,8078,1,209,412,74.5,4
51,03-01-25 2 44 41_crop_17.png,8079,1,219,409,74.5,4
51,03-01-25 2 44 41_crop_17.png,8080,1,216,421,74.5,4
51,03-01-25 2 44 41_crop_17.png,8081,1,218,429,74.5,4
51,03-01-25 2 44 41_crop_17.png,8082,1,241,434,74.5,4
51,03-01-25 2 44 41_crop_17.png,8083,1,237,449,74.5,4
51,03-01-25 2 44 41_crop_17.png,8084,1,244,455,74.5,4
51,03-01-25 2 44 41_crop_17.png,8085,1,251,461,74.5,4
51,03-01-25 2 44 41_crop_17.png,8086,1,247,470,74.5,4
51,03-01-25 2 44 41_crop_17.png,8087,1,269,469,74.5,4
51,03-01-25 2 44 41_crop_17.png,8088,1,279,464,74.5,4
51,03-01-25 2 44 41_crop_17.png,8089,1,272,461,74.5,4
51,03-01-25 2 44 41_crop_17.png,8090,1,287,459,74.5,4
51,03-01-25 2 44 41_crop_17.png,8091,1,289,448,74.5,4
51,03-01-25 2 44 41_crop_17.png,8092,1,288,437,74.5,4
51,03-01-25 2 44 41_crop_17.png,8093,1,289,428,74.5,4
51,03-01-25 2 44 41_crop_17.png,8094,1,277,430,74.5,4
51,03-01-25 2 44 41_crop_17.png,8095,1,290,419,74.5,4
51,03-01-25 2 44 41_crop_17.png,8096,1,264,443,74.5,4
51,03-01-25 2 44 41_crop_17.png,8097,1,265,435,74.5,4
51,03-01-25 2 44 41_crop_17.png,8098,1,233,427,74.5,4
51,03-01-25 2 44 41_crop_17.png,8099,1,260,471,74.5,4
51,03-01-25 2 44 41_crop_17.png,8100,1,375,350,74.5,4
51,03-01-25 2 44 41_crop_17.png,8101,1,389,124,74.5,4
51,03-01-25 2 44 41_crop_17.png,8102,1,458,395,74.5,4
51,03-01-25 2 44 41_crop_17.png,8103,1,447,409,74.5,4
51,03-01-25 2 44 41_crop_17.png,8104,1,455,419,74.5,4
51,03-01-25 2 44 41_crop_17.png,8105,1,446,426,74.5,4
51,03-01-25 2 44 41_crop_17.png,8106,1,439,419,74.5,4
51,03-01-25 2 44 41_crop_17.png,8107,1,430,416,74.5,4
51,03-01-25 2 44 41_crop_17.png,8108,1,421,416,74.5,4
51,03-01-25 2 44 41_crop_17.png,8109,1,420,409,74.5,4
51,03-01-25 2 44 41_crop_17.png,8110,1,412,409,74.5,4
51,03-01-25 2 44 41_crop_17.png,8111,1,409,400,74.5,4
51,03-01-25 2 44 41_crop_17.png,8112,1,418,399,74.5,4
51,03-01-25 2 44 41_crop_17.png,8113,1,426,395,74.5,4
51,03-01-25 2 44 41_crop_17.png,8114,1,433,401,74.5,4
51,03-01-25 2 44 41_crop_17.png,8115,1,429,385,74.5,4
51,03-01-25 2 44 41_crop_17.png,8116,1,434,379,74.5,4
51,03-01-25 2 44 41_crop_17.png,8117,1,438,373,74.5,4
51,03-01-25 2 44 41_crop_17.png,8118,1,448,376,74.5,4
51,03-01-25 2 44 41_crop_17.png,8119,1,453,389,74.5,4
51,03-01-25 2 44 41_crop_17.png,8120,1,389,452,74.5,4
51,03-01-25 2 44 41_crop_17.png,8121,1,379,459,74.5,4
51,03-01-25 2 44 41_crop_17.png,8122,1,375,465,74.5,4
51,03-01-25 2 44 41_crop_17.png,8123,1,368,467,74.5,4
51,03-01-25 2 44 41_crop_17.png,8124,1,365,454,74.5,4
51,03-01-25 2 44 41_crop_17.png,8125,1,378,446,74.5,4
51,03-01-25 2 44 41_crop_17.png,8126,1,381,439,74.5,4
51,03-01-25 2 44 41_crop_17.png,8127,1,393,436,74.5,4
51,03-01-25 2 44 41_crop_17.png,8128,1,386,433,74.5,4
51,03-01-25 2 44 41_crop_17.png,8129,1,383,428,74.5,4
51,03-01-25 2 44 41_crop_17.png,8130,1,387,423,74.5,4
51,03-01-25 2 44 41_crop_17.png,8131,1,396,414,74.5,4
51,03-01-25 2 44 41_crop_17.png,8132,1,397,427,74.5,4
51,03-01-25 2 44 41_crop_17.png,8133,1,403,428,74.5,4
51,03-01-25 2 44 41_crop_17.png,8134,1,413,429,74.5,4
51,03-01-25 2 44 41_crop_17.png,8135,1,419,441,74.5,4
51,03-01-25 2 44 41_crop_17.png,8136,1,425,437,74.5,4
51,03-01-25 2 44 41_crop_17.png,8137,1,426,425,74.5,4
51,03-01-25 2 44 41_crop_17.png,8138,1,433,427,74.5,4
51,03-01-25 2 44 41_crop_17.png,8139,1,438,439,74.5,4
51,03-01-25 2 44 41_crop_17.png,8140,1,448,444,74.5,4
51,03-01-25 2 44 41_crop_17.png,8141,1,444,451,74.5,4
52,03-01-25 2 44 52_crop_16.png,8142,1,120,364,74.5,4
52,03-01-25 2 44 52_crop_16.png,8143,1,241,205,74.5,4
52,03-01-25 2 44 52_crop_16.png,8144,1,259,218,74.5,4
52,03-01-25 2 44 52_crop_16.png,8145,1,267,226,74.5,4
52,03-01-25 2 44 52_crop_16.png,8146,1,280,181,74.5,4
52,03-01-25 2 44 52_crop_16.png,8147,1,293,188,74.5,4
52,03-01-25 2 44 52_crop_16.png,8148,1,308,167,74.5,4
52,03-01-25 2 44 52_crop_16.png,8149,1,316,173,74.5,4
52,03-01-25 2 44 52_crop_16.png,8150,1,319,191,74.5,4
52,03-01-25 2 44 52_crop_16.png,8151,1,330,150,74.5,4
52,03-01-25 2 44 52_crop_16.png,8152,1,303,157,74.5,4
52,03-01-25 2 44 52_crop_16.png,8153,1,265,143,74.5,4
52,03-01-25 2 44 52_crop_16.png,8154,1,251,160,74.5,4
52,03-01-25 2 44 52_crop_16.png,8155,1,241,144,74.5,4
52,03-01-25 2 44 52_crop_16.png,8156,1,221,152,74.5,4
52,03-01-25 2 44 52_crop_16.png,8157,1,194,167,74.5,4
52,03-01-25 2 44 52_crop_16.png,8158,1,188,185,74.5,4
52,03-01-25 2 44 52_crop_16.png,8159,1,167,189,74.5,4
52,03-01-25 2 44 52_crop_16.png,8160,1,179,225,74.5,4
52,03-01-25 2 44 52_crop_16.png,8161,1,195,294,74.5,4
52,03-01-25 2 44 52_crop_16.png,8162,1,204,321,74.5,4
52,03-01-25 2 44 52_crop_16.png,8163,1,265,307,74.5,4
52,03-01-25 2 44 52_crop_16.png,8164,1,206,363,74.5,4
52,03-01-25 2 44 52_crop_16.png,8165,1,286,296,74.5,4
52,03-01-25 2 44 52_crop_16.png,8166,1,335,282,74.5,4
52,03-01-25 2 44 52_crop_16.png,8167,1,339,273,74.5,4
52,03-01-25 2 44 52_crop_16.png,8168,1,371,278,74.5,4
52,03-01-25 2 44 52_crop_16.png,8169,1,359,225,74.5,4
52,03-01-25 2 44 52_crop_16.png,8170,1,347,208,74.5,4
52,03-01-25 2 44 52_crop_16.png,8171,1,391,229,74.5,4
52,03-01-25 2 44 52_crop_16.png,8172,1,410,233,74.5,4
52,03-01-25 2 44 52_crop_16.png,8173,1,420,261,74.5,4
52,03-01-25 2 44 52_crop_16.png,8174,1,434,314,74.5,4
52,03-01-25 2 44 52_crop_16.png,8175,1,332,250,74.5,4
52,03-01-25 2 44 52_crop_16.png,8176,1,501,303,74.5,4
52,03-01-25 2 44 52_crop_16.png,8177,1,508,263,46.5,3
52,03-01-25 2 44 52_crop_16.png,8178,1,504,156,74.5,4
52,03-01-25 2 44 52_crop_16.png,8179,1,507,146,55.5,4
52,03-01-25 2 44 52_crop_16.png,8180,1,497,117,74.5,4
52,03-01-25 2 44 52_crop_16.png,8181,1,493,108,74.5,4
52,03-01-25 2 44 52_crop_16.png,8182,1,482,71,74.5,4
52,03-01-25 2 44 52_crop_16.png,8183,1,491,66,74.5,4
52,03-01-25 2 44 52_crop_16.png,8184,1,479,52,74.5,4
52,03-01-25 2 44 52_crop_16.png,8185,1,507,64,63.5,4
52,03-01-25 2 44 52_crop_16.png,8186,1,452,149,74.5,4
52,03-01-25 2 44 52_crop_16.png,8187,1,458,158,74.5,4
52,03-01-25 2 44 52_crop_16.png,8188,1,457,176,74.5,4
52,03-01-25 2 44 52_crop_16.png,8189,1,442,165,74.5,4
52,03-01-25 2 44 52_crop_16.png,8190,1,397,154,74.5,4
52,03-01-25 2 44 52_crop_16.png,8191,1,341,115,74.5,4
52,03-01-25 2 44 52_crop_16.png,8192,1,296,91,74.5,4
52,03-01-25 2 44 52_crop_16.png,8193,1,285,86,74.5,4
52,03-01-25 2 44 52_crop_16.png,8194,1,282,35,74.5,4
52,03-01-25 2 44 52_crop_16.png,8195,1,342,35,74.5,4
52,03-01-25 2 44 52_crop_16.png,8196,1,359,43,74.5,4
52,03-01-25 2 44 52_crop_16.png,8197,1,432,73,74.5,4
52,03-01-25 2 44 52_crop_16.png,8198,1,432,62,74.5,4
52,03-01-25 2 44 52_crop_16.png,8199,1,430,94,74.5,4
52,03-01-25 2 44 52_crop_16.png,8200,1,233,3,58.0,4
52,03-01-25 2 44 52_crop_16.png,8201,1,164,21,74.5,4
52,03-01-25 2 44 52_crop_16.png,8202,1,178,23,74.5,4
52,03-01-25 2 44 52_crop_16.png,8203,1,172,66,74.5,4
52,03-01-25 2 44 52_crop_16.png,8204,1,159,92,74.5,4
52,03-01-25 2 44 52_crop_16.png,8205,1,167,112,74.5,4
52,03-01-25 2 44 52_crop_16.png,8206,1,137,73,74.5,4
52,03-01-25 2 44 52_crop_16.png,8207,1,148,64,74.5,4
52,03-01-25 2 44 52_crop_16.png,8208,1,137,115,74.5,4
52,03-01-25 2 44 52_crop_16.png,8209,1,115,97,74.5,4
52,03-01-25 2 44 52_crop_16.png,8210,1,102,114,74.5,4
52,03-01-25 2 44 52_crop_16.png,8211,1,79,118,74.5,4
52,03-01-25 2 44 52_crop_16.png,8212,1,284,311,74.5,4
52,03-01-25 2 44 52_crop_16.png,8213,1,121,160,74.5,4
52,03-01-25 2 44 52_crop_16.png,8214,1,78,196,74.5,4
52,03-01-25 2 44 52_crop_16.png,8215,1,94,227,74.5,4
52,03-01-25 2 44 52_crop_16.png,8216,1,108,218,74.5,4
52,03-01-25 2 44 52_crop_16.png,8217,1,129,233,74.5,4
52,03-01-25 2 44 52_crop_16.png,8218,1,157,308,74.5,4
52,03-01-25 2 44 52_crop_16.png,8219,1,95,284,74.5,4
52,03-01-25 2 44 52_crop_16.png,8220,1,88,269,74.5,4
52,03-01-25 2 44 52_crop_16.png,8221,1,43,320,74.5,4
52,03-01-25 2 44 52_crop_16.png,8222,1,3,317,65.0,4
52,03-01-25 2 44 52_crop_16.png,8223,1,15,243,74.5,4
52,03-01-25 2 44 52_crop_16.png,8224,1,14,212,74.5,4
52,03-01-25 2 44 52_crop_16.png,8225,1,48,130,74.5,4
52,03-01-25 2 44 52_crop_16.png,8226,1,55,122,74.5,4
52,03-01-25 2 44 52_crop_16.png,8227,1,51,100,74.5,4
52,03-01-25 2 44 52_crop_16.png,8228,1,43,100,74.5,4
52,03-01-25 2 44 52_crop_16.png,8229,1,34,71,74.5,4
52,03-01-25 2 44 52_crop_16.png,8230,1,5,94,74.5,4
52,03-01-25 2 44 52_crop_16.png,8231,1,65,41,74.5,4
52,03-01-25 2 44 52_crop_16.png,8232,1,93,30,74.5,4
52,03-01-25 2 44 52_crop_16.png,8233,1,157,4,73.0,4
52,03-01-25 2 44 52_crop_16.png,8234,1,170,327,74.5,4
52,03-01-25 2 44 52_crop_16.png,8235,1,327,347,74.5,4
52,03-01-25 2 44 52_crop_16.png,8236,1,302,358,74.5,4
52,03-01-25 2 44 52_crop_16.png,8237,1,288,346,74.5,4
52,03-01-25 2 44 52_crop_16.png,8238,1,280,350,74.5,4
52,03-01-25 2 44 52_crop_16.png,8239,1,266,345,74.5,4
52,03-01-25 2 44 52_crop_16.png,8240,1,245,371,74.5,4
52,03-01-25 2 44 52_crop_16.png,8241,1,281,381,74.5,4
52,03-01-25 2 44 52_crop_16.png,8242,1,290,399,74.5,4
52,03-01-25 2 44 52_crop_16.png,8243,1,334,386,74.5,4
52,03-01-25 2 44 52_crop_16.png,8244,1,384,371,74.5,4
52,03-01-25 2 44 52_crop_16.png,8245,1,397,367,74.5,4
52,03-01-25 2 44 52_crop_16.png,8246,1,474,347,74.5,4
52,03-01-25 2 44 52_crop_16.png,8247,1,489,365,74.5,4
52,03-01-25 2 44 52_crop_16.png,8248,1,422,410,74.5,4
52,03-01-25 2 44 52_crop_16.png,8249,1,424,420,74.5,4
52,03-01-25 2 44 52_crop_16.png,8250,1,400,395,74.5,4
52,03-01-25 2 44 52_crop_16.png,8251,1,396,412,74.5,4
52,03-01-25 2 44 52_crop_16.png,8252,1,399,422,74.5,4
52,03-01-25 2 44 52_crop_16.png,8253,1,383,417,74.5,4
52,03-01-25 2 44 52_crop_16.png,8254,1,373,394,74.5,4
52,03-01-25 2 44 52_crop_16.png,8255,1,368,405,74.5,4
52,03-01-25 2 44 52_crop_16.png,8256,1,468,423,74.5,4
52,03-01-25 2 44 52_crop_16.png,8257,1,462,436,74.5,4
52,03-01-25 2 44 52_crop_16.png,8258,1,469,471,74.5,4
52,03-01-25 2 44 52_crop_16.png,8259,1,481,470,74.5,4
52,03-01-25 2 44 52_crop_16.png,8260,1,504,469,74.5,4
52,03-01-25 2 44 52_crop_16.png,8261,1,442,497,74.5,4
52,03-01-25 2 44 52_crop_16.png,8262,1,426,490,74.5,4
52,03-01-25 2 44 52_crop_16.png,8263,1,409,498,74.5,4
52,03-01-25 2 44 52_crop_16.png,8264,1,402,490,74.5,4
52,03-01-25 2 44 52_crop_16.png,8265,1,394,448,74.5,4
52,03-01-25 2 44 52_crop_16.png,8266,1,364,465,74.5,4
52,03-01-25 2 44 52_crop_16.png,8267,1,391,506,74.5,4
52,03-01-25 2 44 52_crop_16.png,8268,1,334,438,74.5,4
52,03-01-25 2 44 52_crop_16.png,8269,1,308,414,74.5,4
52,03-01-25 2 44 52_crop_16.png,8270,1,323,476,74.5,4
52,03-01-25 2 44 52_crop_16.png,8271,1,306,490,74.5,4
52,03-01-25 2 44 52_crop_16.png,8272,1,317,503,74.5,4
52,03-01-25 2 44 52_crop_16.png,8273,1,335,500,74.5,4
52,03-01-25 2 44 52_crop_16.png,8274,1,253,422,74.5,4
52,03-01-25 2 44 52_crop_16.png,8275,1,256,408,74.5,4
52,03-01-25 2 44 52_crop_16.png,8276,1,224,490,74.5,4
52,03-01-25 2 44 52_crop_16.png,8277,1,253,443,74.5,4
52,03-01-25 2 44 52_crop_16.png,8278,1,196,482,74.5,4
52,03-01-25 2 44 52_crop_16.png,8279,1,193,422,74.5,4
52,03-01-25 2 44 52_crop_16.png,8280,1,179,381,74.5,4
52,03-01-25 2 44 52_crop_16.png,8281,1,179,369,74.5,4
52,03-01-25 2 44 52_crop_16.png,8282,1,155,367,74.5,4
52,03-01-25 2 44 52_crop_16.png,8283,1,145,388,74.5,4
52,03-01-25 2 44 52_crop_16.png,8284,1,160,428,74.5,4
52,03-01-25 2 44 52_crop_16.png,8285,1,119,410,74.5,4
52,03-01-25 2 44 52_crop_16.png,8286,1,113,444,74.5,4
52,03-01-25 2 44 52_crop_16.png,8287,1,106,452,74.5,4
52,03-01-25 2 44 52_crop_16.png,8288,1,96,475,74.5,4
52,03-01-25 2 44 52_crop_16.png,8289,1,69,484,74.5,4
52,03-01-25 2 44 52_crop_16.png,8290,1,27,486,74.5,4
52,03-01-25 2 44 52_crop_16.png,8291,1,20,486,74.5,4
52,03-01-25 2 44 52_crop_16.png,8292,1,6,496,74.5,4
52,03-01-25 2 44 52_crop_16.png,8293,1,23,470,74.5,4
52,03-01-25 2 44 52_crop_16.png,8294,1,20,438,74.5,4
52,03-01-25 2 44 52_crop_16.png,8295,1,4,396,71.0,4
52,03-01-25 2 44 52_crop_16.png,8296,1,16,364,74.5,4
52,03-01-25 2 44 52_crop_16.png,8297,1,47,386,74.5,4
52,03-01-25 2 44 52_crop_16.png,8298,1,44,405,74.5,4
52,03-01-25 2 44 52_crop_16.png,8299,1,62,414,74.5,4
52,03-01-25 2 44 52_crop_16.png,8300,1,95,376,74.5,4
52,03-01-25 2 44 52_crop_16.png,8301,1,60,371,74.5,4
52,03-01-25 2 44 52_crop_16.png,8302,1,84,353,74.5,4
52,03-01-25 2 44 52_crop_16.png,8303,1,99,338,74.5,4
52,03-01-25 2 44 52_crop_16.png,8304,1,121,328,74.5,4
52,03-01-25 2 44 52_crop_16.png,8305,1,153,333,74.5,4
53,03-01-25 2 44 52_crop_17.png,8306,1,443,315,74.5,4
53,03-01-25 2 44 52_crop_17.png,8307,1,459,331,74.5,4
53,03-01-25 2 44 52_crop_17.png,8308,1,491,313,74.5,4
53,03-01-25 2 44 52_crop_17.png,8309,1,488,406,74.5,4
53,03-01-25 2 44 52_crop_17.png,8310,1,489,416,74.5,4
53,03-01-25 2 44 52_crop_17.png,8311,1,507,407,55.5,4
53,03-01-25 2 44 52_crop_17.png,8312,1,394,104,74.5,4
53,03-01-25 2 44 52_crop_17.png,8313,1,460,485,74.5,4
53,03-01-25 2 44 52_crop_17.png,8314,1,469,468,74.5,4
53,03-01-25 2 44 52_crop_17.png,8315,1,481,509,25.5,2
53,03-01-25 2 44 52_crop_17.png,8316,1,497,451,74.5,4
53,03-01-25 2 44 52_crop_17.png,8317,1,463,392,74.5,4
53,03-01-25 2 44 52_crop_17.png,8318,1,497,459,74.5,4
53,03-01-25 2 44 52_crop_17.png,8319,1,455,479,74.5,4
53,03-01-25 2 44 52_crop_17.png,8320,1,423,99,74.5,4
53,03-01-25 2 44 52_crop_17.png,8321,1,428,130,74.5,4
53,03-01-25 2 44 52_crop_17.png,8322,1,415,150,74.5,4
53,03-01-25 2 44 52_crop_17.png,8323,1,402,168,74.5,4
53,03-01-25 2 44 52_crop_17.png,8324,1,416,200,74.5,4
53,03-01-25 2 44 52_crop_17.png,8325,1,408,207,74.5,4
53,03-01-25 2 44 52_crop_17.png,8326,1,426,176,74.5,4
53,03-01-25 2 44 52_crop_17.png,8327,1,443,176,74.5,4
53,03-01-25 2 44 52_crop_17.png,8328,1,446,195,74.5,4
53,03-01-25 2 44 52_crop_17.png,8329,1,481,195,74.5,4
53,03-01-25 2 44 52_crop_17.png,8330,1,488,226,74.5,4
53,03-01-25 2 44 52_crop_17.png,8331,1,507,212,63.5,4
53,03-01-25 2 44 52_crop_17.png,8332,1,508,134,36.5,3
53,03-01-25 2 44 52_crop_17.png,8333,1,493,105,74.5,4
53,03-01-25 2 44 52_crop_17.png,8334,1,508,93,46.5,3
53,03-01-25 2 44 52_crop_17.png,8335,1,474,86,74.5,4
53,03-01-25 2 44 52_crop_17.png,8336,1,470,70,74.5,4
53,03-01-25 2 44 52_crop_17.png,8337,1,487,38,74.5,4
53,03-01-25 2 44 52_crop_17.png,8338,1,485,8,74.5,4
53,03-01-25 2 44 52_crop_17.png,8339,1,489,2,39.0,3
53,03-01-25 2 44 52_crop_17.png,8340,1,446,44,74.5,4
53,03-01-25 2 44 52_crop_17.png,8341,1,431,53,74.5,4
53,03-01-25 2 44 52_crop_17.png,8342,1,420,58,74.5,4
53,03-01-25 2 44 52_crop_17.png,8343,1,390,66,74.5,4
53,03-01-25 2 44 52_crop_17.png,8344,1,381,76,74.5,4
53,03-01-25 2 44 52_crop_17.png,8345,1,345,57,74.5,4
53,03-01-25 2 44 52_crop_17.png,8346,1,343,18,74.5,4
53,03-01-25 2 44 52_crop_17.png,8347,1,368,15,74.5,4
53,03-01-25 2 44 52_crop_17.png,8348,1,313,7,74.5,4
53,03-01-25 2 44 52_crop_17.png,8349,1,280,22,74.5,4
53,03-01-25 2 44 52_crop_17.png,8350,1,272,58,74.5,4
53,03-01-25 2 44 52_crop_17.png,8351,1,265,69,74.5,4
53,03-01-25 2 44 52_crop_17.png,8352,1,267,81,74.5,4
53,03-01-25 2 44 52_crop_17.png,8353,1,355,196,74.5,4
53,03-01-25 2 44 52_crop_17.png,8354,1,414,226,74.5,4
53,03-01-25 2 44 52_crop_17.png,8355,1,432,233,74.5,4
53,03-01-25 2 44 52_crop_17.png,8356,1,430,241,74.5,4
53,03-01-25 2 44 52_crop_17.png,8357,1,348,223,74.5,4
53,03-01-25 2 44 52_crop_17.png,8358,1,239,123,74.5,4
53,03-01-25 2 44 52_crop_17.png,8359,1,247,91,74.5,4
53,03-01-25 2 44 52_crop_17.png,8360,1,247,69,74.5,4
53,03-01-25 2 44 52_crop_17.png,8361,1,205,105,74.5,4
53,03-01-25 2 44 52_crop_17.png,8362,1,301,122,74.5,4
53,03-01-25 2 44 52_crop_17.png,8363,1,294,113,74.5,4
53,03-01-25 2 44 52_crop_17.png,8364,1,302,111,74.5,4
53,03-01-25 2 44 52_crop_17.png,8365,1,302,139,74.5,4
53,03-01-25 2 44 52_crop_17.png,8366,1,284,161,74.5,4
53,03-01-25 2 44 52_crop_17.png,8367,1,266,149,74.5,4
53,03-01-25 2 44 52_crop_17.png,8368,1,282,177,74.5,4
53,03-01-25 2 44 52_crop_17.png,8369,1,272,214,74.5,4
53,03-01-25 2 44 52_crop_17.png,8370,1,327,232,74.5,4
53,03-01-25 2 44 52_crop_17.png,8371,1,338,244,74.5,4
53,03-01-25 2 44 52_crop_17.png,8372,1,373,249,74.5,4
53,03-01-25 2 44 52_crop_17.png,8373,1,458,252,74.5,4
53,03-01-25 2 44 52_crop_17.png,8374,1,462,276,74.5,4
53,03-01-25 2 44 52_crop_17.png,8375,1,440,287,74.5,4
53,03-01-25 2 44 52_crop_17.png,8376,1,348,285,74.5,4
53,03-01-25 2 44 52_crop_17.png,8377,1,346,278,74.5,4
53,03-01-25 2 44 52_crop_17.png,8378,1,292,254,74.5,4
53,03-01-25 2 44 52_crop_17.png,8379,1,267,239,74.5,4
53,03-01-25 2 44 52_crop_17.png,8380,1,237,247,74.5,4
53,03-01-25 2 44 52_crop_17.png,8381,1,223,223,74.5,4
53,03-01-25 2 44 52_crop_17.png,8382,1,214,234,74.5,4
53,03-01-25 2 44 52_crop_17.png,8383,1,180,219,74.5,4
53,03-01-25 2 44 52_crop_17.png,8384,1,178,262,74.5,4
53,03-01-25 2 44 52_crop_17.png,8385,1,205,183,74.5,4
53,03-01-25 2 44 52_crop_17.png,8386,1,203,176,74.5,4
53,03-01-25 2 44 52_crop_17.png,8387,1,159,187,74.5,4
53,03-01-25 2 44 52_crop_17.png,8388,1,134,187,74.5,4
53,03-01-25 2 44 52_crop_17.png,8389,1,109,182,74.5,4
53,03-01-25 2 44 52_crop_17.png,8390,1,98,172,74.5,4
53,03-01-25 2 44 52_crop_17.png,8391,1,87,185,74.5,4
53,03-01-25 2 44 52_crop_17.png,8392,1,100,204,74.5,4
53,03-01-25 2 44 52_crop_17.png,8393,1,106,219,74.5,4
53,03-01-25 2 44 52_crop_17.png,8394,1,126,213,74.5,4
53,03-01-25 2 44 52_crop_17.png,8395,1,111,245,74.5,4
53,03-01-25 2 44 52_crop_17.png,8396,1,87,234,74.5,4
53,03-01-25 2 44 52_crop_17.png,8397,1,58,264,74.5,4
53,03-01-25 2 44 52_crop_17.png,8398,1,50,264,74.5,4
53,03-01-25 2 44 52_crop_17.png,8399,1,42,156,74.5,4
53,03-01-25 2 44 52_crop_17.png,8400,1,46,147,74.5,4
53,03-01-25 2 44 52_crop_17.png,8401,1,149,156,74.5,4
53,03-01-25 2 44 52_crop_17.png,8402,1,145,211,74.5,4
53,03-01-25 2 44 52_crop_17.png,8403,1,137,109,74.5,4
53,03-01-25 2 44 52_crop_17.png,8404,1,133,83,74.5,4
53,03-01-25 2 44 52_crop_17.png,8405,1,167,46,74.5,4
53,03-01-25 2 44 52_crop_17.png,8406,1,123,27,74.5,4
53,03-01-25 2 44 52_crop_17.png,8407,1,140,16,74.5,4
53,03-01-25 2 44 52_crop_17.png,8408,1,105,19,74.5,4
53,03-01-25 2 44 52_crop_17.png,8409,1,96,10,74.5,4
53,03-01-25 2 44 52_crop_17.png,8410,1,225,3,58.0,4
53,03-01-25 2 44 52_crop_17.png,8411,1,65,25,74.5,4
53,03-01-25 2 44 52_crop_17.png,8412,1,56,38,74.5,4
53,03-01-25 2 44 52_crop_17.png,8413,1,69,48,74.5,4
53,03-01-25 2 44 52_crop_17.png,8414,1,64,86,74.5,4
53,03-01-25 2 44 52_crop_17.png,8415,1,45,63,74.5,4
53,03-01-25 2 44 52_crop_17.png,8416,1,28,65,74.5,4
53,03-01-25 2 44 52_crop_17.png,8417,1,18,69,74.5,4
53,03-01-25 2 44 52_crop_17.png,8418,1,16,50,74.5,4
53,03-01-25 2 44 52_crop_17.png,8419,1,30,106,74.5,4
53,03-01-25 2 44 52_crop_17.png,8420,1,33,117,74.5,4
53,03-01-25 2 44 52_crop_17.png,8421,1,75,127,74.5,4
53,03-01-25 2 44 52_crop_17.png,8422,1,228,198,74.5,4
53,03-01-25 2 44 52_crop_17.png,8423,1,6,469,74.5,4
53,03-01-25 2 44 52_crop_17.png,8424,1,19,470,74.5,4
53,03-01-25 2 44 52_crop_17.png,8425,1,40,469,74.5,4
53,03-01-25 2 44 52_crop_17.png,8426,1,61,469,74.5,4
53,03-01-25 2 44 52_crop_17.png,8427,1,71,416,74.5,4
53,03-01-25 2 44 52_crop_17.png,8428,1,7,422,74.5,4
53,03-01-25 2 44 52_crop_17.png,8429,1,2,435,38.0,3
53,03-01-25 2 44 52_crop_17.png,8430,1,27,363,74.5,4
53,03-01-25 2 44 52_crop_17.png,8431,1,9,346,74.5,4
53,03-01-25 2 44 52_crop_17.png,8432,1,40,301,74.5,4
53,03-01-25 2 44 52_crop_17.png,8433,1,80,309,74.5,4
53,03-01-25 2 44 52_crop_17.png,8434,1,104,292,74.5,4
53,03-01-25 2 44 52_crop_17.png,8435,1,110,311,74.5,4
53,03-01-25 2 44 52_crop_17.png,8436,1,102,321,74.5,4
53,03-01-25 2 44 52_crop_17.png,8437,1,153,292,74.5,4
53,03-01-25 2 44 52_crop_17.png,8438,1,158,323,74.5,4
53,03-01-25 2 44 52_crop_17.png,8439,1,151,349,74.5,4
53,03-01-25 2 44 52_crop_17.png,8440,1,144,363,74.5,4
53,03-01-25 2 44 52_crop_17.png,8441,1,126,366,74.5,4
53,03-01-25 2 44 52_crop_17.png,8442,1,120,404,74.5,4
53,03-01-25 2 44 52_crop_17.png,8443,1,93,389,74.5,4
53,03-01-25 2 44 52_crop_17.png,8444,1,83,393,74.5,4
53,03-01-25 2 44 52_crop_17.png,8445,1,171,403,74.5,4
53,03-01-25 2 44 52_crop_17.png,8446,1,164,435,74.5,4
53,03-01-25 2 44 52_crop_17.png,8447,1,186,382,74.5,4
53,03-01-25 2 44 52_crop_17.png,8448,1,207,343,74.5,4
53,03-01-25 2 44 52_crop_17.png,8449,1,221,291,74.5,4
53,03-01-25 2 44 52_crop_17.png,8450,1,203,412,74.5,4
53,03-01-25 2 44 52_crop_17.png,8451,1,211,416,74.5,4
53,03-01-25 2 44 52_crop_17.png,8452,1,234,401,74.5,4
53,03-01-25 2 44 52_crop_17.png,8453,1,237,357,74.5,4
53,03-01-25 2 44 52_crop_17.png,8454,1,247,356,74.5,4
53,03-01-25 2 44 52_crop_17.png,8455,1,263,351,74.5,4
53,03-01-25 2 44 52_crop_17.png,8456,1,266,374,74.5,4
53,03-01-25 2 44 52_crop_17.png,8457,1,281,360,74.5,4
53,03-01-25 2 44 52_crop_17.png,8458,1,305,352,74.5,4
53,03-01-25 2 44 52_crop_17.png,8459,1,328,303,74.5,4
53,03-01-25 2 44 52_crop_17.png,8460,1,363,310,74.5,4
53,03-01-25 2 44 52_crop_17.png,8461,1,374,325,74.5,4
53,03-01-25 2 44 52_crop_17.png,8462,1,353,362,74.5,4
53,03-01-25 2 44 52_crop_17.png,8463,1,362,374,74.5,4
53,03-01-25 2 44 52_crop_17.png,8464,1,324,448,74.5,4
53,03-01-25 2 44 52_crop_17.png,8465,1,283,459,74.5,4
53,03-01-25 2 44 52_crop_17.png,8466,1,244,464,74.5,4
53,03-01-25 2 44 52_crop_17.png,8467,1,243,472,74.5,4
53,03-01-25 2 44 52_crop_17.png,8468,1,201,502,74.5,4
53,03-01-25 2 44 52_crop_17.png,8469,1,307,497,74.5,4
53,03-01-25 2 44 52_crop_17.png,8470,1,338,501,74.5,4
53,03-01-25 2 44 52_crop_17.png,8471,1,350,490,74.5,4
53,03-01-25 2 44 52_crop_17.png,8472,1,369,496,74.5,4
53,03-01-25 2 44 52_crop_17.png,8473,1,381,473,74.5,4
53,03-01-25 2 44 52_crop_17.png,8474,1,386,508,55.5,4
53,03-01-25 2 44 52_crop_17.png,8475,1,355,509,16.5,2
53,03-01-25 2 44 52_crop_17.png,8476,1,408,473,74.5,4
53,03-01-25 2 44 52_crop_17.png,8477,1,396,441,74.5,4
53,03-01-25 2 44 52_crop_17.png,8478,1,452,423,74.5,4
53,03-01-25 2 44 52_crop_17.png,8479,1,451,415,74.5,4
53,03-01-25 2 44 52_crop_17.png,8480,1,423,362,74.5,4
53,03-01-25 2 44 52_crop_17.png,8481,1,403,365,74.5,4
53,03-01-25 2 44 52_crop_17.png,8482,1,411,300,74.5,4
71,03-01-25 2 44 41_crop_10.png,8713,1,140,91,74.5,4
71,03-01-25 2 44 41_crop_10.png,8714,1,148,87,74.5,4
71,03-01-25 2 44 41_crop_10.png,8715,1,157,87,74.5,4
71,03-01-25 2 44 41_crop_10.png,8716,1,179,93,74.5,4
71,03-01-25 2 44 41_crop_10.png,8717,1,165,93,74.5,4
71,03-01-25 2 44 41_crop_10.png,8718,1,169,104,74.5,4
71,03-01-25 2 44 41_crop_10.png,8719,1,176,111,74.5,4
71,03-01-25 2 44 41_crop_10.png,8720,1,167,123,74.5,4
71,03-01-25 2 44 41_crop_10.png,8721,1,175,123,74.5,4
71,03-01-25 2 44 41_crop_10.png,8722,1,155,133,74.5,4
71,03-01-25 2 44 41_crop_10.png,8723,1,166,133,74.5,4
71,03-01-25 2 44 41_crop_10.png,8724,1,182,108,74.5,4
71,03-01-25 2 44 41_crop_10.png,8725,1,193,104,74.5,4
71,03-01-25 2 44 41_crop_10.png,8726,1,202,105,74.5,4
71,03-01-25 2 44 41_crop_10.png,8727,1,197,86,74.5,4
71,03-01-25 2 44 41_crop_10.png,8728,1,205,80,74.5,4
71,03-01-25 2 44 41_crop_10.png,8729,1,173,79,74.5,4
71,03-01-25 2 44 41_crop_10.png,8730,1,178,78,74.5,4
71,03-01-25 2 44 41_crop_10.png,8731,1,180,71,74.5,4
71,03-01-25 2 44 41_crop_10.png,8732,1,187,73,74.5,4
71,03-01-25 2 44 41_crop_10.png,8733,1,195,71,74.5,4
71,03-01-25 2 44 41_crop_10.png,8734,1,202,69,74.5,4
71,03-01-25 2 44 41_crop_10.png,8735,1,139,71,74.5,4
71,03-01-25 2 44 41_crop_10.png,8736,1,104,57,74.5,4
71,03-01-25 2 44 41_crop_10.png,8737,1,124,19,74.5,4
71,03-01-25 2 44 41_crop_10.png,8738,1,131,11,74.5,4
71,03-01-25 2 44 41_crop_10.png,8739,1,106,23,74.5,4
71,03-01-25 2 44 41_crop_10.png,8740,1,151,31,74.5,4
71,03-01-25 2 44 41_crop_10.png,8741,1,153,73,74.5,4
71,03-01-25 2 44 41_crop_10.png,8742,1,163,63,74.5,4
71,03-01-25 2 44 41_crop_10.png,8743,1,170,57,74.5,4
71,03-01-25 2 44 41_crop_10.png,8744,1,194,58,74.5,4
71,03-01-25 2 44 41_crop_10.png,8745,1,203,53,74.5,4
71,03-01-25 2 44 41_crop_10.png,8746,1,200,117,74.5,4
71,03-01-25 2 44 41_crop_10.png,8747,1,196,130,74.5,4
71,03-01-25 2 44 41_crop_10.png,8748,1,180,141,74.5,4
71,03-01-25 2 44 41_crop_10.png,8749,1,187,145,74.5,4
71,03-01-25 2 44 41_crop_10.png,8750,1,194,145,74.5,4
71,03-01-25 2 44 41_crop_10.png,8751,1,202,153,74.5,4
71,03-01-25 2 44 41_crop_10.png,8752,1,209,145,74.5,4
71,03-01-25 2 44 41_crop_10.png,8753,1,209,135,74.5,4
71,03-01-25 2 44 41_crop_10.png,8754,1,205,125,74.5,4
71,03-01-25 2 44 41_crop_10.png,8755,1,212,116,74.5,4
71,03-01-25 2 44 41_crop_10.png,8756,1,219,151,74.5,4
71,03-01-25 2 44 41_crop_10.png,8757,1,218,142,74.5,4
71,03-01-25 2 44 41_crop_10.png,8758,1,217,129,74.5,4
71,03-01-25 2 44 41_crop_10.png,8759,1,229,151,74.5,4
71,03-01-25 2 44 41_crop_10.png,8760,1,9,205,74.5,4
71,03-01-25 2 44 41_crop_10.png,8761,1,16,358,74.5,4
71,03-01-25 2 44 41_crop_10.png,8762,1,11,387,74.5,4
71,03-01-25 2 44 41_crop_10.png,8763,1,4,404,71.0,4
71,03-01-25 2 44 41_crop_10.png,8764,1,4,414,71.0,4
71,03-01-25 2 44 41_crop_10.png,8765,1,16,408,74.5,4
71,03-01-25 2 44 41_crop_10.png,8766,1,17,431,74.5,4
71,03-01-25 2 44 41_crop_10.png,8767,1,9,443,74.5,4
71,03-01-25 2 44 41_crop_10.png,8768,1,14,448,74.5,4
71,03-01-25 2 44 41_crop_10.png,8769,1,6,450,74.5,4
71,03-01-25 2 44 41_crop_10.png,8770,1,19,461,74.5,4
71,03-01-25 2 44 41_crop_10.png,8771,1,4,467,71.0,4
71,03-01-25 2 44 41_crop_10.png,8772,1,15,473,74.5,4
71,03-01-25 2 44 41_crop_10.png,8773,1,15,484,74.5,4
71,03-01-25 2 44 41_crop_10.png,8774,1,25,473,74.5,4
71,03-01-25 2 44 41_crop_10.png,8775,1,33,478,74.5,4
71,03-01-25 2 44 41_crop_10.png,8776,1,27,488,74.5,4
71,03-01-25 2 44 41_crop_10.png,8777,1,22,496,74.5,4
71,03-01-25 2 44 41_crop_10.png,8778,1,6,504,74.5,4
71,03-01-25 2 44 41_crop_10.png,8779,1,37,493,74.5,4
71,03-01-25 2 44 41_crop_10.png,8780,1,25,505,74.5,4
71,03-01-25 2 44 41_crop_10.png,8781,1,31,506,71.5,4
71,03-01-25 2 44 41_crop_10.png,8782,1,38,508,55.5,4
71,03-01-25 2 44 41_crop_10.png,8783,1,56,491,74.5,4
71,03-01-25 2 44 41_crop_10.png,8784,1,63,485,74.5,4
71,03-01-25 2 44 41_crop_10.png,8785,1,61,478,74.5,4
71,03-01-25 2 44 41_crop_10.png,8786,1,30,454,74.5,4
71,03-01-25 2 44 41_crop_10.png,8787,1,40,465,74.5,4
71,03-01-25 2 44 41_crop_10.png,8788,1,44,458,74.5,4
71,03-01-25 2 44 41_crop_10.png,8789,1,49,451,74.5,4
71,03-01-25 2 44 41_crop_10.png,8790,1,52,464,74.5,4
71,03-01-25 2 44 41_crop_10.png,8791,1,57,456,74.5,4
71,03-01-25 2 44 41_crop_10.png,8792,1,62,448,74.5,4
71,03-01-25 2 44 41_crop_10.png,8793,1,77,447,74.5,4
71,03-01-25 2 44 41_crop_10.png,8794,1,81,455,74.5,4
71,03-01-25 2 44 41_crop_10.png,8795,1,73,454,74.5,4
71,03-01-25 2 44 41_crop_10.png,8796,1,68,461,74.5,4
71,03-01-25 2 44 41_crop_10.png,8797,1,80,471,74.5,4
71,03-01-25 2 44 41_crop_10.png,8798,1,70,492,74.5,4
71,03-01-25 2 44 41_crop_10.png,8799,1,67,500,74.5,4
71,03-01-25 2 44 41_crop_10.png,8800,1,72,508,55.5,4
71,03-01-25 2 44 41_crop_10.png,8801,1,80,493,74.5,4
71,03-01-25 2 44 41_crop_10.png,8802,1,83,505,74.5,4
71,03-01-25 2 44 41_crop_10.png,8803,1,86,483,74.5,4
71,03-01-25 2 44 41_crop_10.png,8804,1,85,477,74.5,4
71,03-01-25 2 44 41_crop_10.png,8805,1,92,476,74.5,4
71,03-01-25 2 44 41_crop_10.png,8806,1,92,469,74.5,4
71,03-01-25 2 44 41_crop_10.png,8807,1,93,457,74.5,4
71,03-01-25 2 44 41_crop_10.png,8808,1,97,463,74.5,4
71,03-01-25 2 44 41_crop_10.png,8809,1,104,461,74.5,4
71,03-01-25 2 44 41_crop_10.png,8810,1,104,475,74.5,4
71,03-01-25 2 44 41_crop_10.png,8811,1,98,489,74.5,4
71,03-01-25 2 44 41_crop_10.png,8812,1,93,503,74.5,4
71,03-01-25 2 44 41_crop_10.png,8813,1,103,498,74.5,4
71,03-01-25 2 44 41_crop_10.png,8814,1,109,501,74.5,4
71,03-01-25 2 44 41_crop_10.png,8815,1,116,504,74.5,4
71,03-01-25 2 44 41_crop_10.png,8816,1,122,500,74.5,4
71,03-01-25 2 44 41_crop_10.png,8817,1,118,484,74.5,4
71,03-01-25 2 44 41_crop_10.png,8818,1,112,470,74.5,4
71,03-01-25 2 44 41_crop_10.png,8819,1,116,462,74.5,4
71,03-01-25 2 44 41_crop_10.png,8820,1,117,452,74.5,4
71,03-01-25 2 44 41_crop_10.png,8821,1,129,450,74.5,4
71,03-01-25 2 44 41_crop_10.png,8822,1,124,459,74.5,4
71,03-01-25 2 44 41_crop_10.png,8823,1,129,463,74.5,4
71,03-01-25 2 44 41_crop_10.png,8824,1,136,470,74.5,4
71,03-01-25 2 44 41_crop_10.png,8825,1,125,475,74.5,4
71,03-01-25 2 44 41_crop_10.png,8826,1,131,478,74.5,4
71,03-01-25 2 44 41_crop_10.png,8827,1,137,488,74.5,4
71,03-01-25 2 44 41_crop_10.png,8828,1,141,459,74.5,4
71,03-01-25 2 44 41_crop_10.png,8829,1,149,447,74.5,4
71,03-01-25 2 44 41_crop_10.png,8830,1,156,447,74.5,4
71,03-01-25 2 44 41_crop_10.png,8831,1,155,432,74.5,4
71,03-01-25 2 44 41_crop_10.png,8832,1,164,425,74.5,4
71,03-01-25 2 44 41_crop_10.png,8833,1,162,442,74.5,4
71,03-01-25 2 44 41_crop_10.png,8834,1,168,435,74.5,4
71,03-01-25 2 44 41_crop_10.png,8835,1,172,428,74.5,4
71,03-01-25 2 44 41_crop_10.png,8836,1,147,472,74.5,4
71,03-01-25 2 44 41_crop_10.png,8837,1,158,467,74.5,4
71,03-01-25 2 44 41_crop_10.png,8838,1,159,457,74.5,4
71,03-01-25 2 44 41_crop_10.png,8839,1,140,502,74.5,4
71,03-01-25 2 44 41_crop_10.png,8840,1,146,496,74.5,4
71,03-01-25 2 44 41_crop_10.png,8841,1,155,495,74.5,4
71,03-01-25 2 44 41_crop_10.png,8842,1,150,483,74.5,4
71,03-01-25 2 44 41_crop_10.png,8843,1,156,477,74.5,4
71,03-01-25 2 44 41_crop_10.png,8844,1,165,476,74.5,4
71,03-01-25 2 44 41_crop_10.png,8845,1,162,486,74.5,4
71,03-01-25 2 44 41_crop_10.png,8846,1,168,481,74.5,4
71,03-01-25 2 44 41_crop_10.png,8847,1,178,480,74.5,4
71,03-01-25 2 44 41_crop_10.png,8848,1,163,496,74.5,4
71,03-01-25 2 44 41_crop_10.png,8849,1,172,492,74.5,4
71,03-01-25 2 44 41_crop_10.png,8850,1,170,503,74.5,4
71,03-01-25 2 44 41_crop_10.png,8851,1,179,506,71.5,4
71,03-01-25 2 44 41_crop_10.png,8852,1,187,499,74.5,4
71,03-01-25 2 44 41_crop_10.png,8853,1,171,465,74.5,4
71,03-01-25 2 44 41_crop_10.png,8854,1,177,468,74.5,4
71,03-01-25 2 44 41_crop_10.png,8855,1,175,456,74.5,4
71,03-01-25 2 44 41_crop_10.png,8856,1,185,450,74.5,4
71,03-01-25 2 44 41_crop_10.png,8857,1,195,447,74.5,4
71,03-01-25 2 44 41_crop_10.png,8858,1,199,440,74.5,4
71,03-01-25 2 44 41_crop_10.png,8859,1,191,435,74.5,4
71,03-01-25 2 44 41_crop_10.png,8860,1,183,432,74.5,4
71,03-01-25 2 44 41_crop_10.png,8861,1,192,423,74.5,4
71,03-01-25 2 44 41_crop_10.png,8862,1,203,418,74.5,4
71,03-01-25 2 44 41_crop_10.png,8863,1,212,421,74.5,4
71,03-01-25 2 44 41_crop_10.png,8864,1,207,435,74.5,4
71,03-01-25 2 44 41_crop_10.png,8865,1,208,445,74.5,4
71,03-01-25 2 44 41_crop_10.png,8866,1,187,462,74.5,4
71,03-01-25 2 44 41_crop_10.png,8867,1,188,471,74.5,4
71,03-01-25 2 44 41_crop_10.png,8868,1,196,465,74.5,4
71,03-01-25 2 44 41_crop_10.png,8869,1,202,458,74.5,4
71,03-01-25 2 44 41_crop_10.png,8870,1,207,468,74.5,4
71,03-01-25 2 44 41_crop_10.png,8871,1,194,483,74.5,4
71,03-01-25 2 44 41_crop_10.png,8872,1,200,479,74.5,4
71,03-01-25 2 44 41_crop_10.png,8873,1,198,493,74.5,4
71,03-01-25 2 44 41_crop_10.png,8874,1,209,490,74.5,4
71,03-01-25 2 44 41_crop_10.png,8875,1,216,483,74.5,4
71,03-01-25 2 44 41_crop_10.png,8876,1,201,503,74.5,4
71,03-01-25 2 44 41_crop_10.png,8877,1,208,501,74.5,4
71,03-01-25 2 44 41_crop_10.png,8878,1,216,505,74.5,4
71,03-01-25 2 44 41_crop_10.png,8879,1,229,496,74.5,4
71,03-01-25 2 44 41_crop_10.png,8880,1,232,483,74.5,4
71,03-01-25 2 44 41_crop_10.png,8881,1,225,473,74.5,4
71,03-01-25 2 44 41_crop_10.png,8882,1,219,465,74.5,4
71,03-01-25 2 44 41_crop_10.png,8883,1,209,459,74.5,4
71,03-01-25 2 44 41_crop_10.png,8884,1,238,475,74.5,4
71,03-01-25 2 44 41_crop_10.png,8885,1,233,467,74.5,4
71,03-01-25 2 44 41_crop_10.png,8886,1,249,499,74.5,4
71,03-01-25 2 44 41_crop_10.png,8887,1,251,485,74.5,4
71,03-01-25 2 44 41_crop_10.png,8888,1,248,467,74.5,4
71,03-01-25 2 44 41_crop_10.png,8889,1,255,473,74.5,4
71,03-01-25 2 44 41_crop_10.png,8890,1,263,471,74.5,4
71,03-01-25 2 44 41_crop_10.png,8891,1,261,464,74.5,4
71,03-01-25 2 44 41_crop_10.png,8892,1,273,474,74.5,4
71,03-01-25 2 44 41_crop_10.png,8893,1,268,485,74.5,4
71,03-01-25 2 44 41_crop_10.png,8894,1,279,488,74.5,4
71,03-01-25 2 44 41_crop_10.png,8895,1,288,488,74.5,4
71,03-01-25 2 44 41_crop_10.png,8896,1,269,502,74.5,4
71,03-01-25 2 44 41_crop_10.png,8897,1,275,507,64.5,4
71,03-01-25 2 44 41_crop_10.png,8898,1,285,500,74.5,4
71,03-01-25 2 44 41_crop_10.png,8899,1,301,490,74.5,4
71,03-01-25 2 44 41_crop_10.png,8900,1,311,483,74.5,4
71,03-01-25 2 44 41_crop_10.png,8901,1,310,504,74.5,4
71,03-01-25 2 44 41_crop_10.png,8902,1,212,451,74.5,4
71,03-01-25 2 44 41_crop_10.png,8903,1,220,453,74.5,4
71,03-01-25 2 44 41_crop_10.png,8904,1,219,441,74.5,4
71,03-01-25 2 44 41_crop_10.png,8905,1,223,434,74.5,4
71,03-01-25 2 44 41_crop_10.png,8906,1,229,447,74.5,4
71,03-01-25 2 44 41_crop_10.png,8907,1,228,455,74.5,4
71,03-01-25 2 44 41_crop_10.png,8908,1,240,443,74.5,4
71,03-01-25 2 44 41_crop_10.png,8909,1,249,442,74.5,4
71,03-01-25 2 44 41_crop_10.png,8910,1,239,456,74.5,4
71,03-01-25 2 44 41_crop_10.png,8911,1,250,456,74.5,4
71,03-01-25 2 44 41_crop_10.png,8912,1,263,439,74.5,4
71,03-01-25 2 44 41_crop_10.png,8913,1,205,361,74.5,4
71,03-01-25 2 44 41_crop_10.png,8914,1,206,342,74.5,4
71,03-01-25 2 44 41_crop_10.png,8915,1,215,335,74.5,4
71,03-01-25 2 44 41_crop_10.png,8916,1,219,341,74.5,4
71,03-01-25 2 44 41_crop_10.png,8917,1,230,335,74.5,4
71,03-01-25 2 44 41_crop_10.png,8918,1,241,337,74.5,4
71,03-01-25 2 44 41_crop_10.png,8919,1,212,355,74.5,4
71,03-01-25 2 44 41_crop_10.png,8920,1,219,353,74.5,4
71,03-01-25 2 44 41_crop_10.png,8921,1,231,355,74.5,4
71,03-01-25 2 44 41_crop_10.png,8922,1,241,350,74.5,4
71,03-01-25 2 44 41_crop_10.png,8923,1,216,368,74.5,4
71,03-01-25 2 44 41_crop_10.png,8924,1,224,368,74.5,4
71,03-01-25 2 44 41_crop_10.png,8925,1,227,377,74.5,4
71,03-01-25 2 44 41_crop_10.png,8926,1,237,388,74.5,4
71,03-01-25 2 44 41_crop_10.png,8927,1,214,399,74.5,4
71,03-01-25 2 44 41_crop_10.png,8928,1,223,395,74.5,4
71,03-01-25 2 44 41_crop_10.png,8929,1,233,405,74.5,4
71,03-01-25 2 44 41_crop_10.png,8930,1,231,416,74.5,4
71,03-01-25 2 44 41_crop_10.png,8931,1,239,413,74.5,4
71,03-01-25 2 44 41_crop_10.png,8932,1,246,418,74.5,4
71,03-01-25 2 44 41_crop_10.png,8933,1,250,425,74.5,4
71,03-01-25 2 44 41_crop_10.png,8934,1,259,425,74.5,4
71,03-01-25 2 44 41_crop_10.png,8935,1,263,415,74.5,4
71,03-01-25 2 44 41_crop_10.png,8936,1,251,405,74.5,4
71,03-01-25 2 44 41_crop_10.png,8937,1,240,360,74.5,4
71,03-01-25 2 44 41_crop_10.png,8938,1,246,366,74.5,4
71,03-01-25 2 44 41_crop_10.png,8939,1,246,378,74.5,4
71,03-01-25 2 44 41_crop_10.png,8940,1,256,388,74.5,4
71,03-01-25 2 44 41_crop_10.png,8941,1,264,392,74.5,4
71,03-01-25 2 44 41_crop_10.png,8942,1,276,400,74.5,4
71,03-01-25 2 44 41_crop_10.png,8943,1,278,415,74.5,4
71,03-01-25 2 44 41_crop_10.png,8944,1,269,456,74.5,4
71,03-01-25 2 44 41_crop_10.png,8945,1,277,446,74.5,4
71,03-01-25 2 44 41_crop_10.png,8946,1,278,462,74.5,4
71,03-01-25 2 44 41_crop_10.png,8947,1,290,464,74.5,4
71,03-01-25 2 44 41_crop_10.png,8948,1,300,473,74.5,4
71,03-01-25 2 44 41_crop_10.png,8949,1,314,464,74.5,4
71,03-01-25 2 44 41_crop_10.png,8950,1,305,453,74.5,4
71,03-01-25 2 44 41_crop_10.png,8951,1,291,445,74.5,4
71,03-01-25 2 44 41_crop_10.png,8952,1,332,463,74.5,4
71,03-01-25 2 44 41_crop_10.png,8953,1,319,477,74.5,4
71,03-01-25 2 44 41_crop_10.png,8954,1,327,473,74.5,4
71,03-01-25 2 44 41_crop_10.png,8955,1,338,494,74.5,4
71,03-01-25 2 44 41_crop_10.png,8956,1,357,495,74.5,4
71,03-01-25 2 44 41_crop_10.png,8957,1,339,506,71.5,4
71,03-01-25 2 44 41_crop_10.png,8958,1,348,503,74.5,4
71,03-01-25 2 44 41_crop_10.png,8959,1,325,508,55.5,4
71,03-01-25 2 44 41_crop_10.png,8960,1,369,502,74.5,4
71,03-01-25 2 44 41_crop_10.png,8961,1,350,508,35.5,3
71,03-01-25 2 44 41_crop_10.png,8962,1,376,495,74.5,4
71,03-01-25 2 44 41_crop_10.png,8963,1,358,482,74.5,4
71,03-01-25 2 44 41_crop_10.png,8964,1,370,487,74.5,4
71,03-01-25 2 44 41_crop_10.png,8965,1,388,498,74.5,4
71,03-01-25 2 44 41_crop_10.png,8966,1,400,487,74.5,4
71,03-01-25 2 44 41_crop_10.png,8967,1,408,481,74.5,4
71,03-01-25 2 44 41_crop_10.png,8968,1,344,463,74.5,4
71,03-01-25 2 44 41_crop_10.png,8969,1,354,470,74.5,4
71,03-01-25 2 44 41_crop_10.png,8970,1,361,469,74.5,4
71,03-01-25 2 44 41_crop_10.png,8971,1,374,461,74.5,4
71,03-01-25 2 44 41_crop_10.png,8972,1,382,454,74.5,4
71,03-01-25 2 44 41_crop_10.png,8973,1,393,460,74.5,4
71,03-01-25 2 44 41_crop_10.png,8974,1,379,474,74.5,4
71,03-01-25 2 44 41_crop_10.png,8975,1,378,485,74.5,4
71,03-01-25 2 44 41_crop_10.png,8976,1,385,486,74.5,4
71,03-01-25 2 44 41_crop_10.png,8977,1,389,479,74.5,4
71,03-01-25 2 44 41_crop_10.png,8978,1,388,472,74.5,4
71,03-01-25 2 44 41_crop_10.png,8979,1,260,375,74.5,4
71,03-01-25 2 44 41_crop_10.png,8980,1,266,381,74.5,4
71,03-01-25 2 44 41_crop_10.png,8981,1,274,381,74.5,4
71,03-01-25 2 44 41_crop_10.png,8982,1,255,351,74.5,4
71,03-01-25 2 44 41_crop_10.png,8983,1,260,360,74.5,4
71,03-01-25 2 44 41_crop_10.png,8984,1,265,367,74.5,4
71,03-01-25 2 44 41_crop_10.png,8985,1,268,344,74.5,4
71,03-01-25 2 44 41_crop_10.png,8986,1,270,357,74.5,4
71,03-01-25 2 44 41_crop_10.png,8987,1,277,353,74.5,4
71,03-01-25 2 44 41_crop_10.png,8988,1,283,365,74.5,4
71,03-01-25 2 44 41_crop_10.png,8989,1,286,374,74.5,4
71,03-01-25 2 44 41_crop_10.png,8990,1,286,393,74.5,4
71,03-01-25 2 44 41_crop_10.png,8991,1,292,388,74.5,4
71,03-01-25 2 44 41_crop_10.png,8992,1,293,399,74.5,4
71,03-01-25 2 44 41_crop_10.png,8993,1,289,417,74.5,4
71,03-01-25 2 44 41_crop_10.png,8994,1,290,428,74.5,4
71,03-01-25 2 44 41_crop_10.png,8995,1,300,431,74.5,4
71,03-01-25 2 44 41_crop_10.png,8996,1,299,411,74.5,4
71,03-01-25 2 44 41_crop_10.png,8997,1,302,441,74.5,4
71,03-01-25 2 44 41_crop_10.png,8998,1,309,442,74.5,4
71,03-01-25 2 44 41_crop_10.png,8999,1,303,385,74.5,4
71,03-01-25 2 44 41_crop_10.png,9000,1,306,397,74.5,4
71,03-01-25 2 44 41_crop_10.png,9001,1,314,394,74.5,4
71,03-01-25 2 44 41_crop_10.png,9002,1,314,403,74.5,4
71,03-01-25 2 44 41_crop_10.png,9003,1,304,422,74.5,4
71,03-01-25 2 44 41_crop_10.png,9004,1,309,428,74.5,4
71,03-01-25 2 44 41_crop_10.png,9005,1,316,430,74.5,4
71,03-01-25 2 44 41_crop_10.png,9006,1,314,414,74.5,4
71,03-01-25 2 44 41_crop_10.png,9007,1,318,420,74.5,4
71,03-01-25 2 44 41_crop_10.png,9008,1,326,421,74.5,4
71,03-01-25 2 44 41_crop_10.png,9009,1,327,428,74.5,4
71,03-01-25 2 44 41_crop_10.png,9010,1,322,437,74.5,4
71,03-01-25 2 44 41_crop_10.png,9011,1,327,442,74.5,4
71,03-01-25 2 44 41_crop_10.png,9012,1,332,448,74.5,4
71,03-01-25 2 44 41_crop_10.png,9013,1,339,448,74.5,4
71,03-01-25 2 44 41_crop_10.png,9014,1,348,439,74.5,4
71,03-01-25 2 44 41_crop_10.png,9015,1,313,381,74.5,4
71,03-01-25 2 44 41_crop_10.png,9016,1,323,384,74.5,4
71,03-01-25 2 44 41_crop_10.png,9017,1,324,393,74.5,4
71,03-01-25 2 44 41_crop_10.png,9018,1,326,403,74.5,4
71,03-01-25 2 44 41_crop_10.png,9019,1,331,411,74.5,4
71,03-01-25 2 44 41_crop_10.png,9020,1,338,405,74.5,4
71,03-01-25 2 44 41_crop_10.png,9021,1,344,421,74.5,4
71,03-01-25 2 44 41_crop_10.png,9022,1,356,427,74.5,4
71,03-01-25 2 44 41_crop_10.png,9023,1,363,421,74.5,4
71,03-01-25 2 44 41_crop_10.png,9024,1,358,446,74.5,4
71,03-01-25 2 44 41_crop_10.png,9025,1,370,447,74.5,4
71,03-01-25 2 44 41_crop_10.png,9026,1,367,435,74.5,4
71,03-01-25 2 44 41_crop_10.png,9027,1,378,433,74.5,4
71,03-01-25 2 44 41_crop_10.png,9028,1,386,439,74.5,4
71,03-01-25 2 44 41_crop_10.png,9029,1,289,345,74.5,4
71,03-01-25 2 44 41_crop_10.png,9030,1,291,353,74.5,4
71,03-01-25 2 44 41_crop_10.png,9031,1,297,357,74.5,4
71,03-01-25 2 44 41_crop_10.png,9032,1,376,200,74.5,4
71,03-01-25 2 44 41_crop_10.png,9033,1,369,188,74.5,4
71,03-01-25 2 44 41_crop_10.png,9034,1,352,201,74.5,4
71,03-01-25 2 44 41_crop_10.png,9035,1,356,184,74.5,4
71,03-01-25 2 44 41_crop_10.png,9036,1,335,149,74.5,4
71,03-01-25 2 44 41_crop_10.png,9037,1,326,156,74.5,4
71,03-01-25 2 44 41_crop_10.png,9038,1,305,146,74.5,4
71,03-01-25 2 44 41_crop_10.png,9039,1,295,157,74.5,4
71,03-01-25 2 44 41_crop_10.png,9040,1,300,164,74.5,4
71,03-01-25 2 44 41_crop_10.png,9041,1,292,173,74.5,4
71,03-01-25 2 44 41_crop_10.png,9042,1,287,145,74.5,4
71,03-01-25 2 44 41_crop_10.png,9043,1,278,151,74.5,4
71,03-01-25 2 44 41_crop_10.png,9044,1,282,172,74.5,4
71,03-01-25 2 44 41_crop_10.png,9045,1,278,164,74.5,4
71,03-01-25 2 44 41_crop_10.png,9046,1,342,174,74.5,4
71,03-01-25 2 44 41_crop_10.png,9047,1,334,192,74.5,4
71,03-01-25 2 44 41_crop_10.png,9048,1,322,198,74.5,4
71,03-01-25 2 44 41_crop_10.png,9049,1,325,188,74.5,4
71,03-01-25 2 44 41_crop_10.png,9050,1,64,306,74.5,4
71,03-01-25 2 44 41_crop_10.png,9051,1,400,208,74.5,4
71,03-01-25 2 44 41_crop_10.png,9052,1,54,193,46.0,3
71,03-01-25 2 44 41_crop_10.png,9053,1,40,203,46.0,3
71,03-01-25 2 44 41_crop_10.png,9054,1,61,201,46.0,3
71,03-01-25 2 44 41_crop_10.png,9055,1,57,210,46.0,3
71,03-01-25 2 44 41_crop_10.png,9056,1,43,216,46.0,3
71,03-01-25 2 44 41_crop_10.png,9057,1,32,217,46.0,3
71,03-01-25 2 44 41_crop_10.png,9058,1,20,218,46.0,3
71,03-01-25 2 44 41_crop_10.png,9059,1,29,147,46.0,3
71,03-01-25 2 44 41_crop_10.png,9060,1,22,134,46.0,3
71,03-01-25 2 44 41_crop_10.png,9061,1,34,137,46.0,3
71,03-01-25 2 44 41_crop_10.png,9062,1,19,162,46.0,3
71,03-01-25 2 44 41_crop_10.png,9063,1,27,165,46.0,3
71,03-01-25 2 44 41_crop_10.png,9064,1,37,173,46.0,3
71,03-01-25 2 44 41_crop_10.png,9065,1,46,167,46.0,3
71,03-01-25 2 44 41_crop_10.png,9066,1,48,177,46.0,3
71,03-01-25 2 44 41_crop_10.png,9067,1,37,187,46.0,3
71,03-01-25 2 44 41_crop_10.png,9068,1,27,191,46.0,3
71,03-01-25 2 44 41_crop_10.png,9069,1,23,178,46.0,3
71,03-01-25 2 44 41_crop_10.png,9070,1,17,183,46.0,3
71,03-01-25 2 44 41_crop_10.png,9071,1,12,195,46.0,3
71,03-01-25 2 44 41_crop_10.png,9072,1,55,135,46.0,3
71,03-01-25 2 44 41_crop_10.png,9073,1,64,141,46.0,3
71,03-01-25 2 44 41_crop_10.png,9074,1,60,149,46.0,3
71,03-01-25 2 44 41_crop_10.png,9075,1,76,137,46.0,3
71,03-01-25 2 44 41_crop_10.png,9076,1,90,133,46.0,3
71,03-01-25 2 44 41_crop_10.png,9077,1,102,138,46.0,3
71,03-01-25 2 44 41_crop_10.png,9078,1,61,175,46.0,3
71,03-01-25 2 44 41_crop_10.png,9079,1,77,167,46.0,3
71,03-01-25 2 44 41_crop_10.png,9080,1,71,185,46.0,3
71,03-01-25 2 44 41_crop_10.png,9081,1,77,195,46.0,3
71,03-01-25 2 44 41_crop_10.png,9082,1,74,202,46.0,3
71,03-01-25 2 44 41_crop_10.png,9083,1,75,213,46.0,3
71,03-01-25 2 44 41_crop_10.png,9084,1,81,219,46.0,3
71,03-01-25 2 44 41_crop_10.png,9085,1,66,228,46.0,3
71,03-01-25 2 44 41_crop_10.png,9086,1,57,227,46.0,3
71,03-01-25 2 44 41_crop_10.png,9087,1,44,231,46.0,3
71,03-01-25 2 44 41_crop_10.png,9088,1,26,230,46.0,3
71,03-01-25 2 44 41_crop_10.png,9089,1,13,239,46.0,3
71,03-01-25 2 44 41_crop_10.png,9090,1,32,238,46.0,3
71,03-01-25 2 44 41_crop_10.png,9091,1,74,346,74.5,4
71,03-01-25 2 44 41_crop_10.png,9092,1,56,346,74.5,4
71,03-01-25 2 44 41_crop_10.png,9093,1,53,357,74.5,4
71,03-01-25 2 44 41_crop_10.png,9094,1,54,365,74.5,4
71,03-01-25 2 44 41_crop_10.png,9095,1,65,367,74.5,4
71,03-01-25 2 44 41_crop_10.png,9096,1,77,363,74.5,4
71,03-01-25 2 44 41_crop_10.png,9097,1,94,351,74.5,4
71,03-01-25 2 44 41_crop_10.png,9098,1,97,362,74.5,4
71,03-01-25 2 44 41_crop_10.png,9099,1,98,375,74.5,4
71,03-01-25 2 44 41_crop_10.png,9100,1,46,339,74.5,4
71,03-01-25 2 44 41_crop_10.png,9101,1,37,333,74.5,4
71,03-01-25 2 44 41_crop_10.png,9102,1,30,347,74.5,4
71,03-01-25 2 44 41_crop_10.png,9103,1,20,338,74.5,4
71,03-01-25 2 44 41_crop_10.png,9104,1,7,355,74.5,4
71,03-01-25 2 44 41_crop_10.png,9105,1,5,348,74.5,4
71,03-01-25 2 44 41_crop_10.png,9106,1,4,341,71.0,4
71,03-01-25 2 44 41_crop_10.png,9107,1,8,330,74.5,4
71,03-01-25 2 44 41_crop_10.png,9108,1,5,318,74.5,4
71,03-01-25 2 44 41_crop_10.png,9109,1,9,311,74.5,4
71,03-01-25 2 44 41_crop_10.png,9110,1,18,317,74.5,4
71,03-01-25 2 44 41_crop_10.png,9111,1,23,323,74.5,4
71,03-01-25 2 44 41_crop_10.png,9112,1,27,307,74.5,4
71,03-01-25 2 44 41_crop_10.png,9113,1,35,305,74.5,4
71,03-01-25 2 44 41_crop_10.png,9114,1,47,311,74.5,4
71,03-01-25 2 44 41_crop_10.png,9115,1,320,182,74.5,4
71,03-01-25 2 44 41_crop_10.png,9116,1,311,181,74.5,4
71,03-01-25 2 44 41_crop_10.png,9117,1,309,197,74.5,4
71,03-01-25 2 44 41_crop_10.png,9118,1,301,210,74.5,4
71,03-01-25 2 44 41_crop_10.png,9119,1,301,203,74.5,4
71,03-01-25 2 44 41_crop_10.png,9120,1,301,188,74.5,4
71,03-01-25 2 44 41_crop_10.png,9121,1,292,191,74.5,4
71,03-01-25 2 44 41_crop_10.png,9122,1,285,192,74.5,4
71,03-01-25 2 44 41_crop_10.png,9123,1,288,201,74.5,4
71,03-01-25 2 44 41_crop_10.png,9124,1,282,209,74.5,4
71,03-01-25 2 44 41_crop_10.png,9125,1,277,184,74.5,4
71,03-01-25 2 44 41_crop_10.png,9126,1,273,174,74.5,4
71,03-01-25 2 44 41_crop_10.png,9127,1,268,166,74.5,4
71,03-01-25 2 44 41_crop_10.png,9128,1,215,56,74.5,4
71,03-01-25 2 44 41_crop_10.png,9129,1,226,53,74.5,4
71,03-01-25 2 44 41_crop_10.png,9130,1,233,61,74.5,4
71,03-01-25 2 44 41_crop_10.png,9131,1,287,103,74.5,4
71,03-01-25 2 44 41_crop_10.png,9132,1,286,89,74.5,4
71,03-01-25 2 44 41_crop_10.png,9133,1,271,122,74.5,4
71,03-01-25 2 44 41_crop_10.png,9134,1,252,101,74.5,4
71,03-01-25 2 44 41_crop_10.png,9135,1,249,116,74.5,4
71,03-01-25 2 44 41_crop_10.png,9136,1,240,111,74.5,4
71,03-01-25 2 44 41_crop_10.png,9137,1,242,101,74.5,4
71,03-01-25 2 44 41_crop_10.png,9138,1,230,97,74.5,4
71,03-01-25 2 44 41_crop_10.png,9139,1,215,99,74.5,4
71,03-01-25 2 44 41_crop_10.png,9140,1,271,96,74.5,4
71,03-01-25 2 44 41_crop_10.png,9141,1,261,92,74.5,4
71,03-01-25 2 44 41_crop_10.png,9142,1,254,88,74.5,4
71,03-01-25 2 44 41_crop_10.png,9143,1,240,84,74.5,4
71,03-01-25 2 44 41_crop_10.png,9144,1,226,88,74.5,4
71,03-01-25 2 44 41_crop_10.png,9145,1,228,74,74.5,4
71,03-01-25 2 44 41_crop_10.png,9146,1,218,75,74.5,4
71,03-01-25 2 44 41_crop_10.png,9147,1,261,120,74.5,4
71,03-01-25 2 44 41_crop_10.png,9148,1,268,139,74.5,4
71,03-01-25 2 44 41_crop_10.png,9149,1,268,153,74.5,4
71,03-01-25 2 44 41_crop_10.png,9150,1,260,155,74.5,4
71,03-01-25 2 44 41_crop_10.png,9151,1,251,141,74.5,4
71,03-01-25 2 44 41_crop_10.png,9152,1,253,129,74.5,4
71,03-01-25 2 44 41_crop_10.png,9153,1,242,153,74.5,4
71,03-01-25 2 44 41_crop_10.png,9154,1,235,145,74.5,4
71,03-01-25 2 44 41_crop_10.png,9155,1,234,127,74.5,4
71,03-01-25 2 44 41_crop_10.png,9156,1,434,249,74.5,4
71,03-01-25 2 44 41_crop_10.png,9157,1,425,239,74.5,4
71,03-01-25 2 44 41_crop_10.png,9158,1,418,239,74.5,4
71,03-01-25 2 44 41_crop_10.png,9159,1,395,228,74.5,4
71,03-01-25 2 44 41_crop_10.png,9160,1,394,237,74.5,4
71,03-01-25 2 44 41_crop_10.png,9161,1,383,235,74.5,4
71,03-01-25 2 44 41_crop_10.png,9162,1,372,228,74.5,4
71,03-01-25 2 44 41_crop_10.png,9163,1,364,217,74.5,4
71,03-01-25 2 44 41_crop_10.png,9164,1,356,217,74.5,4
71,03-01-25 2 44 41_crop_10.png,9165,1,362,228,74.5,4
71,03-01-25 2 44 41_crop_10.png,9166,1,361,234,74.5,4
71,03-01-25 2 44 41_crop_10.png,9167,1,352,230,74.5,4
71,03-01-25 2 44 41_crop_10.png,9168,1,345,216,74.5,4
71,03-01-25 2 44 41_crop_10.png,9169,1,308,217,74.5,4
71,03-01-25 2 44 41_crop_10.png,9170,1,319,211,74.5,4
71,03-01-25 2 44 41_crop_10.png,9171,1,328,213,74.5,4
71,03-01-25 2 44 41_crop_10.png,9172,1,332,218,74.5,4
71,03-01-25 2 44 41_crop_10.png,9173,1,336,235,74.5,4
71,03-01-25 2 44 41_crop_10.png,9174,1,345,243,74.5,4
71,03-01-25 2 44 41_crop_10.png,9175,1,360,245,74.5,4
71,03-01-25 2 44 41_crop_10.png,9176,1,373,247,74.5,4
71,03-01-25 2 44 41_crop_10.png,9177,1,382,250,74.5,4
71,03-01-25 2 44 41_crop_10.png,9178,1,390,252,74.5,4
71,03-01-25 2 44 41_crop_10.png,9179,1,410,251,74.5,4
71,03-01-25 2 44 41_crop_10.png,9180,1,418,256,74.5,4
71,03-01-25 2 44 41_crop_10.png,9181,1,426,260,74.5,4
71,03-01-25 2 44 41_crop_10.png,9182,1,421,268,74.5,4
71,03-01-25 2 44 41_crop_10.png,9183,1,412,265,74.5,4
71,03-01-25 2 44 41_crop_10.png,9184,1,403,258,74.5,4
71,03-01-25 2 44 41_crop_10.png,9185,1,391,261,74.5,4
71,03-01-25 2 44 41_crop_10.png,9186,1,395,267,74.5,4
71,03-01-25 2 44 41_crop_10.png,9187,1,405,273,74.5,4
71,03-01-25 2 44 41_crop_10.png,9188,1,350,263,74.5,4
71,03-01-25 2 44 41_crop_10.png,9189,1,370,261,74.5,4
71,03-01-25 2 44 41_crop_10.png,9190,1,381,264,74.5,4
71,03-01-25 2 44 41_crop_10.png,9191,1,375,271,74.5,4
71,03-01-25 2 44 41_crop_10.png,9192,1,371,278,74.5,4
71,03-01-25 2 44 41_crop_10.png,9193,1,363,281,74.5,4
71,03-01-25 2 44 41_crop_10.png,9194,1,354,277,74.5,4
71,03-01-25 2 44 41_crop_10.png,9195,1,350,288,74.5,4
71,03-01-25 2 44 41_crop_10.png,9196,1,361,293,74.5,4
71,03-01-25 2 44 41_crop_10.png,9197,1,379,282,74.5,4
71,03-01-25 2 44 41_crop_10.png,9198,1,386,285,74.5,4
71,03-01-25 2 44 41_crop_10.png,9199,1,375,294,74.5,4
71,03-01-25 2 44 41_crop_10.png,9200,1,385,298,74.5,4
71,03-01-25 2 44 41_crop_10.png,9201,1,398,288,74.5,4
71,03-01-25 2 44 41_crop_10.png,9202,1,405,282,74.5,4
71,03-01-25 2 44 41_crop_10.png,9203,1,406,295,74.5,4
71,03-01-25 2 44 41_crop_10.png,9204,1,415,283,74.5,4
71,03-01-25 2 44 41_crop_10.png,9205,1,416,290,74.5,4
71,03-01-25 2 44 41_crop_10.png,9206,1,427,288,74.5,4
71,03-01-25 2 44 41_crop_10.png,9207,1,436,283,74.5,4
71,03-01-25 2 44 41_crop_10.png,9208,1,431,277,74.5,4
71,03-01-25 2 44 41_crop_10.png,9209,1,436,274,74.5,4
71,03-01-25 2 44 41_crop_10.png,9210,1,451,277,74.5,4
71,03-01-25 2 44 41_crop_10.png,9211,1,462,276,74.5,4
71,03-01-25 2 44 41_crop_10.png,9212,1,466,258,74.5,4
71,03-01-25 2 44 41_crop_10.png,9213,1,501,257,74.5,4
71,03-01-25 2 44 41_crop_10.png,9214,1,485,259,74.5,4
71,03-01-25 2 44 41_crop_10.png,9215,1,496,269,74.5,4
71,03-01-25 2 44 41_crop_10.png,9216,1,501,284,74.5,4
71,03-01-25 2 44 41_crop_10.png,9217,1,495,296,74.5,4
71,03-01-25 2 44 41_crop_10.png,9218,1,455,296,74.5,4
71,03-01-25 2 44 41_crop_10.png,9219,1,432,301,74.5,4
71,03-01-25 2 44 41_crop_10.png,9220,1,443,304,74.5,4
71,03-01-25 2 44 41_crop_10.png,9221,1,449,310,74.5,4
71,03-01-25 2 44 41_crop_10.png,9222,1,427,315,74.5,4
71,03-01-25 2 44 41_crop_10.png,9223,1,415,319,74.5,4
71,03-01-25 2 44 41_crop_10.png,9224,1,412,310,74.5,4
71,03-01-25 2 44 41_crop_10.png,9225,1,404,316,74.5,4
71,03-01-25 2 44 41_crop_10.png,9226,1,395,312,74.5,4
71,03-01-25 2 44 41_crop_10.png,9227,1,372,313,74.5,4
71,03-01-25 2 44 41_crop_10.png,9228,1,367,307,74.5,4
71,03-01-25 2 44 41_crop_10.png,9229,1,362,316,74.5,4
71,03-01-25 2 44 41_crop_10.png,9230,1,433,354,74.5,4
71,03-01-25 2 44 41_crop_10.png,9231,1,380,312,74.5,4
71,03-01-25 2 44 41_crop_10.png,9232,1,496,319,74.5,4
71,03-01-25 2 44 41_crop_10.png,9233,1,507,310,55.5,4
71,03-01-25 2 44 41_crop_10.png,9234,1,497,305,74.5,4
71,03-01-25 2 44 41_crop_10.png,9235,1,485,314,74.5,4
71,03-01-25 2 44 41_crop_10.png,9236,1,477,309,74.5,4
71,03-01-25 2 44 41_crop_10.png,9237,1,498,330,74.5,4
71,03-01-25 2 44 41_crop_10.png,9238,1,490,329,74.5,4
71,03-01-25 2 44 41_crop_10.png,9239,1,482,328,74.5,4
71,03-01-25 2 44 41_crop_10.png,9240,1,506,339,70.5,4
71,03-01-25 2 44 41_crop_10.png,9241,1,501,347,74.5,4
71,03-01-25 2 44 41_crop_10.png,9242,1,507,356,63.5,4
71,03-01-25 2 44 41_crop_10.png,9243,1,493,340,74.5,4
71,03-01-25 2 44 41_crop_10.png,9244,1,491,349,74.5,4
71,03-01-25 2 44 41_crop_10.png,9245,1,506,366,74.5,4
71,03-01-25 2 44 41_crop_10.png,9246,1,496,369,74.5,4
71,03-01-25 2 44 41_crop_10.png,9247,1,488,368,74.5,4
71,03-01-25 2 44 41_crop_10.png,9248,1,467,357,74.5,4
71,03-01-25 2 44 41_crop_10.png,9249,1,457,353,74.5,4
71,03-01-25 2 44 41_crop_10.png,9250,1,507,380,63.5,4
71,03-01-25 2 44 41_crop_10.png,9251,1,502,387,74.5,4
71,03-01-25 2 44 41_crop_10.png,9252,1,507,400,63.5,4
71,03-01-25 2 44 41_crop_10.png,9253,1,488,385,74.5,4
71,03-01-25 2 44 41_crop_10.png,9254,1,506,416,70.5,4
71,03-01-25 2 44 41_crop_10.png,9255,1,501,422,74.5,4
71,03-01-25 2 44 41_crop_10.png,9256,1,506,432,74.5,4
71,03-01-25 2 44 41_crop_10.png,9257,1,505,441,74.5,4
71,03-01-25 2 44 41_crop_10.png,9258,1,493,436,74.5,4
71,03-01-25 2 44 41_crop_10.png,9259,1,482,440,74.5,4
71,03-01-25 2 44 41_crop_10.png,9260,1,489,445,74.5,4
71,03-01-25 2 44 41_crop_10.png,9261,1,493,425,74.5,4
71,03-01-25 2 44 41_crop_10.png,9262,1,489,412,74.5,4
71,03-01-25 2 44 41_crop_10.png,9263,1,479,419,74.5,4
71,03-01-25 2 44 41_crop_10.png,9264,1,478,406,74.5,4
71,03-01-25 2 44 41_crop_10.png,9265,1,478,434,74.5,4
71,03-01-25 2 44 41_crop_10.png,9266,1,461,438,74.5,4
71,03-01-25 2 44 41_crop_10.png,9267,1,470,435,74.5,4
71,03-01-25 2 44 41_crop_10.png,9268,1,469,416,74.5,4
71,03-01-25 2 44 41_crop_10.png,9269,1,465,425,74.5,4
71,03-01-25 2 44 41_crop_10.png,9270,1,462,417,74.5,4
71,03-01-25 2 44 41_crop_10.png,9271,1,454,419,74.5,4
71,03-01-25 2 44 41_crop_10.png,9272,1,448,425,74.5,4
71,03-01-25 2 44 41_crop_10.png,9273,1,448,434,74.5,4
71,03-01-25 2 44 41_crop_10.png,9274,1,455,439,74.5,4
71,03-01-25 2 44 41_crop_10.png,9275,1,443,438,74.5,4
71,03-01-25 2 44 41_crop_10.png,9276,1,435,431,74.5,4
71,03-01-25 2 44 41_crop_10.png,9277,1,428,431,74.5,4
71,03-01-25 2 44 41_crop_10.png,9278,1,421,432,74.5,4
71,03-01-25 2 44 41_crop_10.png,9279,1,416,425,74.5,4
71,03-01-25 2 44 41_crop_10.png,9280,1,415,436,74.5,4
71,03-01-25 2 44 41_crop_10.png,9281,1,410,430,74.5,4
71,03-01-25 2 44 41_crop_10.png,9282,1,409,424,74.5,4
71,03-01-25 2 44 41_crop_10.png,9283,1,469,445,74.5,4
71,03-01-25 2 44 41_crop_10.png,9284,1,476,448,74.5,4
71,03-01-25 2 44 41_crop_10.png,9285,1,485,456,74.5,4
71,03-01-25 2 44 41_crop_10.png,9286,1,494,454,74.5,4
71,03-01-25 2 44 41_crop_10.png,9287,1,502,455,74.5,4
71,03-01-25 2 44 41_crop_10.png,9288,1,506,464,70.5,4
71,03-01-25 2 44 41_crop_10.png,9289,1,507,471,63.5,4
71,03-01-25 2 44 41_crop_10.png,9290,1,500,472,74.5,4
71,03-01-25 2 44 41_crop_10.png,9291,1,493,472,74.5,4
71,03-01-25 2 44 41_crop_10.png,9292,1,507,484,55.5,4
71,03-01-25 2 44 41_crop_10.png,9293,1,494,481,74.5,4
71,03-01-25 2 44 41_crop_10.png,9294,1,497,489,74.5,4
71,03-01-25 2 44 41_crop_10.png,9295,1,484,475,74.5,4
71,03-01-25 2 44 41_crop_10.png,9296,1,507,507,54.0,4
71,03-01-25 2 44 41_crop_10.png,9297,1,499,507,64.5,4
71,03-01-25 2 44 41_crop_10.png,9298,1,500,500,74.5,4
71,03-01-25 2 44 41_crop_10.png,9299,1,488,500,74.5,4
71,03-01-25 2 44 41_crop_10.png,9300,1,489,492,74.5,4
71,03-01-25 2 44 41_crop_10.png,9301,1,482,487,74.5,4
71,03-01-25 2 44 41_crop_10.png,9302,1,466,482,74.5,4
71,03-01-25 2 44 41_crop_10.png,9303,1,469,475,74.5,4
71,03-01-25 2 44 41_crop_10.png,9304,1,477,463,74.5,4
71,03-01-25 2 44 41_crop_10.png,9305,1,471,457,74.5,4
71,03-01-25 2 44 41_crop_10.png,9306,1,464,455,74.5,4
71,03-01-25 2 44 41_crop_10.png,9307,1,455,459,74.5,4
71,03-01-25 2 44 41_crop_10.png,9308,1,454,469,74.5,4
71,03-01-25 2 44 41_crop_10.png,9309,1,454,477,74.5,4
71,03-01-25 2 44 41_crop_10.png,9310,1,445,483,74.5,4
71,03-01-25 2 44 41_crop_10.png,9311,1,437,479,74.5,4
71,03-01-25 2 44 41_crop_10.png,9312,1,465,499,74.5,4
71,03-01-25 2 44 41_crop_10.png,9313,1,458,493,74.5,4
71,03-01-25 2 44 41_crop_10.png,9314,1,453,499,74.5,4
71,03-01-25 2 44 41_crop_10.png,9315,1,451,494,74.5,4
71,03-01-25 2 44 41_crop_10.png,9316,1,447,508,55.5,4
71,03-01-25 2 44 41_crop_10.png,9317,1,436,501,74.5,4
71,03-01-25 2 44 41_crop_10.png,9318,1,429,505,74.5,4
71,03-01-25 2 44 41_crop_10.png,9319,1,415,507,64.5,4
71,03-01-25 2 44 41_crop_10.png,9320,1,421,502,74.5,4
71,03-01-25 2 44 41_crop_10.png,9321,1,411,499,74.5,4
71,03-01-25 2 44 41_crop_10.png,9322,1,427,485,74.5,4
71,03-01-25 2 44 41_crop_10.png,9323,1,429,474,74.5,4
71,03-01-25 2 44 41_crop_10.png,9324,1,444,470,74.5,4
71,03-01-25 2 44 41_crop_10.png,9325,1,445,461,74.5,4
71,03-01-25 2 44 41_crop_10.png,9326,1,436,458,74.5,4
71,03-01-25 2 44 41_crop_10.png,9327,1,430,452,74.5,4
71,03-01-25 2 44 41_crop_10.png,9328,1,425,463,74.5,4
71,03-01-25 2 44 41_crop_10.png,9329,1,417,470,74.5,4
71,03-01-25 2 44 41_crop_10.png,9330,1,416,478,74.5,4
71,03-01-25 2 44 41_crop_10.png,9331,1,424,443,74.5,4
71,03-01-25 2 44 41_crop_10.png,9332,1,418,449,74.5,4
71,03-01-25 2 44 41_crop_10.png,9333,1,416,457,74.5,4
71,03-01-25 2 44 41_crop_10.png,9334,1,410,460,74.5,4
71,03-01-25 2 44 41_crop_10.png,9335,1,412,445,74.5,4
71,03-01-25 2 44 41_crop_10.png,9336,1,403,452,74.5,4
71,03-01-25 2 44 41_crop_10.png,9337,1,405,445,74.5,4
71,03-01-25 2 44 41_crop_10.png,9338,1,400,435,74.5,4
71,03-01-25 2 44 41_crop_10.png,9339,1,397,428,74.5,4
71,03-01-25 2 44 41_crop_10.png,9340,1,482,377,74.5,4
71,03-01-25 2 44 41_crop_10.png,9341,1,482,352,74.5,4
71,03-01-25 2 44 41_crop_10.png,9342,1,483,362,74.5,4
71,03-01-25 2 44 41_crop_10.png,9343,1,475,363,74.5,4
71,03-01-25 2 44 41_crop_10.png,9344,1,468,366,74.5,4
71,03-01-25 2 44 41_crop_10.png,9345,1,475,345,74.5,4
71,03-01-25 2 44 41_crop_10.png,9346,1,467,333,74.5,4
71,03-01-25 2 44 41_crop_10.png,9347,1,471,327,74.5,4
71,03-01-25 2 44 41_crop_10.png,9348,1,465,318,74.5,4
71,03-01-25 2 44 41_crop_10.png,9349,1,463,326,74.5,4
71,03-01-25 2 44 41_crop_10.png,9350,1,454,327,74.5,4
71,03-01-25 2 44 41_crop_10.png,9351,1,447,323,74.5,4
71,03-01-25 2 44 41_crop_10.png,9352,1,432,323,74.5,4
71,03-01-25 2 44 41_crop_10.png,9353,1,436,330,74.5,4
71,03-01-25 2 44 41_crop_10.png,9354,1,464,387,74.5,4
71,03-01-25 2 44 41_crop_10.png,9355,1,457,365,74.5,4
71,03-01-25 2 44 41_crop_10.png,9356,1,453,359,74.5,4
71,03-01-25 2 44 41_crop_10.png,9357,1,448,349,74.5,4
71,03-01-25 2 44 41_crop_10.png,9358,1,446,340,74.5,4
71,03-01-25 2 44 41_crop_10.png,9359,1,443,355,74.5,4
71,03-01-25 2 44 41_crop_10.png,9360,1,440,346,74.5,4
71,03-01-25 2 44 41_crop_10.png,9361,1,447,365,74.5,4
71,03-01-25 2 44 41_crop_10.png,9362,1,457,374,74.5,4
71,03-01-25 2 44 41_crop_10.png,9363,1,452,382,74.5,4
71,03-01-25 2 44 41_crop_10.png,9364,1,445,387,74.5,4
71,03-01-25 2 44 41_crop_10.png,9365,1,436,386,74.5,4
71,03-01-25 2 44 41_crop_10.png,9366,1,445,372,74.5,4
71,03-01-25 2 44 41_crop_10.png,9367,1,439,365,74.5,4
71,03-01-25 2 44 41_crop_10.png,9368,1,430,371,74.5,4
71,03-01-25 2 44 41_crop_10.png,9369,1,421,362,74.5,4
71,03-01-25 2 44 41_crop_10.png,9370,1,422,378,74.5,4
71,03-01-25 2 44 41_crop_10.png,9371,1,413,373,74.5,4
71,03-01-25 2 44 41_crop_10.png,9372,1,409,382,74.5,4
71,03-01-25 2 44 41_crop_10.png,9373,1,417,390,74.5,4
71,03-01-25 2 44 41_crop_10.png,9374,1,427,395,74.5,4
71,03-01-25 2 44 41_crop_10.png,9375,1,437,396,74.5,4
71,03-01-25 2 44 41_crop_10.png,9376,1,457,407,74.5,4
71,03-01-25 2 44 41_crop_10.png,9377,1,472,396,74.5,4
71,03-01-25 2 44 41_crop_10.png,9378,1,464,401,74.5,4
71,03-01-25 2 44 41_crop_10.png,9379,1,452,400,74.5,4
71,03-01-25 2 44 41_crop_10.png,9380,1,444,406,74.5,4
71,03-01-25 2 44 41_crop_10.png,9381,1,436,413,74.5,4
71,03-01-25 2 44 41_crop_10.png,9382,1,428,407,74.5,4
71,03-01-25 2 44 41_crop_10.png,9383,1,425,413,74.5,4
71,03-01-25 2 44 41_crop_10.png,9384,1,414,412,74.5,4
71,03-01-25 2 44 41_crop_10.png,9385,1,402,401,74.5,4
71,03-01-25 2 44 41_crop_10.png,9386,1,396,409,74.5,4
71,03-01-25 2 44 41_crop_10.png,9387,1,391,421,74.5,4
71,03-01-25 2 44 41_crop_10.png,9388,1,381,418,74.5,4
71,03-01-25 2 44 41_crop_10.png,9389,1,408,329,74.5,4
71,03-01-25 2 44 41_crop_10.png,9390,1,395,331,74.5,4
71,03-01-25 2 44 41_crop_10.png,9391,1,385,333,74.5,4
71,03-01-25 2 44 41_crop_10.png,9392,1,379,324,74.5,4
71,03-01-25 2 44 41_crop_10.png,9393,1,425,347,74.5,4
71,03-01-25 2 44 41_crop_10.png,9394,1,423,339,74.5,4
71,03-01-25 2 44 41_crop_10.png,9395,1,416,349,74.5,4
71,03-01-25 2 44 41_crop_10.png,9396,1,407,343,74.5,4
71,03-01-25 2 44 41_crop_10.png,9397,1,408,360,74.5,4
71,03-01-25 2 44 41_crop_10.png,9398,1,408,352,74.5,4
71,03-01-25 2 44 41_crop_10.png,9399,1,402,351,74.5,4
71,03-01-25 2 44 41_crop_10.png,9400,1,399,362,74.5,4
71,03-01-25 2 44 41_crop_10.png,9401,1,401,372,74.5,4
71,03-01-25 2 44 41_crop_10.png,9402,1,42,320,74.5,4
71,03-01-25 2 44 41_crop_10.png,9403,1,397,381,74.5,4
71,03-01-25 2 44 41_crop_10.png,9404,1,401,388,74.5,4
71,03-01-25 2 44 41_crop_10.png,9405,1,393,389,74.5,4
71,03-01-25 2 44 41_crop_10.png,9406,1,389,376,74.5,4
71,03-01-25 2 44 41_crop_10.png,9407,1,383,373,74.5,4
71,03-01-25 2 44 41_crop_10.png,9408,1,378,383,74.5,4
71,03-01-25 2 44 41_crop_10.png,9409,1,372,387,74.5,4
71,03-01-25 2 44 41_crop_10.png,9410,1,380,399,74.5,4
71,03-01-25 2 44 41_crop_10.png,9411,1,374,405,74.5,4
71,03-01-25 2 44 41_crop_10.png,9412,1,369,414,74.5,4
71,03-01-25 2 44 41_crop_10.png,9413,1,365,407,74.5,4
71,03-01-25 2 44 41_crop_10.png,9414,1,358,402,74.5,4
71,03-01-25 2 44 41_crop_10.png,9415,1,389,361,74.5,4
71,03-01-25 2 44 41_crop_10.png,9416,1,381,360,74.5,4
71,03-01-25 2 44 41_crop_10.png,9417,1,375,362,74.5,4
71,03-01-25 2 44 41_crop_10.png,9418,1,369,374,74.5,4
71,03-01-25 2 44 41_crop_10.png,9419,1,360,381,74.5,4
71,03-01-25 2 44 41_crop_10.png,9420,1,356,389,74.5,4
71,03-01-25 2 44 41_crop_10.png,9421,1,354,383,74.5,4
71,03-01-25 2 44 41_crop_10.png,9422,1,394,349,74.5,4
71,03-01-25 2 44 41_crop_10.png,9423,1,382,346,74.5,4
71,03-01-25 2 44 41_crop_10.png,9424,1,372,336,74.5,4
71,03-01-25 2 44 41_crop_10.png,9425,1,349,309,74.5,4
71,03-01-25 2 44 41_crop_10.png,9426,1,355,311,74.5,4
71,03-01-25 2 44 41_crop_10.png,9427,1,355,302,74.5,4
71,03-01-25 2 44 41_crop_10.png,9428,1,365,327,74.5,4
71,03-01-25 2 44 41_crop_10.png,9429,1,357,327,74.5,4
71,03-01-25 2 44 41_crop_10.png,9430,1,348,320,74.5,4
71,03-01-25 2 44 41_crop_10.png,9431,1,349,334,74.5,4
71,03-01-25 2 44 41_crop_10.png,9432,1,342,329,74.5,4
71,03-01-25 2 44 41_crop_10.png,9433,1,369,352,74.5,4
71,03-01-25 2 44 41_crop_10.png,9434,1,362,359,74.5,4
71,03-01-25 2 44 41_crop_10.png,9435,1,354,366,74.5,4
71,03-01-25 2 44 41_crop_10.png,9436,1,348,369,74.5,4
71,03-01-25 2 44 41_crop_10.png,9437,1,344,390,74.5,4
71,03-01-25 2 44 41_crop_10.png,9438,1,334,387,74.5,4
71,03-01-25 2 44 41_crop_10.png,9439,1,345,377,74.5,4
71,03-01-25 2 44 41_crop_10.png,9440,1,361,350,74.5,4
71,03-01-25 2 44 41_crop_10.png,9441,1,44,327,74.5,4
71,03-01-25 2 44 41_crop_10.png,9442,1,63,334,74.5,4
71,03-01-25 2 44 41_crop_10.png,9443,1,55,329,74.5,4
71,03-01-25 2 44 41_crop_10.png,9444,1,62,321,74.5,4
71,03-01-25 2 44 41_crop_10.png,9445,1,73,324,74.5,4
71,03-01-25 2 44 41_crop_10.png,9446,1,351,351,74.5,4
71,03-01-25 2 44 41_crop_10.png,9447,1,335,361,74.5,4
71,03-01-25 2 44 41_crop_10.png,9448,1,342,350,74.5,4
71,03-01-25 2 44 41_crop_10.png,9449,1,336,343,74.5,4
71,03-01-25 2 44 41_crop_10.png,9450,1,324,351,74.5,4
71,03-01-25 2 44 41_crop_10.png,9451,1,305,345,74.5,4
71,03-01-25 2 44 41_crop_10.png,9452,1,310,352,74.5,4
71,03-01-25 2 44 41_crop_10.png,9453,1,321,362,74.5,4
71,03-01-25 2 44 41_crop_10.png,9454,1,326,370,74.5,4
71,03-01-25 2 44 41_crop_10.png,9455,1,331,376,74.5,4
71,03-01-25 2 44 41_crop_10.png,9456,1,323,376,74.5,4
71,03-01-25 2 44 41_crop_10.png,9457,1,317,370,74.5,4
71,03-01-25 2 44 41_crop_10.png,9458,1,311,367,74.5,4
71,03-01-25 2 44 41_crop_10.png,9459,1,303,361,74.5,4
71,03-01-25 2 44 41_crop_10.png,9460,1,296,366,74.5,4
71,03-01-25 2 44 41_crop_10.png,9461,1,72,314,74.5,4
71,03-01-25 2 44 41_crop_10.png,9462,1,80,313,74.5,4
71,03-01-25 2 44 41_crop_10.png,9463,1,84,307,74.5,4
71,03-01-25 2 44 41_crop_10.png,9464,1,94,311,74.5,4
71,03-01-25 2 44 41_crop_10.png,9465,1,95,326,74.5,4
71,03-01-25 2 44 41_crop_10.png,9466,1,90,335,74.5,4
71,03-01-25 2 44 41_crop_10.png,9467,1,382,210,74.5,4
71,03-01-25 2 44 41_crop_10.png,9468,1,46,197,46.0,3
71,03-01-25 2 44 41_crop_10.png,9469,1,224,125,74.5,4
71,03-01-25 2 44 41_crop_10.png,9470,1,183,171,74.5,4
71,03-01-25 2 44 41_crop_10.png,9471,1,191,161,74.5,4
71,03-01-25 2 44 41_crop_10.png,9472,1,181,159,74.5,4
71,03-01-25 2 44 41_crop_10.png,9473,1,151,164,74.5,4
71,03-01-25 2 44 41_crop_10.png,9474,1,154,174,74.5,4
71,03-01-25 2 44 41_crop_10.png,9475,1,163,172,74.5,4
71,03-01-25 2 44 41_crop_10.png,9476,1,169,165,74.5,4
71,03-01-25 2 44 41_crop_10.png,9477,1,163,155,74.5,4
71,03-01-25 2 44 41_crop_10.png,9478,1,156,145,74.5,4
71,03-01-25 2 44 41_crop_10.png,9479,1,138,147,74.5,4
71,03-01-25 2 44 41_crop_10.png,9480,1,141,155,74.5,4
71,03-01-25 2 44 41_crop_10.png,9481,1,134,161,74.5,4
71,03-01-25 2 44 41_crop_10.png,9482,1,132,170,74.5,4
71,03-01-25 2 44 41_crop_10.png,9483,1,11,261,46.0,3
71,03-01-25 2 44 41_crop_10.png,9484,1,18,261,46.0,3
71,03-01-25 2 44 41_crop_10.png,9485,1,9,272,46.0,3
71,03-01-25 2 44 41_crop_10.png,9486,1,21,276,74.5,4
71,03-01-25 2 44 41_crop_10.png,9487,1,14,284,74.5,4
71,03-01-25 2 44 41_crop_10.png,9488,1,6,280,74.5,4
71,03-01-25 2 44 41_crop_10.png,9489,1,25,285,74.5,4
71,03-01-25 2 44 41_crop_10.png,9490,1,32,283,74.5,4
71,03-01-25 2 44 41_crop_10.png,9491,1,21,293,74.5,4
71,03-01-25 2 44 41_crop_10.png,9492,1,10,294,74.5,4
71,03-01-25 2 44 41_crop_10.png,9493,1,29,291,74.5,4
71,03-01-25 2 44 41_crop_10.png,9494,1,35,295,74.5,4
71,03-01-25 2 44 41_crop_10.png,9495,1,42,286,74.5,4
71,03-01-25 2 44 41_crop_10.png,9496,1,51,291,74.5,4
71,03-01-25 2 44 41_crop_10.png,9497,1,55,274,74.5,4
71,03-01-25 2 44 41_crop_10.png,9498,1,46,271,74.5,4
71,03-01-25 2 44 41_crop_10.png,9499,1,40,261,74.5,4
71,03-01-25 2 44 41_crop_10.png,9500,1,41,246,74.5,4
71,03-01-25 2 44 41_crop_10.png,9501,1,48,254,74.5,4
71,03-01-25 2 44 41_crop_10.png,9502,1,54,259,74.5,4
71,03-01-25 2 44 41_crop_10.png,9503,1,62,275,74.5,4
71,03-01-25 2 44 41_crop_10.png,9504,1,61,286,74.5,4
71,03-01-25 2 44 41_crop_10.png,9505,1,70,285,74.5,4
71,03-01-25 2 44 41_crop_10.png,9506,1,74,297,74.5,4
71,03-01-25 2 44 41_crop_10.png,9507,1,55,246,74.5,4
71,03-01-25 2 44 41_crop_10.png,9508,1,65,243,74.5,4
71,03-01-25 2 44 41_crop_10.png,9509,1,62,251,74.5,4
71,03-01-25 2 44 41_crop_10.png,9510,1,68,259,74.5,4
71,03-01-25 2 44 41_crop_10.png,9511,1,70,247,74.5,4
71,03-01-25 2 44 41_crop_10.png,9512,1,75,255,74.5,4
71,03-01-25 2 44 41_crop_10.png,9513,1,76,267,74.5,4
71,03-01-25 2 44 41_crop_10.png,9514,1,85,256,74.5,4
71,03-01-25 2 44 41_crop_10.png,9515,1,78,239,74.5,4
71,03-01-25 2 44 41_crop_10.png,9516,1,83,233,74.5,4
71,03-01-25 2 44 41_crop_10.png,9517,1,92,231,74.5,4
71,03-01-25 2 44 41_crop_10.png,9518,1,89,245,74.5,4
71,03-01-25 2 44 41_crop_10.png,9519,1,83,277,74.5,4
71,03-01-25 2 44 41_crop_10.png,9520,1,91,273,74.5,4
71,03-01-25 2 44 41_crop_10.png,9521,1,104,270,74.5,4
71,03-01-25 2 44 41_crop_10.png,9522,1,101,279,74.5,4
71,03-01-25 2 44 41_crop_10.png,9523,1,81,288,74.5,4
71,03-01-25 2 44 41_crop_10.png,9524,1,100,241,74.5,4
71,03-01-25 2 44 41_crop_10.png,9525,1,103,233,74.5,4
71,03-01-25 2 44 41_crop_10.png,9526,1,110,233,74.5,4
71,03-01-25 2 44 41_crop_10.png,9527,1,93,218,74.5,4
71,03-01-25 2 44 41_crop_10.png,9528,1,102,219,74.5,4
71,03-01-25 2 44 41_crop_10.png,9529,1,90,205,74.5,4
71,03-01-25 2 44 41_crop_10.png,9530,1,118,229,74.5,4
71,03-01-25 2 44 41_crop_10.png,9531,1,125,237,74.5,4
71,03-01-25 2 44 41_crop_10.png,9532,1,115,247,74.5,4
71,03-01-25 2 44 41_crop_10.png,9533,1,123,256,74.5,4
71,03-01-25 2 44 41_crop_10.png,9534,1,114,212,74.5,4
71,03-01-25 2 44 41_crop_10.png,9535,1,127,221,74.5,4
71,03-01-25 2 44 41_crop_10.png,9536,1,88,294,74.5,4
71,03-01-25 2 44 41_crop_10.png,9537,1,98,297,74.5,4
71,03-01-25 2 44 41_crop_10.png,9538,1,100,307,74.5,4
71,03-01-25 2 44 41_crop_10.png,9539,1,107,302,74.5,4
71,03-01-25 2 44 41_crop_10.png,9540,1,104,315,74.5,4
71,03-01-25 2 44 41_crop_10.png,9541,1,111,323,74.5,4
71,03-01-25 2 44 41_crop_10.png,9542,1,112,341,74.5,4
71,03-01-25 2 44 41_crop_10.png,9543,1,119,329,74.5,4
71,03-01-25 2 44 41_crop_10.png,9544,1,123,336,74.5,4
71,03-01-25 2 44 41_crop_10.png,9545,1,129,347,74.5,4
71,03-01-25 2 44 41_crop_10.png,9546,1,113,294,74.5,4
71,03-01-25 2 44 41_crop_10.png,9547,1,119,299,74.5,4
71,03-01-25 2 44 41_crop_10.png,9548,1,115,286,74.5,4
71,03-01-25 2 44 41_crop_10.png,9549,1,230,116,74.5,4
71,03-01-25 2 44 41_crop_10.png,9550,1,133,283,74.5,4
71,03-01-25 2 44 41_crop_10.png,9551,1,131,293,74.5,4
71,03-01-25 2 44 41_crop_10.png,9552,1,142,305,74.5,4
71,03-01-25 2 44 41_crop_10.png,9553,1,124,310,74.5,4
71,03-01-25 2 44 41_crop_10.png,9554,1,126,320,74.5,4
71,03-01-25 2 44 41_crop_10.png,9555,1,129,314,74.5,4
71,03-01-25 2 44 41_crop_10.png,9556,1,136,326,74.5,4
71,03-01-25 2 44 41_crop_10.png,9557,1,141,346,74.5,4
71,03-01-25 2 44 41_crop_10.png,9558,1,148,339,74.5,4
71,03-01-25 2 44 41_crop_10.png,9559,1,153,329,74.5,4
71,03-01-25 2 44 41_crop_10.png,9560,1,111,364,74.5,4
71,03-01-25 2 44 41_crop_10.png,9561,1,106,386,74.5,4
71,03-01-25 2 44 41_crop_10.png,9562,1,40,364,74.5,4
71,03-01-25 2 44 41_crop_10.png,9563,1,28,371,74.5,4
71,03-01-25 2 44 41_crop_10.png,9564,1,45,374,74.5,4
71,03-01-25 2 44 41_crop_10.png,9565,1,44,382,74.5,4
71,03-01-25 2 44 41_crop_10.png,9566,1,61,380,74.5,4
71,03-01-25 2 44 41_crop_10.png,9567,1,68,381,74.5,4
71,03-01-25 2 44 41_crop_10.png,9568,1,81,379,74.5,4
71,03-01-25 2 44 41_crop_10.png,9569,1,118,357,74.5,4
71,03-01-25 2 44 41_crop_10.png,9570,1,125,357,74.5,4
71,03-01-25 2 44 41_crop_10.png,9571,1,120,366,74.5,4
71,03-01-25 2 44 41_crop_10.png,9572,1,116,373,74.5,4
71,03-01-25 2 44 41_crop_10.png,9573,1,136,357,74.5,4
71,03-01-25 2 44 41_crop_10.png,9574,1,141,353,74.5,4
71,03-01-25 2 44 41_crop_10.png,9575,1,156,362,74.5,4
71,03-01-25 2 44 41_crop_10.png,9576,1,148,369,74.5,4
71,03-01-25 2 44 41_crop_10.png,9577,1,132,364,74.5,4
71,03-01-25 2 44 41_crop_10.png,9578,1,149,379,74.5,4
71,03-01-25 2 44 41_crop_10.png,9579,1,131,383,74.5,4
71,03-01-25 2 44 41_crop_10.png,9580,1,126,377,74.5,4
71,03-01-25 2 44 41_crop_10.png,9581,1,117,384,74.5,4
71,03-01-25 2 44 41_crop_10.png,9582,1,121,390,74.5,4
71,03-01-25 2 44 41_crop_10.png,9583,1,109,397,74.5,4
71,03-01-25 2 44 41_crop_10.png,9584,1,81,391,74.5,4
71,03-01-25 2 44 41_crop_10.png,9585,1,36,394,74.5,4
71,03-01-25 2 44 41_crop_10.png,9586,1,65,413,74.5,4
71,03-01-25 2 44 41_crop_10.png,9587,1,63,424,74.5,4
71,03-01-25 2 44 41_crop_10.png,9588,1,54,426,74.5,4
71,03-01-25 2 44 41_crop_10.png,9589,1,45,399,74.5,4
71,03-01-25 2 44 41_crop_10.png,9590,1,31,406,74.5,4
71,03-01-25 2 44 41_crop_10.png,9591,1,28,416,74.5,4
71,03-01-25 2 44 41_crop_10.png,9592,1,36,427,74.5,4
71,03-01-25 2 44 41_crop_10.png,9593,1,32,440,74.5,4
71,03-01-25 2 44 41_crop_10.png,9594,1,52,437,74.5,4
71,03-01-25 2 44 41_crop_10.png,9595,1,72,434,74.5,4
71,03-01-25 2 44 41_crop_10.png,9596,1,67,403,74.5,4
71,03-01-25 2 44 41_crop_10.png,9597,1,70,396,74.5,4
71,03-01-25 2 44 41_crop_10.png,9598,1,82,401,74.5,4
71,03-01-25 2 44 41_crop_10.png,9599,1,95,403,74.5,4
71,03-01-25 2 44 41_crop_10.png,9600,1,95,391,74.5,4
71,03-01-25 2 44 41_crop_10.png,9601,1,87,410,74.5,4
71,03-01-25 2 44 41_crop_10.png,9602,1,98,419,74.5,4
71,03-01-25 2 44 41_crop_10.png,9603,1,106,414,74.5,4
71,03-01-25 2 44 41_crop_10.png,9604,1,115,409,74.5,4
71,03-01-25 2 44 41_crop_10.png,9605,1,137,395,74.5,4
71,03-01-25 2 44 41_crop_10.png,9606,1,143,399,74.5,4
71,03-01-25 2 44 41_crop_10.png,9607,1,142,384,74.5,4
71,03-01-25 2 44 41_crop_10.png,9608,1,138,370,74.5,4
71,03-01-25 2 44 41_crop_10.png,9609,1,131,407,74.5,4
71,03-01-25 2 44 41_crop_10.png,9610,1,130,420,74.5,4
71,03-01-25 2 44 41_crop_10.png,9611,1,144,417,74.5,4
71,03-01-25 2 44 41_crop_10.png,9612,1,140,427,74.5,4
71,03-01-25 2 44 41_crop_10.png,9613,1,115,421,74.5,4
71,03-01-25 2 44 41_crop_10.png,9614,1,122,435,74.5,4
71,03-01-25 2 44 41_crop_10.png,9615,1,112,439,74.5,4
71,03-01-25 2 44 41_crop_10.png,9616,1,83,427,74.5,4
71,03-01-25 2 44 41_crop_10.png,9617,1,89,429,74.5,4
71,03-01-25 2 44 41_crop_10.png,9618,1,103,434,74.5,4
71,03-01-25 2 44 41_crop_10.png,9619,1,97,440,74.5,4
71,03-01-25 2 44 41_crop_10.png,9620,1,134,265,74.5,4
71,03-01-25 2 44 41_crop_10.png,9621,1,122,283,74.5,4
71,03-01-25 2 44 41_crop_10.png,9622,1,146,272,74.5,4
71,03-01-25 2 44 41_crop_10.png,9623,1,149,261,74.5,4
71,03-01-25 2 44 41_crop_10.png,9624,1,132,249,74.5,4
71,03-01-25 2 44 41_crop_10.png,9625,1,143,244,74.5,4
71,03-01-25 2 44 41_crop_10.png,9626,1,153,248,74.5,4
71,03-01-25 2 44 41_crop_10.png,9627,1,159,268,74.5,4
71,03-01-25 2 44 41_crop_10.png,9628,1,165,259,74.5,4
71,03-01-25 2 44 41_crop_10.png,9629,1,173,265,74.5,4
71,03-01-25 2 44 41_crop_10.png,9630,1,180,253,74.5,4
71,03-01-25 2 44 41_crop_10.png,9631,1,171,250,74.5,4
71,03-01-25 2 44 41_crop_10.png,9632,1,162,289,74.5,4
71,03-01-25 2 44 41_crop_10.png,9633,1,173,289,74.5,4
71,03-01-25 2 44 41_crop_10.png,9634,1,174,296,74.5,4
71,03-01-25 2 44 41_crop_10.png,9635,1,181,297,74.5,4
71,03-01-25 2 44 41_crop_10.png,9636,1,190,285,74.5,4
71,03-01-25 2 44 41_crop_10.png,9637,1,194,271,74.5,4
71,03-01-25 2 44 41_crop_10.png,9638,1,186,267,74.5,4
71,03-01-25 2 44 41_crop_10.png,9639,1,202,253,74.5,4
71,03-01-25 2 44 41_crop_10.png,9640,1,204,262,74.5,4
71,03-01-25 2 44 41_crop_10.png,9641,1,215,251,74.5,4
71,03-01-25 2 44 41_crop_10.png,9642,1,217,264,74.5,4
71,03-01-25 2 44 41_crop_10.png,9643,1,153,311,74.5,4
71,03-01-25 2 44 41_crop_10.png,9644,1,157,316,74.5,4
71,03-01-25 2 44 41_crop_10.png,9645,1,165,310,74.5,4
71,03-01-25 2 44 41_crop_10.png,9646,1,165,320,74.5,4
71,03-01-25 2 44 41_crop_10.png,9647,1,178,307,74.5,4
71,03-01-25 2 44 41_crop_10.png,9648,1,175,321,74.5,4
71,03-01-25 2 44 41_crop_10.png,9649,1,163,341,74.5,4
71,03-01-25 2 44 41_crop_10.png,9650,1,174,331,74.5,4
71,03-01-25 2 44 41_crop_10.png,9651,1,181,334,74.5,4
71,03-01-25 2 44 41_crop_10.png,9652,1,169,349,74.5,4
71,03-01-25 2 44 41_crop_10.png,9653,1,178,350,74.5,4
71,03-01-25 2 44 41_crop_10.png,9654,1,188,345,74.5,4
71,03-01-25 2 44 41_crop_10.png,9655,1,194,353,74.5,4
71,03-01-25 2 44 41_crop_10.png,9656,1,179,362,74.5,4
71,03-01-25 2 44 41_crop_10.png,9657,1,187,368,74.5,4
71,03-01-25 2 44 41_crop_10.png,9658,1,172,368,74.5,4
71,03-01-25 2 44 41_crop_10.png,9659,1,179,375,74.5,4
71,03-01-25 2 44 41_crop_10.png,9660,1,163,381,74.5,4
71,03-01-25 2 44 41_crop_10.png,9661,1,178,389,74.5,4
71,03-01-25 2 44 41_crop_10.png,9662,1,186,393,74.5,4
71,03-01-25 2 44 41_crop_10.png,9663,1,162,391,74.5,4
71,03-01-25 2 44 41_crop_10.png,9664,1,169,403,74.5,4
71,03-01-25 2 44 41_crop_10.png,9665,1,181,407,74.5,4
71,03-01-25 2 44 41_crop_10.png,9666,1,199,408,74.5,4
71,03-01-25 2 44 41_crop_10.png,9667,1,211,288,74.5,4
71,03-01-25 2 44 41_crop_10.png,9668,1,220,283,74.5,4
71,03-01-25 2 44 41_crop_10.png,9669,1,204,306,74.5,4
71,03-01-25 2 44 41_crop_10.png,9670,1,206,315,74.5,4
71,03-01-25 2 44 41_crop_10.png,9671,1,193,326,74.5,4
71,03-01-25 2 44 41_crop_10.png,9672,1,202,329,74.5,4
71,03-01-25 2 44 41_crop_10.png,9673,1,198,336,74.5,4
71,03-01-25 2 44 41_crop_10.png,9674,1,215,306,74.5,4
71,03-01-25 2 44 41_crop_10.png,9675,1,98,148,74.5,4
71,03-01-25 2 44 41_crop_10.png,9676,1,92,159,74.5,4
71,03-01-25 2 44 41_crop_10.png,9677,1,95,170,74.5,4
71,03-01-25 2 44 41_crop_10.png,9678,1,98,178,74.5,4
71,03-01-25 2 44 41_crop_10.png,9679,1,85,181,74.5,4
71,03-01-25 2 44 41_crop_10.png,9680,1,93,193,74.5,4
71,03-01-25 2 44 41_crop_10.png,9681,1,102,195,74.5,4
71,03-01-25 2 44 41_crop_10.png,9682,1,107,189,74.5,4
71,03-01-25 2 44 41_crop_10.png,9683,1,114,184,74.5,4
71,03-01-25 2 44 41_crop_10.png,9684,1,123,181,74.5,4
71,03-01-25 2 44 41_crop_10.png,9685,1,130,180,74.5,4
71,03-01-25 2 44 41_crop_10.png,9686,1,112,177,74.5,4
71,03-01-25 2 44 41_crop_10.png,9687,1,109,170,74.5,4
71,03-01-25 2 44 41_crop_10.png,9688,1,117,169,74.5,4
71,03-01-25 2 44 41_crop_10.png,9689,1,108,159,74.5,4
71,03-01-25 2 44 41_crop_10.png,9690,1,118,158,74.5,4
71,03-01-25 2 44 41_crop_10.png,9691,1,125,163,74.5,4
71,03-01-25 2 44 41_crop_10.png,9692,1,113,201,74.5,4
71,03-01-25 2 44 41_crop_10.png,9693,1,122,201,74.5,4
71,03-01-25 2 44 41_crop_10.png,9694,1,124,194,74.5,4
71,03-01-25 2 44 41_crop_10.png,9695,1,141,181,74.5,4
71,03-01-25 2 44 41_crop_10.png,9696,1,138,191,74.5,4
71,03-01-25 2 44 41_crop_10.png,9697,1,151,189,74.5,4
71,03-01-25 2 44 41_crop_10.png,9698,1,134,207,74.5,4
71,03-01-25 2 44 41_crop_10.png,9699,1,147,201,74.5,4
71,03-01-25 2 44 41_crop_10.png,9700,1,155,201,74.5,4
71,03-01-25 2 44 41_crop_10.png,9701,1,163,199,74.5,4
71,03-01-25 2 44 41_crop_10.png,9702,1,144,213,74.5,4
71,03-01-25 2 44 41_crop_10.png,9703,1,158,221,74.5,4
71,03-01-25 2 44 41_crop_10.png,9704,1,168,221,74.5,4
71,03-01-25 2 44 41_crop_10.png,9705,1,175,207,74.5,4
71,03-01-25 2 44 41_crop_10.png,9706,1,155,236,74.5,4
71,03-01-25 2 44 41_crop_10.png,9707,1,170,240,74.5,4
71,03-01-25 2 44 41_crop_10.png,9708,1,176,230,74.5,4
71,03-01-25 2 44 41_crop_10.png,9709,1,183,219,74.5,4
71,03-01-25 2 44 41_crop_10.png,9710,1,189,232,74.5,4
71,03-01-25 2 44 41_crop_10.png,9711,1,203,222,74.5,4
71,03-01-25 2 44 41_crop_10.png,9712,1,174,186,74.5,4
71,03-01-25 2 44 41_crop_10.png,9713,1,180,178,74.5,4
71,03-01-25 2 44 41_crop_10.png,9714,1,184,186,74.5,4
71,03-01-25 2 44 41_crop_10.png,9715,1,195,194,74.5,4
71,03-01-25 2 44 41_crop_10.png,9716,1,199,184,74.5,4
71,03-01-25 2 44 41_crop_10.png,9717,1,216,183,74.5,4
71,03-01-25 2 44 41_crop_10.png,9718,1,214,194,74.5,4
71,03-01-25 2 44 41_crop_10.png,9719,1,212,203,74.5,4
71,03-01-25 2 44 41_crop_10.png,9720,1,225,193,74.5,4
71,03-01-25 2 44 41_crop_10.png,9721,1,225,208,74.5,4
71,03-01-25 2 44 41_crop_10.png,9722,1,238,203,74.5,4
71,03-01-25 2 44 41_crop_10.png,9723,1,221,223,74.5,4
71,03-01-25 2 44 41_crop_10.png,9724,1,227,230,74.5,4
71,03-01-25 2 44 41_crop_10.png,9725,1,232,223,74.5,4
71,03-01-25 2 44 41_crop_10.png,9726,1,227,251,74.5,4
71,03-01-25 2 44 41_crop_10.png,9727,1,235,261,74.5,4
71,03-01-25 2 44 41_crop_10.png,9728,1,234,269,74.5,4
71,03-01-25 2 44 41_crop_10.png,9729,1,241,268,74.5,4
71,03-01-25 2 44 41_crop_10.png,9730,1,232,281,74.5,4
71,03-01-25 2 44 41_crop_10.png,9731,1,233,289,74.5,4
71,03-01-25 2 44 41_crop_10.png,9732,1,224,300,74.5,4
71,03-01-25 2 44 41_crop_10.png,9733,1,219,314,74.5,4
71,03-01-25 2 44 41_crop_10.png,9734,1,218,327,74.5,4
71,03-01-25 2 44 41_crop_10.png,9735,1,225,323,74.5,4
71,03-01-25 2 44 41_crop_10.png,9736,1,235,313,74.5,4
71,03-01-25 2 44 41_crop_10.png,9737,1,246,313,74.5,4
71,03-01-25 2 44 41_crop_10.png,9738,1,253,312,74.5,4
71,03-01-25 2 44 41_crop_10.png,9739,1,240,326,74.5,4
71,03-01-25 2 44 41_crop_10.png,9740,1,253,328,74.5,4
71,03-01-25 2 44 41_crop_10.png,9741,1,248,297,74.5,4
71,03-01-25 2 44 41_crop_10.png,9742,1,248,283,74.5,4
71,03-01-25 2 44 41_crop_10.png,9743,1,256,287,74.5,4
71,03-01-25 2 44 41_crop_10.png,9744,1,262,271,74.5,4
71,03-01-25 2 44 41_crop_10.png,9745,1,245,252,74.5,4
71,03-01-25 2 44 41_crop_10.png,9746,1,254,259,74.5,4
71,03-01-25 2 44 41_crop_10.png,9747,1,245,238,74.5,4
71,03-01-25 2 44 41_crop_10.png,9748,1,254,229,74.5,4
71,03-01-25 2 44 41_crop_10.png,9749,1,263,239,74.5,4
71,03-01-25 2 44 41_crop_10.png,9750,1,266,252,74.5,4
71,03-01-25 2 44 41_crop_10.png,9751,1,270,270,74.5,4
71,03-01-25 2 44 41_crop_10.png,9752,1,264,282,74.5,4
71,03-01-25 2 44 41_crop_10.png,9753,1,263,300,74.5,4
71,03-01-25 2 44 41_crop_10.png,9754,1,268,295,74.5,4
71,03-01-25 2 44 41_crop_10.png,9755,1,271,287,74.5,4
71,03-01-25 2 44 41_crop_10.png,9756,1,277,297,74.5,4
71,03-01-25 2 44 41_crop_10.png,9757,1,281,307,74.5,4
71,03-01-25 2 44 41_crop_10.png,9758,1,273,317,74.5,4
71,03-01-25 2 44 41_crop_10.png,9759,1,276,324,74.5,4
71,03-01-25 2 44 41_crop_10.png,9760,1,269,333,74.5,4
71,03-01-25 2 44 41_crop_10.png,9761,1,275,339,74.5,4
71,03-01-25 2 44 41_crop_10.png,9762,1,282,339,74.5,4
71,03-01-25 2 44 41_crop_10.png,9763,1,285,332,74.5,4
71,03-01-25 2 44 41_crop_10.png,9764,1,293,332,74.5,4
71,03-01-25 2 44 41_crop_10.png,9765,1,294,321,74.5,4
71,03-01-25 2 44 41_crop_10.png,9766,1,306,325,74.5,4
71,03-01-25 2 44 41_crop_10.png,9767,1,311,317,74.5,4
71,03-01-25 2 44 41_crop_10.png,9768,1,303,310,74.5,4
71,03-01-25 2 44 41_crop_10.png,9769,1,318,315,74.5,4
71,03-01-25 2 44 41_crop_10.png,9770,1,285,285,74.5,4
71,03-01-25 2 44 41_crop_10.png,9771,1,282,277,74.5,4
71,03-01-25 2 44 41_crop_10.png,9772,1,281,267,74.5,4
71,03-01-25 2 44 41_crop_10.png,9773,1,270,239,74.5,4
71,03-01-25 2 44 41_crop_10.png,9774,1,277,240,74.5,4
71,03-01-25 2 44 41_crop_10.png,9775,1,287,244,74.5,4
71,03-01-25 2 44 41_crop_10.png,9776,1,294,254,74.5,4
71,03-01-25 2 44 41_crop_10.png,9777,1,307,261,74.5,4
71,03-01-25 2 44 41_crop_10.png,9778,1,303,271,74.5,4
71,03-01-25 2 44 41_crop_10.png,9779,1,300,281,74.5,4
71,03-01-25 2 44 41_crop_10.png,9780,1,307,286,74.5,4
71,03-01-25 2 44 41_crop_10.png,9781,1,299,298,74.5,4
71,03-01-25 2 44 41_crop_10.png,9782,1,309,301,74.5,4
71,03-01-25 2 44 41_crop_10.png,9783,1,315,303,74.5,4
71,03-01-25 2 44 41_crop_10.png,9784,1,323,303,74.5,4
71,03-01-25 2 44 41_crop_10.png,9785,1,316,291,74.5,4
71,03-01-25 2 44 41_crop_10.png,9786,1,314,277,74.5,4
71,03-01-25 2 44 41_crop_10.png,9787,1,324,287,74.5,4
71,03-01-25 2 44 41_crop_10.png,9788,1,332,292,74.5,4
71,03-01-25 2 44 41_crop_10.png,9789,1,336,285,74.5,4
71,03-01-25 2 44 41_crop_10.png,9790,1,342,291,74.5,4
71,03-01-25 2 44 41_crop_10.png,9791,1,340,298,74.5,4
71,03-01-25 2 44 41_crop_10.png,9792,1,336,305,74.5,4
71,03-01-25 2 44 41_crop_10.png,9793,1,330,313,74.5,4
71,03-01-25 2 44 41_crop_10.png,9794,1,326,322,74.5,4
71,03-01-25 2 44 41_crop_10.png,9795,1,327,329,74.5,4
71,03-01-25 2 44 41_crop_10.png,9796,1,332,335,74.5,4
71,03-01-25 2 44 41_crop_10.png,9797,1,326,340,74.5,4
71,03-01-25 2 44 41_crop_10.png,9798,1,316,333,74.5,4
71,03-01-25 2 44 41_crop_10.png,9799,1,311,339,74.5,4
71,03-01-25 2 44 41_crop_10.png,9800,1,301,337,74.5,4
71,03-01-25 2 44 41_crop_10.png,9801,1,209,160,74.5,4
71,03-01-25 2 44 41_crop_10.png,9802,1,224,175,74.5,4
71,03-01-25 2 44 41_crop_10.png,9803,1,231,179,74.5,4
71,03-01-25 2 44 41_crop_10.png,9804,1,232,171,74.5,4
71,03-01-25 2 44 41_crop_10.png,9805,1,246,173,74.5,4
71,03-01-25 2 44 41_crop_10.png,9806,1,259,183,74.5,4
71,03-01-25 2 44 41_crop_10.png,9807,1,253,193,74.5,4
71,03-01-25 2 44 41_crop_10.png,9808,1,265,196,74.5,4
71,03-01-25 2 44 41_crop_10.png,9809,1,270,191,74.5,4
71,03-01-25 2 44 41_crop_10.png,9810,1,272,222,74.5,4
71,03-01-25 2 44 41_crop_10.png,9811,1,278,231,74.5,4
71,03-01-25 2 44 41_crop_10.png,9812,1,279,221,74.5,4
71,03-01-25 2 44 41_crop_10.png,9813,1,286,226,74.5,4
71,03-01-25 2 44 41_crop_10.png,9814,1,302,246,74.5,4
71,03-01-25 2 44 41_crop_10.png,9815,1,313,245,74.5,4
71,03-01-25 2 44 41_crop_10.png,9816,1,300,228,74.5,4
71,03-01-25 2 44 41_crop_10.png,9817,1,307,227,74.5,4
71,03-01-25 2 44 41_crop_10.png,9818,1,315,234,74.5,4
71,03-01-25 2 44 41_crop_10.png,9819,1,327,235,74.5,4
71,03-01-25 2 44 41_crop_10.png,9820,1,325,252,74.5,4
71,03-01-25 2 44 41_crop_10.png,9821,1,335,251,74.5,4
71,03-01-25 2 44 41_crop_10.png,9822,1,341,257,74.5,4
71,03-01-25 2 44 41_crop_10.png,9823,1,12,158,74.5,4
71,03-01-25 2 44 41_crop_10.png,9824,1,10,144,74.5,4
71,03-01-25 2 44 41_crop_10.png,9825,1,7,131,74.5,4
71,03-01-25 2 44 41_crop_10.png,9826,1,11,117,74.5,4
71,03-01-25 2 44 41_crop_10.png,9827,1,19,109,74.5,4
71,03-01-25 2 44 41_crop_10.png,9828,1,36,117,74.5,4
71,03-01-25 2 44 41_crop_10.png,9829,1,34,125,74.5,4
71,03-01-25 2 44 41_crop_10.png,9830,1,67,124,74.5,4
71,03-01-25 2 44 41_crop_10.png,9831,1,93,119,74.5,4
71,03-01-25 2 44 41_crop_10.png,9832,1,102,131,74.5,4
71,03-01-25 2 44 41_crop_10.png,9833,1,109,147,74.5,4
71,03-01-25 2 44 41_crop_10.png,9834,1,118,145,74.5,4
71,03-01-25 2 44 41_crop_10.png,9835,1,123,134,74.5,4
71,03-01-25 2 44 41_crop_10.png,9836,1,125,123,74.5,4
71,03-01-25 2 44 41_crop_10.png,9837,1,4,92,71.0,4
71,03-01-25 2 44 41_crop_10.png,9838,1,13,79,74.5,4
71,03-01-25 2 44 41_crop_10.png,9839,1,19,68,74.5,4
71,03-01-25 2 44 41_crop_10.png,9840,1,11,49,74.5,4
71,03-01-25 2 44 41_crop_10.png,9841,1,11,13,74.5,4
71,03-01-25 2 44 41_crop_10.png,9842,1,10,28,74.5,4
71,03-01-25 2 44 41_crop_10.png,9843,1,15,34,74.5,4
71,03-01-25 2 44 41_crop_10.png,9844,1,27,58,74.5,4
71,03-01-25 2 44 41_crop_10.png,9845,1,38,68,74.5,4
71,03-01-25 2 44 41_crop_10.png,9846,1,35,76,74.5,4
71,03-01-25 2 44 41_crop_10.png,9847,1,28,83,74.5,4
71,03-01-25 2 44 41_crop_10.png,9848,1,37,97,74.5,4
71,03-01-25 2 44 41_crop_10.png,9849,1,46,101,74.5,4
71,03-01-25 2 44 41_crop_10.png,9850,1,48,85,74.5,4
71,03-01-25 2 44 41_crop_10.png,9851,1,59,87,74.5,4
71,03-01-25 2 44 41_crop_10.png,9852,1,56,107,74.5,4
71,03-01-25 2 44 41_crop_10.png,9853,1,69,108,74.5,4
71,03-01-25 2 44 41_crop_10.png,9854,1,75,101,74.5,4
71,03-01-25 2 44 41_crop_10.png,9855,1,90,104,74.5,4
71,03-01-25 2 44 41_crop_10.png,9856,1,102,110,74.5,4
71,03-01-25 2 44 41_crop_10.png,9857,1,107,99,74.5,4
71,03-01-25 2 44 41_crop_10.png,9858,1,109,87,74.5,4
71,03-01-25 2 44 41_crop_10.png,9859,1,96,89,74.5,4
71,03-01-25 2 44 41_crop_10.png,9860,1,46,73,74.5,4
71,03-01-25 2 44 41_crop_10.png,9861,1,60,72,74.5,4
71,03-01-25 2 44 41_crop_10.png,9862,1,65,57,74.5,4
71,03-01-25 2 44 41_crop_10.png,9863,1,52,50,74.5,4
71,03-01-25 2 44 41_crop_10.png,9864,1,61,44,74.5,4
71,03-01-25 2 44 41_crop_10.png,9865,1,33,44,74.5,4
71,03-01-25 2 44 41_crop_10.png,9866,1,42,29,74.5,4
71,03-01-25 2 44 41_crop_10.png,9867,1,68,72,74.5,4
71,03-01-25 2 44 41_crop_10.png,9868,1,90,77,74.5,4
71,03-01-25 2 44 41_crop_10.png,9869,1,98,80,74.5,4
71,03-01-25 2 44 41_crop_10.png,9870,1,98,70,74.5,4
71,03-01-25 2 44 41_crop_10.png,9871,1,106,73,74.5,4
71,03-01-25 2 44 41_crop_10.png,9872,1,84,61,74.5,4
71,03-01-25 2 44 41_crop_10.png,9873,1,75,43,74.5,4
71,03-01-25 2 44 41_crop_10.png,9874,1,73,33,74.5,4
71,03-01-25 2 44 41_crop_10.png,9875,1,82,29,74.5,4
71,03-01-25 2 44 41_crop_10.png,9876,1,52,31,74.5,4
71,03-01-25 2 44 41_crop_10.png,9877,1,92,67,74.5,4
71,03-01-25 2 44 41_crop_10.png,9878,1,122,103,74.5,4
71,03-01-25 2 44 41_crop_10.png,9879,1,123,92,74.5,4
71,03-01-25 2 44 41_crop_10.png,9880,1,122,83,74.5,4
71,03-01-25 2 44 41_crop_10.png,9881,1,129,114,74.5,4
71,03-01-25 2 44 41_crop_10.png,9882,1,143,105,74.5,4
71,03-01-25 2 44 41_crop_10.png,9883,1,139,115,74.5,4
71,03-01-25 2 44 41_crop_10.png,9884,1,139,122,74.5,4
71,03-01-25 2 44 41_crop_10.png,9885,1,149,122,74.5,4
71,03-01-25 2 44 41_crop_10.png,9886,1,141,136,74.5,4
71,03-01-25 2 44 41_crop_10.png,9887,1,155,109,74.5,4
72,03-01-25 2 44 46_crop_10.png,9888,1,279,265,74.5,4
72,03-01-25 2 44 46_crop_10.png,9889,1,37,110,74.5,4
72,03-01-25 2 44 46_crop_10.png,9890,1,31,67,74.5,4
72,03-01-25 2 44 46_crop_10.png,9891,1,31,61,74.5,4
72,03-01-25 2 44 46_crop_10.png,9892,1,38,57,74.5,4
72,03-01-25 2 44 46_crop_10.png,9893,1,48,49,74.5,4
72,03-01-25 2 44 46_crop_10.png,9894,1,42,35,74.5,4
72,03-01-25 2 44 46_crop_10.png,9895,1,31,28,74.5,4
72,03-01-25 2 44 46_crop_10.png,9896,1,36,19,74.5,4
72,03-01-25 2 44 46_crop_10.png,9897,1,46,5,74.5,4
72,03-01-25 2 44 46_crop_10.png,9898,1,51,25,74.5,4
72,03-01-25 2 44 46_crop_10.png,9899,1,60,32,74.5,4
72,03-01-25 2 44 46_crop_10.png,9900,1,62,19,74.5,4
72,03-01-25 2 44 46_crop_10.png,9901,1,68,9,74.5,4
72,03-01-25 2 44 46_crop_10.png,9902,1,75,8,74.5,4
72,03-01-25 2 44 46_crop_10.png,9903,1,86,9,74.5,4
72,03-01-25 2 44 46_crop_10.png,9904,1,66,50,74.5,4
72,03-01-25 2 44 46_crop_10.png,9905,1,79,51,74.5,4
72,03-01-25 2 44 46_crop_10.png,9906,1,89,41,74.5,4
72,03-01-25 2 44 46_crop_10.png,9907,1,94,54,74.5,4
72,03-01-25 2 44 46_crop_10.png,9908,1,60,85,74.5,4
72,03-01-25 2 44 46_crop_10.png,9909,1,81,100,74.5,4
72,03-01-25 2 44 46_crop_10.png,9910,1,86,89,74.5,4
72,03-01-25 2 44 46_crop_10.png,9911,1,140,12,74.5,4
72,03-01-25 2 44 46_crop_10.png,9912,1,151,31,74.5,4
72,03-01-25 2 44 46_crop_10.png,9913,1,164,29,74.5,4
72,03-01-25 2 44 46_crop_10.png,9914,1,199,3,58.0,4
72,03-01-25 2 44 46_crop_10.png,9915,1,179,36,74.5,4
72,03-01-25 2 44 46_crop_10.png,9916,1,196,24,74.5,4
72,03-01-25 2 44 46_crop_10.png,9917,1,180,56,74.5,4
72,03-01-25 2 44 46_crop_10.png,9918,1,5,126,74.5,4
72,03-01-25 2 44 46_crop_10.png,9919,1,4,133,71.0,4
72,03-01-25 2 44 46_crop_10.png,9920,1,16,130,74.5,4
72,03-01-25 2 44 46_crop_10.png,9921,1,23,157,74.5,4
72,03-01-25 2 44 46_crop_10.png,9922,1,38,155,74.5,4
72,03-01-25 2 44 46_crop_10.png,9923,1,48,125,74.5,4
72,03-01-25 2 44 46_crop_10.png,9924,1,51,145,74.5,4
72,03-01-25 2 44 46_crop_10.png,9925,1,51,157,74.5,4
72,03-01-25 2 44 46_crop_10.png,9926,1,58,168,74.5,4
72,03-01-25 2 44 46_crop_10.png,9927,1,53,182,74.5,4
72,03-01-25 2 44 46_crop_10.png,9928,1,11,206,74.5,4
72,03-01-25 2 44 46_crop_10.png,9929,1,25,202,74.5,4
72,03-01-25 2 44 46_crop_10.png,9930,1,35,209,74.5,4
72,03-01-25 2 44 46_crop_10.png,9931,1,22,221,74.5,4
72,03-01-25 2 44 46_crop_10.png,9932,1,35,241,74.5,4
72,03-01-25 2 44 46_crop_10.png,9933,1,13,248,74.5,4
72,03-01-25 2 44 46_crop_10.png,9934,1,50,216,74.5,4
72,03-01-25 2 44 46_crop_10.png,9935,1,60,212,74.5,4
72,03-01-25 2 44 46_crop_10.png,9936,1,64,223,74.5,4
72,03-01-25 2 44 46_crop_10.png,9937,1,82,213,74.5,4
72,03-01-25 2 44 46_crop_10.png,9938,1,73,130,74.5,4
72,03-01-25 2 44 46_crop_10.png,9939,1,86,164,74.5,4
72,03-01-25 2 44 46_crop_10.png,9940,1,99,171,74.5,4
72,03-01-25 2 44 46_crop_10.png,9941,1,108,179,74.5,4
72,03-01-25 2 44 46_crop_10.png,9942,1,119,201,74.5,4
72,03-01-25 2 44 46_crop_10.png,9943,1,126,203,74.5,4
72,03-01-25 2 44 46_crop_10.png,9944,1,106,123,74.5,4
72,03-01-25 2 44 46_crop_10.png,9945,1,117,127,74.5,4
72,03-01-25 2 44 46_crop_10.png,9946,1,126,132,74.5,4
72,03-01-25 2 44 46_crop_10.png,9947,1,130,139,74.5,4
72,03-01-25 2 44 46_crop_10.png,9948,1,127,114,74.5,4
72,03-01-25 2 44 46_crop_10.png,9949,1,130,120,74.5,4
72,03-01-25 2 44 46_crop_10.png,9950,1,144,142,74.5,4
72,03-01-25 2 44 46_crop_10.png,9951,1,157,119,74.5,4
72,03-01-25 2 44 46_crop_10.png,9952,1,152,133,74.5,4
72,03-01-25 2 44 46_crop_10.png,9953,1,161,136,74.5,4
72,03-01-25 2 44 46_crop_10.png,9954,1,168,138,74.5,4
72,03-01-25 2 44 46_crop_10.png,9955,1,166,146,74.5,4
72,03-01-25 2 44 46_crop_10.png,9956,1,147,168,74.5,4
72,03-01-25 2 44 46_crop_10.png,9957,1,166,100,74.5,4
72,03-01-25 2 44 46_crop_10.png,9958,1,176,111,74.5,4
72,03-01-25 2 44 46_crop_10.png,9959,1,178,93,74.5,4
72,03-01-25 2 44 46_crop_10.png,9960,1,186,90,74.5,4
72,03-01-25 2 44 46_crop_10.png,9961,1,194,89,74.5,4
72,03-01-25 2 44 46_crop_10.png,9962,1,202,85,74.5,4
72,03-01-25 2 44 46_crop_10.png,9963,1,200,71,74.5,4
72,03-01-25 2 44 46_crop_10.png,9964,1,207,96,74.5,4
72,03-01-25 2 44 46_crop_10.png,9965,1,206,104,74.5,4
72,03-01-25 2 44 46_crop_10.png,9966,1,204,113,74.5,4
72,03-01-25 2 44 46_crop_10.png,9967,1,226,97,74.5,4
72,03-01-25 2 44 46_crop_10.png,9968,1,247,102,74.5,4
72,03-01-25 2 44 46_crop_10.png,9969,1,222,23,74.5,4
72,03-01-25 2 44 46_crop_10.png,9970,1,229,16,74.5,4
72,03-01-25 2 44 46_crop_10.png,9971,1,242,17,74.5,4
72,03-01-25 2 44 46_crop_10.png,9972,1,256,10,74.5,4
72,03-01-25 2 44 46_crop_10.png,9973,1,263,13,74.5,4
72,03-01-25 2 44 46_crop_10.png,9974,1,263,5,74.5,4
72,03-01-25 2 44 46_crop_10.png,9975,1,280,7,74.5,4
72,03-01-25 2 44 46_crop_10.png,9976,1,271,33,74.5,4
72,03-01-25 2 44 46_crop_10.png,9977,1,279,45,74.5,4
72,03-01-25 2 44 46_crop_10.png,9978,1,289,33,74.5,4
72,03-01-25 2 44 46_crop_10.png,9979,1,298,38,74.5,4
72,03-01-25 2 44 46_crop_10.png,9980,1,259,55,74.5,4
72,03-01-25 2 44 46_crop_10.png,9981,1,234,64,74.5,4
72,03-01-25 2 44 46_crop_10.png,9982,1,224,38,74.5,4
72,03-01-25 2 44 46_crop_10.png,9983,1,254,67,74.5,4
72,03-01-25 2 44 46_crop_10.png,9984,1,271,65,74.5,4
72,03-01-25 2 44 46_crop_10.png,9985,1,260,78,74.5,4
72,03-01-25 2 44 46_crop_10.png,9986,1,269,90,74.5,4
72,03-01-25 2 44 46_crop_10.png,9987,1,235,128,74.5,4
72,03-01-25 2 44 46_crop_10.png,9988,1,255,130,74.5,4
72,03-01-25 2 44 46_crop_10.png,9989,1,264,130,74.5,4
72,03-01-25 2 44 46_crop_10.png,9990,1,271,113,74.5,4
72,03-01-25 2 44 46_crop_10.png,9991,1,320,3,66.0,4
72,03-01-25 2 44 46_crop_10.png,9992,1,324,15,74.5,4
72,03-01-25 2 44 46_crop_10.png,9993,1,326,33,74.5,4
72,03-01-25 2 44 46_crop_10.png,9994,1,340,20,74.5,4
72,03-01-25 2 44 46_crop_10.png,9995,1,339,38,74.5,4
72,03-01-25 2 44 46_crop_10.png,9996,1,354,32,74.5,4
72,03-01-25 2 44 46_crop_10.png,9997,1,364,35,74.5,4
72,03-01-25 2 44 46_crop_10.png,9998,1,381,33,74.5,4
72,03-01-25 2 44 46_crop_10.png,9999,1,389,20,74.5,4
72,03-01-25 2 44 46_crop_10.png,10000,1,392,28,74.5,4
72,03-01-25 2 44 46_crop_10.png,10001,1,314,59,74.5,4
72,03-01-25 2 44 46_crop_10.png,10002,1,322,60,74.5,4
72,03-01-25 2 44 46_crop_10.png,10003,1,326,66,74.5,4
72,03-01-25 2 44 46_crop_10.png,10004,1,323,77,74.5,4
72,03-01-25 2 44 46_crop_10.png,10005,1,366,70,74.5,4
72,03-01-25 2 44 46_crop_10.png,10006,1,403,53,74.5,4
72,03-01-25 2 44 46_crop_10.png,10007,1,396,61,74.5,4
72,03-01-25 2 44 46_crop_10.png,10008,1,392,77,74.5,4
72,03-01-25 2 44 46_crop_10.png,10009,1,387,82,74.5,4
72,03-01-25 2 44 46_crop_10.png,10010,1,360,85,74.5,4
72,03-01-25 2 44 46_crop_10.png,10011,1,342,106,74.5,4
72,03-01-25 2 44 46_crop_10.png,10012,1,349,102,74.5,4
72,03-01-25 2 44 46_crop_10.png,10013,1,364,99,74.5,4
72,03-01-25 2 44 46_crop_10.png,10014,1,375,94,74.5,4
72,03-01-25 2 44 46_crop_10.png,10015,1,294,128,74.5,4
72,03-01-25 2 44 46_crop_10.png,10016,1,177,162,74.5,4
72,03-01-25 2 44 46_crop_10.png,10017,1,158,195,74.5,4
72,03-01-25 2 44 46_crop_10.png,10018,1,182,182,74.5,4
72,03-01-25 2 44 46_crop_10.png,10019,1,184,195,74.5,4
72,03-01-25 2 44 46_crop_10.png,10020,1,194,147,74.5,4
72,03-01-25 2 44 46_crop_10.png,10021,1,197,155,74.5,4
72,03-01-25 2 44 46_crop_10.png,10022,1,225,149,74.5,4
72,03-01-25 2 44 46_crop_10.png,10023,1,249,146,74.5,4
72,03-01-25 2 44 46_crop_10.png,10024,1,231,162,74.5,4
72,03-01-25 2 44 46_crop_10.png,10025,1,230,174,74.5,4
72,03-01-25 2 44 46_crop_10.png,10026,1,212,189,74.5,4
72,03-01-25 2 44 46_crop_10.png,10027,1,211,205,74.5,4
72,03-01-25 2 44 46_crop_10.png,10028,1,231,188,74.5,4
72,03-01-25 2 44 46_crop_10.png,10029,1,238,194,74.5,4
72,03-01-25 2 44 46_crop_10.png,10030,1,250,166,74.5,4
72,03-01-25 2 44 46_crop_10.png,10031,1,253,185,74.5,4
72,03-01-25 2 44 46_crop_10.png,10032,1,259,185,74.5,4
72,03-01-25 2 44 46_crop_10.png,10033,1,273,185,74.5,4
72,03-01-25 2 44 46_crop_10.png,10034,1,284,183,74.5,4
72,03-01-25 2 44 46_crop_10.png,10035,1,281,173,74.5,4
72,03-01-25 2 44 46_crop_10.png,10036,1,289,154,74.5,4
72,03-01-25 2 44 46_crop_10.png,10037,1,302,151,74.5,4
72,03-01-25 2 44 46_crop_10.png,10038,1,319,141,74.5,4
72,03-01-25 2 44 46_crop_10.png,10039,1,327,141,74.5,4
72,03-01-25 2 44 46_crop_10.png,10040,1,353,123,74.5,4
72,03-01-25 2 44 46_crop_10.png,10041,1,370,129,74.5,4
72,03-01-25 2 44 46_crop_10.png,10042,1,381,134,74.5,4
72,03-01-25 2 44 46_crop_10.png,10043,1,397,122,74.5,4
72,03-01-25 2 44 46_crop_10.png,10044,1,399,133,74.5,4
72,03-01-25 2 44 46_crop_10.png,10045,1,337,159,74.5,4
72,03-01-25 2 44 46_crop_10.png,10046,1,329,162,74.5,4
72,03-01-25 2 44 46_crop_10.png,10047,1,319,170,74.5,4
72,03-01-25 2 44 46_crop_10.png,10048,1,315,187,74.5,4
72,03-01-25 2 44 46_crop_10.png,10049,1,344,182,74.5,4
72,03-01-25 2 44 46_crop_10.png,10050,1,356,166,74.5,4
72,03-01-25 2 44 46_crop_10.png,10051,1,253,215,74.5,4
72,03-01-25 2 44 46_crop_10.png,10052,1,236,220,74.5,4
72,03-01-25 2 44 46_crop_10.png,10053,1,225,228,74.5,4
72,03-01-25 2 44 46_crop_10.png,10054,1,202,224,74.5,4
72,03-01-25 2 44 46_crop_10.png,10055,1,198,220,74.5,4
72,03-01-25 2 44 46_crop_10.png,10056,1,190,220,74.5,4
72,03-01-25 2 44 46_crop_10.png,10057,1,149,220,74.5,4
72,03-01-25 2 44 46_crop_10.png,10058,1,140,238,74.5,4
72,03-01-25 2 44 46_crop_10.png,10059,1,175,235,74.5,4
72,03-01-25 2 44 46_crop_10.png,10060,1,185,238,74.5,4
72,03-01-25 2 44 46_crop_10.png,10061,1,409,17,74.5,4
72,03-01-25 2 44 46_crop_10.png,10062,1,418,10,74.5,4
72,03-01-25 2 44 46_crop_10.png,10063,1,434,15,74.5,4
72,03-01-25 2 44 46_crop_10.png,10064,1,426,57,74.5,4
72,03-01-25 2 44 46_crop_10.png,10065,1,437,59,74.5,4
72,03-01-25 2 44 46_crop_10.png,10066,1,424,68,74.5,4
72,03-01-25 2 44 46_crop_10.png,10067,1,436,74,74.5,4
72,03-01-25 2 44 46_crop_10.png,10068,1,449,50,74.5,4
72,03-01-25 2 44 46_crop_10.png,10069,1,459,51,74.5,4
72,03-01-25 2 44 46_crop_10.png,10070,1,458,45,74.5,4
72,03-01-25 2 44 46_crop_10.png,10071,1,498,53,74.5,4
72,03-01-25 2 44 46_crop_10.png,10072,1,501,46,74.5,4
72,03-01-25 2 44 46_crop_10.png,10073,1,507,29,55.5,4
72,03-01-25 2 44 46_crop_10.png,10074,1,477,74,74.5,4
72,03-01-25 2 44 46_crop_10.png,10075,1,468,73,74.5,4
72,03-01-25 2 44 46_crop_10.png,10076,1,460,87,74.5,4
72,03-01-25 2 44 46_crop_10.png,10077,1,451,97,74.5,4
72,03-01-25 2 44 46_crop_10.png,10078,1,428,89,74.5,4
72,03-01-25 2 44 46_crop_10.png,10079,1,431,102,74.5,4
72,03-01-25 2 44 46_crop_10.png,10080,1,420,110,74.5,4
72,03-01-25 2 44 46_crop_10.png,10081,1,410,104,74.5,4
72,03-01-25 2 44 46_crop_10.png,10082,1,384,146,74.5,4
72,03-01-25 2 44 46_crop_10.png,10083,1,412,138,74.5,4
72,03-01-25 2 44 46_crop_10.png,10084,1,428,132,74.5,4
72,03-01-25 2 44 46_crop_10.png,10085,1,454,127,74.5,4
72,03-01-25 2 44 46_crop_10.png,10086,1,480,118,74.5,4
72,03-01-25 2 44 46_crop_10.png,10087,1,507,136,63.5,4
72,03-01-25 2 44 46_crop_10.png,10088,1,491,141,74.5,4
72,03-01-25 2 44 46_crop_10.png,10089,1,454,145,74.5,4
72,03-01-25 2 44 46_crop_10.png,10090,1,437,162,74.5,4
72,03-01-25 2 44 46_crop_10.png,10091,1,411,149,74.5,4
72,03-01-25 2 44 46_crop_10.png,10092,1,416,154,74.5,4
72,03-01-25 2 44 46_crop_10.png,10093,1,416,165,74.5,4
72,03-01-25 2 44 46_crop_10.png,10094,1,392,174,74.5,4
72,03-01-25 2 44 46_crop_10.png,10095,1,405,176,74.5,4
72,03-01-25 2 44 46_crop_10.png,10096,1,408,188,74.5,4
72,03-01-25 2 44 46_crop_10.png,10097,1,508,173,46.5,3
72,03-01-25 2 44 46_crop_10.png,10098,1,492,197,74.5,4
72,03-01-25 2 44 46_crop_10.png,10099,1,450,189,74.5,4
72,03-01-25 2 44 46_crop_10.png,10100,1,442,192,74.5,4
72,03-01-25 2 44 46_crop_10.png,10101,1,432,201,74.5,4
72,03-01-25 2 44 46_crop_10.png,10102,1,430,211,74.5,4
72,03-01-25 2 44 46_crop_10.png,10103,1,454,204,74.5,4
72,03-01-25 2 44 46_crop_10.png,10104,1,468,198,74.5,4
72,03-01-25 2 44 46_crop_10.png,10105,1,461,214,74.5,4
72,03-01-25 2 44 46_crop_10.png,10106,1,456,220,74.5,4
72,03-01-25 2 44 46_crop_10.png,10107,1,480,218,74.5,4
72,03-01-25 2 44 46_crop_10.png,10108,1,500,216,74.5,4
72,03-01-25 2 44 46_crop_10.png,10109,1,508,224,46.5,3
72,03-01-25 2 44 46_crop_10.png,10110,1,489,226,74.5,4
72,03-01-25 2 44 46_crop_10.png,10111,1,484,230,74.5,4
72,03-01-25 2 44 46_crop_10.png,10112,1,499,246,74.5,4
72,03-01-25 2 44 46_crop_10.png,10113,1,492,251,74.5,4
72,03-01-25 2 44 46_crop_10.png,10114,1,449,242,74.5,4
72,03-01-25 2 44 46_crop_10.png,10115,1,453,250,74.5,4
72,03-01-25 2 44 46_crop_10.png,10116,1,384,188,74.5,4
72,03-01-25 2 44 46_crop_10.png,10117,1,383,200,74.5,4
72,03-01-25 2 44 46_crop_10.png,10118,1,376,214,74.5,4
72,03-01-25 2 44 46_crop_10.png,10119,1,391,226,74.5,4
72,03-01-25 2 44 46_crop_10.png,10120,1,397,224,74.5,4
72,03-01-25 2 44 46_crop_10.png,10121,1,388,251,74.5,4
72,03-01-25 2 44 46_crop_10.png,10122,1,343,202,74.5,4
72,03-01-25 2 44 46_crop_10.png,10123,1,327,204,74.5,4
72,03-01-25 2 44 46_crop_10.png,10124,1,334,207,74.5,4
72,03-01-25 2 44 46_crop_10.png,10125,1,305,228,74.5,4
72,03-01-25 2 44 46_crop_10.png,10126,1,308,240,74.5,4
72,03-01-25 2 44 46_crop_10.png,10127,1,329,238,74.5,4
72,03-01-25 2 44 46_crop_10.png,10128,1,343,239,74.5,4
72,03-01-25 2 44 46_crop_10.png,10129,1,408,256,74.5,4
72,03-01-25 2 44 46_crop_10.png,10130,1,418,253,74.5,4
72,03-01-25 2 44 46_crop_10.png,10131,1,415,268,74.5,4
72,03-01-25 2 44 46_crop_10.png,10132,1,442,280,74.5,4
72,03-01-25 2 44 46_crop_10.png,10133,1,478,267,74.5,4
72,03-01-25 2 44 46_crop_10.png,10134,1,501,266,74.5,4
72,03-01-25 2 44 46_crop_10.png,10135,1,507,261,63.5,4
72,03-01-25 2 44 46_crop_10.png,10136,1,507,268,55.5,4
72,03-01-25 2 44 46_crop_10.png,10137,1,472,303,74.5,4
72,03-01-25 2 44 46_crop_10.png,10138,1,486,301,74.5,4
72,03-01-25 2 44 46_crop_10.png,10139,1,491,299,74.5,4
72,03-01-25 2 44 46_crop_10.png,10140,1,492,326,74.5,4
72,03-01-25 2 44 46_crop_10.png,10141,1,472,314,74.5,4
72,03-01-25 2 44 46_crop_10.png,10142,1,456,321,74.5,4
72,03-01-25 2 44 46_crop_10.png,10143,1,444,317,74.5,4
72,03-01-25 2 44 46_crop_10.png,10144,1,432,307,74.5,4
72,03-01-25 2 44 46_crop_10.png,10145,1,420,287,74.5,4
72,03-01-25 2 44 46_crop_10.png,10146,1,411,280,74.5,4
72,03-01-25 2 44 46_crop_10.png,10147,1,407,292,74.5,4
72,03-01-25 2 44 46_crop_10.png,10148,1,379,280,74.5,4
72,03-01-25 2 44 46_crop_10.png,10149,1,363,284,74.5,4
72,03-01-25 2 44 46_crop_10.png,10150,1,367,307,74.5,4
72,03-01-25 2 44 46_crop_10.png,10151,1,379,311,74.5,4
72,03-01-25 2 44 46_crop_10.png,10152,1,398,312,74.5,4
72,03-01-25 2 44 46_crop_10.png,10153,1,389,313,74.5,4
72,03-01-25 2 44 46_crop_10.png,10154,1,393,323,74.5,4
72,03-01-25 2 44 46_crop_10.png,10155,1,446,342,74.5,4
72,03-01-25 2 44 46_crop_10.png,10156,1,450,352,74.5,4
72,03-01-25 2 44 46_crop_10.png,10157,1,474,355,74.5,4
72,03-01-25 2 44 46_crop_10.png,10158,1,469,364,74.5,4
72,03-01-25 2 44 46_crop_10.png,10159,1,498,363,74.5,4
72,03-01-25 2 44 46_crop_10.png,10160,1,282,244,74.5,4
72,03-01-25 2 44 46_crop_10.png,10161,1,288,249,74.5,4
72,03-01-25 2 44 46_crop_10.png,10162,1,301,256,74.5,4
72,03-01-25 2 44 46_crop_10.png,10163,1,271,249,74.5,4
72,03-01-25 2 44 46_crop_10.png,10164,1,312,280,74.5,4
72,03-01-25 2 44 46_crop_10.png,10165,1,322,293,74.5,4
72,03-01-25 2 44 46_crop_10.png,10166,1,308,290,74.5,4
72,03-01-25 2 44 46_crop_10.png,10167,1,304,296,74.5,4
72,03-01-25 2 44 46_crop_10.png,10168,1,265,301,74.5,4
72,03-01-25 2 44 46_crop_10.png,10169,1,250,296,74.5,4
72,03-01-25 2 44 46_crop_10.png,10170,1,242,233,74.5,4
72,03-01-25 2 44 46_crop_10.png,10171,1,239,240,74.5,4
72,03-01-25 2 44 46_crop_10.png,10172,1,232,236,74.5,4
72,03-01-25 2 44 46_crop_10.png,10173,1,228,247,74.5,4
72,03-01-25 2 44 46_crop_10.png,10174,1,212,237,74.5,4
72,03-01-25 2 44 46_crop_10.png,10175,1,216,254,74.5,4
72,03-01-25 2 44 46_crop_10.png,10176,1,215,263,74.5,4
72,03-01-25 2 44 46_crop_10.png,10177,1,206,253,74.5,4
72,03-01-25 2 44 46_crop_10.png,10178,1,245,270,74.5,4
72,03-01-25 2 44 46_crop_10.png,10179,1,226,279,74.5,4
72,03-01-25 2 44 46_crop_10.png,10180,1,229,285,74.5,4
72,03-01-25 2 44 46_crop_10.png,10181,1,233,300,74.5,4
72,03-01-25 2 44 46_crop_10.png,10182,1,241,317,74.5,4
72,03-01-25 2 44 46_crop_10.png,10183,1,294,312,74.5,4
72,03-01-25 2 44 46_crop_10.png,10184,1,290,318,74.5,4
72,03-01-25 2 44 46_crop_10.png,10185,1,299,326,74.5,4
72,03-01-25 2 44 46_crop_10.png,10186,1,308,316,74.5,4
72,03-01-25 2 44 46_crop_10.png,10187,1,315,319,74.5,4
72,03-01-25 2 44 46_crop_10.png,10188,1,321,320,74.5,4
72,03-01-25 2 44 46_crop_10.png,10189,1,326,324,74.5,4
72,03-01-25 2 44 46_crop_10.png,10190,1,340,344,74.5,4
72,03-01-25 2 44 46_crop_10.png,10191,1,328,348,74.5,4
72,03-01-25 2 44 46_crop_10.png,10192,1,332,352,74.5,4
72,03-01-25 2 44 46_crop_10.png,10193,1,319,342,74.5,4
72,03-01-25 2 44 46_crop_10.png,10194,1,315,339,74.5,4
72,03-01-25 2 44 46_crop_10.png,10195,1,295,347,74.5,4
72,03-01-25 2 44 46_crop_10.png,10196,1,289,340,74.5,4
72,03-01-25 2 44 46_crop_10.png,10197,1,264,338,74.5,4
72,03-01-25 2 44 46_crop_10.png,10198,1,255,348,74.5,4
72,03-01-25 2 44 46_crop_10.png,10199,1,182,255,74.5,4
72,03-01-25 2 44 46_crop_10.png,10200,1,195,262,74.5,4
72,03-01-25 2 44 46_crop_10.png,10201,1,161,255,74.5,4
72,03-01-25 2 44 46_crop_10.png,10202,1,180,270,74.5,4
72,03-01-25 2 44 46_crop_10.png,10203,1,184,276,74.5,4
72,03-01-25 2 44 46_crop_10.png,10204,1,207,276,74.5,4
72,03-01-25 2 44 46_crop_10.png,10205,1,195,279,74.5,4
72,03-01-25 2 44 46_crop_10.png,10206,1,192,286,74.5,4
72,03-01-25 2 44 46_crop_10.png,10207,1,183,289,74.5,4
72,03-01-25 2 44 46_crop_10.png,10208,1,152,283,74.5,4
72,03-01-25 2 44 46_crop_10.png,10209,1,156,305,74.5,4
72,03-01-25 2 44 46_crop_10.png,10210,1,204,294,74.5,4
72,03-01-25 2 44 46_crop_10.png,10211,1,164,325,74.5,4
72,03-01-25 2 44 46_crop_10.png,10212,1,181,331,74.5,4
72,03-01-25 2 44 46_crop_10.png,10213,1,198,341,74.5,4
72,03-01-25 2 44 46_crop_10.png,10214,1,206,326,74.5,4
72,03-01-25 2 44 46_crop_10.png,10215,1,218,330,74.5,4
72,03-01-25 2 44 46_crop_10.png,10216,1,230,323,74.5,4
72,03-01-25 2 44 46_crop_10.png,10217,1,223,343,74.5,4
72,03-01-25 2 44 46_crop_10.png,10218,1,233,357,74.5,4
72,03-01-25 2 44 46_crop_10.png,10219,1,222,356,74.5,4
72,03-01-25 2 44 46_crop_10.png,10220,1,206,353,74.5,4
72,03-01-25 2 44 46_crop_10.png,10221,1,202,360,74.5,4
72,03-01-25 2 44 46_crop_10.png,10222,1,212,361,74.5,4
72,03-01-25 2 44 46_crop_10.png,10223,1,174,359,74.5,4
72,03-01-25 2 44 46_crop_10.png,10224,1,159,367,74.5,4
72,03-01-25 2 44 46_crop_10.png,10225,1,295,364,74.5,4
72,03-01-25 2 44 46_crop_10.png,10226,1,3,255,65.0,4
72,03-01-25 2 44 46_crop_10.png,10227,1,11,264,74.5,4
72,03-01-25 2 44 46_crop_10.png,10228,1,8,277,74.5,4
72,03-01-25 2 44 46_crop_10.png,10229,1,3,310,65.0,4
72,03-01-25 2 44 46_crop_10.png,10230,1,28,296,74.5,4
72,03-01-25 2 44 46_crop_10.png,10231,1,39,300,74.5,4
72,03-01-25 2 44 46_crop_10.png,10232,1,43,314,74.5,4
72,03-01-25 2 44 46_crop_10.png,10233,1,29,316,74.5,4
72,03-01-25 2 44 46_crop_10.png,10234,1,23,330,74.5,4
72,03-01-25 2 44 46_crop_10.png,10235,1,38,324,74.5,4
72,03-01-25 2 44 46_crop_10.png,10236,1,62,333,74.5,4
72,03-01-25 2 44 46_crop_10.png,10237,1,55,342,74.5,4
72,03-01-25 2 44 46_crop_10.png,10238,1,64,304,74.5,4
72,03-01-25 2 44 46_crop_10.png,10239,1,58,270,74.5,4
72,03-01-25 2 44 46_crop_10.png,10240,1,52,256,74.5,4
72,03-01-25 2 44 46_crop_10.png,10241,1,64,248,74.5,4
72,03-01-25 2 44 46_crop_10.png,10242,1,77,244,74.5,4
72,03-01-25 2 44 46_crop_10.png,10243,1,70,260,74.5,4
72,03-01-25 2 44 46_crop_10.png,10244,1,86,263,74.5,4
72,03-01-25 2 44 46_crop_10.png,10245,1,92,251,74.5,4
72,03-01-25 2 44 46_crop_10.png,10246,1,103,242,74.5,4
72,03-01-25 2 44 46_crop_10.png,10247,1,110,260,74.5,4
72,03-01-25 2 44 46_crop_10.png,10248,1,117,267,74.5,4
72,03-01-25 2 44 46_crop_10.png,10249,1,130,271,74.5,4
72,03-01-25 2 44 46_crop_10.png,10250,1,140,283,74.5,4
72,03-01-25 2 44 46_crop_10.png,10251,1,132,294,74.5,4
72,03-01-25 2 44 46_crop_10.png,10252,1,108,291,74.5,4
72,03-01-25 2 44 46_crop_10.png,10253,1,111,312,74.5,4
72,03-01-25 2 44 46_crop_10.png,10254,1,101,329,74.5,4
72,03-01-25 2 44 46_crop_10.png,10255,1,115,332,74.5,4
72,03-01-25 2 44 46_crop_10.png,10256,1,112,341,74.5,4
72,03-01-25 2 44 46_crop_10.png,10257,1,130,328,74.5,4
72,03-01-25 2 44 46_crop_10.png,10258,1,139,335,74.5,4
72,03-01-25 2 44 46_crop_10.png,10259,1,138,309,74.5,4
72,03-01-25 2 44 46_crop_10.png,10260,1,4,349,71.0,4
72,03-01-25 2 44 46_crop_10.png,10261,1,34,347,74.5,4
72,03-01-25 2 44 46_crop_10.png,10262,1,31,368,74.5,4
72,03-01-25 2 44 46_crop_10.png,10263,1,16,378,74.5,4
72,03-01-25 2 44 46_crop_10.png,10264,1,23,380,74.5,4
72,03-01-25 2 44 46_crop_10.png,10265,1,17,386,74.5,4
72,03-01-25 2 44 46_crop_10.png,10266,1,29,394,74.5,4
72,03-01-25 2 44 46_crop_10.png,10267,1,41,384,74.5,4
72,03-01-25 2 44 46_crop_10.png,10268,1,18,403,74.5,4
72,03-01-25 2 44 46_crop_10.png,10269,1,18,411,74.5,4
72,03-01-25 2 44 46_crop_10.png,10270,1,36,415,74.5,4
72,03-01-25 2 44 46_crop_10.png,10271,1,33,427,74.5,4
72,03-01-25 2 44 46_crop_10.png,10272,1,24,438,74.5,4
72,03-01-25 2 44 46_crop_10.png,10273,1,25,444,74.5,4
72,03-01-25 2 44 46_crop_10.png,10274,1,38,446,74.5,4
72,03-01-25 2 44 46_crop_10.png,10275,1,54,433,74.5,4
72,03-01-25 2 44 46_crop_10.png,10276,1,61,448,74.5,4
72,03-01-25 2 44 46_crop_10.png,10277,1,42,361,74.5,4
72,03-01-25 2 44 46_crop_10.png,10278,1,56,354,74.5,4
72,03-01-25 2 44 46_crop_10.png,10279,1,68,364,74.5,4
72,03-01-25 2 44 46_crop_10.png,10280,1,87,360,74.5,4
72,03-01-25 2 44 46_crop_10.png,10281,1,90,344,74.5,4
72,03-01-25 2 44 46_crop_10.png,10282,1,100,379,74.5,4
72,03-01-25 2 44 46_crop_10.png,10283,1,78,381,74.5,4
72,03-01-25 2 44 46_crop_10.png,10284,1,87,386,74.5,4
72,03-01-25 2 44 46_crop_10.png,10285,1,75,399,74.5,4
72,03-01-25 2 44 46_crop_10.png,10286,1,87,406,74.5,4
72,03-01-25 2 44 46_crop_10.png,10287,1,68,420,74.5,4
72,03-01-25 2 44 46_crop_10.png,10288,1,77,430,74.5,4
72,03-01-25 2 44 46_crop_10.png,10289,1,96,408,74.5,4
72,03-01-25 2 44 46_crop_10.png,10290,1,100,441,74.5,4
72,03-01-25 2 44 46_crop_10.png,10291,1,89,446,74.5,4
72,03-01-25 2 44 46_crop_10.png,10292,1,81,460,74.5,4
72,03-01-25 2 44 46_crop_10.png,10293,1,124,375,74.5,4
72,03-01-25 2 44 46_crop_10.png,10294,1,120,404,74.5,4
72,03-01-25 2 44 46_crop_10.png,10295,1,127,411,74.5,4
72,03-01-25 2 44 46_crop_10.png,10296,1,124,433,74.5,4
72,03-01-25 2 44 46_crop_10.png,10297,1,119,448,74.5,4
72,03-01-25 2 44 46_crop_10.png,10298,1,136,432,74.5,4
72,03-01-25 2 44 46_crop_10.png,10299,1,139,449,74.5,4
72,03-01-25 2 44 46_crop_10.png,10300,1,148,425,74.5,4
72,03-01-25 2 44 46_crop_10.png,10301,1,147,406,74.5,4
72,03-01-25 2 44 46_crop_10.png,10302,1,148,392,74.5,4
72,03-01-25 2 44 46_crop_10.png,10303,1,160,381,74.5,4
72,03-01-25 2 44 46_crop_10.png,10304,1,154,457,74.5,4
72,03-01-25 2 44 46_crop_10.png,10305,1,13,463,74.5,4
72,03-01-25 2 44 46_crop_10.png,10306,1,6,468,74.5,4
72,03-01-25 2 44 46_crop_10.png,10307,1,12,481,74.5,4
72,03-01-25 2 44 46_crop_10.png,10308,1,6,506,74.5,4
72,03-01-25 2 44 46_crop_10.png,10309,1,20,500,74.5,4
72,03-01-25 2 44 46_crop_10.png,10310,1,38,500,74.5,4
72,03-01-25 2 44 46_crop_10.png,10311,1,58,461,74.5,4
72,03-01-25 2 44 46_crop_10.png,10312,1,74,471,74.5,4
72,03-01-25 2 44 46_crop_10.png,10313,1,65,498,74.5,4
72,03-01-25 2 44 46_crop_10.png,10314,1,73,506,74.5,4
72,03-01-25 2 44 46_crop_10.png,10315,1,92,508,55.5,4
72,03-01-25 2 44 46_crop_10.png,10316,1,96,460,74.5,4
72,03-01-25 2 44 46_crop_10.png,10317,1,103,473,74.5,4
72,03-01-25 2 44 46_crop_10.png,10318,1,111,466,74.5,4
72,03-01-25 2 44 46_crop_10.png,10319,1,126,500,74.5,4
72,03-01-25 2 44 46_crop_10.png,10320,1,155,476,74.5,4
72,03-01-25 2 44 46_crop_10.png,10321,1,159,491,74.5,4
72,03-01-25 2 44 46_crop_10.png,10322,1,154,501,74.5,4
72,03-01-25 2 44 46_crop_10.png,10323,1,163,503,74.5,4
72,03-01-25 2 44 46_crop_10.png,10324,1,187,504,74.5,4
72,03-01-25 2 44 46_crop_10.png,10325,1,186,494,74.5,4
72,03-01-25 2 44 46_crop_10.png,10326,1,192,482,74.5,4
72,03-01-25 2 44 46_crop_10.png,10327,1,158,429,74.5,4
72,03-01-25 2 44 46_crop_10.png,10328,1,165,425,74.5,4
72,03-01-25 2 44 46_crop_10.png,10329,1,172,424,74.5,4
72,03-01-25 2 44 46_crop_10.png,10330,1,163,412,74.5,4
72,03-01-25 2 44 46_crop_10.png,10331,1,191,443,74.5,4
72,03-01-25 2 44 46_crop_10.png,10332,1,190,427,74.5,4
72,03-01-25 2 44 46_crop_10.png,10333,1,166,401,74.5,4
72,03-01-25 2 44 46_crop_10.png,10334,1,169,387,74.5,4
72,03-01-25 2 44 46_crop_10.png,10335,1,178,397,74.5,4
72,03-01-25 2 44 46_crop_10.png,10336,1,187,402,74.5,4
72,03-01-25 2 44 46_crop_10.png,10337,1,190,378,74.5,4
72,03-01-25 2 44 46_crop_10.png,10338,1,194,370,74.5,4
72,03-01-25 2 44 46_crop_10.png,10339,1,222,371,74.5,4
72,03-01-25 2 44 46_crop_10.png,10340,1,229,379,74.5,4
72,03-01-25 2 44 46_crop_10.png,10341,1,236,392,74.5,4
72,03-01-25 2 44 46_crop_10.png,10342,1,228,411,74.5,4
72,03-01-25 2 44 46_crop_10.png,10343,1,205,426,74.5,4
72,03-01-25 2 44 46_crop_10.png,10344,1,210,432,74.5,4
72,03-01-25 2 44 46_crop_10.png,10345,1,200,450,74.5,4
72,03-01-25 2 44 46_crop_10.png,10346,1,206,448,74.5,4
72,03-01-25 2 44 46_crop_10.png,10347,1,236,464,74.5,4
72,03-01-25 2 44 46_crop_10.png,10348,1,264,463,74.5,4
72,03-01-25 2 44 46_crop_10.png,10349,1,258,432,74.5,4
72,03-01-25 2 44 46_crop_10.png,10350,1,261,418,74.5,4
72,03-01-25 2 44 46_crop_10.png,10351,1,263,407,74.5,4
72,03-01-25 2 44 46_crop_10.png,10352,1,256,404,74.5,4
72,03-01-25 2 44 46_crop_10.png,10353,1,251,382,74.5,4
72,03-01-25 2 44 46_crop_10.png,10354,1,270,446,74.5,4
72,03-01-25 2 44 46_crop_10.png,10355,1,271,456,74.5,4
72,03-01-25 2 44 46_crop_10.png,10356,1,278,448,74.5,4
72,03-01-25 2 44 46_crop_10.png,10357,1,292,448,74.5,4
72,03-01-25 2 44 46_crop_10.png,10358,1,299,460,74.5,4
72,03-01-25 2 44 46_crop_10.png,10359,1,310,452,74.5,4
72,03-01-25 2 44 46_crop_10.png,10360,1,324,458,74.5,4
72,03-01-25 2 44 46_crop_10.png,10361,1,337,435,74.5,4
72,03-01-25 2 44 46_crop_10.png,10362,1,343,446,74.5,4
72,03-01-25 2 44 46_crop_10.png,10363,1,279,418,74.5,4
72,03-01-25 2 44 46_crop_10.png,10364,1,290,409,74.5,4
72,03-01-25 2 44 46_crop_10.png,10365,1,301,400,74.5,4
72,03-01-25 2 44 46_crop_10.png,10366,1,293,390,74.5,4
72,03-01-25 2 44 46_crop_10.png,10367,1,311,411,74.5,4
72,03-01-25 2 44 46_crop_10.png,10368,1,310,423,74.5,4
72,03-01-25 2 44 46_crop_10.png,10369,1,312,430,74.5,4
72,03-01-25 2 44 46_crop_10.png,10370,1,218,476,74.5,4
72,03-01-25 2 44 46_crop_10.png,10371,1,251,483,74.5,4
72,03-01-25 2 44 46_crop_10.png,10372,1,225,487,74.5,4
72,03-01-25 2 44 46_crop_10.png,10373,1,224,494,74.5,4
72,03-01-25 2 44 46_crop_10.png,10374,1,247,501,74.5,4
72,03-01-25 2 44 46_crop_10.png,10375,1,280,484,74.5,4
72,03-01-25 2 44 46_crop_10.png,10376,1,288,493,74.5,4
72,03-01-25 2 44 46_crop_10.png,10377,1,300,492,74.5,4
72,03-01-25 2 44 46_crop_10.png,10378,1,285,508,55.5,4
72,03-01-25 2 44 46_crop_10.png,10379,1,354,505,74.5,4
72,03-01-25 2 44 46_crop_10.png,10380,1,351,446,74.5,4
72,03-01-25 2 44 46_crop_10.png,10381,1,365,506,74.5,4
72,03-01-25 2 44 46_crop_10.png,10382,1,365,490,74.5,4
72,03-01-25 2 44 46_crop_10.png,10383,1,372,486,74.5,4
72,03-01-25 2 44 46_crop_10.png,10384,1,403,503,74.5,4
72,03-01-25 2 44 46_crop_10.png,10385,1,431,508,55.5,4
72,03-01-25 2 44 46_crop_10.png,10386,1,422,498,74.5,4
72,03-01-25 2 44 46_crop_10.png,10387,1,410,489,74.5,4
72,03-01-25 2 44 46_crop_10.png,10388,1,466,508,45.5,3
72,03-01-25 2 44 46_crop_10.png,10389,1,494,506,71.5,4
72,03-01-25 2 44 46_crop_10.png,10390,1,453,492,74.5,4
72,03-01-25 2 44 46_crop_10.png,10391,1,461,489,74.5,4
72,03-01-25 2 44 46_crop_10.png,10392,1,436,474,74.5,4
72,03-01-25 2 44 46_crop_10.png,10393,1,431,462,74.5,4
72,03-01-25 2 44 46_crop_10.png,10394,1,366,461,74.5,4
72,03-01-25 2 44 46_crop_10.png,10395,1,402,446,74.5,4
72,03-01-25 2 44 46_crop_10.png,10396,1,359,438,74.5,4
72,03-01-25 2 44 46_crop_10.png,10397,1,372,432,74.5,4
72,03-01-25 2 44 46_crop_10.png,10398,1,381,428,74.5,4
72,03-01-25 2 44 46_crop_10.png,10399,1,348,427,74.5,4
72,03-01-25 2 44 46_crop_10.png,10400,1,381,414,74.5,4
72,03-01-25 2 44 46_crop_10.png,10401,1,369,410,74.5,4
72,03-01-25 2 44 46_crop_10.png,10402,1,361,405,74.5,4
72,03-01-25 2 44 46_crop_10.png,10403,1,332,392,74.5,4
72,03-01-25 2 44 46_crop_10.png,10404,1,326,388,74.5,4
72,03-01-25 2 44 46_crop_10.png,10405,1,336,382,74.5,4
72,03-01-25 2 44 46_crop_10.png,10406,1,318,371,74.5,4
72,03-01-25 2 44 46_crop_10.png,10407,1,314,366,74.5,4
72,03-01-25 2 44 46_crop_10.png,10408,1,303,362,74.5,4
72,03-01-25 2 44 46_crop_10.png,10409,1,361,377,74.5,4
72,03-01-25 2 44 46_crop_10.png,10410,1,506,485,74.5,4
72,03-01-25 2 44 46_crop_10.png,10411,1,496,482,74.5,4
72,03-01-25 2 44 46_crop_10.png,10412,1,485,486,74.5,4
72,03-01-25 2 44 46_crop_10.png,10413,1,476,482,74.5,4
72,03-01-25 2 44 46_crop_10.png,10414,1,497,458,74.5,4
72,03-01-25 2 44 46_crop_10.png,10415,1,480,462,74.5,4
72,03-01-25 2 44 46_crop_10.png,10416,1,476,450,74.5,4
72,03-01-25 2 44 46_crop_10.png,10417,1,500,430,74.5,4
72,03-01-25 2 44 46_crop_10.png,10418,1,501,418,74.5,4
72,03-01-25 2 44 46_crop_10.png,10419,1,478,380,74.5,4
72,03-01-25 2 44 46_crop_10.png,10420,1,467,413,74.5,4
72,03-01-25 2 44 46_crop_10.png,10421,1,411,399,74.5,4
72,03-01-25 2 44 46_crop_10.png,10422,1,388,392,74.5,4
72,03-01-25 2 44 46_crop_10.png,10423,1,373,386,74.5,4
72,03-01-25 2 44 46_crop_10.png,10424,1,383,376,74.5,4
72,03-01-25 2 44 46_crop_10.png,10425,1,372,369,74.5,4
72,03-01-25 2 44 46_crop_10.png,10426,1,403,411,74.5,4
72,03-01-25 2 44 46_crop_10.png,10427,1,410,419,74.5,4
72,03-01-25 2 44 46_crop_10.png,10428,1,439,421,74.5,4
72,03-01-25 2 44 46_crop_10.png,10429,1,451,419,74.5,4
72,03-01-25 2 44 46_crop_10.png,10430,1,463,423,74.5,4
72,03-01-25 2 44 46_crop_10.png,10431,1,434,371,74.5,4
72,03-01-25 2 44 46_crop_10.png,10432,1,387,348,74.5,4
72,03-01-25 2 44 46_crop_10.png,10433,1,504,343,74.5,4
72,03-01-25 2 44 46_crop_10.png,10434,1,507,337,55.5,4
72,03-01-25 2 44 46_crop_10.png,10435,1,505,315,74.5,4
72,03-01-25 2 44 46_crop_10.png,10436,1,503,308,74.5,4
75,03-01-25 2 44 46_crop_9.png,10437,1,228,353,74.5,4
75,03-01-25 2 44 46_crop_9.png,10438,1,227,371,74.5,4
75,03-01-25 2 44 46_crop_9.png,10439,1,214,403,74.5,4
75,03-01-25 2 44 46_crop_9.png,10440,1,216,411,74.5,4
75,03-01-25 2 44 46_crop_9.png,10441,1,200,418,74.5,4
75,03-01-25 2 44 46_crop_9.png,10442,1,197,430,74.5,4
75,03-01-25 2 44 46_crop_9.png,10443,1,198,439,74.5,4
75,03-01-25 2 44 46_crop_9.png,10444,1,183,451,74.5,4
75,03-01-25 2 44 46_crop_9.png,10445,1,184,476,74.5,4
75,03-01-25 2 44 46_crop_9.png,10446,1,183,483,74.5,4
75,03-01-25 2 44 46_crop_9.png,10447,1,213,434,74.5,4
75,03-01-25 2 44 46_crop_9.png,10448,1,240,448,74.5,4
75,03-01-25 2 44 46_crop_9.png,10449,1,236,438,74.5,4
75,03-01-25 2 44 46_crop_9.png,10450,1,214,456,74.5,4
75,03-01-25 2 44 46_crop_9.png,10451,1,238,388,74.5,4
75,03-01-25 2 44 46_crop_9.png,10452,1,263,383,74.5,4
75,03-01-25 2 44 46_crop_9.png,10453,1,251,402,74.5,4
75,03-01-25 2 44 46_crop_9.png,10454,1,254,435,74.5,4
75,03-01-25 2 44 46_crop_9.png,10455,1,254,442,74.5,4
75,03-01-25 2 44 46_crop_9.png,10456,1,256,454,74.5,4
75,03-01-25 2 44 46_crop_9.png,10457,1,235,465,74.5,4
75,03-01-25 2 44 46_crop_9.png,10458,1,199,490,74.5,4
75,03-01-25 2 44 46_crop_9.png,10459,1,183,502,74.5,4
75,03-01-25 2 44 46_crop_9.png,10460,1,209,507,64.5,4
75,03-01-25 2 44 46_crop_9.png,10461,1,228,498,74.5,4
75,03-01-25 2 44 46_crop_9.png,10462,1,230,489,74.5,4
75,03-01-25 2 44 46_crop_9.png,10463,1,262,497,74.5,4
75,03-01-25 2 44 46_crop_9.png,10464,1,254,482,74.5,4
75,03-01-25 2 44 46_crop_9.png,10465,1,328,502,74.5,4
75,03-01-25 2 44 46_crop_9.png,10466,1,331,490,74.5,4
75,03-01-25 2 44 46_crop_9.png,10467,1,342,467,74.5,4
75,03-01-25 2 44 46_crop_9.png,10468,1,330,472,74.5,4
75,03-01-25 2 44 46_crop_9.png,10469,1,278,499,74.5,4
75,03-01-25 2 44 46_crop_9.png,10470,1,278,491,74.5,4
75,03-01-25 2 44 46_crop_9.png,10471,1,275,467,74.5,4
75,03-01-25 2 44 46_crop_9.png,10472,1,275,457,74.5,4
75,03-01-25 2 44 46_crop_9.png,10473,1,279,418,74.5,4
75,03-01-25 2 44 46_crop_9.png,10474,1,291,426,74.5,4
75,03-01-25 2 44 46_crop_9.png,10475,1,410,494,74.5,4
75,03-01-25 2 44 46_crop_9.png,10476,1,398,490,74.5,4
75,03-01-25 2 44 46_crop_9.png,10477,1,391,497,74.5,4
75,03-01-25 2 44 46_crop_9.png,10478,1,382,481,74.5,4
75,03-01-25 2 44 46_crop_9.png,10479,1,391,476,74.5,4
75,03-01-25 2 44 46_crop_9.png,10480,1,388,461,74.5,4
75,03-01-25 2 44 46_crop_9.png,10481,1,378,451,74.5,4
75,03-01-25 2 44 46_crop_9.png,10482,1,366,448,74.5,4
75,03-01-25 2 44 46_crop_9.png,10483,1,356,467,74.5,4
75,03-01-25 2 44 46_crop_9.png,10484,1,363,458,74.5,4
75,03-01-25 2 44 46_crop_9.png,10485,1,347,459,74.5,4
75,03-01-25 2 44 46_crop_9.png,10486,1,322,446,74.5,4
75,03-01-25 2 44 46_crop_9.png,10487,1,331,439,74.5,4
75,03-01-25 2 44 46_crop_9.png,10488,1,487,507,64.5,4
75,03-01-25 2 44 46_crop_9.png,10489,1,482,499,74.5,4
75,03-01-25 2 44 46_crop_9.png,10490,1,469,506,74.5,4
75,03-01-25 2 44 46_crop_9.png,10491,1,462,499,74.5,4
75,03-01-25 2 44 46_crop_9.png,10492,1,440,484,74.5,4
75,03-01-25 2 44 46_crop_9.png,10493,1,437,470,74.5,4
75,03-01-25 2 44 46_crop_9.png,10494,1,421,475,74.5,4
75,03-01-25 2 44 46_crop_9.png,10495,1,407,456,74.5,4
75,03-01-25 2 44 46_crop_9.png,10496,1,424,460,74.5,4
75,03-01-25 2 44 46_crop_9.png,10497,1,442,458,74.5,4
75,03-01-25 2 44 46_crop_9.png,10498,1,432,451,74.5,4
75,03-01-25 2 44 46_crop_9.png,10499,1,268,351,74.5,4
75,03-01-25 2 44 46_crop_9.png,10500,1,289,359,74.5,4
75,03-01-25 2 44 46_crop_9.png,10501,1,296,386,74.5,4
75,03-01-25 2 44 46_crop_9.png,10502,1,316,403,74.5,4
75,03-01-25 2 44 46_crop_9.png,10503,1,303,374,74.5,4
75,03-01-25 2 44 46_crop_9.png,10504,1,303,362,74.5,4
75,03-01-25 2 44 46_crop_9.png,10505,1,302,355,74.5,4
75,03-01-25 2 44 46_crop_9.png,10506,1,319,381,74.5,4
75,03-01-25 2 44 46_crop_9.png,10507,1,343,405,74.5,4
75,03-01-25 2 44 46_crop_9.png,10508,1,336,385,74.5,4
75,03-01-25 2 44 46_crop_9.png,10509,1,347,388,74.5,4
75,03-01-25 2 44 46_crop_9.png,10510,1,348,377,74.5,4
75,03-01-25 2 44 46_crop_9.png,10511,1,338,368,74.5,4
75,03-01-25 2 44 46_crop_9.png,10512,1,323,362,74.5,4
75,03-01-25 2 44 46_crop_9.png,10513,1,311,335,74.5,4
75,03-01-25 2 44 46_crop_9.png,10514,1,299,324,74.5,4
75,03-01-25 2 44 46_crop_9.png,10515,1,291,320,74.5,4
75,03-01-25 2 44 46_crop_9.png,10516,1,289,311,74.5,4
75,03-01-25 2 44 46_crop_9.png,10517,1,312,308,74.5,4
75,03-01-25 2 44 46_crop_9.png,10518,1,323,308,74.5,4
75,03-01-25 2 44 46_crop_9.png,10519,1,345,331,74.5,4
75,03-01-25 2 44 46_crop_9.png,10520,1,342,322,74.5,4
75,03-01-25 2 44 46_crop_9.png,10521,1,390,433,74.5,4
75,03-01-25 2 44 46_crop_9.png,10522,1,388,441,74.5,4
75,03-01-25 2 44 46_crop_9.png,10523,1,384,418,74.5,4
75,03-01-25 2 44 46_crop_9.png,10524,1,428,428,74.5,4
75,03-01-25 2 44 46_crop_9.png,10525,1,403,426,74.5,4
75,03-01-25 2 44 46_crop_9.png,10526,1,392,402,74.5,4
75,03-01-25 2 44 46_crop_9.png,10527,1,476,481,74.5,4
75,03-01-25 2 44 46_crop_9.png,10528,1,469,468,74.5,4
75,03-01-25 2 44 46_crop_9.png,10529,1,501,447,74.5,4
75,03-01-25 2 44 46_crop_9.png,10530,1,487,444,74.5,4
75,03-01-25 2 44 46_crop_9.png,10531,1,486,436,74.5,4
75,03-01-25 2 44 46_crop_9.png,10532,1,495,426,74.5,4
75,03-01-25 2 44 46_crop_9.png,10533,1,498,415,74.5,4
75,03-01-25 2 44 46_crop_9.png,10534,1,481,411,74.5,4
75,03-01-25 2 44 46_crop_9.png,10535,1,480,404,74.5,4
75,03-01-25 2 44 46_crop_9.png,10536,1,443,416,74.5,4
75,03-01-25 2 44 46_crop_9.png,10537,1,430,404,74.5,4
75,03-01-25 2 44 46_crop_9.png,10538,1,325,295,74.5,4
75,03-01-25 2 44 46_crop_9.png,10539,1,341,306,74.5,4
75,03-01-25 2 44 46_crop_9.png,10540,1,330,278,74.5,4
75,03-01-25 2 44 46_crop_9.png,10541,1,328,253,74.5,4
75,03-01-25 2 44 46_crop_9.png,10542,1,337,258,74.5,4
75,03-01-25 2 44 46_crop_9.png,10543,1,354,259,74.5,4
75,03-01-25 2 44 46_crop_9.png,10544,1,358,275,74.5,4
75,03-01-25 2 44 46_crop_9.png,10545,1,365,316,74.5,4
75,03-01-25 2 44 46_crop_9.png,10546,1,370,291,74.5,4
75,03-01-25 2 44 46_crop_9.png,10547,1,379,361,74.5,4
75,03-01-25 2 44 46_crop_9.png,10548,1,386,347,74.5,4
75,03-01-25 2 44 46_crop_9.png,10549,1,388,332,74.5,4
75,03-01-25 2 44 46_crop_9.png,10550,1,389,318,74.5,4
75,03-01-25 2 44 46_crop_9.png,10551,1,382,279,74.5,4
75,03-01-25 2 44 46_crop_9.png,10552,1,404,354,74.5,4
75,03-01-25 2 44 46_crop_9.png,10553,1,407,395,74.5,4
75,03-01-25 2 44 46_crop_9.png,10554,1,454,388,74.5,4
75,03-01-25 2 44 46_crop_9.png,10555,1,412,376,74.5,4
75,03-01-25 2 44 46_crop_9.png,10556,1,416,361,74.5,4
75,03-01-25 2 44 46_crop_9.png,10557,1,434,347,74.5,4
75,03-01-25 2 44 46_crop_9.png,10558,1,431,330,74.5,4
75,03-01-25 2 44 46_crop_9.png,10559,1,442,336,74.5,4
75,03-01-25 2 44 46_crop_9.png,10560,1,446,349,74.5,4
75,03-01-25 2 44 46_crop_9.png,10561,1,467,350,74.5,4
75,03-01-25 2 44 46_crop_9.png,10562,1,479,385,74.5,4
75,03-01-25 2 44 46_crop_9.png,10563,1,478,377,74.5,4
75,03-01-25 2 44 46_crop_9.png,10564,1,485,381,74.5,4
75,03-01-25 2 44 46_crop_9.png,10565,1,492,393,74.5,4
75,03-01-25 2 44 46_crop_9.png,10566,1,503,385,74.5,4
75,03-01-25 2 44 46_crop_9.png,10567,1,494,369,74.5,4
75,03-01-25 2 44 46_crop_9.png,10568,1,505,362,74.5,4
75,03-01-25 2 44 46_crop_9.png,10569,1,465,310,74.5,4
75,03-01-25 2 44 46_crop_9.png,10570,1,419,255,74.5,4
75,03-01-25 2 44 46_crop_9.png,10571,1,445,295,74.5,4
75,03-01-25 2 44 46_crop_9.png,10572,1,497,347,74.5,4
75,03-01-25 2 44 46_crop_9.png,10573,1,485,330,74.5,4
75,03-01-25 2 44 46_crop_9.png,10574,1,491,316,74.5,4
75,03-01-25 2 44 46_crop_9.png,10575,1,501,324,74.5,4
75,03-01-25 2 44 46_crop_9.png,10576,1,506,314,74.5,4
75,03-01-25 2 44 46_crop_9.png,10577,1,501,301,74.5,4
75,03-01-25 2 44 46_crop_9.png,10578,1,490,296,74.5,4
75,03-01-25 2 44 46_crop_9.png,10579,1,469,276,74.5,4
75,03-01-25 2 44 46_crop_9.png,10580,1,474,264,74.5,4
75,03-01-25 2 44 46_crop_9.png,10581,1,410,228,74.5,4
75,03-01-25 2 44 46_crop_9.png,10582,1,401,215,74.5,4
75,03-01-25 2 44 46_crop_9.png,10583,1,392,243,74.5,4
75,03-01-25 2 44 46_crop_9.png,10584,1,392,234,74.5,4
75,03-01-25 2 44 46_crop_9.png,10585,1,378,232,74.5,4
75,03-01-25 2 44 46_crop_9.png,10586,1,374,220,74.5,4
75,03-01-25 2 44 46_crop_9.png,10587,1,364,214,74.5,4
75,03-01-25 2 44 46_crop_9.png,10588,1,379,209,74.5,4
75,03-01-25 2 44 46_crop_9.png,10589,1,394,204,74.5,4
75,03-01-25 2 44 46_crop_9.png,10590,1,423,225,74.5,4
75,03-01-25 2 44 46_crop_9.png,10591,1,437,227,74.5,4
75,03-01-25 2 44 46_crop_9.png,10592,1,438,220,74.5,4
75,03-01-25 2 44 46_crop_9.png,10593,1,431,221,74.5,4
75,03-01-25 2 44 46_crop_9.png,10594,1,446,256,74.5,4
75,03-01-25 2 44 46_crop_9.png,10595,1,450,246,74.5,4
75,03-01-25 2 44 46_crop_9.png,10596,1,453,234,74.5,4
75,03-01-25 2 44 46_crop_9.png,10597,1,464,256,74.5,4
75,03-01-25 2 44 46_crop_9.png,10598,1,475,249,74.5,4
75,03-01-25 2 44 46_crop_9.png,10599,1,498,241,74.5,4
75,03-01-25 2 44 46_crop_9.png,10600,1,485,222,74.5,4
75,03-01-25 2 44 46_crop_9.png,10601,1,429,211,74.5,4
75,03-01-25 2 44 46_crop_9.png,10602,1,380,196,74.5,4
75,03-01-25 2 44 46_crop_9.png,10603,1,329,204,74.5,4
75,03-01-25 2 44 46_crop_9.png,10604,1,321,193,74.5,4
75,03-01-25 2 44 46_crop_9.png,10605,1,332,186,74.5,4
75,03-01-25 2 44 46_crop_9.png,10606,1,286,192,74.5,4
75,03-01-25 2 44 46_crop_9.png,10607,1,264,211,74.5,4
75,03-01-25 2 44 46_crop_9.png,10608,1,246,208,74.5,4
75,03-01-25 2 44 46_crop_9.png,10609,1,257,196,74.5,4
75,03-01-25 2 44 46_crop_9.png,10610,1,247,192,74.5,4
75,03-01-25 2 44 46_crop_9.png,10611,1,238,193,74.5,4
75,03-01-25 2 44 46_crop_9.png,10612,1,235,200,74.5,4
75,03-01-25 2 44 46_crop_9.png,10613,1,218,199,74.5,4
75,03-01-25 2 44 46_crop_9.png,10614,1,222,191,74.5,4
75,03-01-25 2 44 46_crop_9.png,10615,1,214,180,74.5,4
75,03-01-25 2 44 46_crop_9.png,10616,1,191,185,74.5,4
75,03-01-25 2 44 46_crop_9.png,10617,1,189,174,74.5,4
75,03-01-25 2 44 46_crop_9.png,10618,1,243,174,74.5,4
75,03-01-25 2 44 46_crop_9.png,10619,1,248,164,74.5,4
75,03-01-25 2 44 46_crop_9.png,10620,1,292,160,74.5,4
75,03-01-25 2 44 46_crop_9.png,10621,1,305,162,74.5,4
75,03-01-25 2 44 46_crop_9.png,10622,1,497,210,74.5,4
75,03-01-25 2 44 46_crop_9.png,10623,1,487,203,74.5,4
75,03-01-25 2 44 46_crop_9.png,10624,1,474,207,74.5,4
75,03-01-25 2 44 46_crop_9.png,10625,1,462,198,74.5,4
75,03-01-25 2 44 46_crop_9.png,10626,1,449,193,74.5,4
75,03-01-25 2 44 46_crop_9.png,10627,1,427,185,74.5,4
75,03-01-25 2 44 46_crop_9.png,10628,1,385,168,74.5,4
75,03-01-25 2 44 46_crop_9.png,10629,1,370,163,74.5,4
75,03-01-25 2 44 46_crop_9.png,10630,1,363,171,74.5,4
75,03-01-25 2 44 46_crop_9.png,10631,1,346,170,74.5,4
75,03-01-25 2 44 46_crop_9.png,10632,1,345,152,74.5,4
75,03-01-25 2 44 46_crop_9.png,10633,1,361,146,74.5,4
75,03-01-25 2 44 46_crop_9.png,10634,1,369,148,74.5,4
75,03-01-25 2 44 46_crop_9.png,10635,1,379,140,74.5,4
75,03-01-25 2 44 46_crop_9.png,10636,1,381,131,74.5,4
75,03-01-25 2 44 46_crop_9.png,10637,1,374,128,74.5,4
75,03-01-25 2 44 46_crop_9.png,10638,1,374,118,74.5,4
75,03-01-25 2 44 46_crop_9.png,10639,1,412,158,74.5,4
75,03-01-25 2 44 46_crop_9.png,10640,1,442,164,74.5,4
75,03-01-25 2 44 46_crop_9.png,10641,1,500,156,74.5,4
75,03-01-25 2 44 46_crop_9.png,10642,1,485,157,74.5,4
75,03-01-25 2 44 46_crop_9.png,10643,1,435,136,74.5,4
75,03-01-25 2 44 46_crop_9.png,10644,1,466,134,74.5,4
75,03-01-25 2 44 46_crop_9.png,10645,1,468,127,74.5,4
75,03-01-25 2 44 46_crop_9.png,10646,1,480,130,74.5,4
75,03-01-25 2 44 46_crop_9.png,10647,1,508,125,46.5,3
75,03-01-25 2 44 46_crop_9.png,10648,1,500,111,74.5,4
75,03-01-25 2 44 46_crop_9.png,10649,1,507,49,55.5,4
75,03-01-25 2 44 46_crop_9.png,10650,1,504,35,74.5,4
75,03-01-25 2 44 46_crop_9.png,10651,1,494,28,74.5,4
75,03-01-25 2 44 46_crop_9.png,10652,1,499,18,74.5,4
75,03-01-25 2 44 46_crop_9.png,10653,1,507,5,55.5,4
75,03-01-25 2 44 46_crop_9.png,10654,1,501,57,74.5,4
75,03-01-25 2 44 46_crop_9.png,10655,1,492,61,74.5,4
75,03-01-25 2 44 46_crop_9.png,10656,1,493,67,74.5,4
75,03-01-25 2 44 46_crop_9.png,10657,1,461,61,74.5,4
75,03-01-25 2 44 46_crop_9.png,10658,1,453,42,74.5,4
75,03-01-25 2 44 46_crop_9.png,10659,1,461,35,74.5,4
75,03-01-25 2 44 46_crop_9.png,10660,1,457,20,74.5,4
75,03-01-25 2 44 46_crop_9.png,10661,1,450,29,74.5,4
75,03-01-25 2 44 46_crop_9.png,10662,1,450,21,74.5,4
75,03-01-25 2 44 46_crop_9.png,10663,1,450,113,74.5,4
75,03-01-25 2 44 46_crop_9.png,10664,1,441,102,74.5,4
75,03-01-25 2 44 46_crop_9.png,10665,1,441,90,74.5,4
75,03-01-25 2 44 46_crop_9.png,10666,1,409,107,74.5,4
75,03-01-25 2 44 46_crop_9.png,10667,1,397,104,74.5,4
75,03-01-25 2 44 46_crop_9.png,10668,1,388,91,74.5,4
75,03-01-25 2 44 46_crop_9.png,10669,1,405,73,74.5,4
75,03-01-25 2 44 46_crop_9.png,10670,1,390,65,74.5,4
75,03-01-25 2 44 46_crop_9.png,10671,1,403,54,74.5,4
75,03-01-25 2 44 46_crop_9.png,10672,1,400,40,74.5,4
75,03-01-25 2 44 46_crop_9.png,10673,1,401,11,74.5,4
75,03-01-25 2 44 46_crop_9.png,10674,1,394,16,74.5,4
75,03-01-25 2 44 46_crop_9.png,10675,1,377,33,74.5,4
75,03-01-25 2 44 46_crop_9.png,10676,1,374,45,74.5,4
75,03-01-25 2 44 46_crop_9.png,10677,1,360,63,74.5,4
75,03-01-25 2 44 46_crop_9.png,10678,1,346,80,74.5,4
75,03-01-25 2 44 46_crop_9.png,10679,1,337,83,74.5,4
75,03-01-25 2 44 46_crop_9.png,10680,1,314,88,74.5,4
75,03-01-25 2 44 46_crop_9.png,10681,1,338,105,74.5,4
75,03-01-25 2 44 46_crop_9.png,10682,1,334,123,74.5,4
75,03-01-25 2 44 46_crop_9.png,10683,1,315,133,74.5,4
75,03-01-25 2 44 46_crop_9.png,10684,1,298,125,74.5,4
75,03-01-25 2 44 46_crop_9.png,10685,1,300,114,74.5,4
75,03-01-25 2 44 46_crop_9.png,10686,1,292,105,74.5,4
75,03-01-25 2 44 46_crop_9.png,10687,1,299,97,74.5,4
75,03-01-25 2 44 46_crop_9.png,10688,1,319,71,74.5,4
75,03-01-25 2 44 46_crop_9.png,10689,1,346,56,74.5,4
75,03-01-25 2 44 46_crop_9.png,10690,1,358,45,74.5,4
75,03-01-25 2 44 46_crop_9.png,10691,1,352,3,66.0,4
75,03-01-25 2 44 46_crop_9.png,10692,1,336,12,74.5,4
75,03-01-25 2 44 46_crop_9.png,10693,1,325,13,74.5,4
75,03-01-25 2 44 46_crop_9.png,10694,1,300,79,74.5,4
75,03-01-25 2 44 46_crop_9.png,10695,1,316,37,74.5,4
75,03-01-25 2 44 46_crop_9.png,10696,1,285,4,73.0,4
75,03-01-25 2 44 46_crop_9.png,10697,1,291,27,74.5,4
75,03-01-25 2 44 46_crop_9.png,10698,1,271,17,74.5,4
75,03-01-25 2 44 46_crop_9.png,10699,1,260,27,74.5,4
75,03-01-25 2 44 46_crop_9.png,10700,1,256,32,74.5,4
75,03-01-25 2 44 46_crop_9.png,10701,1,260,47,74.5,4
75,03-01-25 2 44 46_crop_9.png,10702,1,243,64,74.5,4
75,03-01-25 2 44 46_crop_9.png,10703,1,253,59,74.5,4
75,03-01-25 2 44 46_crop_9.png,10704,1,247,46,74.5,4
75,03-01-25 2 44 46_crop_9.png,10705,1,245,36,74.5,4
75,03-01-25 2 44 46_crop_9.png,10706,1,241,5,74.5,4
75,03-01-25 2 44 46_crop_9.png,10707,1,230,28,74.5,4
75,03-01-25 2 44 46_crop_9.png,10708,1,284,124,74.5,4
75,03-01-25 2 44 46_crop_9.png,10709,1,277,112,74.5,4
75,03-01-25 2 44 46_crop_9.png,10710,1,264,143,74.5,4
75,03-01-25 2 44 46_crop_9.png,10711,1,248,111,74.5,4
75,03-01-25 2 44 46_crop_9.png,10712,1,235,142,74.5,4
75,03-01-25 2 44 46_crop_9.png,10713,1,228,144,74.5,4
75,03-01-25 2 44 46_crop_9.png,10714,1,219,144,74.5,4
75,03-01-25 2 44 46_crop_9.png,10715,1,224,127,74.5,4
75,03-01-25 2 44 46_crop_9.png,10716,1,217,118,74.5,4
75,03-01-25 2 44 46_crop_9.png,10717,1,216,95,74.5,4
75,03-01-25 2 44 46_crop_9.png,10718,1,185,137,74.5,4
75,03-01-25 2 44 46_crop_9.png,10719,1,190,108,74.5,4
75,03-01-25 2 44 46_crop_9.png,10720,1,176,109,74.5,4
75,03-01-25 2 44 46_crop_9.png,10721,1,162,114,74.5,4
75,03-01-25 2 44 46_crop_9.png,10722,1,141,146,74.5,4
75,03-01-25 2 44 46_crop_9.png,10723,1,135,151,74.5,4
75,03-01-25 2 44 46_crop_9.png,10724,1,134,143,74.5,4
75,03-01-25 2 44 46_crop_9.png,10725,1,138,123,74.5,4
75,03-01-25 2 44 46_crop_9.png,10726,1,103,144,74.5,4
75,03-01-25 2 44 46_crop_9.png,10727,1,110,151,74.5,4
75,03-01-25 2 44 46_crop_9.png,10728,1,107,160,74.5,4
75,03-01-25 2 44 46_crop_9.png,10729,1,61,204,74.5,4
75,03-01-25 2 44 46_crop_9.png,10730,1,35,208,74.5,4
75,03-01-25 2 44 46_crop_9.png,10731,1,34,192,74.5,4
75,03-01-25 2 44 46_crop_9.png,10732,1,47,178,74.5,4
75,03-01-25 2 44 46_crop_9.png,10733,1,3,167,65.0,4
75,03-01-25 2 44 46_crop_9.png,10734,1,9,170,74.5,4
75,03-01-25 2 44 46_crop_9.png,10735,1,35,156,74.5,4
75,03-01-25 2 44 46_crop_9.png,10736,1,74,157,74.5,4
75,03-01-25 2 44 46_crop_9.png,10737,1,83,138,74.5,4
75,03-01-25 2 44 46_crop_9.png,10738,1,94,119,74.5,4
75,03-01-25 2 44 46_crop_9.png,10739,1,96,107,74.5,4
75,03-01-25 2 44 46_crop_9.png,10740,1,41,120,74.5,4
75,03-01-25 2 44 46_crop_9.png,10741,1,42,110,74.5,4
75,03-01-25 2 44 46_crop_9.png,10742,1,57,103,74.5,4
75,03-01-25 2 44 46_crop_9.png,10743,1,73,96,74.5,4
75,03-01-25 2 44 46_crop_9.png,10744,1,77,87,74.5,4
75,03-01-25 2 44 46_crop_9.png,10745,1,81,83,74.5,4
75,03-01-25 2 44 46_crop_9.png,10746,1,125,101,74.5,4
75,03-01-25 2 44 46_crop_9.png,10747,1,136,104,74.5,4
75,03-01-25 2 44 46_crop_9.png,10748,1,139,99,74.5,4
75,03-01-25 2 44 46_crop_9.png,10749,1,156,89,74.5,4
75,03-01-25 2 44 46_crop_9.png,10750,1,140,80,74.5,4
75,03-01-25 2 44 46_crop_9.png,10751,1,165,61,74.5,4
75,03-01-25 2 44 46_crop_9.png,10752,1,136,65,74.5,4
75,03-01-25 2 44 46_crop_9.png,10753,1,196,28,74.5,4
75,03-01-25 2 44 46_crop_9.png,10754,1,180,30,74.5,4
75,03-01-25 2 44 46_crop_9.png,10755,1,165,18,74.5,4
75,03-01-25 2 44 46_crop_9.png,10756,1,146,31,74.5,4
75,03-01-25 2 44 46_crop_9.png,10757,1,127,3,66.0,4
75,03-01-25 2 44 46_crop_9.png,10758,1,119,25,74.5,4
75,03-01-25 2 44 46_crop_9.png,10759,1,108,32,74.5,4
75,03-01-25 2 44 46_crop_9.png,10760,1,104,25,74.5,4
75,03-01-25 2 44 46_crop_9.png,10761,1,86,30,74.5,4
75,03-01-25 2 44 46_crop_9.png,10762,1,77,27,74.5,4
75,03-01-25 2 44 46_crop_9.png,10763,1,65,6,74.5,4
75,03-01-25 2 44 46_crop_9.png,10764,1,90,79,74.5,4
75,03-01-25 2 44 46_crop_9.png,10765,1,77,56,74.5,4
75,03-01-25 2 44 46_crop_9.png,10766,1,25,76,74.5,4
75,03-01-25 2 44 46_crop_9.png,10767,1,31,89,74.5,4
75,03-01-25 2 44 46_crop_9.png,10768,1,15,100,74.5,4
75,03-01-25 2 44 46_crop_9.png,10769,1,12,84,74.5,4
75,03-01-25 2 44 46_crop_9.png,10770,1,8,79,74.5,4
75,03-01-25 2 44 46_crop_9.png,10771,1,4,68,71.0,4
75,03-01-25 2 44 46_crop_9.png,10772,1,4,48,71.0,4
75,03-01-25 2 44 46_crop_9.png,10773,1,51,50,74.5,4
75,03-01-25 2 44 46_crop_9.png,10774,1,29,37,74.5,4
75,03-01-25 2 44 46_crop_9.png,10775,1,5,19,74.5,4
75,03-01-25 2 44 46_crop_9.png,10776,1,72,179,74.5,4
75,03-01-25 2 44 46_crop_9.png,10777,1,102,377,74.5,4
75,03-01-25 2 44 46_crop_9.png,10778,1,94,380,74.5,4
75,03-01-25 2 44 46_crop_9.png,10779,1,119,413,74.5,4
75,03-01-25 2 44 46_crop_9.png,10780,1,108,396,74.5,4
75,03-01-25 2 44 46_crop_9.png,10781,1,55,399,74.5,4
75,03-01-25 2 44 46_crop_9.png,10782,1,28,416,74.5,4
75,03-01-25 2 44 46_crop_9.png,10783,1,76,480,74.5,4
75,03-01-25 2 44 46_crop_9.png,10784,1,85,460,74.5,4
75,03-01-25 2 44 46_crop_9.png,10785,1,43,506,71.5,4
75,03-01-25 2 44 46_crop_9.png,10786,1,52,478,74.5,4
75,03-01-25 2 44 46_crop_9.png,10787,1,37,474,74.5,4
75,03-01-25 2 44 46_crop_9.png,10788,1,36,485,74.5,4
75,03-01-25 2 44 46_crop_9.png,10789,1,18,499,74.5,4
75,03-01-25 2 44 46_crop_9.png,10790,1,20,508,55.5,4
75,03-01-25 2 44 46_crop_9.png,10791,1,6,483,74.5,4
75,03-01-25 2 44 46_crop_9.png,10792,1,3,473,65.0,4
75,03-01-25 2 44 46_crop_9.png,10793,1,14,461,74.5,4
75,03-01-25 2 44 46_crop_9.png,10794,1,24,470,74.5,4
75,03-01-25 2 44 46_crop_9.png,10795,1,216,358,74.5,4
75,03-01-25 2 44 46_crop_9.png,10796,1,204,371,74.5,4
75,03-01-25 2 44 46_crop_9.png,10797,1,194,385,74.5,4
75,03-01-25 2 44 46_crop_9.png,10798,1,187,385,74.5,4
75,03-01-25 2 44 46_crop_9.png,10799,1,176,379,74.5,4
75,03-01-25 2 44 46_crop_9.png,10800,1,177,408,74.5,4
75,03-01-25 2 44 46_crop_9.png,10801,1,170,429,74.5,4
75,03-01-25 2 44 46_crop_9.png,10802,1,172,443,74.5,4
75,03-01-25 2 44 46_crop_9.png,10803,1,163,445,74.5,4
75,03-01-25 2 44 46_crop_9.png,10804,1,133,478,74.5,4
75,03-01-25 2 44 46_crop_9.png,10805,1,124,462,74.5,4
75,03-01-25 2 44 46_crop_9.png,10806,1,137,447,74.5,4
75,03-01-25 2 44 46_crop_9.png,10807,1,135,433,74.5,4
75,03-01-25 2 44 46_crop_9.png,10808,1,133,417,74.5,4
75,03-01-25 2 44 46_crop_9.png,10809,1,138,423,74.5,4
75,03-01-25 2 44 46_crop_9.png,10810,1,161,378,74.5,4
75,03-01-25 2 44 46_crop_9.png,10811,1,151,374,74.5,4
75,03-01-25 2 44 46_crop_9.png,10812,1,140,368,74.5,4
75,03-01-25 2 44 46_crop_9.png,10813,1,153,345,74.5,4
75,03-01-25 2 44 46_crop_9.png,10814,1,156,333,74.5,4
75,03-01-25 2 44 46_crop_9.png,10815,1,170,351,74.5,4
75,03-01-25 2 44 46_crop_9.png,10816,1,173,359,74.5,4
75,03-01-25 2 44 46_crop_9.png,10817,1,184,364,74.5,4
75,03-01-25 2 44 46_crop_9.png,10818,1,197,360,74.5,4
75,03-01-25 2 44 46_crop_9.png,10819,1,196,330,74.5,4
75,03-01-25 2 44 46_crop_9.png,10820,1,202,337,74.5,4
75,03-01-25 2 44 46_crop_9.png,10821,1,214,319,74.5,4
75,03-01-25 2 44 46_crop_9.png,10822,1,232,320,74.5,4
75,03-01-25 2 44 46_crop_9.png,10823,1,243,314,74.5,4
75,03-01-25 2 44 46_crop_9.png,10824,1,194,317,74.5,4
75,03-01-25 2 44 46_crop_9.png,10825,1,166,314,74.5,4
75,03-01-25 2 44 46_crop_9.png,10826,1,89,498,74.5,4
75,03-01-25 2 44 46_crop_9.png,10827,1,92,484,74.5,4
75,03-01-25 2 44 46_crop_9.png,10828,1,72,500,74.5,4
75,03-01-25 2 44 46_crop_9.png,10829,1,62,499,74.5,4
75,03-01-25 2 44 46_crop_9.png,10830,1,69,476,74.5,4
75,03-01-25 2 44 46_crop_9.png,10831,1,75,455,74.5,4
75,03-01-25 2 44 46_crop_9.png,10832,1,74,447,74.5,4
75,03-01-25 2 44 46_crop_9.png,10833,1,90,432,74.5,4
75,03-01-25 2 44 46_crop_9.png,10834,1,75,428,74.5,4
75,03-01-25 2 44 46_crop_9.png,10835,1,66,426,74.5,4
75,03-01-25 2 44 46_crop_9.png,10836,1,61,416,74.5,4
75,03-01-25 2 44 46_crop_9.png,10837,1,51,427,74.5,4
75,03-01-25 2 44 46_crop_9.png,10838,1,44,442,74.5,4
75,03-01-25 2 44 46_crop_9.png,10839,1,39,455,74.5,4
75,03-01-25 2 44 46_crop_9.png,10840,1,55,461,74.5,4
96,03-01-25 2 44 36_crop_14.png,11171,1,362,353,104.0,5
96,03-01-25 2 44 36_crop_14.png,11172,1,402,358,104.0,5
96,03-01-25 2 44 36_crop_14.png,11173,1,441,307,104.0,5
96,03-01-25 2 44 36_crop_14.png,11174,1,442,319,104.0,5
96,03-01-25 2 44 36_crop_14.png,11175,1,448,327,104.0,5
96,03-01-25 2 44 36_crop_14.png,11176,1,385,199,104.0,5
96,03-01-25 2 44 36_crop_14.png,11177,1,415,220,104.0,5
96,03-01-25 2 44 36_crop_14.png,11178,1,442,237,104.0,5
96,03-01-25 2 44 36_crop_14.png,11179,1,450,213,104.0,5
96,03-01-25 2 44 36_crop_14.png,11180,1,468,204,104.0,5
96,03-01-25 2 44 36_crop_14.png,11181,1,461,221,104.0,5
96,03-01-25 2 44 36_crop_14.png,11182,1,85,88,104.0,5
96,03-01-25 2 44 36_crop_14.png,11183,1,192,100,104.0,5
96,03-01-25 2 44 36_crop_14.png,11184,1,196,101,104.0,5
96,03-01-25 2 44 36_crop_14.png,11185,1,178,141,104.0,5
96,03-01-25 2 44 36_crop_14.png,11186,1,176,165,104.0,5
96,03-01-25 2 44 36_crop_14.png,11187,1,160,161,104.0,5
96,03-01-25 2 44 36_crop_14.png,11188,1,84,150,104.0,5
96,03-01-25 2 44 36_crop_14.png,11189,1,80,160,104.0,5
96,03-01-25 2 44 36_crop_14.png,11190,1,97,195,104.0,5
96,03-01-25 2 44 36_crop_14.png,11191,1,66,180,104.0,5
96,03-01-25 2 44 36_crop_14.png,11192,1,69,191,104.0,5
96,03-01-25 2 44 36_crop_14.png,11193,1,45,203,104.0,5
96,03-01-25 2 44 36_crop_14.png,11194,1,54,216,104.0,5
96,03-01-25 2 44 36_crop_14.png,11195,1,46,221,104.0,5
96,03-01-25 2 44 36_crop_14.png,11196,1,60,233,104.0,5
96,03-01-25 2 44 36_crop_14.png,11197,1,83,211,104.0,5
96,03-01-25 2 44 36_crop_14.png,11198,1,9,228,104.0,5
96,03-01-25 2 44 36_crop_14.png,11199,1,8,273,104.0,5
96,03-01-25 2 44 36_crop_14.png,11200,1,34,296,104.0,5
96,03-01-25 2 44 36_crop_14.png,11201,1,13,327,104.0,5
96,03-01-25 2 44 36_crop_14.png,11202,1,83,241,104.0,5
96,03-01-25 2 44 36_crop_14.png,11203,1,92,233,104.0,5
96,03-01-25 2 44 36_crop_14.png,11204,1,106,234,104.0,5
96,03-01-25 2 44 36_crop_14.png,11205,1,110,229,104.0,5
96,03-01-25 2 44 36_crop_14.png,11206,1,107,241,104.0,5
96,03-01-25 2 44 36_crop_14.png,11207,1,106,250,104.0,5
96,03-01-25 2 44 36_crop_14.png,11208,1,94,253,104.0,5
96,03-01-25 2 44 36_crop_14.png,11209,1,123,232,104.0,5
96,03-01-25 2 44 36_crop_14.png,11210,1,123,239,104.0,5
96,03-01-25 2 44 36_crop_14.png,11211,1,71,283,104.0,5
96,03-01-25 2 44 36_crop_14.png,11212,1,32,358,104.0,5
96,03-01-25 2 44 36_crop_14.png,11213,1,33,365,104.0,5
96,03-01-25 2 44 36_crop_14.png,11214,1,34,375,104.0,5
96,03-01-25 2 44 36_crop_14.png,11215,1,12,372,104.0,5
96,03-01-25 2 44 36_crop_14.png,11216,1,9,379,104.0,5
96,03-01-25 2 44 36_crop_14.png,11217,1,55,387,104.0,5
96,03-01-25 2 44 36_crop_14.png,11218,1,85,387,104.0,5
96,03-01-25 2 44 36_crop_14.png,11219,1,107,379,104.0,5
96,03-01-25 2 44 36_crop_14.png,11220,1,134,376,104.0,5
96,03-01-25 2 44 36_crop_14.png,11221,1,104,355,104.0,5
96,03-01-25 2 44 36_crop_14.png,11222,1,57,416,104.0,5
96,03-01-25 2 44 36_crop_14.png,11223,1,42,420,104.0,5
96,03-01-25 2 44 36_crop_14.png,11224,1,23,431,104.0,5
96,03-01-25 2 44 36_crop_14.png,11225,1,19,438,104.0,5
96,03-01-25 2 44 36_crop_14.png,11226,1,5,462,101.0,5
96,03-01-25 2 44 36_crop_14.png,11227,1,25,478,104.0,5
96,03-01-25 2 44 36_crop_14.png,11228,1,33,498,104.0,5
96,03-01-25 2 44 36_crop_14.png,11229,1,79,475,104.0,5
96,03-01-25 2 44 36_crop_14.png,11230,1,94,457,104.0,5
96,03-01-25 2 44 36_crop_14.png,11231,1,76,451,104.0,5
96,03-01-25 2 44 36_crop_14.png,11232,1,110,468,104.0,5
96,03-01-25 2 44 36_crop_14.png,11233,1,116,507,75.0,4
96,03-01-25 2 44 36_crop_14.png,11234,1,184,475,104.0,5
96,03-01-25 2 44 36_crop_14.png,11235,1,214,479,104.0,5
96,03-01-25 2 44 36_crop_14.png,11236,1,216,504,104.0,5
96,03-01-25 2 44 36_crop_14.png,11237,1,188,425,104.0,5
96,03-01-25 2 44 36_crop_14.png,11238,1,193,414,104.0,5
96,03-01-25 2 44 36_crop_14.png,11239,1,175,410,104.0,5
96,03-01-25 2 44 36_crop_14.png,11240,1,169,390,104.0,5
96,03-01-25 2 44 36_crop_14.png,11241,1,156,328,104.0,5
96,03-01-25 2 44 36_crop_14.png,11242,1,156,283,104.0,5
96,03-01-25 2 44 36_crop_14.png,11243,1,155,250,104.0,5
96,03-01-25 2 44 36_crop_14.png,11244,1,156,194,104.0,5
96,03-01-25 2 44 36_crop_14.png,11245,1,233,163,104.0,5
96,03-01-25 2 44 36_crop_14.png,11246,1,257,55,104.0,5
96,03-01-25 2 44 36_crop_14.png,11247,1,241,79,104.0,5
96,03-01-25 2 44 36_crop_14.png,11248,1,249,60,104.0,5
96,03-01-25 2 44 36_crop_14.png,11249,1,262,73,104.0,5
96,03-01-25 2 44 36_crop_14.png,11250,1,265,63,104.0,5
96,03-01-25 2 44 36_crop_14.png,11251,1,274,74,104.0,5
96,03-01-25 2 44 36_crop_14.png,11252,1,319,53,104.0,5
96,03-01-25 2 44 36_crop_14.png,11253,1,320,64,104.0,5
96,03-01-25 2 44 36_crop_14.png,11254,1,315,68,104.0,5
96,03-01-25 2 44 36_crop_14.png,11255,1,311,79,104.0,5
96,03-01-25 2 44 36_crop_14.png,11256,1,305,85,104.0,5
96,03-01-25 2 44 36_crop_14.png,11257,1,300,80,104.0,5
96,03-01-25 2 44 36_crop_14.png,11258,1,329,89,104.0,5
96,03-01-25 2 44 36_crop_14.png,11259,1,340,49,104.0,5
96,03-01-25 2 44 36_crop_14.png,11260,1,347,59,104.0,5
96,03-01-25 2 44 36_crop_14.png,11261,1,351,63,104.0,5
96,03-01-25 2 44 36_crop_14.png,11262,1,349,75,104.0,5
96,03-01-25 2 44 36_crop_14.png,11263,1,374,23,104.0,5
96,03-01-25 2 44 36_crop_14.png,11264,1,378,36,104.0,5
96,03-01-25 2 44 36_crop_14.png,11265,1,384,41,104.0,5
96,03-01-25 2 44 36_crop_14.png,11266,1,397,55,104.0,5
96,03-01-25 2 44 36_crop_14.png,11267,1,397,29,104.0,5
96,03-01-25 2 44 36_crop_14.png,11268,1,404,27,104.0,5
96,03-01-25 2 44 36_crop_14.png,11269,1,408,41,104.0,5
96,03-01-25 2 44 36_crop_14.png,11270,1,437,6,104.0,5
96,03-01-25 2 44 36_crop_14.png,11271,1,442,16,104.0,5
96,03-01-25 2 44 36_crop_14.png,11272,1,449,19,104.0,5
96,03-01-25 2 44 36_crop_14.png,11273,1,476,30,104.0,5
96,03-01-25 2 44 36_crop_14.png,11274,1,499,41,104.0,5
96,03-01-25 2 44 36_crop_14.png,11275,1,470,79,104.0,5
96,03-01-25 2 44 36_crop_14.png,11276,1,492,88,104.0,5
96,03-01-25 2 44 36_crop_14.png,11277,1,468,96,104.0,5
96,03-01-25 2 44 36_crop_14.png,11278,1,458,98,104.0,5
96,03-01-25 2 44 36_crop_14.png,11279,1,474,108,104.0,5
96,03-01-25 2 44 36_crop_14.png,11280,1,503,114,104.0,5
96,03-01-25 2 44 36_crop_14.png,11281,1,502,131,104.0,5
96,03-01-25 2 44 36_crop_14.png,11282,1,489,147,104.0,5
96,03-01-25 2 44 36_crop_14.png,11283,1,276,119,104.0,5
96,03-01-25 2 44 36_crop_14.png,11284,1,294,124,104.0,5
96,03-01-25 2 44 36_crop_14.png,11285,1,317,135,104.0,5
96,03-01-25 2 44 36_crop_14.png,11286,1,387,85,104.0,5
96,03-01-25 2 44 36_crop_14.png,11287,1,387,118,104.0,5
96,03-01-25 2 44 36_crop_14.png,11288,1,413,123,104.0,5
96,03-01-25 2 44 36_crop_14.png,11289,1,289,177,104.0,5
96,03-01-25 2 44 36_crop_14.png,11290,1,211,205,104.0,5
96,03-01-25 2 44 36_crop_14.png,11291,1,185,246,104.0,5
96,03-01-25 2 44 36_crop_14.png,11292,1,196,246,104.0,5
96,03-01-25 2 44 36_crop_14.png,11293,1,185,255,104.0,5
96,03-01-25 2 44 36_crop_14.png,11294,1,182,266,104.0,5
96,03-01-25 2 44 36_crop_14.png,11295,1,212,252,104.0,5
96,03-01-25 2 44 36_crop_14.png,11296,1,197,282,104.0,5
96,03-01-25 2 44 36_crop_14.png,11297,1,190,285,104.0,5
96,03-01-25 2 44 36_crop_14.png,11298,1,184,284,104.0,5
96,03-01-25 2 44 36_crop_14.png,11299,1,254,207,104.0,5
96,03-01-25 2 44 36_crop_14.png,11300,1,270,213,104.0,5
96,03-01-25 2 44 36_crop_14.png,11301,1,263,277,104.0,5
96,03-01-25 2 44 36_crop_14.png,11302,1,252,280,104.0,5
96,03-01-25 2 44 36_crop_14.png,11303,1,232,317,104.0,5
96,03-01-25 2 44 36_crop_14.png,11304,1,231,326,104.0,5
96,03-01-25 2 44 36_crop_14.png,11305,1,227,349,104.0,5
96,03-01-25 2 44 36_crop_14.png,11306,1,178,355,104.0,5
96,03-01-25 2 44 36_crop_14.png,11307,1,204,368,104.0,5
96,03-01-25 2 44 36_crop_14.png,11308,1,226,380,104.0,5
96,03-01-25 2 44 36_crop_14.png,11309,1,257,328,104.0,5
96,03-01-25 2 44 36_crop_14.png,11310,1,251,352,104.0,5
96,03-01-25 2 44 36_crop_14.png,11311,1,254,374,104.0,5
96,03-01-25 2 44 36_crop_14.png,11312,1,260,375,104.0,5
96,03-01-25 2 44 36_crop_14.png,11313,1,264,370,104.0,5
96,03-01-25 2 44 36_crop_14.png,11314,1,246,448,104.0,5
96,03-01-25 2 44 36_crop_14.png,11315,1,279,466,104.0,5
96,03-01-25 2 44 36_crop_14.png,11316,1,287,406,104.0,5
96,03-01-25 2 44 36_crop_14.png,11317,1,292,429,104.0,5
96,03-01-25 2 44 36_crop_14.png,11318,1,298,501,104.0,5
96,03-01-25 2 44 36_crop_14.png,11319,1,314,498,104.0,5
96,03-01-25 2 44 36_crop_14.png,11320,1,321,498,104.0,5
96,03-01-25 2 44 36_crop_14.png,11321,1,310,486,104.0,5
96,03-01-25 2 44 36_crop_14.png,11322,1,317,479,104.0,5
96,03-01-25 2 44 36_crop_14.png,11323,1,324,476,104.0,5
96,03-01-25 2 44 36_crop_14.png,11324,1,329,453,104.0,5
96,03-01-25 2 44 36_crop_14.png,11325,1,332,442,104.0,5
96,03-01-25 2 44 36_crop_14.png,11326,1,350,431,104.0,5
96,03-01-25 2 44 36_crop_14.png,11327,1,366,427,104.0,5
96,03-01-25 2 44 36_crop_14.png,11328,1,362,464,104.0,5
96,03-01-25 2 44 36_crop_14.png,11329,1,391,447,104.0,5
96,03-01-25 2 44 36_crop_14.png,11330,1,400,490,104.0,5
96,03-01-25 2 44 36_crop_14.png,11331,1,431,474,104.0,5
96,03-01-25 2 44 36_crop_14.png,11332,1,449,474,104.0,5
96,03-01-25 2 44 36_crop_14.png,11333,1,461,494,104.0,5
96,03-01-25 2 44 36_crop_14.png,11334,1,472,503,104.0,5
96,03-01-25 2 44 36_crop_14.png,11335,1,471,464,104.0,5
96,03-01-25 2 44 36_crop_14.png,11336,1,484,439,104.0,5
96,03-01-25 2 44 36_crop_14.png,11337,1,487,400,104.0,5
96,03-01-25 2 44 36_crop_14.png,11338,1,424,409,104.0,5
96,03-01-25 2 44 36_crop_14.png,11339,1,372,387,104.0,5
96,03-01-25 2 44 36_crop_14.png,11340,1,328,352,104.0,5
96,03-01-25 2 44 36_crop_14.png,11341,1,337,356,104.0,5
96,03-01-25 2 44 36_crop_14.png,11342,1,327,338,104.0,5
96,03-01-25 2 44 36_crop_14.png,11343,1,294,352,104.0,5
96,03-01-25 2 44 36_crop_14.png,11344,1,284,340,104.0,5
96,03-01-25 2 44 36_crop_14.png,11345,1,282,324,104.0,5
96,03-01-25 2 44 36_crop_14.png,11346,1,408,157,104.0,5
96,03-01-25 2 44 36_crop_14.png,11347,1,416,160,104.0,5
96,03-01-25 2 44 36_crop_14.png,11348,1,446,166,104.0,5
96,03-01-25 2 44 36_crop_14.png,11349,1,481,179,104.0,5
96,03-01-25 2 44 36_crop_14.png,11350,1,487,183,104.0,5
96,03-01-25 2 44 36_crop_14.png,11351,1,497,226,104.0,5
96,03-01-25 2 44 36_crop_14.png,11352,1,501,279,104.0,5
96,03-01-25 2 44 36_crop_14.png,11353,1,505,280,101.0,5
96,03-01-25 2 44 36_crop_14.png,11354,1,440,293,104.0,5
96,03-01-25 2 44 36_crop_14.png,11355,1,373,182,104.0,5
96,03-01-25 2 44 36_crop_14.png,11356,1,370,184,104.0,5
96,03-01-25 2 44 36_crop_14.png,11357,1,342,195,104.0,5
96,03-01-25 2 44 36_crop_14.png,11358,1,329,207,104.0,5
96,03-01-25 2 44 36_crop_14.png,11359,1,339,216,104.0,5
96,03-01-25 2 44 36_crop_14.png,11360,1,335,249,104.0,5
96,03-01-25 2 44 36_crop_14.png,11361,1,323,249,104.0,5
96,03-01-25 2 44 36_crop_14.png,11362,1,314,254,104.0,5
96,03-01-25 2 44 36_crop_14.png,11363,1,306,252,104.0,5
96,03-01-25 2 44 36_crop_14.png,11364,1,320,274,104.0,5
96,03-01-25 2 44 36_crop_14.png,11365,1,313,279,104.0,5
96,03-01-25 2 44 36_crop_14.png,11366,1,299,290,104.0,5
96,03-01-25 2 44 36_crop_14.png,11367,1,350,260,104.0,5
96,03-01-25 2 44 36_crop_14.png,11368,1,393,281,104.0,5
96,03-01-25 2 44 36_crop_14.png,11369,1,388,283,104.0,5
96,03-01-25 2 44 36_crop_14.png,11370,1,390,288,104.0,5
96,03-01-25 2 44 36_crop_14.png,11371,1,387,327,104.0,5
96,03-01-25 2 44 36_crop_14.png,11372,1,371,340,104.0,5
96,03-01-25 2 44 36_crop_14.png,11373,1,375,362,104.0,5
96,03-01-25 2 44 36_crop_14.png,11374,1,27,23,104.0,5
96,03-01-25 2 44 36_crop_14.png,11375,1,24,32,104.0,5
96,03-01-25 2 44 36_crop_14.png,11376,1,47,54,104.0,5
96,03-01-25 2 44 36_crop_14.png,11377,1,57,49,104.0,5
96,03-01-25 2 44 36_crop_14.png,11378,1,64,49,104.0,5
96,03-01-25 2 44 36_crop_14.png,11379,1,50,92,104.0,5
96,03-01-25 2 44 36_crop_14.png,11380,1,24,93,104.0,5
96,03-01-25 2 44 36_crop_14.png,11381,1,8,93,104.0,5
96,03-01-25 2 44 36_crop_14.png,11382,1,27,101,104.0,5
96,03-01-25 2 44 36_crop_14.png,11383,1,42,118,104.0,5
96,03-01-25 2 44 36_crop_14.png,11384,1,57,134,104.0,5
96,03-01-25 2 44 36_crop_14.png,11385,1,93,137,104.0,5
96,03-01-25 2 44 36_crop_14.png,11386,1,100,134,104.0,5
96,03-01-25 2 44 36_crop_14.png,11387,1,100,141,104.0,5
96,03-01-25 2 44 36_crop_14.png,11388,1,113,132,104.0,5
96,03-01-25 2 44 36_crop_14.png,11389,1,129,43,104.0,5
96,03-01-25 2 44 36_crop_14.png,11390,1,134,53,104.0,5
96,03-01-25 2 44 36_crop_14.png,11391,1,162,28,104.0,5
96,03-01-25 2 44 36_crop_14.png,11392,1,199,4,94.0,5
96,03-01-25 2 44 36_crop_14.png,11393,1,219,3,75.0,4
96,03-01-25 2 44 36_crop_14.png,11394,1,200,34,104.0,5
96,03-01-25 2 44 36_crop_14.png,11395,1,228,25,104.0,5
96,03-01-25 2 44 36_crop_14.png,11396,1,234,27,104.0,5
96,03-01-25 2 44 36_crop_14.png,11397,1,283,9,104.0,5
97,03-01-25 2 44 36_crop_15.png,11398,1,72,5,101.0,5
97,03-01-25 2 44 36_crop_15.png,11399,1,13,29,104.0,5
97,03-01-25 2 44 36_crop_15.png,11400,1,63,23,104.0,5
97,03-01-25 2 44 36_crop_15.png,11401,1,33,41,104.0,5
97,03-01-25 2 44 36_crop_15.png,11402,1,8,81,104.0,5
97,03-01-25 2 44 36_crop_15.png,11403,1,6,95,104.0,5
97,03-01-25 2 44 36_crop_15.png,11404,1,12,109,104.0,5
97,03-01-25 2 44 36_crop_15.png,11405,1,28,88,104.0,5
97,03-01-25 2 44 36_crop_15.png,11406,1,61,87,104.0,5
97,03-01-25 2 44 36_crop_15.png,11407,1,76,86,104.0,5
97,03-01-25 2 44 36_crop_15.png,11408,1,54,100,104.0,5
97,03-01-25 2 44 36_crop_15.png,11409,1,41,114,104.0,5
97,03-01-25 2 44 36_crop_15.png,11410,1,39,129,104.0,5
97,03-01-25 2 44 36_crop_15.png,11411,1,27,147,104.0,5
97,03-01-25 2 44 36_crop_15.png,11412,1,104,119,104.0,5
97,03-01-25 2 44 36_crop_15.png,11413,1,98,123,104.0,5
97,03-01-25 2 44 36_crop_15.png,11414,1,72,154,104.0,5
97,03-01-25 2 44 36_crop_15.png,11415,1,112,161,104.0,5
97,03-01-25 2 44 36_crop_15.png,11416,1,93,174,104.0,5
97,03-01-25 2 44 36_crop_15.png,11417,1,52,179,104.0,5
97,03-01-25 2 44 36_crop_15.png,11418,1,52,186,104.0,5
97,03-01-25 2 44 36_crop_15.png,11419,1,19,178,104.0,5
97,03-01-25 2 44 36_crop_15.png,11420,1,24,183,104.0,5
97,03-01-25 2 44 36_crop_15.png,11421,1,6,204,104.0,5
97,03-01-25 2 44 36_crop_15.png,11422,1,34,227,104.0,5
97,03-01-25 2 44 36_crop_15.png,11423,1,66,242,104.0,5
97,03-01-25 2 44 36_crop_15.png,11424,1,37,278,104.0,5
97,03-01-25 2 44 36_crop_15.png,11425,1,43,280,104.0,5
97,03-01-25 2 44 36_crop_15.png,11426,1,110,231,104.0,5
97,03-01-25 2 44 36_crop_15.png,11427,1,101,197,104.0,5
97,03-01-25 2 44 36_crop_15.png,11428,1,136,183,104.0,5
97,03-01-25 2 44 36_crop_15.png,11429,1,144,204,104.0,5
97,03-01-25 2 44 36_crop_15.png,11430,1,153,217,104.0,5
97,03-01-25 2 44 36_crop_15.png,11431,1,98,247,104.0,5
97,03-01-25 2 44 36_crop_15.png,11432,1,114,273,104.0,5
97,03-01-25 2 44 36_crop_15.png,11433,1,106,275,104.0,5
97,03-01-25 2 44 36_crop_15.png,11434,1,114,282,104.0,5
97,03-01-25 2 44 36_crop_15.png,11435,1,129,278,104.0,5
97,03-01-25 2 44 36_crop_15.png,11436,1,116,298,104.0,5
97,03-01-25 2 44 36_crop_15.png,11437,1,88,297,104.0,5
97,03-01-25 2 44 36_crop_15.png,11438,1,94,301,104.0,5
97,03-01-25 2 44 36_crop_15.png,11439,1,87,323,104.0,5
97,03-01-25 2 44 36_crop_15.png,11440,1,55,334,104.0,5
97,03-01-25 2 44 36_crop_15.png,11441,1,102,336,104.0,5
97,03-01-25 2 44 36_crop_15.png,11442,1,79,364,104.0,5
97,03-01-25 2 44 36_crop_15.png,11443,1,58,372,104.0,5
97,03-01-25 2 44 36_crop_15.png,11444,1,24,401,104.0,5
97,03-01-25 2 44 36_crop_15.png,11445,1,9,465,104.0,5
97,03-01-25 2 44 36_crop_15.png,11446,1,11,504,104.0,5
97,03-01-25 2 44 36_crop_15.png,11447,1,23,438,104.0,5
97,03-01-25 2 44 36_crop_15.png,11448,1,54,424,104.0,5
97,03-01-25 2 44 36_crop_15.png,11449,1,65,446,104.0,5
97,03-01-25 2 44 36_crop_15.png,11450,1,64,467,104.0,5
97,03-01-25 2 44 36_crop_15.png,11451,1,74,485,104.0,5
97,03-01-25 2 44 36_crop_15.png,11452,1,84,387,104.0,5
97,03-01-25 2 44 36_crop_15.png,11453,1,108,386,104.0,5
97,03-01-25 2 44 36_crop_15.png,11454,1,109,404,104.0,5
97,03-01-25 2 44 36_crop_15.png,11455,1,92,420,104.0,5
97,03-01-25 2 44 36_crop_15.png,11456,1,120,501,104.0,5
97,03-01-25 2 44 36_crop_15.png,11457,1,171,505,104.0,5
97,03-01-25 2 44 36_crop_15.png,11458,1,149,400,104.0,5
97,03-01-25 2 44 36_crop_15.png,11459,1,148,338,104.0,5
97,03-01-25 2 44 36_crop_15.png,11460,1,154,342,104.0,5
97,03-01-25 2 44 36_crop_15.png,11461,1,160,280,104.0,5
97,03-01-25 2 44 36_crop_15.png,11462,1,192,263,104.0,5
97,03-01-25 2 44 36_crop_15.png,11463,1,198,268,104.0,5
97,03-01-25 2 44 36_crop_15.png,11464,1,208,241,104.0,5
97,03-01-25 2 44 36_crop_15.png,11465,1,204,230,104.0,5
97,03-01-25 2 44 36_crop_15.png,11466,1,214,224,104.0,5
97,03-01-25 2 44 36_crop_15.png,11467,1,205,213,104.0,5
97,03-01-25 2 44 36_crop_15.png,11468,1,168,131,104.0,5
97,03-01-25 2 44 36_crop_15.png,11469,1,166,137,104.0,5
97,03-01-25 2 44 36_crop_15.png,11470,1,286,4,94.0,5
97,03-01-25 2 44 36_crop_15.png,11471,1,270,36,104.0,5
97,03-01-25 2 44 36_crop_15.png,11472,1,245,38,104.0,5
97,03-01-25 2 44 36_crop_15.png,11473,1,224,29,104.0,5
97,03-01-25 2 44 36_crop_15.png,11474,1,221,47,104.0,5
97,03-01-25 2 44 36_crop_15.png,11475,1,224,93,104.0,5
97,03-01-25 2 44 36_crop_15.png,11476,1,208,109,104.0,5
97,03-01-25 2 44 36_crop_15.png,11477,1,260,109,104.0,5
97,03-01-25 2 44 36_crop_15.png,11478,1,265,113,104.0,5
97,03-01-25 2 44 36_crop_15.png,11479,1,288,111,104.0,5
97,03-01-25 2 44 36_crop_15.png,11480,1,302,117,104.0,5
97,03-01-25 2 44 36_crop_15.png,11481,1,233,173,104.0,5
97,03-01-25 2 44 36_crop_15.png,11482,1,236,197,104.0,5
97,03-01-25 2 44 36_crop_15.png,11483,1,255,182,104.0,5
97,03-01-25 2 44 36_crop_15.png,11484,1,262,179,104.0,5
97,03-01-25 2 44 36_crop_15.png,11485,1,302,166,104.0,5
97,03-01-25 2 44 36_crop_15.png,11486,1,308,171,104.0,5
97,03-01-25 2 44 36_crop_15.png,11487,1,302,193,104.0,5
97,03-01-25 2 44 36_crop_15.png,11488,1,305,216,104.0,5
97,03-01-25 2 44 36_crop_15.png,11489,1,260,228,104.0,5
97,03-01-25 2 44 36_crop_15.png,11490,1,268,233,104.0,5
97,03-01-25 2 44 36_crop_15.png,11491,1,277,236,104.0,5
97,03-01-25 2 44 36_crop_15.png,11492,1,290,256,104.0,5
97,03-01-25 2 44 36_crop_15.png,11493,1,238,298,104.0,5
97,03-01-25 2 44 36_crop_15.png,11494,1,243,313,104.0,5
97,03-01-25 2 44 36_crop_15.png,11495,1,246,332,104.0,5
97,03-01-25 2 44 36_crop_15.png,11496,1,218,328,104.0,5
97,03-01-25 2 44 36_crop_15.png,11497,1,217,348,104.0,5
97,03-01-25 2 44 36_crop_15.png,11498,1,212,357,104.0,5
97,03-01-25 2 44 36_crop_15.png,11499,1,206,362,104.0,5
97,03-01-25 2 44 36_crop_15.png,11500,1,223,388,104.0,5
97,03-01-25 2 44 36_crop_15.png,11501,1,232,386,104.0,5
97,03-01-25 2 44 36_crop_15.png,11502,1,193,405,104.0,5
97,03-01-25 2 44 36_crop_15.png,11503,1,175,420,104.0,5
97,03-01-25 2 44 36_crop_15.png,11504,1,203,430,104.0,5
97,03-01-25 2 44 36_crop_15.png,11505,1,226,435,104.0,5
97,03-01-25 2 44 36_crop_15.png,11506,1,190,471,104.0,5
97,03-01-25 2 44 36_crop_15.png,11507,1,226,468,104.0,5
97,03-01-25 2 44 36_crop_15.png,11508,1,245,507,85.0,5
97,03-01-25 2 44 36_crop_15.png,11509,1,301,502,104.0,5
97,03-01-25 2 44 36_crop_15.png,11510,1,309,500,104.0,5
97,03-01-25 2 44 36_crop_15.png,11511,1,335,500,104.0,5
97,03-01-25 2 44 36_crop_15.png,11512,1,318,485,104.0,5
97,03-01-25 2 44 36_crop_15.png,11513,1,321,466,104.0,5
97,03-01-25 2 44 36_crop_15.png,11514,1,290,464,104.0,5
97,03-01-25 2 44 36_crop_15.png,11515,1,284,467,104.0,5
97,03-01-25 2 44 36_crop_15.png,11516,1,293,453,104.0,5
97,03-01-25 2 44 36_crop_15.png,11517,1,260,442,104.0,5
97,03-01-25 2 44 36_crop_15.png,11518,1,266,415,104.0,5
97,03-01-25 2 44 36_crop_15.png,11519,1,266,409,104.0,5
97,03-01-25 2 44 36_crop_15.png,11520,1,274,402,104.0,5
97,03-01-25 2 44 36_crop_15.png,11521,1,297,365,104.0,5
97,03-01-25 2 44 36_crop_15.png,11522,1,321,14,104.0,5
97,03-01-25 2 44 36_crop_15.png,11523,1,337,32,104.0,5
97,03-01-25 2 44 36_crop_15.png,11524,1,318,65,104.0,5
97,03-01-25 2 44 36_crop_15.png,11525,1,358,47,104.0,5
97,03-01-25 2 44 36_crop_15.png,11526,1,359,64,104.0,5
97,03-01-25 2 44 36_crop_15.png,11527,1,405,19,104.0,5
97,03-01-25 2 44 36_crop_15.png,11528,1,424,13,104.0,5
97,03-01-25 2 44 36_crop_15.png,11529,1,458,13,104.0,5
97,03-01-25 2 44 36_crop_15.png,11530,1,462,17,104.0,5
97,03-01-25 2 44 36_crop_15.png,11531,1,469,30,104.0,5
97,03-01-25 2 44 36_crop_15.png,11532,1,487,102,104.0,5
97,03-01-25 2 44 36_crop_15.png,11533,1,455,92,104.0,5
97,03-01-25 2 44 36_crop_15.png,11534,1,389,123,104.0,5
97,03-01-25 2 44 36_crop_15.png,11535,1,339,119,104.0,5
97,03-01-25 2 44 36_crop_15.png,11536,1,481,160,104.0,5
97,03-01-25 2 44 36_crop_15.png,11537,1,426,185,104.0,5
97,03-01-25 2 44 36_crop_15.png,11538,1,457,199,104.0,5
97,03-01-25 2 44 36_crop_15.png,11539,1,399,173,104.0,5
97,03-01-25 2 44 36_crop_15.png,11540,1,382,187,104.0,5
97,03-01-25 2 44 36_crop_15.png,11541,1,356,193,104.0,5
97,03-01-25 2 44 36_crop_15.png,11542,1,350,210,104.0,5
97,03-01-25 2 44 36_crop_15.png,11543,1,400,226,104.0,5
97,03-01-25 2 44 36_crop_15.png,11544,1,426,230,104.0,5
97,03-01-25 2 44 36_crop_15.png,11545,1,406,246,104.0,5
97,03-01-25 2 44 36_crop_15.png,11546,1,440,267,104.0,5
97,03-01-25 2 44 36_crop_15.png,11547,1,496,254,104.0,5
97,03-01-25 2 44 36_crop_15.png,11548,1,491,254,104.0,5
97,03-01-25 2 44 36_crop_15.png,11549,1,488,272,104.0,5
97,03-01-25 2 44 36_crop_15.png,11550,1,501,279,104.0,5
97,03-01-25 2 44 36_crop_15.png,11551,1,496,284,104.0,5
97,03-01-25 2 44 36_crop_15.png,11552,1,505,290,101.0,5
97,03-01-25 2 44 36_crop_15.png,11553,1,410,288,104.0,5
97,03-01-25 2 44 36_crop_15.png,11554,1,395,297,104.0,5
97,03-01-25 2 44 36_crop_15.png,11555,1,336,307,104.0,5
97,03-01-25 2 44 36_crop_15.png,11556,1,314,302,104.0,5
97,03-01-25 2 44 36_crop_15.png,11557,1,311,318,104.0,5
97,03-01-25 2 44 36_crop_15.png,11558,1,316,349,104.0,5
97,03-01-25 2 44 36_crop_15.png,11559,1,331,342,104.0,5
97,03-01-25 2 44 36_crop_15.png,11560,1,339,342,104.0,5
97,03-01-25 2 44 36_crop_15.png,11561,1,345,342,104.0,5
97,03-01-25 2 44 36_crop_15.png,11562,1,370,340,104.0,5
97,03-01-25 2 44 36_crop_15.png,11563,1,391,322,104.0,5
97,03-01-25 2 44 36_crop_15.png,11564,1,407,340,104.0,5
97,03-01-25 2 44 36_crop_15.png,11565,1,418,327,104.0,5
97,03-01-25 2 44 36_crop_15.png,11566,1,431,341,104.0,5
97,03-01-25 2 44 36_crop_15.png,11567,1,445,315,104.0,5
97,03-01-25 2 44 36_crop_15.png,11568,1,482,325,104.0,5
97,03-01-25 2 44 36_crop_15.png,11569,1,370,354,104.0,5
97,03-01-25 2 44 36_crop_15.png,11570,1,365,362,104.0,5
97,03-01-25 2 44 36_crop_15.png,11571,1,391,380,104.0,5
97,03-01-25 2 44 36_crop_15.png,11572,1,371,392,104.0,5
97,03-01-25 2 44 36_crop_15.png,11573,1,380,401,104.0,5
97,03-01-25 2 44 36_crop_15.png,11574,1,397,410,104.0,5
97,03-01-25 2 44 36_crop_15.png,11575,1,402,416,104.0,5
97,03-01-25 2 44 36_crop_15.png,11576,1,399,421,104.0,5
97,03-01-25 2 44 36_crop_15.png,11577,1,394,419,104.0,5
97,03-01-25 2 44 36_crop_15.png,11578,1,366,421,104.0,5
97,03-01-25 2 44 36_crop_15.png,11579,1,366,440,104.0,5
97,03-01-25 2 44 36_crop_15.png,11580,1,407,430,104.0,5
97,03-01-25 2 44 36_crop_15.png,11581,1,419,395,104.0,5
97,03-01-25 2 44 36_crop_15.png,11582,1,449,388,104.0,5
97,03-01-25 2 44 36_crop_15.png,11583,1,467,383,104.0,5
97,03-01-25 2 44 36_crop_15.png,11584,1,461,395,104.0,5
97,03-01-25 2 44 36_crop_15.png,11585,1,444,422,104.0,5
97,03-01-25 2 44 36_crop_15.png,11586,1,463,436,104.0,5
97,03-01-25 2 44 36_crop_15.png,11587,1,498,381,104.0,5
97,03-01-25 2 44 36_crop_15.png,11588,1,506,409,94.0,5
97,03-01-25 2 44 36_crop_15.png,11589,1,508,428,64.0,4
98,03-01-25 2 44 41_crop_14.png,11590,1,167,345,61.0,4
98,03-01-25 2 44 41_crop_14.png,11591,1,283,65,61.0,4
98,03-01-25 2 44 41_crop_14.png,11592,1,280,70,61.0,4
98,03-01-25 2 44 41_crop_14.png,11593,1,293,74,61.0,4
98,03-01-25 2 44 41_crop_14.png,11594,1,298,61,61.0,4
98,03-01-25 2 44 41_crop_14.png,11595,1,283,77,61.0,4
98,03-01-25 2 44 41_crop_14.png,11596,1,286,72,61.0,4
98,03-01-25 2 44 41_crop_14.png,11597,1,287,83,61.0,4
98,03-01-25 2 44 41_crop_14.png,11598,1,293,83,61.0,4
98,03-01-25 2 44 41_crop_14.png,11599,1,299,77,61.0,4
98,03-01-25 2 44 41_crop_14.png,11600,1,301,88,61.0,4
98,03-01-25 2 44 41_crop_14.png,11601,1,279,85,61.0,4
98,03-01-25 2 44 41_crop_14.png,11602,1,275,77,61.0,4
98,03-01-25 2 44 41_crop_14.png,11603,1,213,83,61.0,4
98,03-01-25 2 44 41_crop_14.png,11604,1,207,91,61.0,4
98,03-01-25 2 44 41_crop_14.png,11605,1,219,91,61.0,4
98,03-01-25 2 44 41_crop_14.png,11606,1,195,86,61.0,4
98,03-01-25 2 44 41_crop_14.png,11607,1,184,83,61.0,4
98,03-01-25 2 44 41_crop_14.png,11608,1,183,91,61.0,4
98,03-01-25 2 44 41_crop_14.png,11609,1,190,93,61.0,4
98,03-01-25 2 44 41_crop_14.png,11610,1,197,99,61.0,4
98,03-01-25 2 44 41_crop_14.png,11611,1,186,100,61.0,4
98,03-01-25 2 44 41_crop_14.png,11612,1,186,107,61.0,4
98,03-01-25 2 44 41_crop_14.png,11613,1,191,108,61.0,4
98,03-01-25 2 44 41_crop_14.png,11614,1,206,109,61.0,4
98,03-01-25 2 44 41_crop_14.png,11615,1,221,107,61.0,4
98,03-01-25 2 44 41_crop_14.png,11616,1,241,104,61.0,4
98,03-01-25 2 44 41_crop_14.png,11617,1,247,108,61.0,4
98,03-01-25 2 44 41_crop_14.png,11618,1,253,99,61.0,4
98,03-01-25 2 44 41_crop_14.png,11619,1,144,115,61.0,4
98,03-01-25 2 44 41_crop_14.png,11620,1,156,116,61.0,4
98,03-01-25 2 44 41_crop_14.png,11621,1,163,111,61.0,4
98,03-01-25 2 44 41_crop_14.png,11622,1,174,115,61.0,4
98,03-01-25 2 44 41_crop_14.png,11623,1,135,119,61.0,4
98,03-01-25 2 44 41_crop_14.png,11624,1,151,122,61.0,4
98,03-01-25 2 44 41_crop_14.png,11625,1,147,129,61.0,4
98,03-01-25 2 44 41_crop_14.png,11626,1,165,123,61.0,4
98,03-01-25 2 44 41_crop_14.png,11627,1,173,123,61.0,4
98,03-01-25 2 44 41_crop_14.png,11628,1,181,125,61.0,4
98,03-01-25 2 44 41_crop_14.png,11629,1,187,118,61.0,4
98,03-01-25 2 44 41_crop_14.png,11630,1,195,117,61.0,4
98,03-01-25 2 44 41_crop_14.png,11631,1,197,123,61.0,4
98,03-01-25 2 44 41_crop_14.png,11632,1,147,138,61.0,4
98,03-01-25 2 44 41_crop_14.png,11633,1,157,133,61.0,4
98,03-01-25 2 44 41_crop_14.png,11634,1,165,134,61.0,4
98,03-01-25 2 44 41_crop_14.png,11635,1,175,134,61.0,4
98,03-01-25 2 44 41_crop_14.png,11636,1,189,136,61.0,4
98,03-01-25 2 44 41_crop_14.png,11637,1,135,145,61.0,4
98,03-01-25 2 44 41_crop_14.png,11638,1,143,146,61.0,4
98,03-01-25 2 44 41_crop_14.png,11639,1,151,146,61.0,4
98,03-01-25 2 44 41_crop_14.png,11640,1,165,145,61.0,4
98,03-01-25 2 44 41_crop_14.png,11641,1,169,146,61.0,4
98,03-01-25 2 44 41_crop_14.png,11642,1,157,155,61.0,4
98,03-01-25 2 44 41_crop_14.png,11643,1,147,159,61.0,4
98,03-01-25 2 44 41_crop_14.png,11644,1,139,155,61.0,4
98,03-01-25 2 44 41_crop_14.png,11645,1,130,167,61.0,4
98,03-01-25 2 44 41_crop_14.png,11646,1,507,30,52.0,4
98,03-01-25 2 44 41_crop_14.png,11647,1,459,32,61.0,4
98,03-01-25 2 44 41_crop_14.png,11648,1,465,37,61.0,4
98,03-01-25 2 44 41_crop_14.png,11649,1,451,32,61.0,4
98,03-01-25 2 44 41_crop_14.png,11650,1,452,38,61.0,4
98,03-01-25 2 44 41_crop_14.png,11651,1,475,44,61.0,4
98,03-01-25 2 44 41_crop_14.png,11652,1,477,51,61.0,4
98,03-01-25 2 44 41_crop_14.png,11653,1,487,53,61.0,4
98,03-01-25 2 44 41_crop_14.png,11654,1,494,53,61.0,4
98,03-01-25 2 44 41_crop_14.png,11655,1,479,58,61.0,4
98,03-01-25 2 44 41_crop_14.png,11656,1,470,55,61.0,4
98,03-01-25 2 44 41_crop_14.png,11657,1,463,54,61.0,4
98,03-01-25 2 44 41_crop_14.png,11658,1,455,60,61.0,4
98,03-01-25 2 44 41_crop_14.png,11659,1,447,47,61.0,4
98,03-01-25 2 44 41_crop_14.png,11660,1,437,39,61.0,4
98,03-01-25 2 44 41_crop_14.png,11661,1,429,45,61.0,4
98,03-01-25 2 44 41_crop_14.png,11662,1,421,41,61.0,4
98,03-01-25 2 44 41_crop_14.png,11663,1,117,53,61.0,4
98,03-01-25 2 44 41_crop_14.png,11664,1,102,52,61.0,4
98,03-01-25 2 44 41_crop_14.png,11665,1,92,52,61.0,4
98,03-01-25 2 44 41_crop_14.png,11666,1,87,56,61.0,4
98,03-01-25 2 44 41_crop_14.png,11667,1,83,63,61.0,4
98,03-01-25 2 44 41_crop_14.png,11668,1,97,61,61.0,4
98,03-01-25 2 44 41_crop_14.png,11669,1,90,68,61.0,4
98,03-01-25 2 44 41_crop_14.png,11670,1,82,73,61.0,4
98,03-01-25 2 44 41_crop_14.png,11671,1,73,76,61.0,4
98,03-01-25 2 44 41_crop_14.png,11672,1,70,86,61.0,4
98,03-01-25 2 44 41_crop_14.png,11673,1,79,83,61.0,4
98,03-01-25 2 44 41_crop_14.png,11674,1,88,83,61.0,4
98,03-01-25 2 44 41_crop_14.png,11675,1,95,76,61.0,4
98,03-01-25 2 44 41_crop_14.png,11676,1,102,73,61.0,4
98,03-01-25 2 44 41_crop_14.png,11677,1,109,69,61.0,4
98,03-01-25 2 44 41_crop_14.png,11678,1,118,63,61.0,4
98,03-01-25 2 44 41_crop_14.png,11679,1,124,60,61.0,4
98,03-01-25 2 44 41_crop_14.png,11680,1,130,69,61.0,4
98,03-01-25 2 44 41_crop_14.png,11681,1,135,59,61.0,4
98,03-01-25 2 44 41_crop_14.png,11682,1,143,60,61.0,4
98,03-01-25 2 44 41_crop_14.png,11683,1,188,55,61.0,4
98,03-01-25 2 44 41_crop_14.png,11684,1,180,56,61.0,4
98,03-01-25 2 44 41_crop_14.png,11685,1,183,64,61.0,4
98,03-01-25 2 44 41_crop_14.png,11686,1,179,71,61.0,4
98,03-01-25 2 44 41_crop_14.png,11687,1,171,64,61.0,4
98,03-01-25 2 44 41_crop_14.png,11688,1,168,71,61.0,4
98,03-01-25 2 44 41_crop_14.png,11689,1,152,71,61.0,4
98,03-01-25 2 44 41_crop_14.png,11690,1,195,61,61.0,4
98,03-01-25 2 44 41_crop_14.png,11691,1,208,62,61.0,4
98,03-01-25 2 44 41_crop_14.png,11692,1,222,62,61.0,4
98,03-01-25 2 44 41_crop_14.png,11693,1,235,68,61.0,4
98,03-01-25 2 44 41_crop_14.png,11694,1,247,63,61.0,4
98,03-01-25 2 44 41_crop_14.png,11695,1,252,68,61.0,4
98,03-01-25 2 44 41_crop_14.png,11696,1,262,68,61.0,4
98,03-01-25 2 44 41_crop_14.png,11697,1,259,77,61.0,4
98,03-01-25 2 44 41_crop_14.png,11698,1,256,87,61.0,4
98,03-01-25 2 44 41_crop_14.png,11699,1,241,76,61.0,4
98,03-01-25 2 44 41_crop_14.png,11700,1,235,80,61.0,4
98,03-01-25 2 44 41_crop_14.png,11701,1,226,79,61.0,4
98,03-01-25 2 44 41_crop_14.png,11702,1,241,86,61.0,4
98,03-01-25 2 44 41_crop_14.png,11703,1,229,88,61.0,4
98,03-01-25 2 44 41_crop_14.png,11704,1,229,97,61.0,4
98,03-01-25 2 44 41_crop_14.png,11705,1,247,92,61.0,4
98,03-01-25 2 44 41_crop_14.png,11706,1,214,73,61.0,4
98,03-01-25 2 44 41_crop_14.png,11707,1,204,76,61.0,4
98,03-01-25 2 44 41_crop_14.png,11708,1,186,74,61.0,4
98,03-01-25 2 44 41_crop_14.png,11709,1,193,77,61.0,4
98,03-01-25 2 44 41_crop_14.png,11710,1,103,81,61.0,4
98,03-01-25 2 44 41_crop_14.png,11711,1,112,84,61.0,4
98,03-01-25 2 44 41_crop_14.png,11712,1,125,88,61.0,4
98,03-01-25 2 44 41_crop_14.png,11713,1,144,86,61.0,4
98,03-01-25 2 44 41_crop_14.png,11714,1,154,87,61.0,4
98,03-01-25 2 44 41_crop_14.png,11715,1,162,82,61.0,4
98,03-01-25 2 44 41_crop_14.png,11716,1,169,90,61.0,4
98,03-01-25 2 44 41_crop_14.png,11717,1,168,97,61.0,4
98,03-01-25 2 44 41_crop_14.png,11718,1,159,99,61.0,4
98,03-01-25 2 44 41_crop_14.png,11719,1,169,105,61.0,4
98,03-01-25 2 44 41_crop_14.png,11720,1,175,105,61.0,4
98,03-01-25 2 44 41_crop_14.png,11721,1,86,92,61.0,4
98,03-01-25 2 44 41_crop_14.png,11722,1,102,92,61.0,4
98,03-01-25 2 44 41_crop_14.png,11723,1,99,97,61.0,4
98,03-01-25 2 44 41_crop_14.png,11724,1,76,101,61.0,4
98,03-01-25 2 44 41_crop_14.png,11725,1,119,99,61.0,4
98,03-01-25 2 44 41_crop_14.png,11726,1,118,106,61.0,4
98,03-01-25 2 44 41_crop_14.png,11727,1,127,109,61.0,4
98,03-01-25 2 44 41_crop_14.png,11728,1,109,113,61.0,4
98,03-01-25 2 44 41_crop_14.png,11729,1,103,120,61.0,4
98,03-01-25 2 44 41_crop_14.png,11730,1,97,113,61.0,4
98,03-01-25 2 44 41_crop_14.png,11731,1,85,119,61.0,4
98,03-01-25 2 44 41_crop_14.png,11732,1,81,125,61.0,4
98,03-01-25 2 44 41_crop_14.png,11733,1,83,133,61.0,4
98,03-01-25 2 44 41_crop_14.png,11734,1,82,146,61.0,4
98,03-01-25 2 44 41_crop_14.png,11735,1,88,141,61.0,4
98,03-01-25 2 44 41_crop_14.png,11736,1,102,129,61.0,4
98,03-01-25 2 44 41_crop_14.png,11737,1,99,142,61.0,4
98,03-01-25 2 44 41_crop_14.png,11738,1,91,149,61.0,4
98,03-01-25 2 44 41_crop_14.png,11739,1,85,156,61.0,4
98,03-01-25 2 44 41_crop_14.png,11740,1,71,160,61.0,4
98,03-01-25 2 44 41_crop_14.png,11741,1,77,173,61.0,4
98,03-01-25 2 44 41_crop_14.png,11742,1,78,179,61.0,4
98,03-01-25 2 44 41_crop_14.png,11743,1,105,156,61.0,4
98,03-01-25 2 44 41_crop_14.png,11744,1,101,166,61.0,4
98,03-01-25 2 44 41_crop_14.png,11745,1,113,137,61.0,4
98,03-01-25 2 44 41_crop_14.png,11746,1,118,131,61.0,4
98,03-01-25 2 44 41_crop_14.png,11747,1,116,156,61.0,4
98,03-01-25 2 44 41_crop_14.png,11748,1,113,162,61.0,4
98,03-01-25 2 44 41_crop_14.png,11749,1,109,169,61.0,4
98,03-01-25 2 44 41_crop_14.png,11750,1,121,164,61.0,4
98,03-01-25 2 44 41_crop_14.png,11751,1,111,179,61.0,4
98,03-01-25 2 44 41_crop_14.png,11752,1,105,183,61.0,4
98,03-01-25 2 44 41_crop_14.png,11753,1,98,184,61.0,4
98,03-01-25 2 44 41_crop_14.png,11754,1,88,191,61.0,4
98,03-01-25 2 44 41_crop_14.png,11755,1,84,197,61.0,4
98,03-01-25 2 44 41_crop_14.png,11756,1,103,194,61.0,4
98,03-01-25 2 44 41_crop_14.png,11757,1,109,195,61.0,4
98,03-01-25 2 44 41_crop_14.png,11758,1,117,186,61.0,4
98,03-01-25 2 44 41_crop_14.png,11759,1,91,212,61.0,4
98,03-01-25 2 44 41_crop_14.png,11760,1,102,209,61.0,4
98,03-01-25 2 44 41_crop_14.png,11761,1,110,212,61.0,4
98,03-01-25 2 44 41_crop_14.png,11762,1,102,218,61.0,4
98,03-01-25 2 44 41_crop_14.png,11763,1,99,228,61.0,4
98,03-01-25 2 44 41_crop_14.png,11764,1,95,236,61.0,4
98,03-01-25 2 44 41_crop_14.png,11765,1,104,230,61.0,4
98,03-01-25 2 44 41_crop_14.png,11766,1,110,222,61.0,4
98,03-01-25 2 44 41_crop_14.png,11767,1,120,219,61.0,4
98,03-01-25 2 44 41_crop_14.png,11768,1,113,231,61.0,4
98,03-01-25 2 44 41_crop_14.png,11769,1,121,231,61.0,4
98,03-01-25 2 44 41_crop_14.png,11770,1,129,224,61.0,4
98,03-01-25 2 44 41_crop_14.png,11771,1,133,214,61.0,4
98,03-01-25 2 44 41_crop_14.png,11772,1,139,225,61.0,4
98,03-01-25 2 44 41_crop_14.png,11773,1,118,243,61.0,4
98,03-01-25 2 44 41_crop_14.png,11774,1,127,238,61.0,4
98,03-01-25 2 44 41_crop_14.png,11775,1,127,246,61.0,4
98,03-01-25 2 44 41_crop_14.png,11776,1,136,251,61.0,4
98,03-01-25 2 44 41_crop_14.png,11777,1,131,252,61.0,4
98,03-01-25 2 44 41_crop_14.png,11778,1,127,253,61.0,4
98,03-01-25 2 44 41_crop_14.png,11779,1,123,254,61.0,4
98,03-01-25 2 44 41_crop_14.png,11780,1,127,260,61.0,4
98,03-01-25 2 44 41_crop_14.png,11781,1,135,257,61.0,4
98,03-01-25 2 44 41_crop_14.png,11782,1,148,256,61.0,4
98,03-01-25 2 44 41_crop_14.png,11783,1,118,261,61.0,4
98,03-01-25 2 44 41_crop_14.png,11784,1,109,264,61.0,4
98,03-01-25 2 44 41_crop_14.png,11785,1,115,268,61.0,4
98,03-01-25 2 44 41_crop_14.png,11786,1,109,276,61.0,4
98,03-01-25 2 44 41_crop_14.png,11787,1,102,288,61.0,4
98,03-01-25 2 44 41_crop_14.png,11788,1,88,296,61.0,4
98,03-01-25 2 44 41_crop_14.png,11789,1,93,308,61.0,4
98,03-01-25 2 44 41_crop_14.png,11790,1,84,312,61.0,4
98,03-01-25 2 44 41_crop_14.png,11791,1,78,318,61.0,4
98,03-01-25 2 44 41_crop_14.png,11792,1,88,323,61.0,4
98,03-01-25 2 44 41_crop_14.png,11793,1,88,335,61.0,4
98,03-01-25 2 44 41_crop_14.png,11794,1,83,339,61.0,4
98,03-01-25 2 44 41_crop_14.png,11795,1,98,329,61.0,4
98,03-01-25 2 44 41_crop_14.png,11796,1,103,335,61.0,4
98,03-01-25 2 44 41_crop_14.png,11797,1,103,341,61.0,4
98,03-01-25 2 44 41_crop_14.png,11798,1,96,347,61.0,4
98,03-01-25 2 44 41_crop_14.png,11799,1,93,357,61.0,4
98,03-01-25 2 44 41_crop_14.png,11800,1,144,173,61.0,4
98,03-01-25 2 44 41_crop_14.png,11801,1,135,179,61.0,4
98,03-01-25 2 44 41_crop_14.png,11802,1,128,200,61.0,4
98,03-01-25 2 44 41_crop_14.png,11803,1,139,192,61.0,4
98,03-01-25 2 44 41_crop_14.png,11804,1,145,187,61.0,4
98,03-01-25 2 44 41_crop_14.png,11805,1,143,198,61.0,4
98,03-01-25 2 44 41_crop_14.png,11806,1,145,206,61.0,4
98,03-01-25 2 44 41_crop_14.png,11807,1,151,202,61.0,4
98,03-01-25 2 44 41_crop_14.png,11808,1,159,197,61.0,4
98,03-01-25 2 44 41_crop_14.png,11809,1,154,171,61.0,4
98,03-01-25 2 44 41_crop_14.png,11810,1,162,171,61.0,4
98,03-01-25 2 44 41_crop_14.png,11811,1,168,180,61.0,4
98,03-01-25 2 44 41_crop_14.png,11812,1,193,149,61.0,4
98,03-01-25 2 44 41_crop_14.png,11813,1,187,153,61.0,4
98,03-01-25 2 44 41_crop_14.png,11814,1,181,164,61.0,4
98,03-01-25 2 44 41_crop_14.png,11815,1,181,171,61.0,4
98,03-01-25 2 44 41_crop_14.png,11816,1,174,176,61.0,4
98,03-01-25 2 44 41_crop_14.png,11817,1,189,177,61.0,4
98,03-01-25 2 44 41_crop_14.png,11818,1,188,182,61.0,4
98,03-01-25 2 44 41_crop_14.png,11819,1,189,191,61.0,4
98,03-01-25 2 44 41_crop_14.png,11820,1,179,189,61.0,4
98,03-01-25 2 44 41_crop_14.png,11821,1,180,197,61.0,4
98,03-01-25 2 44 41_crop_14.png,11822,1,175,208,61.0,4
98,03-01-25 2 44 41_crop_14.png,11823,1,175,215,61.0,4
98,03-01-25 2 44 41_crop_14.png,11824,1,180,224,61.0,4
98,03-01-25 2 44 41_crop_14.png,11825,1,191,221,61.0,4
98,03-01-25 2 44 41_crop_14.png,11826,1,193,212,61.0,4
98,03-01-25 2 44 41_crop_14.png,11827,1,170,210,61.0,4
98,03-01-25 2 44 41_crop_14.png,11828,1,165,221,61.0,4
98,03-01-25 2 44 41_crop_14.png,11829,1,157,211,61.0,4
98,03-01-25 2 44 41_crop_14.png,11830,1,152,218,61.0,4
98,03-01-25 2 44 41_crop_14.png,11831,1,150,225,61.0,4
98,03-01-25 2 44 41_crop_14.png,11832,1,149,234,61.0,4
98,03-01-25 2 44 41_crop_14.png,11833,1,159,237,61.0,4
98,03-01-25 2 44 41_crop_14.png,11834,1,150,242,61.0,4
98,03-01-25 2 44 41_crop_14.png,11835,1,142,241,61.0,4
98,03-01-25 2 44 41_crop_14.png,11836,1,159,263,61.0,4
98,03-01-25 2 44 41_crop_14.png,11837,1,139,270,61.0,4
98,03-01-25 2 44 41_crop_14.png,11838,1,134,273,61.0,4
98,03-01-25 2 44 41_crop_14.png,11839,1,114,289,61.0,4
98,03-01-25 2 44 41_crop_14.png,11840,1,127,284,61.0,4
98,03-01-25 2 44 41_crop_14.png,11841,1,121,297,61.0,4
98,03-01-25 2 44 41_crop_14.png,11842,1,130,297,61.0,4
98,03-01-25 2 44 41_crop_14.png,11843,1,138,300,61.0,4
98,03-01-25 2 44 41_crop_14.png,11844,1,131,308,61.0,4
98,03-01-25 2 44 41_crop_14.png,11845,1,134,318,61.0,4
98,03-01-25 2 44 41_crop_14.png,11846,1,122,312,61.0,4
98,03-01-25 2 44 41_crop_14.png,11847,1,111,306,61.0,4
98,03-01-25 2 44 41_crop_14.png,11848,1,103,303,61.0,4
98,03-01-25 2 44 41_crop_14.png,11849,1,106,315,61.0,4
98,03-01-25 2 44 41_crop_14.png,11850,1,119,323,61.0,4
98,03-01-25 2 44 41_crop_14.png,11851,1,136,328,61.0,4
98,03-01-25 2 44 41_crop_14.png,11852,1,145,319,61.0,4
98,03-01-25 2 44 41_crop_14.png,11853,1,151,319,61.0,4
98,03-01-25 2 44 41_crop_14.png,11854,1,147,329,61.0,4
98,03-01-25 2 44 41_crop_14.png,11855,1,151,336,61.0,4
98,03-01-25 2 44 41_crop_14.png,11856,1,138,342,61.0,4
98,03-01-25 2 44 41_crop_14.png,11857,1,142,350,61.0,4
98,03-01-25 2 44 41_crop_14.png,11858,1,139,354,61.0,4
98,03-01-25 2 44 41_crop_14.png,11859,1,127,357,61.0,4
98,03-01-25 2 44 41_crop_14.png,11860,1,128,344,61.0,4
98,03-01-25 2 44 41_crop_14.png,11861,1,121,338,61.0,4
98,03-01-25 2 44 41_crop_14.png,11862,1,121,347,61.0,4
98,03-01-25 2 44 41_crop_14.png,11863,1,116,353,61.0,4
98,03-01-25 2 44 41_crop_14.png,11864,1,109,354,61.0,4
98,03-01-25 2 44 41_crop_14.png,11865,1,103,363,61.0,4
98,03-01-25 2 44 41_crop_14.png,11866,1,82,380,61.0,4
98,03-01-25 2 44 41_crop_14.png,11867,1,90,382,61.0,4
98,03-01-25 2 44 41_crop_14.png,11868,1,93,375,61.0,4
98,03-01-25 2 44 41_crop_14.png,11869,1,100,374,61.0,4
98,03-01-25 2 44 41_crop_14.png,11870,1,98,385,61.0,4
98,03-01-25 2 44 41_crop_14.png,11871,1,109,381,61.0,4
98,03-01-25 2 44 41_crop_14.png,11872,1,114,377,61.0,4
98,03-01-25 2 44 41_crop_14.png,11873,1,119,372,61.0,4
98,03-01-25 2 44 41_crop_14.png,11874,1,106,389,61.0,4
98,03-01-25 2 44 41_crop_14.png,11875,1,114,393,61.0,4
98,03-01-25 2 44 41_crop_14.png,11876,1,88,396,61.0,4
98,03-01-25 2 44 41_crop_14.png,11877,1,84,408,61.0,4
98,03-01-25 2 44 41_crop_14.png,11878,1,78,414,61.0,4
98,03-01-25 2 44 41_crop_14.png,11879,1,87,420,61.0,4
98,03-01-25 2 44 41_crop_14.png,11880,1,85,427,61.0,4
98,03-01-25 2 44 41_crop_14.png,11881,1,85,433,61.0,4
98,03-01-25 2 44 41_crop_14.png,11882,1,85,446,61.0,4
98,03-01-25 2 44 41_crop_14.png,11883,1,91,459,61.0,4
98,03-01-25 2 44 41_crop_14.png,11884,1,102,461,61.0,4
98,03-01-25 2 44 41_crop_14.png,11885,1,102,449,61.0,4
98,03-01-25 2 44 41_crop_14.png,11886,1,102,435,61.0,4
98,03-01-25 2 44 41_crop_14.png,11887,1,94,418,61.0,4
98,03-01-25 2 44 41_crop_14.png,11888,1,99,409,61.0,4
98,03-01-25 2 44 41_crop_14.png,11889,1,103,423,61.0,4
98,03-01-25 2 44 41_crop_14.png,11890,1,111,420,61.0,4
98,03-01-25 2 44 41_crop_14.png,11891,1,109,411,61.0,4
98,03-01-25 2 44 41_crop_14.png,11892,1,110,400,61.0,4
98,03-01-25 2 44 41_crop_14.png,11893,1,122,408,61.0,4
98,03-01-25 2 44 41_crop_14.png,11894,1,132,411,61.0,4
98,03-01-25 2 44 41_crop_14.png,11895,1,134,401,61.0,4
98,03-01-25 2 44 41_crop_14.png,11896,1,128,387,61.0,4
98,03-01-25 2 44 41_crop_14.png,11897,1,139,388,61.0,4
98,03-01-25 2 44 41_crop_14.png,11898,1,144,384,61.0,4
98,03-01-25 2 44 41_crop_14.png,11899,1,143,376,61.0,4
98,03-01-25 2 44 41_crop_14.png,11900,1,151,366,61.0,4
98,03-01-25 2 44 41_crop_14.png,11901,1,127,423,61.0,4
98,03-01-25 2 44 41_crop_14.png,11902,1,122,432,61.0,4
98,03-01-25 2 44 41_crop_14.png,11903,1,120,442,61.0,4
98,03-01-25 2 44 41_crop_14.png,11904,1,127,439,61.0,4
98,03-01-25 2 44 41_crop_14.png,11905,1,124,447,61.0,4
98,03-01-25 2 44 41_crop_14.png,11906,1,132,453,61.0,4
98,03-01-25 2 44 41_crop_14.png,11907,1,112,450,61.0,4
98,03-01-25 2 44 41_crop_14.png,11908,1,139,447,61.0,4
98,03-01-25 2 44 41_crop_14.png,11909,1,148,450,61.0,4
98,03-01-25 2 44 41_crop_14.png,11910,1,146,437,61.0,4
98,03-01-25 2 44 41_crop_14.png,11911,1,139,424,61.0,4
98,03-01-25 2 44 41_crop_14.png,11912,1,147,424,61.0,4
98,03-01-25 2 44 41_crop_14.png,11913,1,153,417,61.0,4
98,03-01-25 2 44 41_crop_14.png,11914,1,144,409,61.0,4
98,03-01-25 2 44 41_crop_14.png,11915,1,153,399,61.0,4
98,03-01-25 2 44 41_crop_14.png,11916,1,159,409,61.0,4
98,03-01-25 2 44 41_crop_14.png,11917,1,169,417,61.0,4
98,03-01-25 2 44 41_crop_14.png,11918,1,163,415,61.0,4
98,03-01-25 2 44 41_crop_14.png,11919,1,161,423,61.0,4
98,03-01-25 2 44 41_crop_14.png,11920,1,173,426,61.0,4
98,03-01-25 2 44 41_crop_14.png,11921,1,157,435,61.0,4
98,03-01-25 2 44 41_crop_14.png,11922,1,171,436,61.0,4
98,03-01-25 2 44 41_crop_14.png,11923,1,177,439,61.0,4
98,03-01-25 2 44 41_crop_14.png,11924,1,170,443,61.0,4
98,03-01-25 2 44 41_crop_14.png,11925,1,164,447,61.0,4
98,03-01-25 2 44 41_crop_14.png,11926,1,166,462,61.0,4
98,03-01-25 2 44 41_crop_14.png,11927,1,172,453,61.0,4
98,03-01-25 2 44 41_crop_14.png,11928,1,179,448,61.0,4
98,03-01-25 2 44 41_crop_14.png,11929,1,187,448,61.0,4
98,03-01-25 2 44 41_crop_14.png,11930,1,187,455,61.0,4
98,03-01-25 2 44 41_crop_14.png,11931,1,175,461,61.0,4
98,03-01-25 2 44 41_crop_14.png,11932,1,171,471,61.0,4
98,03-01-25 2 44 41_crop_14.png,11933,1,168,478,61.0,4
98,03-01-25 2 44 41_crop_14.png,11934,1,178,477,61.0,4
98,03-01-25 2 44 41_crop_14.png,11935,1,181,469,61.0,4
98,03-01-25 2 44 41_crop_14.png,11936,1,187,475,61.0,4
98,03-01-25 2 44 41_crop_14.png,11937,1,188,481,61.0,4
98,03-01-25 2 44 41_crop_14.png,11938,1,180,485,61.0,4
98,03-01-25 2 44 41_crop_14.png,11939,1,188,497,61.0,4
98,03-01-25 2 44 41_crop_14.png,11940,1,194,508,40.5,3
98,03-01-25 2 44 41_crop_14.png,11941,1,203,505,61.0,4
98,03-01-25 2 44 41_crop_14.png,11942,1,214,506,61.0,4
98,03-01-25 2 44 41_crop_14.png,11943,1,207,489,61.0,4
98,03-01-25 2 44 41_crop_14.png,11944,1,216,488,61.0,4
98,03-01-25 2 44 41_crop_14.png,11945,1,218,479,61.0,4
98,03-01-25 2 44 41_crop_14.png,11946,1,226,477,61.0,4
98,03-01-25 2 44 41_crop_14.png,11947,1,215,471,61.0,4
98,03-01-25 2 44 41_crop_14.png,11948,1,208,478,61.0,4
98,03-01-25 2 44 41_crop_14.png,11949,1,204,472,61.0,4
98,03-01-25 2 44 41_crop_14.png,11950,1,196,472,61.0,4
98,03-01-25 2 44 41_crop_14.png,11951,1,197,459,61.0,4
98,03-01-25 2 44 41_crop_14.png,11952,1,205,455,61.0,4
98,03-01-25 2 44 41_crop_14.png,11953,1,201,447,61.0,4
98,03-01-25 2 44 41_crop_14.png,11954,1,192,441,61.0,4
98,03-01-25 2 44 41_crop_14.png,11955,1,192,434,61.0,4
98,03-01-25 2 44 41_crop_14.png,11956,1,200,431,61.0,4
98,03-01-25 2 44 41_crop_14.png,11957,1,190,425,61.0,4
98,03-01-25 2 44 41_crop_14.png,11958,1,184,432,61.0,4
98,03-01-25 2 44 41_crop_14.png,11959,1,181,417,61.0,4
98,03-01-25 2 44 41_crop_14.png,11960,1,181,410,61.0,4
98,03-01-25 2 44 41_crop_14.png,11961,1,188,406,61.0,4
98,03-01-25 2 44 41_crop_14.png,11962,1,195,406,61.0,4
98,03-01-25 2 44 41_crop_14.png,11963,1,201,411,61.0,4
98,03-01-25 2 44 41_crop_14.png,11964,1,212,409,61.0,4
98,03-01-25 2 44 41_crop_14.png,11965,1,210,418,61.0,4
98,03-01-25 2 44 41_crop_14.png,11966,1,219,418,61.0,4
98,03-01-25 2 44 41_crop_14.png,11967,1,217,431,61.0,4
98,03-01-25 2 44 41_crop_14.png,11968,1,211,442,61.0,4
98,03-01-25 2 44 41_crop_14.png,11969,1,215,459,61.0,4
98,03-01-25 2 44 41_crop_14.png,11970,1,218,456,61.0,4
98,03-01-25 2 44 41_crop_14.png,11971,1,223,457,61.0,4
98,03-01-25 2 44 41_crop_14.png,11972,1,232,453,61.0,4
98,03-01-25 2 44 41_crop_14.png,11973,1,224,442,61.0,4
98,03-01-25 2 44 41_crop_14.png,11974,1,235,440,61.0,4
98,03-01-25 2 44 41_crop_14.png,11975,1,235,432,61.0,4
98,03-01-25 2 44 41_crop_14.png,11976,1,229,421,61.0,4
98,03-01-25 2 44 41_crop_14.png,11977,1,239,423,61.0,4
98,03-01-25 2 44 41_crop_14.png,11978,1,235,466,61.0,4
98,03-01-25 2 44 41_crop_14.png,11979,1,244,453,61.0,4
98,03-01-25 2 44 41_crop_14.png,11980,1,250,447,61.0,4
98,03-01-25 2 44 41_crop_14.png,11981,1,250,437,61.0,4
98,03-01-25 2 44 41_crop_14.png,11982,1,251,469,61.0,4
98,03-01-25 2 44 41_crop_14.png,11983,1,259,458,61.0,4
98,03-01-25 2 44 41_crop_14.png,11984,1,245,477,61.0,4
98,03-01-25 2 44 41_crop_14.png,11985,1,234,487,61.0,4
98,03-01-25 2 44 41_crop_14.png,11986,1,234,498,61.0,4
98,03-01-25 2 44 41_crop_14.png,11987,1,240,499,61.0,4
98,03-01-25 2 44 41_crop_14.png,11988,1,231,501,61.0,4
98,03-01-25 2 44 41_crop_14.png,11989,1,238,506,61.0,4
98,03-01-25 2 44 41_crop_14.png,11990,1,253,507,57.0,4
98,03-01-25 2 44 41_crop_14.png,11991,1,257,501,61.0,4
98,03-01-25 2 44 41_crop_14.png,11992,1,265,495,61.0,4
98,03-01-25 2 44 41_crop_14.png,11993,1,368,52,61.0,4
98,03-01-25 2 44 41_crop_14.png,11994,1,373,61,61.0,4
98,03-01-25 2 44 41_crop_14.png,11995,1,394,53,61.0,4
98,03-01-25 2 44 41_crop_14.png,11996,1,400,59,61.0,4
98,03-01-25 2 44 41_crop_14.png,11997,1,406,52,61.0,4
98,03-01-25 2 44 41_crop_14.png,11998,1,415,49,61.0,4
98,03-01-25 2 44 41_crop_14.png,11999,1,422,56,61.0,4
98,03-01-25 2 44 41_crop_14.png,12000,1,428,52,61.0,4
98,03-01-25 2 44 41_crop_14.png,12001,1,439,53,61.0,4
98,03-01-25 2 44 41_crop_14.png,12002,1,451,66,61.0,4
98,03-01-25 2 44 41_crop_14.png,12003,1,446,73,61.0,4
98,03-01-25 2 44 41_crop_14.png,12004,1,462,67,61.0,4
98,03-01-25 2 44 41_crop_14.png,12005,1,470,68,61.0,4
98,03-01-25 2 44 41_crop_14.png,12006,1,475,77,61.0,4
98,03-01-25 2 44 41_crop_14.png,12007,1,469,81,61.0,4
98,03-01-25 2 44 41_crop_14.png,12008,1,482,77,61.0,4
98,03-01-25 2 44 41_crop_14.png,12009,1,484,71,61.0,4
98,03-01-25 2 44 41_crop_14.png,12010,1,491,73,61.0,4
98,03-01-25 2 44 41_crop_14.png,12011,1,499,67,61.0,4
98,03-01-25 2 44 41_crop_14.png,12012,1,508,68,45.0,3
98,03-01-25 2 44 41_crop_14.png,12013,1,506,77,61.0,4
98,03-01-25 2 44 41_crop_14.png,12014,1,500,85,61.0,4
98,03-01-25 2 44 41_crop_14.png,12015,1,490,87,61.0,4
98,03-01-25 2 44 41_crop_14.png,12016,1,505,93,61.0,4
98,03-01-25 2 44 41_crop_14.png,12017,1,490,97,61.0,4
98,03-01-25 2 44 41_crop_14.png,12018,1,485,104,61.0,4
98,03-01-25 2 44 41_crop_14.png,12019,1,498,101,61.0,4
98,03-01-25 2 44 41_crop_14.png,12020,1,506,105,58.0,4
98,03-01-25 2 44 41_crop_14.png,12021,1,500,114,61.0,4
98,03-01-25 2 44 41_crop_14.png,12022,1,508,117,45.0,3
98,03-01-25 2 44 41_crop_14.png,12023,1,499,123,61.0,4
98,03-01-25 2 44 41_crop_14.png,12024,1,508,129,45.0,3
98,03-01-25 2 44 41_crop_14.png,12025,1,490,129,61.0,4
98,03-01-25 2 44 41_crop_14.png,12026,1,496,138,61.0,4
98,03-01-25 2 44 41_crop_14.png,12027,1,503,134,61.0,4
98,03-01-25 2 44 41_crop_14.png,12028,1,482,136,61.0,4
98,03-01-25 2 44 41_crop_14.png,12029,1,479,145,61.0,4
98,03-01-25 2 44 41_crop_14.png,12030,1,487,146,61.0,4
98,03-01-25 2 44 41_crop_14.png,12031,1,499,156,61.0,4
98,03-01-25 2 44 41_crop_14.png,12032,1,508,153,37.0,3
98,03-01-25 2 44 41_crop_14.png,12033,1,507,164,52.0,4
98,03-01-25 2 44 41_crop_14.png,12034,1,508,177,37.0,3
98,03-01-25 2 44 41_crop_14.png,12035,1,494,178,61.0,4
98,03-01-25 2 44 41_crop_14.png,12036,1,487,165,61.0,4
98,03-01-25 2 44 41_crop_14.png,12037,1,487,158,61.0,4
98,03-01-25 2 44 41_crop_14.png,12038,1,478,159,61.0,4
98,03-01-25 2 44 41_crop_14.png,12039,1,478,169,61.0,4
98,03-01-25 2 44 41_crop_14.png,12040,1,469,173,61.0,4
98,03-01-25 2 44 41_crop_14.png,12041,1,469,160,61.0,4
98,03-01-25 2 44 41_crop_14.png,12042,1,319,57,61.0,4
98,03-01-25 2 44 41_crop_14.png,12043,1,309,61,61.0,4
98,03-01-25 2 44 41_crop_14.png,12044,1,309,67,61.0,4
98,03-01-25 2 44 41_crop_14.png,12045,1,313,75,61.0,4
98,03-01-25 2 44 41_crop_14.png,12046,1,325,67,61.0,4
98,03-01-25 2 44 41_crop_14.png,12047,1,332,74,61.0,4
98,03-01-25 2 44 41_crop_14.png,12048,1,322,80,61.0,4
98,03-01-25 2 44 41_crop_14.png,12049,1,355,60,61.0,4
98,03-01-25 2 44 41_crop_14.png,12050,1,355,69,61.0,4
98,03-01-25 2 44 41_crop_14.png,12051,1,349,74,61.0,4
98,03-01-25 2 44 41_crop_14.png,12052,1,343,82,61.0,4
98,03-01-25 2 44 41_crop_14.png,12053,1,364,72,61.0,4
98,03-01-25 2 44 41_crop_14.png,12054,1,374,70,61.0,4
98,03-01-25 2 44 41_crop_14.png,12055,1,379,64,61.0,4
98,03-01-25 2 44 41_crop_14.png,12056,1,384,68,61.0,4
98,03-01-25 2 44 41_crop_14.png,12057,1,372,77,61.0,4
98,03-01-25 2 44 41_crop_14.png,12058,1,383,80,61.0,4
98,03-01-25 2 44 41_crop_14.png,12059,1,376,81,61.0,4
98,03-01-25 2 44 41_crop_14.png,12060,1,398,74,61.0,4
98,03-01-25 2 44 41_crop_14.png,12061,1,405,68,61.0,4
98,03-01-25 2 44 41_crop_14.png,12062,1,413,63,61.0,4
98,03-01-25 2 44 41_crop_14.png,12063,1,421,64,61.0,4
98,03-01-25 2 44 41_crop_14.png,12064,1,431,65,61.0,4
98,03-01-25 2 44 41_crop_14.png,12065,1,409,76,61.0,4
98,03-01-25 2 44 41_crop_14.png,12066,1,434,79,61.0,4
98,03-01-25 2 44 41_crop_14.png,12067,1,428,82,61.0,4
98,03-01-25 2 44 41_crop_14.png,12068,1,420,82,61.0,4
98,03-01-25 2 44 41_crop_14.png,12069,1,412,90,61.0,4
98,03-01-25 2 44 41_crop_14.png,12070,1,422,92,61.0,4
98,03-01-25 2 44 41_crop_14.png,12071,1,404,91,61.0,4
98,03-01-25 2 44 41_crop_14.png,12072,1,391,86,61.0,4
98,03-01-25 2 44 41_crop_14.png,12073,1,385,87,61.0,4
98,03-01-25 2 44 41_crop_14.png,12074,1,397,98,61.0,4
98,03-01-25 2 44 41_crop_14.png,12075,1,409,110,61.0,4
98,03-01-25 2 44 41_crop_14.png,12076,1,419,107,61.0,4
98,03-01-25 2 44 41_crop_14.png,12077,1,427,114,61.0,4
98,03-01-25 2 44 41_crop_14.png,12078,1,443,93,61.0,4
98,03-01-25 2 44 41_crop_14.png,12079,1,456,90,61.0,4
98,03-01-25 2 44 41_crop_14.png,12080,1,473,94,61.0,4
98,03-01-25 2 44 41_crop_14.png,12081,1,476,106,61.0,4
98,03-01-25 2 44 41_crop_14.png,12082,1,479,113,61.0,4
98,03-01-25 2 44 41_crop_14.png,12083,1,478,122,61.0,4
98,03-01-25 2 44 41_crop_14.png,12084,1,470,124,61.0,4
98,03-01-25 2 44 41_crop_14.png,12085,1,461,115,61.0,4
98,03-01-25 2 44 41_crop_14.png,12086,1,469,116,61.0,4
98,03-01-25 2 44 41_crop_14.png,12087,1,469,106,61.0,4
98,03-01-25 2 44 41_crop_14.png,12088,1,458,100,61.0,4
98,03-01-25 2 44 41_crop_14.png,12089,1,446,107,61.0,4
98,03-01-25 2 44 41_crop_14.png,12090,1,447,121,61.0,4
98,03-01-25 2 44 41_crop_14.png,12091,1,439,119,61.0,4
98,03-01-25 2 44 41_crop_14.png,12092,1,433,128,61.0,4
98,03-01-25 2 44 41_crop_14.png,12093,1,452,131,61.0,4
98,03-01-25 2 44 41_crop_14.png,12094,1,458,130,61.0,4
98,03-01-25 2 44 41_crop_14.png,12095,1,437,139,61.0,4
98,03-01-25 2 44 41_crop_14.png,12096,1,448,148,61.0,4
98,03-01-25 2 44 41_crop_14.png,12097,1,452,155,61.0,4
98,03-01-25 2 44 41_crop_14.png,12098,1,461,153,61.0,4
98,03-01-25 2 44 41_crop_14.png,12099,1,232,115,61.0,4
98,03-01-25 2 44 41_crop_14.png,12100,1,238,119,61.0,4
98,03-01-25 2 44 41_crop_14.png,12101,1,246,118,61.0,4
98,03-01-25 2 44 41_crop_14.png,12102,1,254,117,61.0,4
98,03-01-25 2 44 41_crop_14.png,12103,1,266,110,61.0,4
98,03-01-25 2 44 41_crop_14.png,12104,1,268,98,61.0,4
98,03-01-25 2 44 41_crop_14.png,12105,1,272,95,61.0,4
98,03-01-25 2 44 41_crop_14.png,12106,1,283,104,61.0,4
98,03-01-25 2 44 41_crop_14.png,12107,1,286,113,61.0,4
98,03-01-25 2 44 41_crop_14.png,12108,1,293,101,61.0,4
98,03-01-25 2 44 41_crop_14.png,12109,1,299,100,61.0,4
98,03-01-25 2 44 41_crop_14.png,12110,1,307,99,61.0,4
98,03-01-25 2 44 41_crop_14.png,12111,1,301,107,61.0,4
98,03-01-25 2 44 41_crop_14.png,12112,1,293,111,61.0,4
98,03-01-25 2 44 41_crop_14.png,12113,1,306,111,61.0,4
98,03-01-25 2 44 41_crop_14.png,12114,1,325,97,61.0,4
98,03-01-25 2 44 41_crop_14.png,12115,1,329,92,61.0,4
98,03-01-25 2 44 41_crop_14.png,12116,1,352,88,61.0,4
98,03-01-25 2 44 41_crop_14.png,12117,1,362,92,61.0,4
98,03-01-25 2 44 41_crop_14.png,12118,1,355,99,61.0,4
98,03-01-25 2 44 41_crop_14.png,12119,1,340,98,61.0,4
98,03-01-25 2 44 41_crop_14.png,12120,1,335,102,61.0,4
98,03-01-25 2 44 41_crop_14.png,12121,1,333,112,61.0,4
98,03-01-25 2 44 41_crop_14.png,12122,1,323,112,61.0,4
98,03-01-25 2 44 41_crop_14.png,12123,1,359,110,61.0,4
98,03-01-25 2 44 41_crop_14.png,12124,1,377,104,61.0,4
98,03-01-25 2 44 41_crop_14.png,12125,1,385,108,61.0,4
98,03-01-25 2 44 41_crop_14.png,12126,1,395,116,61.0,4
98,03-01-25 2 44 41_crop_14.png,12127,1,265,119,61.0,4
98,03-01-25 2 44 41_crop_14.png,12128,1,271,119,61.0,4
98,03-01-25 2 44 41_crop_14.png,12129,1,269,128,61.0,4
98,03-01-25 2 44 41_crop_14.png,12130,1,258,129,61.0,4
98,03-01-25 2 44 41_crop_14.png,12131,1,250,126,61.0,4
98,03-01-25 2 44 41_crop_14.png,12132,1,233,129,61.0,4
98,03-01-25 2 44 41_crop_14.png,12133,1,213,135,61.0,4
98,03-01-25 2 44 41_crop_14.png,12134,1,204,129,61.0,4
98,03-01-25 2 44 41_crop_14.png,12135,1,223,140,61.0,4
98,03-01-25 2 44 41_crop_14.png,12136,1,231,144,61.0,4
98,03-01-25 2 44 41_crop_14.png,12137,1,240,146,61.0,4
98,03-01-25 2 44 41_crop_14.png,12138,1,247,137,61.0,4
98,03-01-25 2 44 41_crop_14.png,12139,1,272,141,61.0,4
98,03-01-25 2 44 41_crop_14.png,12140,1,278,140,61.0,4
98,03-01-25 2 44 41_crop_14.png,12141,1,278,128,61.0,4
98,03-01-25 2 44 41_crop_14.png,12142,1,290,129,61.0,4
98,03-01-25 2 44 41_crop_14.png,12143,1,310,128,61.0,4
98,03-01-25 2 44 41_crop_14.png,12144,1,337,129,61.0,4
98,03-01-25 2 44 41_crop_14.png,12145,1,348,126,61.0,4
98,03-01-25 2 44 41_crop_14.png,12146,1,352,130,61.0,4
98,03-01-25 2 44 41_crop_14.png,12147,1,357,125,61.0,4
98,03-01-25 2 44 41_crop_14.png,12148,1,353,138,61.0,4
98,03-01-25 2 44 41_crop_14.png,12149,1,372,129,61.0,4
98,03-01-25 2 44 41_crop_14.png,12150,1,383,128,61.0,4
98,03-01-25 2 44 41_crop_14.png,12151,1,385,135,61.0,4
98,03-01-25 2 44 41_crop_14.png,12152,1,399,138,61.0,4
98,03-01-25 2 44 41_crop_14.png,12153,1,409,144,61.0,4
98,03-01-25 2 44 41_crop_14.png,12154,1,416,153,61.0,4
98,03-01-25 2 44 41_crop_14.png,12155,1,422,159,61.0,4
98,03-01-25 2 44 41_crop_14.png,12156,1,439,162,61.0,4
98,03-01-25 2 44 41_crop_14.png,12157,1,449,170,61.0,4
98,03-01-25 2 44 41_crop_14.png,12158,1,193,167,61.0,4
98,03-01-25 2 44 41_crop_14.png,12159,1,201,159,61.0,4
98,03-01-25 2 44 41_crop_14.png,12160,1,205,150,61.0,4
98,03-01-25 2 44 41_crop_14.png,12161,1,219,154,61.0,4
98,03-01-25 2 44 41_crop_14.png,12162,1,215,164,61.0,4
98,03-01-25 2 44 41_crop_14.png,12163,1,223,164,61.0,4
98,03-01-25 2 44 41_crop_14.png,12164,1,200,180,61.0,4
98,03-01-25 2 44 41_crop_14.png,12165,1,207,180,61.0,4
98,03-01-25 2 44 41_crop_14.png,12166,1,195,196,61.0,4
98,03-01-25 2 44 41_crop_14.png,12167,1,205,197,61.0,4
98,03-01-25 2 44 41_crop_14.png,12168,1,211,191,61.0,4
98,03-01-25 2 44 41_crop_14.png,12169,1,217,192,61.0,4
98,03-01-25 2 44 41_crop_14.png,12170,1,231,181,61.0,4
98,03-01-25 2 44 41_crop_14.png,12171,1,235,167,61.0,4
98,03-01-25 2 44 41_crop_14.png,12172,1,241,158,61.0,4
98,03-01-25 2 44 41_crop_14.png,12173,1,257,161,61.0,4
98,03-01-25 2 44 41_crop_14.png,12174,1,262,155,61.0,4
98,03-01-25 2 44 41_crop_14.png,12175,1,280,152,61.0,4
98,03-01-25 2 44 41_crop_14.png,12176,1,286,149,61.0,4
98,03-01-25 2 44 41_crop_14.png,12177,1,300,141,61.0,4
98,03-01-25 2 44 41_crop_14.png,12178,1,302,153,61.0,4
98,03-01-25 2 44 41_crop_14.png,12179,1,306,159,61.0,4
98,03-01-25 2 44 41_crop_14.png,12180,1,313,150,61.0,4
98,03-01-25 2 44 41_crop_14.png,12181,1,325,141,61.0,4
98,03-01-25 2 44 41_crop_14.png,12182,1,333,150,61.0,4
98,03-01-25 2 44 41_crop_14.png,12183,1,350,146,61.0,4
98,03-01-25 2 44 41_crop_14.png,12184,1,360,145,61.0,4
98,03-01-25 2 44 41_crop_14.png,12185,1,370,140,61.0,4
98,03-01-25 2 44 41_crop_14.png,12186,1,389,150,61.0,4
98,03-01-25 2 44 41_crop_14.png,12187,1,398,152,61.0,4
98,03-01-25 2 44 41_crop_14.png,12188,1,404,158,61.0,4
98,03-01-25 2 44 41_crop_14.png,12189,1,409,161,61.0,4
98,03-01-25 2 44 41_crop_14.png,12190,1,395,158,61.0,4
98,03-01-25 2 44 41_crop_14.png,12191,1,397,168,61.0,4
98,03-01-25 2 44 41_crop_14.png,12192,1,383,161,61.0,4
98,03-01-25 2 44 41_crop_14.png,12193,1,379,169,61.0,4
98,03-01-25 2 44 41_crop_14.png,12194,1,244,183,61.0,4
98,03-01-25 2 44 41_crop_14.png,12195,1,253,180,61.0,4
98,03-01-25 2 44 41_crop_14.png,12196,1,259,171,61.0,4
98,03-01-25 2 44 41_crop_14.png,12197,1,269,169,61.0,4
98,03-01-25 2 44 41_crop_14.png,12198,1,280,169,61.0,4
98,03-01-25 2 44 41_crop_14.png,12199,1,285,163,61.0,4
98,03-01-25 2 44 41_crop_14.png,12200,1,294,166,61.0,4
98,03-01-25 2 44 41_crop_14.png,12201,1,278,175,61.0,4
98,03-01-25 2 44 41_crop_14.png,12202,1,274,182,61.0,4
98,03-01-25 2 44 41_crop_14.png,12203,1,285,181,61.0,4
98,03-01-25 2 44 41_crop_14.png,12204,1,282,188,61.0,4
98,03-01-25 2 44 41_crop_14.png,12205,1,264,182,61.0,4
98,03-01-25 2 44 41_crop_14.png,12206,1,259,186,61.0,4
98,03-01-25 2 44 41_crop_14.png,12207,1,251,186,61.0,4
98,03-01-25 2 44 41_crop_14.png,12208,1,240,188,61.0,4
98,03-01-25 2 44 41_crop_14.png,12209,1,236,197,61.0,4
98,03-01-25 2 44 41_crop_14.png,12210,1,249,195,61.0,4
98,03-01-25 2 44 41_crop_14.png,12211,1,218,203,61.0,4
98,03-01-25 2 44 41_crop_14.png,12212,1,209,208,61.0,4
98,03-01-25 2 44 41_crop_14.png,12213,1,214,219,61.0,4
98,03-01-25 2 44 41_crop_14.png,12214,1,203,229,61.0,4
98,03-01-25 2 44 41_crop_14.png,12215,1,190,237,61.0,4
98,03-01-25 2 44 41_crop_14.png,12216,1,179,247,61.0,4
98,03-01-25 2 44 41_crop_14.png,12217,1,169,248,61.0,4
98,03-01-25 2 44 41_crop_14.png,12218,1,176,266,61.0,4
98,03-01-25 2 44 41_crop_14.png,12219,1,184,257,61.0,4
98,03-01-25 2 44 41_crop_14.png,12220,1,167,281,61.0,4
98,03-01-25 2 44 41_crop_14.png,12221,1,166,290,61.0,4
98,03-01-25 2 44 41_crop_14.png,12222,1,157,291,61.0,4
98,03-01-25 2 44 41_crop_14.png,12223,1,150,291,61.0,4
98,03-01-25 2 44 41_crop_14.png,12224,1,143,288,61.0,4
98,03-01-25 2 44 41_crop_14.png,12225,1,144,280,61.0,4
98,03-01-25 2 44 41_crop_14.png,12226,1,162,298,61.0,4
98,03-01-25 2 44 41_crop_14.png,12227,1,163,312,61.0,4
98,03-01-25 2 44 41_crop_14.png,12228,1,203,254,61.0,4
98,03-01-25 2 44 41_crop_14.png,12229,1,249,488,61.0,4
98,03-01-25 2 44 41_crop_14.png,12230,1,259,488,61.0,4
98,03-01-25 2 44 41_crop_14.png,12231,1,260,480,61.0,4
98,03-01-25 2 44 41_crop_14.png,12232,1,266,465,61.0,4
98,03-01-25 2 44 41_crop_14.png,12233,1,274,470,61.0,4
98,03-01-25 2 44 41_crop_14.png,12234,1,283,488,61.0,4
98,03-01-25 2 44 41_crop_14.png,12235,1,291,493,61.0,4
98,03-01-25 2 44 41_crop_14.png,12236,1,284,499,61.0,4
98,03-01-25 2 44 41_crop_14.png,12237,1,289,504,61.0,4
98,03-01-25 2 44 41_crop_14.png,12238,1,286,508,49.5,3
98,03-01-25 2 44 41_crop_14.png,12239,1,303,495,61.0,4
98,03-01-25 2 44 41_crop_14.png,12240,1,309,504,61.0,4
98,03-01-25 2 44 41_crop_14.png,12241,1,328,498,61.0,4
98,03-01-25 2 44 41_crop_14.png,12242,1,326,483,61.0,4
98,03-01-25 2 44 41_crop_14.png,12243,1,317,486,61.0,4
98,03-01-25 2 44 41_crop_14.png,12244,1,311,480,61.0,4
98,03-01-25 2 44 41_crop_14.png,12245,1,319,471,61.0,4
98,03-01-25 2 44 41_crop_14.png,12246,1,299,485,61.0,4
98,03-01-25 2 44 41_crop_14.png,12247,1,296,474,61.0,4
98,03-01-25 2 44 41_crop_14.png,12248,1,300,467,61.0,4
98,03-01-25 2 44 41_crop_14.png,12249,1,294,462,61.0,4
98,03-01-25 2 44 41_crop_14.png,12250,1,305,456,61.0,4
98,03-01-25 2 44 41_crop_14.png,12251,1,317,453,61.0,4
98,03-01-25 2 44 41_crop_14.png,12252,1,324,454,61.0,4
98,03-01-25 2 44 41_crop_14.png,12253,1,331,455,61.0,4
98,03-01-25 2 44 41_crop_14.png,12254,1,326,463,61.0,4
98,03-01-25 2 44 41_crop_14.png,12255,1,334,465,61.0,4
98,03-01-25 2 44 41_crop_14.png,12256,1,345,464,61.0,4
98,03-01-25 2 44 41_crop_14.png,12257,1,350,457,61.0,4
98,03-01-25 2 44 41_crop_14.png,12258,1,358,453,61.0,4
98,03-01-25 2 44 41_crop_14.png,12259,1,365,446,61.0,4
98,03-01-25 2 44 41_crop_14.png,12260,1,368,457,61.0,4
98,03-01-25 2 44 41_crop_14.png,12261,1,366,465,61.0,4
98,03-01-25 2 44 41_crop_14.png,12262,1,358,470,61.0,4
98,03-01-25 2 44 41_crop_14.png,12263,1,353,465,61.0,4
98,03-01-25 2 44 41_crop_14.png,12264,1,349,478,61.0,4
98,03-01-25 2 44 41_crop_14.png,12265,1,342,486,61.0,4
98,03-01-25 2 44 41_crop_14.png,12266,1,348,491,61.0,4
98,03-01-25 2 44 41_crop_14.png,12267,1,352,501,61.0,4
98,03-01-25 2 44 41_crop_14.png,12268,1,364,507,57.0,4
98,03-01-25 2 44 41_crop_14.png,12269,1,366,498,61.0,4
98,03-01-25 2 44 41_crop_14.png,12270,1,375,498,61.0,4
98,03-01-25 2 44 41_crop_14.png,12271,1,379,493,61.0,4
98,03-01-25 2 44 41_crop_14.png,12272,1,387,499,61.0,4
98,03-01-25 2 44 41_crop_14.png,12273,1,378,507,57.0,4
98,03-01-25 2 44 41_crop_14.png,12274,1,371,474,61.0,4
98,03-01-25 2 44 41_crop_14.png,12275,1,376,468,61.0,4
98,03-01-25 2 44 41_crop_14.png,12276,1,377,482,61.0,4
98,03-01-25 2 44 41_crop_14.png,12277,1,367,483,61.0,4
98,03-01-25 2 44 41_crop_14.png,12278,1,363,477,61.0,4
98,03-01-25 2 44 41_crop_14.png,12279,1,357,484,61.0,4
98,03-01-25 2 44 41_crop_14.png,12280,1,380,476,61.0,4
98,03-01-25 2 44 41_crop_14.png,12281,1,390,474,61.0,4
98,03-01-25 2 44 41_crop_14.png,12282,1,394,486,61.0,4
98,03-01-25 2 44 41_crop_14.png,12283,1,402,481,61.0,4
98,03-01-25 2 44 41_crop_14.png,12284,1,404,490,61.0,4
98,03-01-25 2 44 41_crop_14.png,12285,1,415,480,61.0,4
98,03-01-25 2 44 41_crop_14.png,12286,1,409,474,61.0,4
98,03-01-25 2 44 41_crop_14.png,12287,1,400,470,61.0,4
98,03-01-25 2 44 41_crop_14.png,12288,1,419,495,61.0,4
98,03-01-25 2 44 41_crop_14.png,12289,1,431,492,61.0,4
98,03-01-25 2 44 41_crop_14.png,12290,1,427,480,61.0,4
98,03-01-25 2 44 41_crop_14.png,12291,1,437,499,61.0,4
98,03-01-25 2 44 41_crop_14.png,12292,1,443,504,61.0,4
98,03-01-25 2 44 41_crop_14.png,12293,1,451,507,57.0,4
98,03-01-25 2 44 41_crop_14.png,12294,1,457,508,40.5,3
98,03-01-25 2 44 41_crop_14.png,12295,1,462,504,61.0,4
98,03-01-25 2 44 41_crop_14.png,12296,1,468,508,40.5,3
98,03-01-25 2 44 41_crop_14.png,12297,1,478,508,49.5,3
98,03-01-25 2 44 41_crop_14.png,12298,1,487,502,61.0,4
98,03-01-25 2 44 41_crop_14.png,12299,1,498,507,61.0,4
98,03-01-25 2 44 41_crop_14.png,12300,1,506,505,61.0,4
98,03-01-25 2 44 41_crop_14.png,12301,1,501,490,61.0,4
98,03-01-25 2 44 41_crop_14.png,12302,1,499,481,61.0,4
98,03-01-25 2 44 41_crop_14.png,12303,1,485,483,61.0,4
98,03-01-25 2 44 41_crop_14.png,12304,1,468,485,61.0,4
98,03-01-25 2 44 41_crop_14.png,12305,1,469,478,61.0,4
98,03-01-25 2 44 41_crop_14.png,12306,1,475,479,61.0,4
98,03-01-25 2 44 41_crop_14.png,12307,1,469,474,61.0,4
98,03-01-25 2 44 41_crop_14.png,12308,1,463,480,61.0,4
98,03-01-25 2 44 41_crop_14.png,12309,1,456,485,61.0,4
98,03-01-25 2 44 41_crop_14.png,12310,1,452,492,61.0,4
98,03-01-25 2 44 41_crop_14.png,12311,1,449,499,61.0,4
98,03-01-25 2 44 41_crop_14.png,12312,1,465,495,61.0,4
98,03-01-25 2 44 41_crop_14.png,12313,1,471,495,61.0,4
98,03-01-25 2 44 41_crop_14.png,12314,1,444,483,61.0,4
98,03-01-25 2 44 41_crop_14.png,12315,1,453,476,61.0,4
98,03-01-25 2 44 41_crop_14.png,12316,1,460,468,61.0,4
98,03-01-25 2 44 41_crop_14.png,12317,1,450,467,61.0,4
98,03-01-25 2 44 41_crop_14.png,12318,1,444,461,61.0,4
98,03-01-25 2 44 41_crop_14.png,12319,1,454,455,61.0,4
98,03-01-25 2 44 41_crop_14.png,12320,1,466,461,61.0,4
98,03-01-25 2 44 41_crop_14.png,12321,1,467,454,61.0,4
98,03-01-25 2 44 41_crop_14.png,12322,1,480,449,61.0,4
98,03-01-25 2 44 41_crop_14.png,12323,1,490,456,61.0,4
98,03-01-25 2 44 41_crop_14.png,12324,1,497,463,61.0,4
98,03-01-25 2 44 41_crop_14.png,12325,1,486,470,61.0,4
98,03-01-25 2 44 41_crop_14.png,12326,1,436,470,61.0,4
98,03-01-25 2 44 41_crop_14.png,12327,1,428,473,61.0,4
98,03-01-25 2 44 41_crop_14.png,12328,1,423,468,61.0,4
98,03-01-25 2 44 41_crop_14.png,12329,1,431,460,61.0,4
98,03-01-25 2 44 41_crop_14.png,12330,1,413,466,61.0,4
98,03-01-25 2 44 41_crop_14.png,12331,1,407,459,61.0,4
98,03-01-25 2 44 41_crop_14.png,12332,1,401,455,61.0,4
98,03-01-25 2 44 41_crop_14.png,12333,1,402,449,61.0,4
98,03-01-25 2 44 41_crop_14.png,12334,1,388,457,61.0,4
98,03-01-25 2 44 41_crop_14.png,12335,1,390,446,61.0,4
98,03-01-25 2 44 41_crop_14.png,12336,1,393,437,61.0,4
98,03-01-25 2 44 41_crop_14.png,12337,1,383,435,61.0,4
98,03-01-25 2 44 41_crop_14.png,12338,1,390,428,61.0,4
98,03-01-25 2 44 41_crop_14.png,12339,1,399,427,61.0,4
98,03-01-25 2 44 41_crop_14.png,12340,1,408,439,61.0,4
98,03-01-25 2 44 41_crop_14.png,12341,1,417,449,61.0,4
98,03-01-25 2 44 41_crop_14.png,12342,1,425,446,61.0,4
98,03-01-25 2 44 41_crop_14.png,12343,1,434,446,61.0,4
98,03-01-25 2 44 41_crop_14.png,12344,1,444,449,61.0,4
98,03-01-25 2 44 41_crop_14.png,12345,1,464,439,61.0,4
98,03-01-25 2 44 41_crop_14.png,12346,1,484,439,61.0,4
98,03-01-25 2 44 41_crop_14.png,12347,1,491,442,61.0,4
98,03-01-25 2 44 41_crop_14.png,12348,1,497,434,61.0,4
98,03-01-25 2 44 41_crop_14.png,12349,1,507,429,52.0,4
98,03-01-25 2 44 41_crop_14.png,12350,1,502,418,61.0,4
98,03-01-25 2 44 41_crop_14.png,12351,1,503,403,61.0,4
98,03-01-25 2 44 41_crop_14.png,12352,1,491,409,61.0,4
98,03-01-25 2 44 41_crop_14.png,12353,1,474,412,61.0,4
98,03-01-25 2 44 41_crop_14.png,12354,1,471,421,61.0,4
98,03-01-25 2 44 41_crop_14.png,12355,1,465,428,61.0,4
98,03-01-25 2 44 41_crop_14.png,12356,1,454,418,61.0,4
98,03-01-25 2 44 41_crop_14.png,12357,1,449,429,61.0,4
98,03-01-25 2 44 41_crop_14.png,12358,1,438,431,61.0,4
98,03-01-25 2 44 41_crop_14.png,12359,1,431,430,61.0,4
98,03-01-25 2 44 41_crop_14.png,12360,1,416,424,61.0,4
98,03-01-25 2 44 41_crop_14.png,12361,1,431,415,61.0,4
98,03-01-25 2 44 41_crop_14.png,12362,1,425,412,61.0,4
98,03-01-25 2 44 41_crop_14.png,12363,1,435,408,61.0,4
98,03-01-25 2 44 41_crop_14.png,12364,1,420,400,61.0,4
98,03-01-25 2 44 41_crop_14.png,12365,1,413,408,61.0,4
98,03-01-25 2 44 41_crop_14.png,12366,1,457,396,61.0,4
98,03-01-25 2 44 41_crop_14.png,12367,1,464,400,61.0,4
98,03-01-25 2 44 41_crop_14.png,12368,1,477,396,61.0,4
98,03-01-25 2 44 41_crop_14.png,12369,1,479,387,61.0,4
98,03-01-25 2 44 41_crop_14.png,12370,1,491,383,61.0,4
98,03-01-25 2 44 41_crop_14.png,12371,1,497,391,61.0,4
98,03-01-25 2 44 41_crop_14.png,12372,1,505,380,61.0,4
98,03-01-25 2 44 41_crop_14.png,12373,1,508,372,45.0,3
98,03-01-25 2 44 41_crop_14.png,12374,1,502,365,61.0,4
98,03-01-25 2 44 41_crop_14.png,12375,1,508,357,37.0,3
98,03-01-25 2 44 41_crop_14.png,12376,1,500,350,61.0,4
98,03-01-25 2 44 41_crop_14.png,12377,1,494,341,61.0,4
98,03-01-25 2 44 41_crop_14.png,12378,1,504,338,61.0,4
98,03-01-25 2 44 41_crop_14.png,12379,1,498,331,61.0,4
98,03-01-25 2 44 41_crop_14.png,12380,1,506,325,61.0,4
98,03-01-25 2 44 41_crop_14.png,12381,1,499,320,61.0,4
98,03-01-25 2 44 41_crop_14.png,12382,1,508,316,37.0,3
98,03-01-25 2 44 41_crop_14.png,12383,1,493,313,61.0,4
98,03-01-25 2 44 41_crop_14.png,12384,1,484,325,61.0,4
98,03-01-25 2 44 41_crop_14.png,12385,1,488,333,61.0,4
98,03-01-25 2 44 41_crop_14.png,12386,1,481,349,61.0,4
98,03-01-25 2 44 41_crop_14.png,12387,1,475,344,61.0,4
98,03-01-25 2 44 41_crop_14.png,12388,1,478,337,61.0,4
98,03-01-25 2 44 41_crop_14.png,12389,1,482,367,61.0,4
98,03-01-25 2 44 41_crop_14.png,12390,1,474,368,61.0,4
98,03-01-25 2 44 41_crop_14.png,12391,1,463,368,61.0,4
98,03-01-25 2 44 41_crop_14.png,12392,1,465,354,61.0,4
98,03-01-25 2 44 41_crop_14.png,12393,1,453,357,61.0,4
98,03-01-25 2 44 41_crop_14.png,12394,1,456,371,61.0,4
98,03-01-25 2 44 41_crop_14.png,12395,1,444,378,61.0,4
98,03-01-25 2 44 41_crop_14.png,12396,1,445,386,61.0,4
98,03-01-25 2 44 41_crop_14.png,12397,1,451,403,61.0,4
98,03-01-25 2 44 41_crop_14.png,12398,1,420,385,61.0,4
98,03-01-25 2 44 41_crop_14.png,12399,1,429,379,61.0,4
98,03-01-25 2 44 41_crop_14.png,12400,1,438,365,61.0,4
98,03-01-25 2 44 41_crop_14.png,12401,1,444,362,61.0,4
98,03-01-25 2 44 41_crop_14.png,12402,1,443,348,61.0,4
98,03-01-25 2 44 41_crop_14.png,12403,1,456,347,61.0,4
98,03-01-25 2 44 41_crop_14.png,12404,1,462,343,61.0,4
98,03-01-25 2 44 41_crop_14.png,12405,1,469,340,61.0,4
98,03-01-25 2 44 41_crop_14.png,12406,1,457,337,61.0,4
98,03-01-25 2 44 41_crop_14.png,12407,1,449,333,61.0,4
98,03-01-25 2 44 41_crop_14.png,12408,1,446,322,61.0,4
98,03-01-25 2 44 41_crop_14.png,12409,1,438,332,61.0,4
98,03-01-25 2 44 41_crop_14.png,12410,1,427,329,61.0,4
98,03-01-25 2 44 41_crop_14.png,12411,1,434,315,61.0,4
98,03-01-25 2 44 41_crop_14.png,12412,1,447,322,61.0,4
98,03-01-25 2 44 41_crop_14.png,12413,1,451,312,61.0,4
98,03-01-25 2 44 41_crop_14.png,12414,1,460,319,61.0,4
98,03-01-25 2 44 41_crop_14.png,12415,1,462,327,61.0,4
98,03-01-25 2 44 41_crop_14.png,12416,1,468,319,61.0,4
98,03-01-25 2 44 41_crop_14.png,12417,1,472,318,61.0,4
98,03-01-25 2 44 41_crop_14.png,12418,1,475,326,61.0,4
98,03-01-25 2 44 41_crop_14.png,12419,1,478,322,61.0,4
98,03-01-25 2 44 41_crop_14.png,12420,1,480,313,61.0,4
98,03-01-25 2 44 41_crop_14.png,12421,1,471,311,61.0,4
98,03-01-25 2 44 41_crop_14.png,12422,1,462,308,61.0,4
98,03-01-25 2 44 41_crop_14.png,12423,1,456,305,61.0,4
98,03-01-25 2 44 41_crop_14.png,12424,1,478,304,61.0,4
98,03-01-25 2 44 41_crop_14.png,12425,1,488,301,61.0,4
98,03-01-25 2 44 41_crop_14.png,12426,1,507,305,52.0,4
98,03-01-25 2 44 41_crop_14.png,12427,1,271,452,61.0,4
98,03-01-25 2 44 41_crop_14.png,12428,1,286,452,61.0,4
98,03-01-25 2 44 41_crop_14.png,12429,1,296,450,61.0,4
98,03-01-25 2 44 41_crop_14.png,12430,1,305,448,61.0,4
98,03-01-25 2 44 41_crop_14.png,12431,1,313,440,61.0,4
98,03-01-25 2 44 41_crop_14.png,12432,1,324,441,61.0,4
98,03-01-25 2 44 41_crop_14.png,12433,1,340,447,61.0,4
98,03-01-25 2 44 41_crop_14.png,12434,1,350,443,61.0,4
98,03-01-25 2 44 41_crop_14.png,12435,1,354,437,61.0,4
98,03-01-25 2 44 41_crop_14.png,12436,1,362,435,61.0,4
98,03-01-25 2 44 41_crop_14.png,12437,1,358,430,61.0,4
98,03-01-25 2 44 41_crop_14.png,12438,1,343,434,61.0,4
98,03-01-25 2 44 41_crop_14.png,12439,1,379,427,61.0,4
98,03-01-25 2 44 41_crop_14.png,12440,1,391,419,61.0,4
98,03-01-25 2 44 41_crop_14.png,12441,1,396,412,61.0,4
98,03-01-25 2 44 41_crop_14.png,12442,1,382,420,61.0,4
98,03-01-25 2 44 41_crop_14.png,12443,1,382,414,61.0,4
98,03-01-25 2 44 41_crop_14.png,12444,1,385,400,61.0,4
98,03-01-25 2 44 41_crop_14.png,12445,1,374,409,61.0,4
98,03-01-25 2 44 41_crop_14.png,12446,1,361,411,61.0,4
98,03-01-25 2 44 41_crop_14.png,12447,1,352,405,61.0,4
98,03-01-25 2 44 41_crop_14.png,12448,1,367,397,61.0,4
98,03-01-25 2 44 41_crop_14.png,12449,1,371,394,61.0,4
98,03-01-25 2 44 41_crop_14.png,12450,1,371,390,61.0,4
98,03-01-25 2 44 41_crop_14.png,12451,1,363,391,61.0,4
98,03-01-25 2 44 41_crop_14.png,12452,1,363,381,61.0,4
98,03-01-25 2 44 41_crop_14.png,12453,1,381,384,61.0,4
98,03-01-25 2 44 41_crop_14.png,12454,1,390,385,61.0,4
98,03-01-25 2 44 41_crop_14.png,12455,1,401,387,61.0,4
98,03-01-25 2 44 41_crop_14.png,12456,1,411,391,61.0,4
98,03-01-25 2 44 41_crop_14.png,12457,1,416,375,61.0,4
98,03-01-25 2 44 41_crop_14.png,12458,1,414,366,61.0,4
98,03-01-25 2 44 41_crop_14.png,12459,1,424,364,61.0,4
98,03-01-25 2 44 41_crop_14.png,12460,1,407,366,61.0,4
98,03-01-25 2 44 41_crop_14.png,12461,1,407,373,61.0,4
98,03-01-25 2 44 41_crop_14.png,12462,1,391,373,61.0,4
98,03-01-25 2 44 41_crop_14.png,12463,1,398,364,61.0,4
98,03-01-25 2 44 41_crop_14.png,12464,1,411,358,61.0,4
98,03-01-25 2 44 41_crop_14.png,12465,1,419,353,61.0,4
98,03-01-25 2 44 41_crop_14.png,12466,1,414,348,61.0,4
98,03-01-25 2 44 41_crop_14.png,12467,1,413,343,61.0,4
98,03-01-25 2 44 41_crop_14.png,12468,1,408,349,61.0,4
98,03-01-25 2 44 41_crop_14.png,12469,1,422,337,61.0,4
98,03-01-25 2 44 41_crop_14.png,12470,1,432,341,61.0,4
98,03-01-25 2 44 41_crop_14.png,12471,1,438,302,61.0,4
98,03-01-25 2 44 41_crop_14.png,12472,1,428,309,61.0,4
98,03-01-25 2 44 41_crop_14.png,12473,1,418,309,61.0,4
98,03-01-25 2 44 41_crop_14.png,12474,1,420,303,61.0,4
98,03-01-25 2 44 41_crop_14.png,12475,1,416,297,61.0,4
98,03-01-25 2 44 41_crop_14.png,12476,1,425,295,61.0,4
98,03-01-25 2 44 41_crop_14.png,12477,1,426,286,61.0,4
98,03-01-25 2 44 41_crop_14.png,12478,1,447,290,61.0,4
98,03-01-25 2 44 41_crop_14.png,12479,1,455,290,61.0,4
98,03-01-25 2 44 41_crop_14.png,12480,1,466,292,61.0,4
98,03-01-25 2 44 41_crop_14.png,12481,1,475,295,61.0,4
98,03-01-25 2 44 41_crop_14.png,12482,1,487,283,61.0,4
98,03-01-25 2 44 41_crop_14.png,12483,1,499,281,61.0,4
98,03-01-25 2 44 41_crop_14.png,12484,1,507,289,52.0,4
98,03-01-25 2 44 41_crop_14.png,12485,1,508,279,45.0,3
98,03-01-25 2 44 41_crop_14.png,12486,1,508,271,45.0,3
98,03-01-25 2 44 41_crop_14.png,12487,1,504,251,61.0,4
98,03-01-25 2 44 41_crop_14.png,12488,1,165,324,61.0,4
98,03-01-25 2 44 41_crop_14.png,12489,1,170,318,61.0,4
98,03-01-25 2 44 41_crop_14.png,12490,1,180,316,61.0,4
98,03-01-25 2 44 41_crop_14.png,12491,1,177,324,61.0,4
98,03-01-25 2 44 41_crop_14.png,12492,1,173,334,61.0,4
98,03-01-25 2 44 41_crop_14.png,12493,1,289,60,61.0,4
98,03-01-25 2 44 41_crop_14.png,12494,1,163,354,61.0,4
98,03-01-25 2 44 41_crop_14.png,12495,1,171,365,61.0,4
98,03-01-25 2 44 41_crop_14.png,12496,1,163,371,61.0,4
98,03-01-25 2 44 41_crop_14.png,12497,1,158,383,61.0,4
98,03-01-25 2 44 41_crop_14.png,12498,1,168,386,61.0,4
98,03-01-25 2 44 41_crop_14.png,12499,1,173,377,61.0,4
98,03-01-25 2 44 41_crop_14.png,12500,1,173,395,61.0,4
98,03-01-25 2 44 41_crop_14.png,12501,1,174,401,61.0,4
98,03-01-25 2 44 41_crop_14.png,12502,1,179,399,61.0,4
98,03-01-25 2 44 41_crop_14.png,12503,1,186,390,61.0,4
98,03-01-25 2 44 41_crop_14.png,12504,1,198,392,61.0,4
98,03-01-25 2 44 41_crop_14.png,12505,1,205,388,61.0,4
98,03-01-25 2 44 41_crop_14.png,12506,1,188,372,61.0,4
98,03-01-25 2 44 41_crop_14.png,12507,1,186,360,61.0,4
98,03-01-25 2 44 41_crop_14.png,12508,1,183,350,61.0,4
98,03-01-25 2 44 41_crop_14.png,12509,1,190,353,61.0,4
98,03-01-25 2 44 41_crop_14.png,12510,1,194,345,61.0,4
98,03-01-25 2 44 41_crop_14.png,12511,1,201,352,61.0,4
98,03-01-25 2 44 41_crop_14.png,12512,1,199,339,61.0,4
98,03-01-25 2 44 41_crop_14.png,12513,1,188,336,61.0,4
98,03-01-25 2 44 41_crop_14.png,12514,1,188,322,61.0,4
98,03-01-25 2 44 41_crop_14.png,12515,1,197,324,61.0,4
98,03-01-25 2 44 41_crop_14.png,12516,1,199,317,61.0,4
98,03-01-25 2 44 41_crop_14.png,12517,1,199,307,61.0,4
98,03-01-25 2 44 41_crop_14.png,12518,1,190,297,61.0,4
98,03-01-25 2 44 41_crop_14.png,12519,1,180,287,61.0,4
98,03-01-25 2 44 41_crop_14.png,12520,1,177,276,61.0,4
98,03-01-25 2 44 41_crop_14.png,12521,1,184,274,61.0,4
98,03-01-25 2 44 41_crop_14.png,12522,1,192,272,61.0,4
98,03-01-25 2 44 41_crop_14.png,12523,1,190,283,61.0,4
98,03-01-25 2 44 41_crop_14.png,12524,1,200,291,61.0,4
98,03-01-25 2 44 41_crop_14.png,12525,1,205,285,61.0,4
98,03-01-25 2 44 41_crop_14.png,12526,1,212,311,61.0,4
98,03-01-25 2 44 41_crop_14.png,12527,1,217,304,61.0,4
98,03-01-25 2 44 41_crop_14.png,12528,1,224,304,61.0,4
98,03-01-25 2 44 41_crop_14.png,12529,1,231,305,61.0,4
98,03-01-25 2 44 41_crop_14.png,12530,1,230,295,61.0,4
98,03-01-25 2 44 41_crop_14.png,12531,1,210,321,61.0,4
98,03-01-25 2 44 41_crop_14.png,12532,1,206,332,61.0,4
98,03-01-25 2 44 41_crop_14.png,12533,1,214,330,61.0,4
98,03-01-25 2 44 41_crop_14.png,12534,1,212,338,61.0,4
98,03-01-25 2 44 41_crop_14.png,12535,1,206,343,61.0,4
98,03-01-25 2 44 41_crop_14.png,12536,1,221,335,61.0,4
98,03-01-25 2 44 41_crop_14.png,12537,1,205,360,61.0,4
98,03-01-25 2 44 41_crop_14.png,12538,1,204,369,61.0,4
98,03-01-25 2 44 41_crop_14.png,12539,1,213,369,61.0,4
98,03-01-25 2 44 41_crop_14.png,12540,1,217,358,61.0,4
98,03-01-25 2 44 41_crop_14.png,12541,1,224,362,61.0,4
98,03-01-25 2 44 41_crop_14.png,12542,1,221,373,61.0,4
98,03-01-25 2 44 41_crop_14.png,12543,1,214,377,61.0,4
98,03-01-25 2 44 41_crop_14.png,12544,1,215,390,61.0,4
98,03-01-25 2 44 41_crop_14.png,12545,1,222,390,61.0,4
98,03-01-25 2 44 41_crop_14.png,12546,1,231,387,61.0,4
98,03-01-25 2 44 41_crop_14.png,12547,1,236,394,61.0,4
98,03-01-25 2 44 41_crop_14.png,12548,1,231,403,61.0,4
98,03-01-25 2 44 41_crop_14.png,12549,1,224,399,61.0,4
98,03-01-25 2 44 41_crop_14.png,12550,1,233,410,61.0,4
98,03-01-25 2 44 41_crop_14.png,12551,1,241,411,61.0,4
98,03-01-25 2 44 41_crop_14.png,12552,1,246,418,61.0,4
98,03-01-25 2 44 41_crop_14.png,12553,1,252,423,61.0,4
98,03-01-25 2 44 41_crop_14.png,12554,1,260,431,61.0,4
98,03-01-25 2 44 41_crop_14.png,12555,1,270,445,61.0,4
98,03-01-25 2 44 41_crop_14.png,12556,1,287,446,61.0,4
98,03-01-25 2 44 41_crop_14.png,12557,1,272,437,61.0,4
98,03-01-25 2 44 41_crop_14.png,12558,1,281,437,61.0,4
98,03-01-25 2 44 41_crop_14.png,12559,1,289,436,61.0,4
98,03-01-25 2 44 41_crop_14.png,12560,1,296,435,61.0,4
98,03-01-25 2 44 41_crop_14.png,12561,1,276,427,61.0,4
98,03-01-25 2 44 41_crop_14.png,12562,1,269,429,61.0,4
98,03-01-25 2 44 41_crop_14.png,12563,1,263,420,61.0,4
98,03-01-25 2 44 41_crop_14.png,12564,1,259,423,61.0,4
98,03-01-25 2 44 41_crop_14.png,12565,1,251,413,61.0,4
98,03-01-25 2 44 41_crop_14.png,12566,1,254,408,61.0,4
98,03-01-25 2 44 41_crop_14.png,12567,1,242,400,61.0,4
98,03-01-25 2 44 41_crop_14.png,12568,1,242,395,61.0,4
98,03-01-25 2 44 41_crop_14.png,12569,1,236,378,61.0,4
98,03-01-25 2 44 41_crop_14.png,12570,1,252,384,61.0,4
98,03-01-25 2 44 41_crop_14.png,12571,1,253,391,61.0,4
98,03-01-25 2 44 41_crop_14.png,12572,1,260,390,61.0,4
98,03-01-25 2 44 41_crop_14.png,12573,1,263,399,61.0,4
98,03-01-25 2 44 41_crop_14.png,12574,1,270,392,61.0,4
98,03-01-25 2 44 41_crop_14.png,12575,1,283,393,61.0,4
98,03-01-25 2 44 41_crop_14.png,12576,1,290,401,61.0,4
98,03-01-25 2 44 41_crop_14.png,12577,1,295,413,61.0,4
98,03-01-25 2 44 41_crop_14.png,12578,1,304,415,61.0,4
98,03-01-25 2 44 41_crop_14.png,12579,1,310,417,61.0,4
98,03-01-25 2 44 41_crop_14.png,12580,1,274,415,61.0,4
98,03-01-25 2 44 41_crop_14.png,12581,1,264,412,61.0,4
98,03-01-25 2 44 41_crop_14.png,12582,1,283,416,61.0,4
98,03-01-25 2 44 41_crop_14.png,12583,1,288,425,61.0,4
98,03-01-25 2 44 41_crop_14.png,12584,1,297,424,61.0,4
98,03-01-25 2 44 41_crop_14.png,12585,1,324,418,61.0,4
98,03-01-25 2 44 41_crop_14.png,12586,1,336,412,61.0,4
98,03-01-25 2 44 41_crop_14.png,12587,1,344,414,61.0,4
98,03-01-25 2 44 41_crop_14.png,12588,1,279,407,61.0,4
98,03-01-25 2 44 41_crop_14.png,12589,1,363,420,61.0,4
98,03-01-25 2 44 41_crop_14.png,12590,1,335,427,61.0,4
98,03-01-25 2 44 41_crop_14.png,12591,1,330,433,61.0,4
98,03-01-25 2 44 41_crop_14.png,12592,1,322,406,61.0,4
98,03-01-25 2 44 41_crop_14.png,12593,1,328,403,61.0,4
98,03-01-25 2 44 41_crop_14.png,12594,1,341,399,61.0,4
98,03-01-25 2 44 41_crop_14.png,12595,1,352,393,61.0,4
98,03-01-25 2 44 41_crop_14.png,12596,1,322,392,61.0,4
98,03-01-25 2 44 41_crop_14.png,12597,1,317,398,61.0,4
98,03-01-25 2 44 41_crop_14.png,12598,1,313,403,61.0,4
98,03-01-25 2 44 41_crop_14.png,12599,1,205,240,61.0,4
98,03-01-25 2 44 41_crop_14.png,12600,1,211,244,61.0,4
98,03-01-25 2 44 41_crop_14.png,12601,1,212,255,61.0,4
98,03-01-25 2 44 41_crop_14.png,12602,1,218,255,61.0,4
98,03-01-25 2 44 41_crop_14.png,12603,1,226,254,61.0,4
98,03-01-25 2 44 41_crop_14.png,12604,1,229,261,61.0,4
98,03-01-25 2 44 41_crop_14.png,12605,1,223,269,61.0,4
98,03-01-25 2 44 41_crop_14.png,12606,1,213,268,61.0,4
98,03-01-25 2 44 41_crop_14.png,12607,1,217,278,61.0,4
98,03-01-25 2 44 41_crop_14.png,12608,1,227,283,61.0,4
98,03-01-25 2 44 41_crop_14.png,12609,1,238,278,61.0,4
98,03-01-25 2 44 41_crop_14.png,12610,1,251,283,61.0,4
98,03-01-25 2 44 41_crop_14.png,12611,1,246,296,61.0,4
98,03-01-25 2 44 41_crop_14.png,12612,1,248,312,61.0,4
98,03-01-25 2 44 41_crop_14.png,12613,1,236,317,61.0,4
98,03-01-25 2 44 41_crop_14.png,12614,1,240,329,61.0,4
98,03-01-25 2 44 41_crop_14.png,12615,1,232,332,61.0,4
98,03-01-25 2 44 41_crop_14.png,12616,1,233,344,61.0,4
98,03-01-25 2 44 41_crop_14.png,12617,1,233,353,61.0,4
98,03-01-25 2 44 41_crop_14.png,12618,1,300,175,61.0,4
98,03-01-25 2 44 41_crop_14.png,12619,1,309,173,61.0,4
98,03-01-25 2 44 41_crop_14.png,12620,1,315,167,61.0,4
98,03-01-25 2 44 41_crop_14.png,12621,1,324,167,61.0,4
98,03-01-25 2 44 41_crop_14.png,12622,1,328,160,61.0,4
98,03-01-25 2 44 41_crop_14.png,12623,1,335,158,61.0,4
98,03-01-25 2 44 41_crop_14.png,12624,1,347,158,61.0,4
98,03-01-25 2 44 41_crop_14.png,12625,1,355,154,61.0,4
98,03-01-25 2 44 41_crop_14.png,12626,1,365,154,61.0,4
98,03-01-25 2 44 41_crop_14.png,12627,1,372,163,61.0,4
98,03-01-25 2 44 41_crop_14.png,12628,1,363,173,61.0,4
98,03-01-25 2 44 41_crop_14.png,12629,1,353,167,61.0,4
98,03-01-25 2 44 41_crop_14.png,12630,1,349,177,61.0,4
98,03-01-25 2 44 41_crop_14.png,12631,1,337,168,61.0,4
98,03-01-25 2 44 41_crop_14.png,12632,1,329,173,61.0,4
98,03-01-25 2 44 41_crop_14.png,12633,1,323,174,61.0,4
98,03-01-25 2 44 41_crop_14.png,12634,1,318,184,61.0,4
98,03-01-25 2 44 41_crop_14.png,12635,1,322,197,61.0,4
98,03-01-25 2 44 41_crop_14.png,12636,1,307,183,61.0,4
98,03-01-25 2 44 41_crop_14.png,12637,1,294,188,61.0,4
98,03-01-25 2 44 41_crop_14.png,12638,1,295,198,61.0,4
98,03-01-25 2 44 41_crop_14.png,12639,1,301,201,61.0,4
98,03-01-25 2 44 41_crop_14.png,12640,1,288,197,61.0,4
98,03-01-25 2 44 41_crop_14.png,12641,1,287,207,61.0,4
98,03-01-25 2 44 41_crop_14.png,12642,1,277,195,61.0,4
98,03-01-25 2 44 41_crop_14.png,12643,1,268,192,61.0,4
98,03-01-25 2 44 41_crop_14.png,12644,1,271,201,61.0,4
98,03-01-25 2 44 41_crop_14.png,12645,1,262,201,61.0,4
98,03-01-25 2 44 41_crop_14.png,12646,1,254,204,61.0,4
98,03-01-25 2 44 41_crop_14.png,12647,1,266,211,61.0,4
98,03-01-25 2 44 41_crop_14.png,12648,1,278,211,61.0,4
98,03-01-25 2 44 41_crop_14.png,12649,1,281,218,61.0,4
98,03-01-25 2 44 41_crop_14.png,12650,1,270,221,61.0,4
98,03-01-25 2 44 41_crop_14.png,12651,1,268,228,61.0,4
98,03-01-25 2 44 41_crop_14.png,12652,1,262,218,61.0,4
98,03-01-25 2 44 41_crop_14.png,12653,1,252,214,61.0,4
98,03-01-25 2 44 41_crop_14.png,12654,1,246,218,61.0,4
98,03-01-25 2 44 41_crop_14.png,12655,1,243,210,61.0,4
98,03-01-25 2 44 41_crop_14.png,12656,1,236,220,61.0,4
98,03-01-25 2 44 41_crop_14.png,12657,1,229,227,61.0,4
98,03-01-25 2 44 41_crop_14.png,12658,1,238,233,61.0,4
98,03-01-25 2 44 41_crop_14.png,12659,1,250,233,61.0,4
98,03-01-25 2 44 41_crop_14.png,12660,1,222,236,61.0,4
98,03-01-25 2 44 41_crop_14.png,12661,1,237,248,61.0,4
98,03-01-25 2 44 41_crop_14.png,12662,1,246,243,61.0,4
98,03-01-25 2 44 41_crop_14.png,12663,1,240,261,61.0,4
98,03-01-25 2 44 41_crop_14.png,12664,1,247,255,61.0,4
98,03-01-25 2 44 41_crop_14.png,12665,1,248,267,61.0,4
98,03-01-25 2 44 41_crop_14.png,12666,1,264,255,61.0,4
98,03-01-25 2 44 41_crop_14.png,12667,1,268,242,61.0,4
98,03-01-25 2 44 41_crop_14.png,12668,1,274,239,61.0,4
98,03-01-25 2 44 41_crop_14.png,12669,1,283,240,61.0,4
98,03-01-25 2 44 41_crop_14.png,12670,1,281,231,61.0,4
98,03-01-25 2 44 41_crop_14.png,12671,1,288,223,61.0,4
98,03-01-25 2 44 41_crop_14.png,12672,1,294,218,61.0,4
98,03-01-25 2 44 41_crop_14.png,12673,1,295,223,61.0,4
98,03-01-25 2 44 41_crop_14.png,12674,1,292,230,61.0,4
98,03-01-25 2 44 41_crop_14.png,12675,1,302,223,61.0,4
98,03-01-25 2 44 41_crop_14.png,12676,1,294,250,61.0,4
98,03-01-25 2 44 41_crop_14.png,12677,1,276,258,61.0,4
98,03-01-25 2 44 41_crop_14.png,12678,1,278,265,61.0,4
98,03-01-25 2 44 41_crop_14.png,12679,1,266,272,61.0,4
98,03-01-25 2 44 41_crop_14.png,12680,1,262,287,61.0,4
98,03-01-25 2 44 41_crop_14.png,12681,1,257,297,61.0,4
98,03-01-25 2 44 41_crop_14.png,12682,1,278,280,61.0,4
98,03-01-25 2 44 41_crop_14.png,12683,1,287,276,61.0,4
98,03-01-25 2 44 41_crop_14.png,12684,1,294,287,61.0,4
98,03-01-25 2 44 41_crop_14.png,12685,1,302,286,61.0,4
98,03-01-25 2 44 41_crop_14.png,12686,1,294,302,61.0,4
98,03-01-25 2 44 41_crop_14.png,12687,1,287,298,61.0,4
98,03-01-25 2 44 41_crop_14.png,12688,1,277,292,61.0,4
98,03-01-25 2 44 41_crop_14.png,12689,1,274,307,61.0,4
98,03-01-25 2 44 41_crop_14.png,12690,1,263,308,61.0,4
98,03-01-25 2 44 41_crop_14.png,12691,1,253,321,61.0,4
98,03-01-25 2 44 41_crop_14.png,12692,1,263,336,61.0,4
98,03-01-25 2 44 41_crop_14.png,12693,1,267,351,61.0,4
98,03-01-25 2 44 41_crop_14.png,12694,1,250,344,61.0,4
98,03-01-25 2 44 41_crop_14.png,12695,1,247,360,61.0,4
98,03-01-25 2 44 41_crop_14.png,12696,1,240,359,61.0,4
98,03-01-25 2 44 41_crop_14.png,12697,1,267,352,61.0,4
98,03-01-25 2 44 41_crop_14.png,12698,1,262,365,61.0,4
98,03-01-25 2 44 41_crop_14.png,12699,1,259,372,61.0,4
98,03-01-25 2 44 41_crop_14.png,12700,1,270,367,61.0,4
98,03-01-25 2 44 41_crop_14.png,12701,1,279,365,61.0,4
98,03-01-25 2 44 41_crop_14.png,12702,1,271,379,61.0,4
98,03-01-25 2 44 41_crop_14.png,12703,1,284,380,61.0,4
98,03-01-25 2 44 41_crop_14.png,12704,1,296,380,61.0,4
98,03-01-25 2 44 41_crop_14.png,12705,1,296,385,61.0,4
98,03-01-25 2 44 41_crop_14.png,12706,1,303,378,61.0,4
98,03-01-25 2 44 41_crop_14.png,12707,1,308,384,61.0,4
98,03-01-25 2 44 41_crop_14.png,12708,1,313,380,61.0,4
98,03-01-25 2 44 41_crop_14.png,12709,1,316,386,61.0,4
98,03-01-25 2 44 41_crop_14.png,12710,1,324,385,61.0,4
98,03-01-25 2 44 41_crop_14.png,12711,1,332,385,61.0,4
98,03-01-25 2 44 41_crop_14.png,12712,1,341,377,61.0,4
98,03-01-25 2 44 41_crop_14.png,12713,1,337,364,61.0,4
98,03-01-25 2 44 41_crop_14.png,12714,1,333,372,61.0,4
98,03-01-25 2 44 41_crop_14.png,12715,1,325,371,61.0,4
98,03-01-25 2 44 41_crop_14.png,12716,1,294,369,61.0,4
98,03-01-25 2 44 41_crop_14.png,12717,1,292,358,61.0,4
98,03-01-25 2 44 41_crop_14.png,12718,1,300,358,61.0,4
98,03-01-25 2 44 41_crop_14.png,12719,1,365,183,61.0,4
98,03-01-25 2 44 41_crop_14.png,12720,1,384,184,61.0,4
98,03-01-25 2 44 41_crop_14.png,12721,1,392,182,61.0,4
98,03-01-25 2 44 41_crop_14.png,12722,1,389,174,61.0,4
98,03-01-25 2 44 41_crop_14.png,12723,1,400,184,61.0,4
98,03-01-25 2 44 41_crop_14.png,12724,1,406,171,61.0,4
98,03-01-25 2 44 41_crop_14.png,12725,1,419,174,61.0,4
98,03-01-25 2 44 41_crop_14.png,12726,1,423,182,61.0,4
98,03-01-25 2 44 41_crop_14.png,12727,1,417,181,61.0,4
98,03-01-25 2 44 41_crop_14.png,12728,1,411,188,61.0,4
98,03-01-25 2 44 41_crop_14.png,12729,1,459,186,61.0,4
98,03-01-25 2 44 41_crop_14.png,12730,1,485,189,61.0,4
98,03-01-25 2 44 41_crop_14.png,12731,1,496,195,61.0,4
98,03-01-25 2 44 41_crop_14.png,12732,1,494,203,61.0,4
98,03-01-25 2 44 41_crop_14.png,12733,1,502,207,61.0,4
98,03-01-25 2 44 41_crop_14.png,12734,1,506,202,61.0,4
98,03-01-25 2 44 41_crop_14.png,12735,1,508,216,45.0,3
98,03-01-25 2 44 41_crop_14.png,12736,1,494,216,61.0,4
98,03-01-25 2 44 41_crop_14.png,12737,1,486,221,61.0,4
98,03-01-25 2 44 41_crop_14.png,12738,1,501,226,61.0,4
98,03-01-25 2 44 41_crop_14.png,12739,1,499,233,61.0,4
98,03-01-25 2 44 41_crop_14.png,12740,1,504,242,61.0,4
98,03-01-25 2 44 41_crop_14.png,12741,1,496,241,61.0,4
98,03-01-25 2 44 41_crop_14.png,12742,1,488,241,61.0,4
98,03-01-25 2 44 41_crop_14.png,12743,1,485,248,61.0,4
98,03-01-25 2 44 41_crop_14.png,12744,1,489,254,61.0,4
98,03-01-25 2 44 41_crop_14.png,12745,1,496,257,61.0,4
98,03-01-25 2 44 41_crop_14.png,12746,1,490,264,61.0,4
98,03-01-25 2 44 41_crop_14.png,12747,1,480,262,61.0,4
98,03-01-25 2 44 41_crop_14.png,12748,1,481,270,61.0,4
98,03-01-25 2 44 41_crop_14.png,12749,1,471,274,61.0,4
98,03-01-25 2 44 41_crop_14.png,12750,1,470,282,61.0,4
98,03-01-25 2 44 41_crop_14.png,12751,1,451,278,61.0,4
98,03-01-25 2 44 41_crop_14.png,12752,1,449,269,61.0,4
98,03-01-25 2 44 41_crop_14.png,12753,1,455,263,61.0,4
98,03-01-25 2 44 41_crop_14.png,12754,1,459,268,61.0,4
98,03-01-25 2 44 41_crop_14.png,12755,1,448,263,61.0,4
98,03-01-25 2 44 41_crop_14.png,12756,1,451,257,61.0,4
98,03-01-25 2 44 41_crop_14.png,12757,1,461,253,61.0,4
98,03-01-25 2 44 41_crop_14.png,12758,1,468,257,61.0,4
98,03-01-25 2 44 41_crop_14.png,12759,1,472,251,61.0,4
98,03-01-25 2 44 41_crop_14.png,12760,1,479,255,61.0,4
98,03-01-25 2 44 41_crop_14.png,12761,1,313,216,61.0,4
98,03-01-25 2 44 41_crop_14.png,12762,1,332,210,89.5,5
98,03-01-25 2 44 41_crop_14.png,12763,1,319,232,61.0,4
98,03-01-25 2 44 41_crop_14.png,12764,1,319,243,61.0,4
98,03-01-25 2 44 41_crop_14.png,12765,1,320,253,61.0,4
98,03-01-25 2 44 41_crop_14.png,12766,1,326,252,61.0,4
98,03-01-25 2 44 41_crop_14.png,12767,1,333,249,61.0,4
98,03-01-25 2 44 41_crop_14.png,12768,1,311,250,61.0,4
98,03-01-25 2 44 41_crop_14.png,12769,1,307,258,61.0,4
98,03-01-25 2 44 41_crop_14.png,12770,1,300,261,61.0,4
98,03-01-25 2 44 41_crop_14.png,12771,1,310,269,61.0,4
98,03-01-25 2 44 41_crop_14.png,12772,1,317,276,61.0,4
98,03-01-25 2 44 41_crop_14.png,12773,1,284,328,61.0,4
98,03-01-25 2 44 41_crop_14.png,12774,1,294,320,61.0,4
98,03-01-25 2 44 41_crop_14.png,12775,1,307,316,61.0,4
98,03-01-25 2 44 41_crop_14.png,12776,1,305,334,61.0,4
98,03-01-25 2 44 41_crop_14.png,12777,1,305,341,61.0,4
98,03-01-25 2 44 41_crop_14.png,12778,1,317,348,61.0,4
98,03-01-25 2 44 41_crop_14.png,12779,1,317,361,61.0,4
98,03-01-25 2 44 41_crop_14.png,12780,1,313,373,61.0,4
98,03-01-25 2 44 41_crop_14.png,12781,1,322,378,61.0,4
98,03-01-25 2 44 41_crop_14.png,12782,1,351,365,61.0,4
98,03-01-25 2 44 41_crop_14.png,12783,1,356,369,61.0,4
98,03-01-25 2 44 41_crop_14.png,12784,1,358,362,61.0,4
98,03-01-25 2 44 41_crop_14.png,12785,1,365,362,61.0,4
98,03-01-25 2 44 41_crop_14.png,12786,1,372,369,61.0,4
98,03-01-25 2 44 41_crop_14.png,12787,1,330,358,61.0,4
98,03-01-25 2 44 41_crop_14.png,12788,1,341,353,61.0,4
98,03-01-25 2 44 41_crop_14.png,12789,1,327,343,61.0,4
98,03-01-25 2 44 41_crop_14.png,12790,1,336,339,61.0,4
98,03-01-25 2 44 41_crop_14.png,12791,1,327,330,61.0,4
98,03-01-25 2 44 41_crop_14.png,12792,1,315,328,61.0,4
98,03-01-25 2 44 41_crop_14.png,12793,1,326,293,61.0,4
98,03-01-25 2 44 41_crop_14.png,12794,1,331,298,61.0,4
98,03-01-25 2 44 41_crop_14.png,12795,1,308,299,61.0,4
98,03-01-25 2 44 41_crop_14.png,12796,1,314,303,61.0,4
98,03-01-25 2 44 41_crop_14.png,12797,1,315,311,61.0,4
98,03-01-25 2 44 41_crop_14.png,12798,1,331,319,61.0,4
98,03-01-25 2 44 41_crop_14.png,12799,1,335,325,61.0,4
98,03-01-25 2 44 41_crop_14.png,12800,1,349,317,61.0,4
98,03-01-25 2 44 41_crop_14.png,12801,1,355,305,61.0,4
98,03-01-25 2 44 41_crop_14.png,12802,1,362,313,61.0,4
98,03-01-25 2 44 41_crop_14.png,12803,1,368,324,61.0,4
98,03-01-25 2 44 41_crop_14.png,12804,1,356,325,61.0,4
98,03-01-25 2 44 41_crop_14.png,12805,1,358,341,61.0,4
98,03-01-25 2 44 41_crop_14.png,12806,1,362,350,61.0,4
98,03-01-25 2 44 41_crop_14.png,12807,1,352,348,61.0,4
98,03-01-25 2 44 41_crop_14.png,12808,1,348,343,61.0,4
98,03-01-25 2 44 41_crop_14.png,12809,1,343,289,61.0,4
98,03-01-25 2 44 41_crop_14.png,12810,1,352,275,61.0,4
98,03-01-25 2 44 41_crop_14.png,12811,1,346,270,61.0,4
98,03-01-25 2 44 41_crop_14.png,12812,1,339,258,61.0,4
98,03-01-25 2 44 41_crop_14.png,12813,1,330,220,61.0,4
98,03-01-25 2 44 41_crop_14.png,12814,1,337,202,61.0,4
98,03-01-25 2 44 41_crop_14.png,12815,1,348,195,61.0,4
98,03-01-25 2 44 41_crop_14.png,12816,1,348,201,61.0,4
98,03-01-25 2 44 41_crop_14.png,12817,1,347,210,61.0,4
98,03-01-25 2 44 41_crop_14.png,12818,1,341,219,61.0,4
98,03-01-25 2 44 41_crop_14.png,12819,1,336,231,61.0,4
98,03-01-25 2 44 41_crop_14.png,12820,1,346,242,61.0,4
98,03-01-25 2 44 41_crop_14.png,12821,1,354,252,61.0,4
98,03-01-25 2 44 41_crop_14.png,12822,1,360,248,61.0,4
98,03-01-25 2 44 41_crop_14.png,12823,1,372,333,61.0,4
98,03-01-25 2 44 41_crop_14.png,12824,1,369,340,61.0,4
98,03-01-25 2 44 41_crop_14.png,12825,1,381,346,61.0,4
98,03-01-25 2 44 41_crop_14.png,12826,1,377,351,61.0,4
98,03-01-25 2 44 41_crop_14.png,12827,1,378,358,61.0,4
98,03-01-25 2 44 41_crop_14.png,12828,1,393,349,61.0,4
98,03-01-25 2 44 41_crop_14.png,12829,1,396,355,61.0,4
98,03-01-25 2 44 41_crop_14.png,12830,1,402,339,61.0,4
98,03-01-25 2 44 41_crop_14.png,12831,1,401,330,61.0,4
98,03-01-25 2 44 41_crop_14.png,12832,1,410,323,61.0,4
98,03-01-25 2 44 41_crop_14.png,12833,1,416,321,61.0,4
98,03-01-25 2 44 41_crop_14.png,12834,1,402,322,61.0,4
98,03-01-25 2 44 41_crop_14.png,12835,1,410,330,61.0,4
98,03-01-25 2 44 41_crop_14.png,12836,1,394,331,61.0,4
98,03-01-25 2 44 41_crop_14.png,12837,1,403,313,61.0,4
98,03-01-25 2 44 41_crop_14.png,12838,1,410,315,61.0,4
98,03-01-25 2 44 41_crop_14.png,12839,1,393,322,61.0,4
98,03-01-25 2 44 41_crop_14.png,12840,1,380,324,61.0,4
98,03-01-25 2 44 41_crop_14.png,12841,1,385,313,61.0,4
98,03-01-25 2 44 41_crop_14.png,12842,1,380,304,61.0,4
98,03-01-25 2 44 41_crop_14.png,12843,1,393,304,61.0,4
98,03-01-25 2 44 41_crop_14.png,12844,1,400,304,61.0,4
98,03-01-25 2 44 41_crop_14.png,12845,1,409,304,61.0,4
98,03-01-25 2 44 41_crop_14.png,12846,1,400,296,61.0,4
98,03-01-25 2 44 41_crop_14.png,12847,1,402,289,61.0,4
98,03-01-25 2 44 41_crop_14.png,12848,1,399,282,61.0,4
98,03-01-25 2 44 41_crop_14.png,12849,1,416,285,61.0,4
98,03-01-25 2 44 41_crop_14.png,12850,1,418,277,61.0,4
98,03-01-25 2 44 41_crop_14.png,12851,1,409,276,61.0,4
98,03-01-25 2 44 41_crop_14.png,12852,1,433,283,61.0,4
98,03-01-25 2 44 41_crop_14.png,12853,1,439,276,61.0,4
98,03-01-25 2 44 41_crop_14.png,12854,1,426,271,61.0,4
98,03-01-25 2 44 41_crop_14.png,12855,1,436,263,61.0,4
98,03-01-25 2 44 41_crop_14.png,12856,1,380,284,61.0,4
98,03-01-25 2 44 41_crop_14.png,12857,1,380,274,61.0,4
98,03-01-25 2 44 41_crop_14.png,12858,1,369,259,61.0,4
98,03-01-25 2 44 41_crop_14.png,12859,1,378,257,61.0,4
98,03-01-25 2 44 41_crop_14.png,12860,1,372,252,61.0,4
98,03-01-25 2 44 41_crop_14.png,12861,1,391,265,61.0,4
98,03-01-25 2 44 41_crop_14.png,12862,1,399,272,61.0,4
98,03-01-25 2 44 41_crop_14.png,12863,1,412,258,61.0,4
98,03-01-25 2 44 41_crop_14.png,12864,1,414,251,61.0,4
98,03-01-25 2 44 41_crop_14.png,12865,1,420,264,61.0,4
98,03-01-25 2 44 41_crop_14.png,12866,1,424,259,61.0,4
98,03-01-25 2 44 41_crop_14.png,12867,1,348,223,61.0,4
98,03-01-25 2 44 41_crop_14.png,12868,1,353,228,61.0,4
98,03-01-25 2 44 41_crop_14.png,12869,1,361,222,61.0,4
98,03-01-25 2 44 41_crop_14.png,12870,1,364,201,61.0,4
98,03-01-25 2 44 41_crop_14.png,12871,1,362,212,61.0,4
98,03-01-25 2 44 41_crop_14.png,12872,1,368,224,61.0,4
98,03-01-25 2 44 41_crop_14.png,12873,1,367,234,61.0,4
98,03-01-25 2 44 41_crop_14.png,12874,1,375,235,61.0,4
98,03-01-25 2 44 41_crop_14.png,12875,1,382,242,61.0,4
98,03-01-25 2 44 41_crop_14.png,12876,1,390,242,61.0,4
98,03-01-25 2 44 41_crop_14.png,12877,1,387,252,61.0,4
98,03-01-25 2 44 41_crop_14.png,12878,1,406,242,61.0,4
98,03-01-25 2 44 41_crop_14.png,12879,1,418,241,61.0,4
98,03-01-25 2 44 41_crop_14.png,12880,1,373,208,61.0,4
98,03-01-25 2 44 41_crop_14.png,12881,1,375,216,61.0,4
98,03-01-25 2 44 41_crop_14.png,12882,1,388,215,61.0,4
98,03-01-25 2 44 41_crop_14.png,12883,1,383,208,61.0,4
98,03-01-25 2 44 41_crop_14.png,12884,1,391,201,61.0,4
98,03-01-25 2 44 41_crop_14.png,12885,1,405,199,61.0,4
98,03-01-25 2 44 41_crop_14.png,12886,1,439,182,61.0,4
98,03-01-25 2 44 41_crop_14.png,12887,1,444,188,61.0,4
98,03-01-25 2 44 41_crop_14.png,12888,1,396,223,61.0,4
98,03-01-25 2 44 41_crop_14.png,12889,1,399,231,61.0,4
98,03-01-25 2 44 41_crop_14.png,12890,1,410,226,61.0,4
98,03-01-25 2 44 41_crop_14.png,12891,1,412,214,61.0,4
98,03-01-25 2 44 41_crop_14.png,12892,1,417,209,61.0,4
98,03-01-25 2 44 41_crop_14.png,12893,1,419,199,61.0,4
98,03-01-25 2 44 41_crop_14.png,12894,1,430,192,61.0,4
98,03-01-25 2 44 41_crop_14.png,12895,1,435,196,61.0,4
98,03-01-25 2 44 41_crop_14.png,12896,1,444,201,61.0,4
98,03-01-25 2 44 41_crop_14.png,12897,1,452,205,61.0,4
98,03-01-25 2 44 41_crop_14.png,12898,1,485,211,61.0,4
98,03-01-25 2 44 41_crop_14.png,12899,1,472,203,61.0,4
98,03-01-25 2 44 41_crop_14.png,12900,1,464,207,61.0,4
98,03-01-25 2 44 41_crop_14.png,12901,1,472,215,61.0,4
98,03-01-25 2 44 41_crop_14.png,12902,1,434,208,61.0,4
98,03-01-25 2 44 41_crop_14.png,12903,1,425,211,61.0,4
98,03-01-25 2 44 41_crop_14.png,12904,1,419,215,61.0,4
98,03-01-25 2 44 41_crop_14.png,12905,1,427,222,61.0,4
98,03-01-25 2 44 41_crop_14.png,12906,1,427,235,61.0,4
98,03-01-25 2 44 41_crop_14.png,12907,1,444,214,61.0,4
98,03-01-25 2 44 41_crop_14.png,12908,1,456,221,61.0,4
98,03-01-25 2 44 41_crop_14.png,12909,1,472,225,61.0,4
98,03-01-25 2 44 41_crop_14.png,12910,1,479,246,61.0,4
98,03-01-25 2 44 41_crop_14.png,12911,1,472,242,61.0,4
98,03-01-25 2 44 41_crop_14.png,12912,1,464,240,61.0,4
98,03-01-25 2 44 41_crop_14.png,12913,1,461,235,61.0,4
98,03-01-25 2 44 41_crop_14.png,12914,1,455,236,61.0,4
98,03-01-25 2 44 41_crop_14.png,12915,1,453,244,61.0,4
98,03-01-25 2 44 41_crop_14.png,12916,1,439,253,61.0,4
98,03-01-25 2 44 41_crop_14.png,12917,1,432,246,61.0,4
98,03-01-25 2 44 41_crop_14.png,12918,1,441,242,61.0,4
98,03-01-25 2 44 41_crop_14.png,12919,1,437,233,61.0,4
98,03-01-25 2 44 41_crop_14.png,12920,1,443,228,61.0,4
98,03-01-25 2 44 41_crop_14.png,12921,1,444,223,61.0,4
98,03-01-25 2 44 41_crop_14.png,12922,1,448,235,61.0,4
98,03-01-25 2 44 41_crop_14.png,12923,1,62,16,61.0,4
98,03-01-25 2 44 41_crop_14.png,12924,1,4,5,58.0,4
98,03-01-25 2 44 41_crop_14.png,12925,1,14,11,61.0,4
98,03-01-25 2 44 41_crop_14.png,12926,1,25,13,61.0,4
98,03-01-25 2 44 41_crop_14.png,12927,1,32,16,61.0,4
98,03-01-25 2 44 41_crop_14.png,12928,1,15,21,61.0,4
98,03-01-25 2 44 41_crop_14.png,12929,1,26,24,61.0,4
98,03-01-25 2 44 41_crop_14.png,12930,1,21,33,61.0,4
98,03-01-25 2 44 41_crop_14.png,12931,1,37,31,61.0,4
98,03-01-25 2 44 41_crop_14.png,12932,1,56,29,61.0,4
98,03-01-25 2 44 41_crop_14.png,12933,1,4,42,58.0,4
98,03-01-25 2 44 41_crop_14.png,12934,1,16,49,61.0,4
98,03-01-25 2 44 41_crop_14.png,12935,1,24,44,61.0,4
98,03-01-25 2 44 41_crop_14.png,12936,1,31,45,61.0,4
98,03-01-25 2 44 41_crop_14.png,12937,1,36,49,61.0,4
98,03-01-25 2 44 41_crop_14.png,12938,1,15,55,61.0,4
98,03-01-25 2 44 41_crop_14.png,12939,1,7,57,61.0,4
98,03-01-25 2 44 41_crop_14.png,12940,1,17,63,61.0,4
98,03-01-25 2 44 41_crop_14.png,12941,1,9,69,61.0,4
98,03-01-25 2 44 41_crop_14.png,12942,1,25,57,61.0,4
98,03-01-25 2 44 41_crop_14.png,12943,1,30,73,61.0,4
98,03-01-25 2 44 41_crop_14.png,12944,1,18,79,61.0,4
98,03-01-25 2 44 41_crop_14.png,12945,1,25,90,61.0,4
98,03-01-25 2 44 41_crop_14.png,12946,1,7,91,61.0,4
98,03-01-25 2 44 41_crop_14.png,12947,1,43,70,61.0,4
98,03-01-25 2 44 41_crop_14.png,12948,1,41,76,61.0,4
98,03-01-25 2 44 41_crop_14.png,12949,1,53,64,61.0,4
98,03-01-25 2 44 41_crop_14.png,12950,1,40,2,49.5,3
98,03-01-25 2 44 41_crop_14.png,12951,1,62,23,61.0,4
98,03-01-25 2 44 41_crop_14.png,12952,1,70,30,61.0,4
98,03-01-25 2 44 41_crop_14.png,12953,1,66,38,61.0,4
98,03-01-25 2 44 41_crop_14.png,12954,1,71,46,61.0,4
98,03-01-25 2 44 41_crop_14.png,12955,1,66,54,61.0,4
98,03-01-25 2 44 41_crop_14.png,12956,1,66,61,61.0,4
98,03-01-25 2 44 41_crop_14.png,12957,1,81,10,61.0,4
98,03-01-25 2 44 41_crop_14.png,12958,1,85,15,61.0,4
98,03-01-25 2 44 41_crop_14.png,12959,1,85,22,61.0,4
98,03-01-25 2 44 41_crop_14.png,12960,1,79,31,61.0,4
98,03-01-25 2 44 41_crop_14.png,12961,1,92,5,61.0,4
98,03-01-25 2 44 41_crop_14.png,12962,1,91,14,61.0,4
98,03-01-25 2 44 41_crop_14.png,12963,1,103,12,61.0,4
98,03-01-25 2 44 41_crop_14.png,12964,1,111,8,61.0,4
98,03-01-25 2 44 41_crop_14.png,12965,1,119,21,61.0,4
98,03-01-25 2 44 41_crop_14.png,12966,1,124,14,61.0,4
98,03-01-25 2 44 41_crop_14.png,12967,1,132,17,61.0,4
98,03-01-25 2 44 41_crop_14.png,12968,1,135,8,61.0,4
98,03-01-25 2 44 41_crop_14.png,12969,1,147,10,61.0,4
98,03-01-25 2 44 41_crop_14.png,12970,1,157,6,61.0,4
98,03-01-25 2 44 41_crop_14.png,12971,1,171,3,56.5,4
98,03-01-25 2 44 41_crop_14.png,12972,1,177,6,61.0,4
98,03-01-25 2 44 41_crop_14.png,12973,1,187,8,61.0,4
98,03-01-25 2 44 41_crop_14.png,12974,1,195,3,56.5,4
98,03-01-25 2 44 41_crop_14.png,12975,1,3,104,53.0,4
98,03-01-25 2 44 41_crop_14.png,12976,1,8,111,61.0,4
98,03-01-25 2 44 41_crop_14.png,12977,1,15,98,61.0,4
98,03-01-25 2 44 41_crop_14.png,12978,1,25,106,61.0,4
98,03-01-25 2 44 41_crop_14.png,12979,1,40,90,61.0,4
98,03-01-25 2 44 41_crop_14.png,12980,1,40,96,61.0,4
98,03-01-25 2 44 41_crop_14.png,12981,1,35,119,61.0,4
98,03-01-25 2 44 41_crop_14.png,12982,1,20,117,61.0,4
98,03-01-25 2 44 41_crop_14.png,12983,1,14,129,61.0,4
98,03-01-25 2 44 41_crop_14.png,12984,1,5,122,61.0,4
98,03-01-25 2 44 41_crop_14.png,12985,1,26,126,61.0,4
98,03-01-25 2 44 41_crop_14.png,12986,1,20,137,61.0,4
98,03-01-25 2 44 41_crop_14.png,12987,1,28,137,61.0,4
98,03-01-25 2 44 41_crop_14.png,12988,1,12,150,61.0,4
98,03-01-25 2 44 41_crop_14.png,12989,1,16,156,61.0,4
98,03-01-25 2 44 41_crop_14.png,12990,1,17,169,61.0,4
98,03-01-25 2 44 41_crop_14.png,12991,1,31,162,61.0,4
98,03-01-25 2 44 41_crop_14.png,12992,1,14,183,61.0,4
98,03-01-25 2 44 41_crop_14.png,12993,1,27,185,61.0,4
98,03-01-25 2 44 41_crop_14.png,12994,1,17,197,61.0,4
98,03-01-25 2 44 41_crop_14.png,12995,1,10,206,61.0,4
98,03-01-25 2 44 41_crop_14.png,12996,1,10,218,61.0,4
98,03-01-25 2 44 41_crop_14.png,12997,1,12,225,61.0,4
98,03-01-25 2 44 41_crop_14.png,12998,1,7,233,61.0,4
98,03-01-25 2 44 41_crop_14.png,12999,1,12,235,61.0,4
98,03-01-25 2 44 41_crop_14.png,13000,1,23,220,61.0,4
98,03-01-25 2 44 41_crop_14.png,13001,1,30,212,61.0,4
98,03-01-25 2 44 41_crop_14.png,13002,1,36,203,61.0,4
98,03-01-25 2 44 41_crop_14.png,13003,1,44,210,61.0,4
98,03-01-25 2 44 41_crop_14.png,13004,1,38,214,61.0,4
98,03-01-25 2 44 41_crop_14.png,13005,1,37,223,61.0,4
98,03-01-25 2 44 41_crop_14.png,13006,1,30,228,61.0,4
98,03-01-25 2 44 41_crop_14.png,13007,1,39,233,61.0,4
98,03-01-25 2 44 41_crop_14.png,13008,1,27,240,61.0,4
98,03-01-25 2 44 41_crop_14.png,13009,1,27,251,61.0,4
98,03-01-25 2 44 41_crop_14.png,13010,1,16,256,61.0,4
98,03-01-25 2 44 41_crop_14.png,13011,1,5,268,61.0,4
98,03-01-25 2 44 41_crop_14.png,13012,1,14,276,61.0,4
98,03-01-25 2 44 41_crop_14.png,13013,1,8,278,61.0,4
98,03-01-25 2 44 41_crop_14.png,13014,1,27,269,61.0,4
98,03-01-25 2 44 41_crop_14.png,13015,1,27,285,61.0,4
98,03-01-25 2 44 41_crop_14.png,13016,1,18,290,61.0,4
98,03-01-25 2 44 41_crop_14.png,13017,1,10,287,61.0,4
98,03-01-25 2 44 41_crop_14.png,13018,1,9,296,61.0,4
98,03-01-25 2 44 41_crop_14.png,13019,1,16,298,61.0,4
98,03-01-25 2 44 41_crop_14.png,13020,1,30,296,61.0,4
98,03-01-25 2 44 41_crop_14.png,13021,1,25,304,61.0,4
98,03-01-25 2 44 41_crop_14.png,13022,1,19,311,61.0,4
98,03-01-25 2 44 41_crop_14.png,13023,1,5,312,61.0,4
98,03-01-25 2 44 41_crop_14.png,13024,1,9,324,61.0,4
98,03-01-25 2 44 41_crop_14.png,13025,1,25,324,61.0,4
98,03-01-25 2 44 41_crop_14.png,13026,1,31,318,61.0,4
98,03-01-25 2 44 41_crop_14.png,13027,1,16,339,61.0,4
98,03-01-25 2 44 41_crop_14.png,13028,1,5,345,61.0,4
98,03-01-25 2 44 41_crop_14.png,13029,1,16,347,61.0,4
98,03-01-25 2 44 41_crop_14.png,13030,1,23,350,61.0,4
98,03-01-25 2 44 41_crop_14.png,13031,1,34,338,61.0,4
98,03-01-25 2 44 41_crop_14.png,13032,1,42,343,61.0,4
98,03-01-25 2 44 41_crop_14.png,13033,1,39,350,61.0,4
98,03-01-25 2 44 41_crop_14.png,13034,1,34,362,61.0,4
98,03-01-25 2 44 41_crop_14.png,13035,1,41,365,61.0,4
98,03-01-25 2 44 41_crop_14.png,13036,1,29,369,61.0,4
98,03-01-25 2 44 41_crop_14.png,13037,1,23,371,61.0,4
98,03-01-25 2 44 41_crop_14.png,13038,1,14,363,61.0,4
98,03-01-25 2 44 41_crop_14.png,13039,1,8,371,61.0,4
98,03-01-25 2 44 41_crop_14.png,13040,1,9,380,61.0,4
98,03-01-25 2 44 41_crop_14.png,13041,1,15,388,61.0,4
98,03-01-25 2 44 41_crop_14.png,13042,1,24,389,61.0,4
98,03-01-25 2 44 41_crop_14.png,13043,1,29,382,61.0,4
98,03-01-25 2 44 41_crop_14.png,13044,1,38,379,61.0,4
98,03-01-25 2 44 41_crop_14.png,13045,1,48,377,61.0,4
98,03-01-25 2 44 41_crop_14.png,13046,1,45,395,61.0,4
98,03-01-25 2 44 41_crop_14.png,13047,1,34,399,61.0,4
98,03-01-25 2 44 41_crop_14.png,13048,1,38,406,61.0,4
98,03-01-25 2 44 41_crop_14.png,13049,1,44,408,61.0,4
98,03-01-25 2 44 41_crop_14.png,13050,1,29,403,61.0,4
98,03-01-25 2 44 41_crop_14.png,13051,1,32,410,61.0,4
98,03-01-25 2 44 41_crop_14.png,13052,1,8,399,61.0,4
98,03-01-25 2 44 41_crop_14.png,13053,1,17,400,61.0,4
98,03-01-25 2 44 41_crop_14.png,13054,1,10,409,61.0,4
98,03-01-25 2 44 41_crop_14.png,13055,1,18,410,61.0,4
98,03-01-25 2 44 41_crop_14.png,13056,1,16,420,61.0,4
98,03-01-25 2 44 41_crop_14.png,13057,1,5,427,61.0,4
98,03-01-25 2 44 41_crop_14.png,13058,1,16,437,61.0,4
98,03-01-25 2 44 41_crop_14.png,13059,1,26,427,61.0,4
98,03-01-25 2 44 41_crop_14.png,13060,1,36,424,61.0,4
98,03-01-25 2 44 41_crop_14.png,13061,1,40,434,61.0,4
98,03-01-25 2 44 41_crop_14.png,13062,1,33,435,61.0,4
98,03-01-25 2 44 41_crop_14.png,13063,1,27,442,61.0,4
98,03-01-25 2 44 41_crop_14.png,13064,1,11,448,61.0,4
98,03-01-25 2 44 41_crop_14.png,13065,1,3,449,53.0,4
98,03-01-25 2 44 41_crop_14.png,13066,1,29,451,61.0,4
98,03-01-25 2 44 41_crop_14.png,13067,1,18,454,61.0,4
98,03-01-25 2 44 41_crop_14.png,13068,1,31,458,61.0,4
98,03-01-25 2 44 41_crop_14.png,13069,1,23,461,61.0,4
98,03-01-25 2 44 41_crop_14.png,13070,1,29,463,61.0,4
98,03-01-25 2 44 41_crop_14.png,13071,1,37,462,61.0,4
98,03-01-25 2 44 41_crop_14.png,13072,1,43,464,61.0,4
98,03-01-25 2 44 41_crop_14.png,13073,1,28,471,61.0,4
98,03-01-25 2 44 41_crop_14.png,13074,1,18,481,61.0,4
98,03-01-25 2 44 41_crop_14.png,13075,1,20,499,61.0,4
98,03-01-25 2 44 41_crop_14.png,13076,1,30,498,61.0,4
98,03-01-25 2 44 41_crop_14.png,13077,1,34,485,61.0,4
98,03-01-25 2 44 41_crop_14.png,13078,1,33,492,61.0,4
98,03-01-25 2 44 41_crop_14.png,13079,1,40,493,61.0,4
98,03-01-25 2 44 41_crop_14.png,13080,1,44,493,61.0,4
98,03-01-25 2 44 41_crop_14.png,13081,1,45,488,61.0,4
98,03-01-25 2 44 41_crop_14.png,13082,1,38,474,61.0,4
98,03-01-25 2 44 41_crop_14.png,13083,1,44,477,61.0,4
98,03-01-25 2 44 41_crop_14.png,13084,1,50,474,61.0,4
98,03-01-25 2 44 41_crop_14.png,13085,1,59,474,61.0,4
98,03-01-25 2 44 41_crop_14.png,13086,1,26,507,61.0,4
98,03-01-25 2 44 41_crop_14.png,13087,1,33,509,30.5,3
98,03-01-25 2 44 41_crop_14.png,13088,1,54,502,61.0,4
98,03-01-25 2 44 41_crop_14.png,13089,1,61,498,61.0,4
98,03-01-25 2 44 41_crop_14.png,13090,1,62,488,61.0,4
98,03-01-25 2 44 41_crop_14.png,13091,1,53,487,61.0,4
98,03-01-25 2 44 41_crop_14.png,13092,1,70,483,61.0,4
98,03-01-25 2 44 41_crop_14.png,13093,1,79,483,61.0,4
98,03-01-25 2 44 41_crop_14.png,13094,1,74,498,61.0,4
98,03-01-25 2 44 41_crop_14.png,13095,1,69,505,61.0,4
98,03-01-25 2 44 41_crop_14.png,13096,1,84,498,61.0,4
98,03-01-25 2 44 41_crop_14.png,13097,1,86,492,61.0,4
98,03-01-25 2 44 41_crop_14.png,13098,1,90,486,61.0,4
98,03-01-25 2 44 41_crop_14.png,13099,1,87,475,61.0,4
98,03-01-25 2 44 41_crop_14.png,13100,1,73,468,61.0,4
98,03-01-25 2 44 41_crop_14.png,13101,1,54,461,61.0,4
98,03-01-25 2 44 41_crop_14.png,13102,1,44,453,61.0,4
98,03-01-25 2 44 41_crop_14.png,13103,1,42,444,61.0,4
98,03-01-25 2 44 41_crop_14.png,13104,1,55,448,61.0,4
98,03-01-25 2 44 41_crop_14.png,13105,1,61,443,61.0,4
98,03-01-25 2 44 41_crop_14.png,13106,1,50,434,61.0,4
98,03-01-25 2 44 41_crop_14.png,13107,1,100,487,61.0,4
98,03-01-25 2 44 41_crop_14.png,13108,1,110,476,61.0,4
98,03-01-25 2 44 41_crop_14.png,13109,1,96,497,61.0,4
98,03-01-25 2 44 41_crop_14.png,13110,1,96,504,61.0,4
98,03-01-25 2 44 41_crop_14.png,13111,1,102,509,30.5,3
98,03-01-25 2 44 41_crop_14.png,13112,1,109,502,61.0,4
98,03-01-25 2 44 41_crop_14.png,13113,1,113,507,61.0,4
98,03-01-25 2 44 41_crop_14.png,13114,1,124,504,61.0,4
98,03-01-25 2 44 41_crop_14.png,13115,1,125,484,61.0,4
98,03-01-25 2 44 41_crop_14.png,13116,1,128,475,61.0,4
98,03-01-25 2 44 41_crop_14.png,13117,1,145,494,61.0,4
98,03-01-25 2 44 41_crop_14.png,13118,1,139,499,61.0,4
98,03-01-25 2 44 41_crop_14.png,13119,1,139,508,49.5,3
98,03-01-25 2 44 41_crop_14.png,13120,1,160,502,61.0,4
98,03-01-25 2 44 41_crop_14.png,13121,1,171,507,61.0,4
98,03-01-25 2 44 41_crop_14.png,13122,1,171,507,61.0,4
98,03-01-25 2 44 41_crop_14.png,13123,1,166,497,61.0,4
98,03-01-25 2 44 41_crop_14.png,13124,1,167,489,61.0,4
98,03-01-25 2 44 41_crop_14.png,13125,1,157,483,61.0,4
98,03-01-25 2 44 41_crop_14.png,13126,1,156,473,61.0,4
98,03-01-25 2 44 41_crop_14.png,13127,1,146,472,61.0,4
98,03-01-25 2 44 41_crop_14.png,13128,1,140,467,61.0,4
98,03-01-25 2 44 41_crop_14.png,13129,1,152,461,61.0,4
98,03-01-25 2 44 41_crop_14.png,13130,1,131,462,61.0,4
98,03-01-25 2 44 41_crop_14.png,13131,1,56,91,61.0,4
98,03-01-25 2 44 41_crop_14.png,13132,1,61,97,61.0,4
98,03-01-25 2 44 41_crop_14.png,13133,1,48,108,61.0,4
98,03-01-25 2 44 41_crop_14.png,13134,1,57,115,61.0,4
98,03-01-25 2 44 41_crop_14.png,13135,1,61,122,61.0,4
98,03-01-25 2 44 41_crop_14.png,13136,1,45,125,61.0,4
98,03-01-25 2 44 41_crop_14.png,13137,1,63,138,61.0,4
98,03-01-25 2 44 41_crop_14.png,13138,1,72,139,61.0,4
98,03-01-25 2 44 41_crop_14.png,13139,1,52,145,61.0,4
98,03-01-25 2 44 41_crop_14.png,13140,1,54,150,61.0,4
98,03-01-25 2 44 41_crop_14.png,13141,1,43,149,61.0,4
98,03-01-25 2 44 41_crop_14.png,13142,1,47,166,61.0,4
98,03-01-25 2 44 41_crop_14.png,13143,1,55,177,61.0,4
98,03-01-25 2 44 41_crop_14.png,13144,1,62,174,61.0,4
98,03-01-25 2 44 41_crop_14.png,13145,1,45,182,61.0,4
98,03-01-25 2 44 41_crop_14.png,13146,1,42,186,61.0,4
98,03-01-25 2 44 41_crop_14.png,13147,1,52,189,61.0,4
98,03-01-25 2 44 41_crop_14.png,13148,1,61,185,61.0,4
98,03-01-25 2 44 41_crop_14.png,13149,1,70,189,61.0,4
98,03-01-25 2 44 41_crop_14.png,13150,1,66,194,61.0,4
98,03-01-25 2 44 41_crop_14.png,13151,1,56,195,61.0,4
98,03-01-25 2 44 41_crop_14.png,13152,1,49,198,61.0,4
98,03-01-25 2 44 41_crop_14.png,13153,1,55,205,61.0,4
98,03-01-25 2 44 41_crop_14.png,13154,1,70,202,61.0,4
98,03-01-25 2 44 41_crop_14.png,13155,1,53,214,61.0,4
98,03-01-25 2 44 41_crop_14.png,13156,1,50,219,61.0,4
98,03-01-25 2 44 41_crop_14.png,13157,1,60,215,61.0,4
98,03-01-25 2 44 41_crop_14.png,13158,1,67,216,61.0,4
98,03-01-25 2 44 41_crop_14.png,13159,1,75,213,61.0,4
98,03-01-25 2 44 41_crop_14.png,13160,1,59,222,61.0,4
98,03-01-25 2 44 41_crop_14.png,13161,1,49,229,61.0,4
98,03-01-25 2 44 41_crop_14.png,13162,1,45,238,61.0,4
98,03-01-25 2 44 41_crop_14.png,13163,1,51,242,61.0,4
98,03-01-25 2 44 41_crop_14.png,13164,1,55,235,61.0,4
98,03-01-25 2 44 41_crop_14.png,13165,1,61,230,61.0,4
98,03-01-25 2 44 41_crop_14.png,13166,1,69,227,61.0,4
98,03-01-25 2 44 41_crop_14.png,13167,1,79,225,61.0,4
98,03-01-25 2 44 41_crop_14.png,13168,1,88,231,61.0,4
98,03-01-25 2 44 41_crop_14.png,13169,1,74,239,61.0,4
98,03-01-25 2 44 41_crop_14.png,13170,1,60,242,61.0,4
98,03-01-25 2 44 41_crop_14.png,13171,1,64,251,61.0,4
98,03-01-25 2 44 41_crop_14.png,13172,1,37,249,61.0,4
98,03-01-25 2 44 41_crop_14.png,13173,1,37,259,61.0,4
98,03-01-25 2 44 41_crop_14.png,13174,1,43,256,61.0,4
98,03-01-25 2 44 41_crop_14.png,13175,1,48,261,61.0,4
98,03-01-25 2 44 41_crop_14.png,13176,1,54,259,61.0,4
98,03-01-25 2 44 41_crop_14.png,13177,1,55,254,61.0,4
98,03-01-25 2 44 41_crop_14.png,13178,1,48,270,61.0,4
98,03-01-25 2 44 41_crop_14.png,13179,1,39,280,61.0,4
98,03-01-25 2 44 41_crop_14.png,13180,1,42,290,61.0,4
98,03-01-25 2 44 41_crop_14.png,13181,1,51,283,61.0,4
98,03-01-25 2 44 41_crop_14.png,13182,1,50,293,61.0,4
98,03-01-25 2 44 41_crop_14.png,13183,1,47,300,61.0,4
98,03-01-25 2 44 41_crop_14.png,13184,1,41,305,61.0,4
98,03-01-25 2 44 41_crop_14.png,13185,1,47,311,61.0,4
98,03-01-25 2 44 41_crop_14.png,13186,1,58,294,61.0,4
98,03-01-25 2 44 41_crop_14.png,13187,1,69,282,61.0,4
98,03-01-25 2 44 41_crop_14.png,13188,1,61,273,61.0,4
98,03-01-25 2 44 41_crop_14.png,13189,1,63,267,61.0,4
98,03-01-25 2 44 41_crop_14.png,13190,1,70,262,61.0,4
98,03-01-25 2 44 41_crop_14.png,13191,1,72,257,61.0,4
98,03-01-25 2 44 41_crop_14.png,13192,1,79,253,61.0,4
98,03-01-25 2 44 41_crop_14.png,13193,1,85,245,61.0,4
98,03-01-25 2 44 41_crop_14.png,13194,1,87,254,61.0,4
98,03-01-25 2 44 41_crop_14.png,13195,1,97,252,61.0,4
98,03-01-25 2 44 41_crop_14.png,13196,1,94,260,61.0,4
98,03-01-25 2 44 41_crop_14.png,13197,1,90,261,61.0,4
98,03-01-25 2 44 41_crop_14.png,13198,1,82,264,61.0,4
98,03-01-25 2 44 41_crop_14.png,13199,1,75,272,61.0,4
98,03-01-25 2 44 41_crop_14.png,13200,1,87,282,61.0,4
98,03-01-25 2 44 41_crop_14.png,13201,1,97,273,61.0,4
98,03-01-25 2 44 41_crop_14.png,13202,1,79,285,61.0,4
98,03-01-25 2 44 41_crop_14.png,13203,1,72,294,61.0,4
98,03-01-25 2 44 41_crop_14.png,13204,1,70,303,61.0,4
98,03-01-25 2 44 41_crop_14.png,13205,1,61,305,61.0,4
98,03-01-25 2 44 41_crop_14.png,13206,1,67,314,61.0,4
98,03-01-25 2 44 41_crop_14.png,13207,1,69,326,61.0,4
98,03-01-25 2 44 41_crop_14.png,13208,1,59,325,61.0,4
98,03-01-25 2 44 41_crop_14.png,13209,1,44,330,61.0,4
98,03-01-25 2 44 41_crop_14.png,13210,1,50,336,61.0,4
98,03-01-25 2 44 41_crop_14.png,13211,1,49,345,61.0,4
98,03-01-25 2 44 41_crop_14.png,13212,1,52,351,61.0,4
98,03-01-25 2 44 41_crop_14.png,13213,1,56,343,61.0,4
98,03-01-25 2 44 41_crop_14.png,13214,1,60,338,61.0,4
98,03-01-25 2 44 41_crop_14.png,13215,1,65,352,61.0,4
98,03-01-25 2 44 41_crop_14.png,13216,1,58,356,61.0,4
98,03-01-25 2 44 41_crop_14.png,13217,1,69,360,61.0,4
98,03-01-25 2 44 41_crop_14.png,13218,1,74,357,61.0,4
98,03-01-25 2 44 41_crop_14.png,13219,1,78,366,61.0,4
98,03-01-25 2 44 41_crop_14.png,13220,1,61,379,61.0,4
98,03-01-25 2 44 41_crop_14.png,13221,1,72,379,61.0,4
98,03-01-25 2 44 41_crop_14.png,13222,1,65,389,61.0,4
98,03-01-25 2 44 41_crop_14.png,13223,1,74,395,61.0,4
98,03-01-25 2 44 41_crop_14.png,13224,1,65,405,61.0,4
98,03-01-25 2 44 41_crop_14.png,13225,1,57,414,61.0,4
98,03-01-25 2 44 41_crop_14.png,13226,1,60,426,61.0,4
98,03-01-25 2 44 41_crop_14.png,13227,1,69,430,61.0,4
98,03-01-25 2 44 41_crop_14.png,13228,1,76,426,61.0,4
98,03-01-25 2 44 41_crop_14.png,13229,1,70,439,61.0,4
98,03-01-25 2 44 41_crop_14.png,13230,1,73,447,61.0,4
98,03-01-25 2 44 41_crop_14.png,13231,1,69,454,61.0,4
98,03-01-25 2 44 41_crop_14.png,13232,1,157,15,61.0,4
98,03-01-25 2 44 41_crop_14.png,13233,1,163,13,61.0,4
98,03-01-25 2 44 41_crop_14.png,13234,1,150,20,61.0,4
98,03-01-25 2 44 41_crop_14.png,13235,1,160,25,61.0,4
98,03-01-25 2 44 41_crop_14.png,13236,1,168,19,61.0,4
98,03-01-25 2 44 41_crop_14.png,13237,1,176,17,61.0,4
98,03-01-25 2 44 41_crop_14.png,13238,1,205,6,61.0,4
98,03-01-25 2 44 41_crop_14.png,13239,1,220,3,56.5,4
98,03-01-25 2 44 41_crop_14.png,13240,1,232,5,61.0,4
98,03-01-25 2 44 41_crop_14.png,13241,1,226,11,61.0,4
98,03-01-25 2 44 41_crop_14.png,13242,1,237,13,61.0,4
98,03-01-25 2 44 41_crop_14.png,13243,1,232,20,61.0,4
98,03-01-25 2 44 41_crop_14.png,13244,1,215,21,61.0,4
98,03-01-25 2 44 41_crop_14.png,13245,1,201,17,61.0,4
98,03-01-25 2 44 41_crop_14.png,13246,1,193,21,61.0,4
98,03-01-25 2 44 41_crop_14.png,13247,1,198,24,61.0,4
98,03-01-25 2 44 41_crop_14.png,13248,1,199,31,61.0,4
98,03-01-25 2 44 41_crop_14.png,13249,1,209,27,61.0,4
98,03-01-25 2 44 41_crop_14.png,13250,1,97,28,61.0,4
98,03-01-25 2 44 41_crop_14.png,13251,1,83,43,61.0,4
98,03-01-25 2 44 41_crop_14.png,13252,1,93,41,61.0,4
98,03-01-25 2 44 41_crop_14.png,13253,1,103,37,61.0,4
98,03-01-25 2 44 41_crop_14.png,13254,1,109,40,61.0,4
98,03-01-25 2 44 41_crop_14.png,13255,1,116,42,61.0,4
98,03-01-25 2 44 41_crop_14.png,13256,1,122,38,61.0,4
98,03-01-25 2 44 41_crop_14.png,13257,1,137,25,61.0,4
98,03-01-25 2 44 41_crop_14.png,13258,1,145,34,61.0,4
98,03-01-25 2 44 41_crop_14.png,13259,1,153,33,61.0,4
98,03-01-25 2 44 41_crop_14.png,13260,1,162,35,61.0,4
98,03-01-25 2 44 41_crop_14.png,13261,1,172,30,61.0,4
98,03-01-25 2 44 41_crop_14.png,13262,1,169,41,61.0,4
98,03-01-25 2 44 41_crop_14.png,13263,1,141,40,61.0,4
98,03-01-25 2 44 41_crop_14.png,13264,1,142,48,61.0,4
98,03-01-25 2 44 41_crop_14.png,13265,1,155,47,61.0,4
98,03-01-25 2 44 41_crop_14.png,13266,1,163,52,61.0,4
98,03-01-25 2 44 41_crop_14.png,13267,1,154,58,61.0,4
98,03-01-25 2 44 41_crop_14.png,13268,1,180,44,61.0,4
98,03-01-25 2 44 41_crop_14.png,13269,1,187,37,61.0,4
98,03-01-25 2 44 41_crop_14.png,13270,1,201,42,61.0,4
98,03-01-25 2 44 41_crop_14.png,13271,1,210,39,61.0,4
98,03-01-25 2 44 41_crop_14.png,13272,1,216,44,61.0,4
98,03-01-25 2 44 41_crop_14.png,13273,1,229,34,61.0,4
98,03-01-25 2 44 41_crop_14.png,13274,1,225,50,61.0,4
98,03-01-25 2 44 41_crop_14.png,13275,1,234,46,61.0,4
98,03-01-25 2 44 41_crop_14.png,13276,1,233,53,61.0,4
98,03-01-25 2 44 41_crop_14.png,13277,1,238,51,61.0,4
98,03-01-25 2 44 41_crop_14.png,13278,1,250,49,61.0,4
98,03-01-25 2 44 41_crop_14.png,13279,1,247,55,61.0,4
98,03-01-25 2 44 41_crop_14.png,13280,1,255,56,61.0,4
98,03-01-25 2 44 41_crop_14.png,13281,1,249,5,61.0,4
98,03-01-25 2 44 41_crop_14.png,13282,1,254,11,61.0,4
98,03-01-25 2 44 41_crop_14.png,13283,1,262,9,61.0,4
98,03-01-25 2 44 41_crop_14.png,13284,1,260,2,40.5,3
98,03-01-25 2 44 41_crop_14.png,13285,1,271,13,61.0,4
98,03-01-25 2 44 41_crop_14.png,13286,1,290,2,49.5,3
98,03-01-25 2 44 41_crop_14.png,13287,1,298,9,61.0,4
98,03-01-25 2 44 41_crop_14.png,13288,1,313,2,49.5,3
98,03-01-25 2 44 41_crop_14.png,13289,1,326,10,61.0,4
98,03-01-25 2 44 41_crop_14.png,13290,1,323,14,61.0,4
98,03-01-25 2 44 41_crop_14.png,13291,1,319,15,61.0,4
98,03-01-25 2 44 41_crop_14.png,13292,1,331,2,40.5,3
98,03-01-25 2 44 41_crop_14.png,13293,1,345,2,40.5,3
98,03-01-25 2 44 41_crop_14.png,13294,1,353,8,61.0,4
98,03-01-25 2 44 41_crop_14.png,13295,1,362,7,61.0,4
98,03-01-25 2 44 41_crop_14.png,13296,1,379,13,61.0,4
98,03-01-25 2 44 41_crop_14.png,13297,1,388,9,61.0,4
98,03-01-25 2 44 41_crop_14.png,13298,1,388,16,61.0,4
98,03-01-25 2 44 41_crop_14.png,13299,1,385,22,61.0,4
98,03-01-25 2 44 41_crop_14.png,13300,1,379,22,61.0,4
98,03-01-25 2 44 41_crop_14.png,13301,1,369,25,61.0,4
98,03-01-25 2 44 41_crop_14.png,13302,1,358,20,61.0,4
98,03-01-25 2 44 41_crop_14.png,13303,1,311,21,61.0,4
98,03-01-25 2 44 41_crop_14.png,13304,1,301,28,61.0,4
98,03-01-25 2 44 41_crop_14.png,13305,1,288,25,61.0,4
98,03-01-25 2 44 41_crop_14.png,13306,1,280,25,61.0,4
98,03-01-25 2 44 41_crop_14.png,13307,1,269,23,61.0,4
98,03-01-25 2 44 41_crop_14.png,13308,1,249,22,61.0,4
98,03-01-25 2 44 41_crop_14.png,13309,1,247,36,61.0,4
98,03-01-25 2 44 41_crop_14.png,13310,1,268,40,61.0,4
98,03-01-25 2 44 41_crop_14.png,13311,1,275,47,61.0,4
98,03-01-25 2 44 41_crop_14.png,13312,1,284,39,61.0,4
98,03-01-25 2 44 41_crop_14.png,13313,1,310,41,61.0,4
98,03-01-25 2 44 41_crop_14.png,13314,1,325,48,61.0,4
98,03-01-25 2 44 41_crop_14.png,13315,1,337,33,61.0,4
98,03-01-25 2 44 41_crop_14.png,13316,1,340,44,61.0,4
98,03-01-25 2 44 41_crop_14.png,13317,1,349,41,61.0,4
98,03-01-25 2 44 41_crop_14.png,13318,1,349,48,61.0,4
98,03-01-25 2 44 41_crop_14.png,13319,1,358,34,61.0,4
98,03-01-25 2 44 41_crop_14.png,13320,1,377,34,61.0,4
98,03-01-25 2 44 41_crop_14.png,13321,1,369,40,61.0,4
98,03-01-25 2 44 41_crop_14.png,13322,1,379,46,61.0,4
98,03-01-25 2 44 41_crop_14.png,13323,1,388,36,61.0,4
98,03-01-25 2 44 41_crop_14.png,13324,1,396,43,61.0,4
98,03-01-25 2 44 41_crop_14.png,13325,1,403,40,61.0,4
98,03-01-25 2 44 41_crop_14.png,13326,1,410,38,61.0,4
98,03-01-25 2 44 41_crop_14.png,13327,1,398,25,61.0,4
98,03-01-25 2 44 41_crop_14.png,13328,1,408,19,61.0,4
98,03-01-25 2 44 41_crop_14.png,13329,1,416,17,61.0,4
98,03-01-25 2 44 41_crop_14.png,13330,1,417,8,61.0,4
98,03-01-25 2 44 41_crop_14.png,13331,1,429,13,61.0,4
98,03-01-25 2 44 41_crop_14.png,13332,1,427,25,61.0,4
98,03-01-25 2 44 41_crop_14.png,13333,1,438,16,61.0,4
98,03-01-25 2 44 41_crop_14.png,13334,1,447,22,61.0,4
98,03-01-25 2 44 41_crop_14.png,13335,1,455,15,61.0,4
98,03-01-25 2 44 41_crop_14.png,13336,1,454,8,61.0,4
98,03-01-25 2 44 41_crop_14.png,13337,1,445,9,61.0,4
98,03-01-25 2 44 41_crop_14.png,13338,1,470,13,61.0,4
98,03-01-25 2 44 41_crop_14.png,13339,1,466,20,61.0,4
98,03-01-25 2 44 41_crop_14.png,13340,1,484,14,61.0,4
98,03-01-25 2 44 41_crop_14.png,13341,1,491,10,61.0,4
98,03-01-25 2 44 41_crop_14.png,13342,1,500,10,61.0,4
98,03-01-25 2 44 41_crop_14.png,13343,1,507,8,52.0,4
98,03-01-25 2 44 41_crop_14.png,13344,1,506,22,58.0,4
98,03-01-25 2 44 41_crop_14.png,13345,1,493,20,61.0,4
98,03-01-25 2 44 41_crop_14.png,13346,1,497,27,61.0,4
98,03-01-25 2 44 41_crop_14.png,13347,1,480,25,61.0,4
98,03-01-25 2 44 41_crop_14.png,13348,1,488,32,61.0,4
98,03-01-25 2 44 41_crop_14.png,13349,1,487,39,61.0,4
98,03-01-25 2 44 41_crop_14.png,13350,1,499,38,61.0,4
98,03-01-25 2 44 41_crop_14.png,13351,1,500,46,61.0,4
98,03-01-25 2 44 41_crop_14.png,13352,1,506,48,58.0,4
99,03-01-25 2 44 41_crop_15.png,13353,1,84,492,61.0,4
99,03-01-25 2 44 41_crop_15.png,13354,1,254,403,61.0,4
99,03-01-25 2 44 41_crop_15.png,13355,1,255,410,61.0,4
99,03-01-25 2 44 41_crop_15.png,13356,1,259,418,61.0,4
99,03-01-25 2 44 41_crop_15.png,13357,1,265,423,61.0,4
99,03-01-25 2 44 41_crop_15.png,13358,1,260,430,61.0,4
99,03-01-25 2 44 41_crop_15.png,13359,1,272,421,61.0,4
99,03-01-25 2 44 41_crop_15.png,13360,1,281,413,61.0,4
99,03-01-25 2 44 41_crop_15.png,13361,1,278,428,61.0,4
99,03-01-25 2 44 41_crop_15.png,13362,1,286,426,61.0,4
99,03-01-25 2 44 41_crop_15.png,13363,1,291,420,61.0,4
99,03-01-25 2 44 41_crop_15.png,13364,1,294,427,61.0,4
99,03-01-25 2 44 41_crop_15.png,13365,1,298,436,61.0,4
99,03-01-25 2 44 41_crop_15.png,13366,1,3,495,48.0,3
99,03-01-25 2 44 41_crop_15.png,13367,1,10,495,61.0,4
99,03-01-25 2 44 41_crop_15.png,13368,1,24,502,61.0,4
99,03-01-25 2 44 41_crop_15.png,13369,1,16,508,49.5,3
99,03-01-25 2 44 41_crop_15.png,13370,1,6,508,49.5,3
99,03-01-25 2 44 41_crop_15.png,13371,1,25,2,40.5,3
99,03-01-25 2 44 41_crop_15.png,13372,1,29,10,61.0,4
99,03-01-25 2 44 41_crop_15.png,13373,1,38,10,61.0,4
99,03-01-25 2 44 41_crop_15.png,13374,1,46,9,61.0,4
99,03-01-25 2 44 41_crop_15.png,13375,1,55,7,61.0,4
99,03-01-25 2 44 41_crop_15.png,13376,1,69,12,61.0,4
99,03-01-25 2 44 41_crop_15.png,13377,1,66,24,61.0,4
99,03-01-25 2 44 41_crop_15.png,13378,1,61,21,61.0,4
99,03-01-25 2 44 41_crop_15.png,13379,1,67,33,61.0,4
99,03-01-25 2 44 41_crop_15.png,13380,1,99,24,61.0,4
99,03-01-25 2 44 41_crop_15.png,13381,1,98,11,61.0,4
99,03-01-25 2 44 41_crop_15.png,13382,1,88,19,61.0,4
99,03-01-25 2 44 41_crop_15.png,13383,1,86,8,61.0,4
99,03-01-25 2 44 41_crop_15.png,13384,1,48,23,61.0,4
99,03-01-25 2 44 41_crop_15.png,13385,1,31,18,61.0,4
99,03-01-25 2 44 41_crop_15.png,13386,1,36,27,61.0,4
99,03-01-25 2 44 41_crop_15.png,13387,1,26,31,61.0,4
99,03-01-25 2 44 41_crop_15.png,13388,1,26,38,61.0,4
99,03-01-25 2 44 41_crop_15.png,13389,1,19,25,61.0,4
99,03-01-25 2 44 41_crop_15.png,13390,1,22,14,61.0,4
99,03-01-25 2 44 41_crop_15.png,13391,1,8,12,61.0,4
99,03-01-25 2 44 41_crop_15.png,13392,1,4,20,58.0,4
99,03-01-25 2 44 41_crop_15.png,13393,1,38,38,61.0,4
99,03-01-25 2 44 41_crop_15.png,13394,1,38,45,61.0,4
99,03-01-25 2 44 41_crop_15.png,13395,1,45,48,61.0,4
99,03-01-25 2 44 41_crop_15.png,13396,1,55,38,61.0,4
99,03-01-25 2 44 41_crop_15.png,13397,1,70,44,61.0,4
99,03-01-25 2 44 41_crop_15.png,13398,1,81,39,61.0,4
99,03-01-25 2 44 41_crop_15.png,13399,1,3,35,48.0,3
99,03-01-25 2 44 41_crop_15.png,13400,1,12,44,61.0,4
99,03-01-25 2 44 41_crop_15.png,13401,1,15,51,61.0,4
99,03-01-25 2 44 41_crop_15.png,13402,1,18,58,61.0,4
99,03-01-25 2 44 41_crop_15.png,13403,1,24,51,61.0,4
99,03-01-25 2 44 41_crop_15.png,13404,1,34,54,61.0,4
99,03-01-25 2 44 41_crop_15.png,13405,1,8,53,61.0,4
99,03-01-25 2 44 41_crop_15.png,13406,1,8,70,61.0,4
99,03-01-25 2 44 41_crop_15.png,13407,1,5,81,61.0,4
99,03-01-25 2 44 41_crop_15.png,13408,1,13,76,61.0,4
99,03-01-25 2 44 41_crop_15.png,13409,1,10,93,61.0,4
99,03-01-25 2 44 41_crop_15.png,13410,1,28,88,61.0,4
99,03-01-25 2 44 41_crop_15.png,13411,1,36,85,61.0,4
99,03-01-25 2 44 41_crop_15.png,13412,1,30,72,61.0,4
99,03-01-25 2 44 41_crop_15.png,13413,1,38,68,61.0,4
99,03-01-25 2 44 41_crop_15.png,13414,1,44,78,61.0,4
99,03-01-25 2 44 41_crop_15.png,13415,1,52,85,61.0,4
99,03-01-25 2 44 41_crop_15.png,13416,1,42,91,61.0,4
99,03-01-25 2 44 41_crop_15.png,13417,1,281,487,61.0,4
99,03-01-25 2 44 41_crop_15.png,13418,1,274,487,61.0,4
99,03-01-25 2 44 41_crop_15.png,13419,1,263,481,61.0,4
99,03-01-25 2 44 41_crop_15.png,13420,1,281,471,61.0,4
99,03-01-25 2 44 41_crop_15.png,13421,1,59,126,61.0,4
99,03-01-25 2 44 41_crop_15.png,13422,1,289,468,61.0,4
99,03-01-25 2 44 41_crop_15.png,13423,1,300,465,61.0,4
99,03-01-25 2 44 41_crop_15.png,13424,1,303,472,61.0,4
99,03-01-25 2 44 41_crop_15.png,13425,1,307,481,61.0,4
99,03-01-25 2 44 41_crop_15.png,13426,1,295,488,61.0,4
99,03-01-25 2 44 41_crop_15.png,13427,1,262,498,61.0,4
99,03-01-25 2 44 41_crop_15.png,13428,1,253,496,61.0,4
99,03-01-25 2 44 41_crop_15.png,13429,1,246,494,61.0,4
99,03-01-25 2 44 41_crop_15.png,13430,1,246,486,61.0,4
99,03-01-25 2 44 41_crop_15.png,13431,1,234,488,61.0,4
99,03-01-25 2 44 41_crop_15.png,13432,1,242,472,61.0,4
99,03-01-25 2 44 41_crop_15.png,13433,1,234,471,61.0,4
99,03-01-25 2 44 41_crop_15.png,13434,1,223,480,61.0,4
99,03-01-25 2 44 41_crop_15.png,13435,1,191,481,61.0,4
99,03-01-25 2 44 41_crop_15.png,13436,1,189,487,61.0,4
99,03-01-25 2 44 41_crop_15.png,13437,1,192,499,61.0,4
99,03-01-25 2 44 41_crop_15.png,13438,1,181,507,61.0,4
99,03-01-25 2 44 41_crop_15.png,13439,1,173,508,49.5,3
99,03-01-25 2 44 41_crop_15.png,13440,1,165,503,61.0,4
99,03-01-25 2 44 41_crop_15.png,13441,1,7,105,61.0,4
99,03-01-25 2 44 41_crop_15.png,13442,1,14,106,61.0,4
99,03-01-25 2 44 41_crop_15.png,13443,1,17,113,61.0,4
99,03-01-25 2 44 41_crop_15.png,13444,1,16,119,61.0,4
99,03-01-25 2 44 41_crop_15.png,13445,1,7,115,61.0,4
99,03-01-25 2 44 41_crop_15.png,13446,1,8,124,61.0,4
99,03-01-25 2 44 41_crop_15.png,13447,1,22,103,61.0,4
99,03-01-25 2 44 41_crop_15.png,13448,1,27,96,61.0,4
99,03-01-25 2 44 41_crop_15.png,13449,1,35,102,61.0,4
99,03-01-25 2 44 41_crop_15.png,13450,1,47,106,61.0,4
99,03-01-25 2 44 41_crop_15.png,13451,1,55,99,61.0,4
99,03-01-25 2 44 41_crop_15.png,13452,1,58,92,61.0,4
99,03-01-25 2 44 41_crop_15.png,13453,1,61,83,61.0,4
99,03-01-25 2 44 41_crop_15.png,13454,1,68,89,61.0,4
99,03-01-25 2 44 41_crop_15.png,13455,1,70,75,61.0,4
99,03-01-25 2 44 41_crop_15.png,13456,1,61,66,61.0,4
99,03-01-25 2 44 41_crop_15.png,13457,1,57,59,61.0,4
99,03-01-25 2 44 41_crop_15.png,13458,1,53,64,61.0,4
99,03-01-25 2 44 41_crop_15.png,13459,1,55,72,61.0,4
99,03-01-25 2 44 41_crop_15.png,13460,1,48,70,61.0,4
99,03-01-25 2 44 41_crop_15.png,13461,1,76,63,61.0,4
99,03-01-25 2 44 41_crop_15.png,13462,1,68,53,61.0,4
99,03-01-25 2 44 41_crop_15.png,13463,1,87,55,61.0,4
99,03-01-25 2 44 41_crop_15.png,13464,1,91,35,61.0,4
99,03-01-25 2 44 41_crop_15.png,13465,1,93,45,61.0,4
99,03-01-25 2 44 41_crop_15.png,13466,1,100,50,61.0,4
99,03-01-25 2 44 41_crop_15.png,13467,1,124,31,61.0,4
99,03-01-25 2 44 41_crop_15.png,13468,1,38,113,61.0,4
99,03-01-25 2 44 41_crop_15.png,13469,1,47,118,61.0,4
99,03-01-25 2 44 41_crop_15.png,13470,1,60,113,61.0,4
99,03-01-25 2 44 41_crop_15.png,13471,1,71,126,61.0,4
99,03-01-25 2 44 41_crop_15.png,13472,1,48,129,61.0,4
99,03-01-25 2 44 41_crop_15.png,13473,1,37,123,61.0,4
99,03-01-25 2 44 41_crop_15.png,13474,1,29,128,61.0,4
99,03-01-25 2 44 41_crop_15.png,13475,1,34,139,61.0,4
99,03-01-25 2 44 41_crop_15.png,13476,1,40,133,61.0,4
99,03-01-25 2 44 41_crop_15.png,13477,1,21,137,61.0,4
99,03-01-25 2 44 41_crop_15.png,13478,1,16,144,61.0,4
99,03-01-25 2 44 41_crop_15.png,13479,1,25,146,61.0,4
99,03-01-25 2 44 41_crop_15.png,13480,1,24,157,61.0,4
99,03-01-25 2 44 41_crop_15.png,13481,1,27,165,61.0,4
99,03-01-25 2 44 41_crop_15.png,13482,1,18,158,61.0,4
99,03-01-25 2 44 41_crop_15.png,13483,1,15,168,61.0,4
99,03-01-25 2 44 41_crop_15.png,13484,1,8,173,61.0,4
99,03-01-25 2 44 41_crop_15.png,13485,1,8,162,61.0,4
99,03-01-25 2 44 41_crop_15.png,13486,1,21,190,61.0,4
99,03-01-25 2 44 41_crop_15.png,13487,1,33,177,61.0,4
99,03-01-25 2 44 41_crop_15.png,13488,1,35,195,61.0,4
99,03-01-25 2 44 41_crop_15.png,13489,1,33,203,61.0,4
99,03-01-25 2 44 41_crop_15.png,13490,1,40,205,61.0,4
99,03-01-25 2 44 41_crop_15.png,13491,1,46,201,61.0,4
99,03-01-25 2 44 41_crop_15.png,13492,1,21,210,61.0,4
99,03-01-25 2 44 41_crop_15.png,13493,1,10,203,61.0,4
99,03-01-25 2 44 41_crop_15.png,13494,1,11,214,61.0,4
99,03-01-25 2 44 41_crop_15.png,13495,1,10,224,61.0,4
99,03-01-25 2 44 41_crop_15.png,13496,1,25,221,61.0,4
99,03-01-25 2 44 41_crop_15.png,13497,1,31,218,61.0,4
99,03-01-25 2 44 41_crop_15.png,13498,1,46,218,61.0,4
99,03-01-25 2 44 41_crop_15.png,13499,1,41,226,61.0,4
99,03-01-25 2 44 41_crop_15.png,13500,1,38,234,61.0,4
99,03-01-25 2 44 41_crop_15.png,13501,1,42,241,61.0,4
99,03-01-25 2 44 41_crop_15.png,13502,1,36,240,61.0,4
99,03-01-25 2 44 41_crop_15.png,13503,1,28,242,61.0,4
99,03-01-25 2 44 41_crop_15.png,13504,1,25,248,61.0,4
99,03-01-25 2 44 41_crop_15.png,13505,1,19,246,61.0,4
99,03-01-25 2 44 41_crop_15.png,13506,1,11,241,61.0,4
99,03-01-25 2 44 41_crop_15.png,13507,1,4,241,58.0,4
99,03-01-25 2 44 41_crop_15.png,13508,1,12,249,61.0,4
99,03-01-25 2 44 41_crop_15.png,13509,1,6,257,61.0,4
99,03-01-25 2 44 41_crop_15.png,13510,1,18,254,61.0,4
99,03-01-25 2 44 41_crop_15.png,13511,1,20,262,61.0,4
99,03-01-25 2 44 41_crop_15.png,13512,1,20,269,61.0,4
99,03-01-25 2 44 41_crop_15.png,13513,1,26,265,61.0,4
99,03-01-25 2 44 41_crop_15.png,13514,1,28,255,61.0,4
99,03-01-25 2 44 41_crop_15.png,13515,1,35,256,61.0,4
99,03-01-25 2 44 41_crop_15.png,13516,1,42,253,61.0,4
99,03-01-25 2 44 41_crop_15.png,13517,1,51,255,61.0,4
99,03-01-25 2 44 41_crop_15.png,13518,1,8,273,61.0,4
99,03-01-25 2 44 41_crop_15.png,13519,1,8,283,61.0,4
99,03-01-25 2 44 41_crop_15.png,13520,1,5,292,61.0,4
99,03-01-25 2 44 41_crop_15.png,13521,1,14,296,61.0,4
99,03-01-25 2 44 41_crop_15.png,13522,1,14,304,61.0,4
99,03-01-25 2 44 41_crop_15.png,13523,1,8,311,61.0,4
99,03-01-25 2 44 41_crop_15.png,13524,1,4,319,58.0,4
99,03-01-25 2 44 41_crop_15.png,13525,1,12,317,61.0,4
99,03-01-25 2 44 41_crop_15.png,13526,1,18,315,61.0,4
99,03-01-25 2 44 41_crop_15.png,13527,1,12,326,61.0,4
99,03-01-25 2 44 41_crop_15.png,13528,1,16,322,61.0,4
99,03-01-25 2 44 41_crop_15.png,13529,1,24,324,61.0,4
99,03-01-25 2 44 41_crop_15.png,13530,1,26,333,61.0,4
99,03-01-25 2 44 41_crop_15.png,13531,1,16,338,61.0,4
99,03-01-25 2 44 41_crop_15.png,13532,1,8,339,61.0,4
99,03-01-25 2 44 41_crop_15.png,13533,1,13,346,61.0,4
99,03-01-25 2 44 41_crop_15.png,13534,1,18,349,61.0,4
99,03-01-25 2 44 41_crop_15.png,13535,1,46,270,61.0,4
99,03-01-25 2 44 41_crop_15.png,13536,1,48,280,61.0,4
99,03-01-25 2 44 41_crop_15.png,13537,1,55,276,61.0,4
99,03-01-25 2 44 41_crop_15.png,13538,1,60,281,61.0,4
99,03-01-25 2 44 41_crop_15.png,13539,1,47,288,61.0,4
99,03-01-25 2 44 41_crop_15.png,13540,1,36,281,61.0,4
99,03-01-25 2 44 41_crop_15.png,13541,1,27,282,61.0,4
99,03-01-25 2 44 41_crop_15.png,13542,1,52,293,61.0,4
99,03-01-25 2 44 41_crop_15.png,13543,1,63,291,61.0,4
99,03-01-25 2 44 41_crop_15.png,13544,1,45,304,61.0,4
99,03-01-25 2 44 41_crop_15.png,13545,1,51,309,61.0,4
99,03-01-25 2 44 41_crop_15.png,13546,1,46,315,61.0,4
99,03-01-25 2 44 41_crop_15.png,13547,1,59,313,61.0,4
99,03-01-25 2 44 41_crop_15.png,13548,1,70,308,61.0,4
99,03-01-25 2 44 41_crop_15.png,13549,1,26,302,61.0,4
99,03-01-25 2 44 41_crop_15.png,13550,1,31,312,61.0,4
99,03-01-25 2 44 41_crop_15.png,13551,1,36,320,61.0,4
99,03-01-25 2 44 41_crop_15.png,13552,1,35,329,61.0,4
99,03-01-25 2 44 41_crop_15.png,13553,1,46,327,61.0,4
99,03-01-25 2 44 41_crop_15.png,13554,1,53,329,61.0,4
99,03-01-25 2 44 41_crop_15.png,13555,1,60,323,61.0,4
99,03-01-25 2 44 41_crop_15.png,13556,1,51,336,61.0,4
99,03-01-25 2 44 41_crop_15.png,13557,1,42,339,61.0,4
99,03-01-25 2 44 41_crop_15.png,13558,1,33,341,61.0,4
99,03-01-25 2 44 41_crop_15.png,13559,1,3,354,53.0,4
99,03-01-25 2 44 41_crop_15.png,13560,1,39,351,61.0,4
99,03-01-25 2 44 41_crop_15.png,13561,1,48,357,61.0,4
99,03-01-25 2 44 41_crop_15.png,13562,1,56,354,61.0,4
99,03-01-25 2 44 41_crop_15.png,13563,1,62,350,61.0,4
99,03-01-25 2 44 41_crop_15.png,13564,1,58,343,61.0,4
99,03-01-25 2 44 41_crop_15.png,13565,1,63,338,61.0,4
99,03-01-25 2 44 41_crop_15.png,13566,1,72,336,61.0,4
99,03-01-25 2 44 41_crop_15.png,13567,1,71,322,61.0,4
99,03-01-25 2 44 41_crop_15.png,13568,1,57,367,61.0,4
99,03-01-25 2 44 41_crop_15.png,13569,1,48,371,61.0,4
99,03-01-25 2 44 41_crop_15.png,13570,1,39,365,61.0,4
99,03-01-25 2 44 41_crop_15.png,13571,1,20,367,61.0,4
99,03-01-25 2 44 41_crop_15.png,13572,1,12,367,61.0,4
99,03-01-25 2 44 41_crop_15.png,13573,1,18,386,61.0,4
99,03-01-25 2 44 41_crop_15.png,13574,1,29,382,61.0,4
99,03-01-25 2 44 41_crop_15.png,13575,1,33,390,61.0,4
99,03-01-25 2 44 41_crop_15.png,13576,1,44,381,61.0,4
99,03-01-25 2 44 41_crop_15.png,13577,1,57,377,61.0,4
99,03-01-25 2 44 41_crop_15.png,13578,1,59,388,61.0,4
99,03-01-25 2 44 41_crop_15.png,13579,1,52,394,61.0,4
99,03-01-25 2 44 41_crop_15.png,13580,1,42,402,61.0,4
99,03-01-25 2 44 41_crop_15.png,13581,1,30,408,61.0,4
99,03-01-25 2 44 41_crop_15.png,13582,1,18,395,61.0,4
99,03-01-25 2 44 41_crop_15.png,13583,1,12,412,61.0,4
99,03-01-25 2 44 41_crop_15.png,13584,1,10,424,61.0,4
99,03-01-25 2 44 41_crop_15.png,13585,1,5,427,61.0,4
99,03-01-25 2 44 41_crop_15.png,13586,1,4,438,58.0,4
99,03-01-25 2 44 41_crop_15.png,13587,1,21,437,61.0,4
99,03-01-25 2 44 41_crop_15.png,13588,1,28,444,61.0,4
99,03-01-25 2 44 41_crop_15.png,13589,1,35,435,61.0,4
99,03-01-25 2 44 41_crop_15.png,13590,1,46,429,61.0,4
99,03-01-25 2 44 41_crop_15.png,13591,1,40,418,61.0,4
99,03-01-25 2 44 41_crop_15.png,13592,1,52,415,61.0,4
99,03-01-25 2 44 41_crop_15.png,13593,1,5,452,61.0,4
99,03-01-25 2 44 41_crop_15.png,13594,1,5,459,61.0,4
99,03-01-25 2 44 41_crop_15.png,13595,1,18,450,61.0,4
99,03-01-25 2 44 41_crop_15.png,13596,1,26,456,61.0,4
99,03-01-25 2 44 41_crop_15.png,13597,1,37,464,61.0,4
99,03-01-25 2 44 41_crop_15.png,13598,1,25,468,61.0,4
99,03-01-25 2 44 41_crop_15.png,13599,1,8,474,61.0,4
99,03-01-25 2 44 41_crop_15.png,13600,1,15,479,61.0,4
99,03-01-25 2 44 41_crop_15.png,13601,1,7,485,61.0,4
99,03-01-25 2 44 41_crop_15.png,13602,1,25,484,61.0,4
99,03-01-25 2 44 41_crop_15.png,13603,1,38,481,61.0,4
99,03-01-25 2 44 41_crop_15.png,13604,1,39,489,61.0,4
99,03-01-25 2 44 41_crop_15.png,13605,1,36,506,61.0,4
99,03-01-25 2 44 41_crop_15.png,13606,1,44,505,61.0,4
99,03-01-25 2 44 41_crop_15.png,13607,1,53,500,61.0,4
99,03-01-25 2 44 41_crop_15.png,13608,1,56,508,49.5,3
99,03-01-25 2 44 41_crop_15.png,13609,1,64,497,61.0,4
99,03-01-25 2 44 41_crop_15.png,13610,1,57,491,61.0,4
99,03-01-25 2 44 41_crop_15.png,13611,1,51,485,61.0,4
99,03-01-25 2 44 41_crop_15.png,13612,1,59,483,61.0,4
99,03-01-25 2 44 41_crop_15.png,13613,1,61,478,61.0,4
99,03-01-25 2 44 41_crop_15.png,13614,1,59,471,61.0,4
99,03-01-25 2 44 41_crop_15.png,13615,1,65,467,61.0,4
99,03-01-25 2 44 41_crop_15.png,13616,1,52,456,61.0,4
99,03-01-25 2 44 41_crop_15.png,13617,1,55,447,61.0,4
99,03-01-25 2 44 41_crop_15.png,13618,1,61,438,61.0,4
99,03-01-25 2 44 41_crop_15.png,13619,1,60,425,61.0,4
99,03-01-25 2 44 41_crop_15.png,13620,1,66,427,61.0,4
99,03-01-25 2 44 41_crop_15.png,13621,1,63,415,61.0,4
99,03-01-25 2 44 41_crop_15.png,13622,1,70,419,61.0,4
99,03-01-25 2 44 41_crop_15.png,13623,1,77,422,61.0,4
99,03-01-25 2 44 41_crop_15.png,13624,1,76,429,61.0,4
99,03-01-25 2 44 41_crop_15.png,13625,1,83,436,61.0,4
99,03-01-25 2 44 41_crop_15.png,13626,1,73,447,61.0,4
99,03-01-25 2 44 41_crop_15.png,13627,1,76,451,61.0,4
99,03-01-25 2 44 41_crop_15.png,13628,1,81,451,61.0,4
99,03-01-25 2 44 41_crop_15.png,13629,1,86,452,61.0,4
99,03-01-25 2 44 41_crop_15.png,13630,1,87,445,61.0,4
99,03-01-25 2 44 41_crop_15.png,13631,1,87,464,61.0,4
99,03-01-25 2 44 41_crop_15.png,13632,1,76,465,61.0,4
99,03-01-25 2 44 41_crop_15.png,13633,1,82,474,61.0,4
99,03-01-25 2 44 41_crop_15.png,13634,1,75,479,61.0,4
99,03-01-25 2 44 41_crop_15.png,13635,1,80,483,61.0,4
99,03-01-25 2 44 41_crop_15.png,13636,1,70,484,61.0,4
99,03-01-25 2 44 41_crop_15.png,13637,1,72,489,61.0,4
99,03-01-25 2 44 41_crop_15.png,13638,1,70,504,61.0,4
99,03-01-25 2 44 41_crop_15.png,13639,1,77,504,61.0,4
99,03-01-25 2 44 41_crop_15.png,13640,1,92,499,61.0,4
99,03-01-25 2 44 41_crop_15.png,13641,1,89,507,61.0,4
99,03-01-25 2 44 41_crop_15.png,13642,1,99,497,61.0,4
99,03-01-25 2 44 41_crop_15.png,13643,1,102,493,61.0,4
99,03-01-25 2 44 41_crop_15.png,13644,1,96,489,61.0,4
99,03-01-25 2 44 41_crop_15.png,13645,1,94,484,61.0,4
99,03-01-25 2 44 41_crop_15.png,13646,1,103,479,61.0,4
99,03-01-25 2 44 41_crop_15.png,13647,1,109,474,61.0,4
99,03-01-25 2 44 41_crop_15.png,13648,1,116,477,61.0,4
99,03-01-25 2 44 41_crop_15.png,13649,1,119,470,61.0,4
99,03-01-25 2 44 41_crop_15.png,13650,1,113,485,61.0,4
99,03-01-25 2 44 41_crop_15.png,13651,1,127,487,61.0,4
99,03-01-25 2 44 41_crop_15.png,13652,1,128,479,61.0,4
99,03-01-25 2 44 41_crop_15.png,13653,1,138,481,61.0,4
99,03-01-25 2 44 41_crop_15.png,13654,1,145,491,61.0,4
99,03-01-25 2 44 41_crop_15.png,13655,1,139,496,61.0,4
99,03-01-25 2 44 41_crop_15.png,13656,1,134,500,61.0,4
99,03-01-25 2 44 41_crop_15.png,13657,1,112,500,61.0,4
99,03-01-25 2 44 41_crop_15.png,13658,1,115,507,61.0,4
99,03-01-25 2 44 41_crop_15.png,13659,1,105,505,61.0,4
99,03-01-25 2 44 41_crop_15.png,13660,1,147,503,61.0,4
99,03-01-25 2 44 41_crop_15.png,13661,1,152,498,61.0,4
99,03-01-25 2 44 41_crop_15.png,13662,1,159,487,61.0,4
99,03-01-25 2 44 41_crop_15.png,13663,1,159,483,61.0,4
99,03-01-25 2 44 41_crop_15.png,13664,1,153,479,61.0,4
99,03-01-25 2 44 41_crop_15.png,13665,1,162,474,61.0,4
99,03-01-25 2 44 41_crop_15.png,13666,1,171,478,61.0,4
99,03-01-25 2 44 41_crop_15.png,13667,1,167,486,61.0,4
99,03-01-25 2 44 41_crop_15.png,13668,1,179,483,61.0,4
99,03-01-25 2 44 41_crop_15.png,13669,1,111,20,61.0,4
99,03-01-25 2 44 41_crop_15.png,13670,1,120,17,61.0,4
99,03-01-25 2 44 41_crop_15.png,13671,1,128,16,61.0,4
99,03-01-25 2 44 41_crop_15.png,13672,1,172,16,61.0,4
99,03-01-25 2 44 41_crop_15.png,13673,1,162,17,61.0,4
99,03-01-25 2 44 41_crop_15.png,13674,1,151,17,61.0,4
99,03-01-25 2 44 41_crop_15.png,13675,1,143,24,61.0,4
99,03-01-25 2 44 41_crop_15.png,13676,1,135,46,61.0,4
99,03-01-25 2 44 41_crop_15.png,13677,1,141,51,61.0,4
99,03-01-25 2 44 41_crop_15.png,13678,1,148,50,61.0,4
99,03-01-25 2 44 41_crop_15.png,13679,1,151,59,61.0,4
99,03-01-25 2 44 41_crop_15.png,13680,1,145,66,61.0,4
99,03-01-25 2 44 41_crop_15.png,13681,1,154,67,61.0,4
99,03-01-25 2 44 41_crop_15.png,13682,1,163,75,61.0,4
99,03-01-25 2 44 41_crop_15.png,13683,1,171,81,61.0,4
99,03-01-25 2 44 41_crop_15.png,13684,1,181,79,61.0,4
99,03-01-25 2 44 41_crop_15.png,13685,1,179,85,61.0,4
99,03-01-25 2 44 41_crop_15.png,13686,1,174,85,61.0,4
99,03-01-25 2 44 41_crop_15.png,13687,1,182,92,61.0,4
99,03-01-25 2 44 41_crop_15.png,13688,1,194,82,61.0,4
99,03-01-25 2 44 41_crop_15.png,13689,1,204,75,61.0,4
99,03-01-25 2 44 41_crop_15.png,13690,1,216,74,61.0,4
99,03-01-25 2 44 41_crop_15.png,13691,1,217,79,61.0,4
99,03-01-25 2 44 41_crop_15.png,13692,1,290,195,61.0,4
99,03-01-25 2 44 41_crop_15.png,13693,1,288,209,61.0,4
99,03-01-25 2 44 41_crop_15.png,13694,1,292,217,61.0,4
99,03-01-25 2 44 41_crop_15.png,13695,1,267,207,61.0,4
99,03-01-25 2 44 41_crop_15.png,13696,1,260,195,61.0,4
99,03-01-25 2 44 41_crop_15.png,13697,1,248,201,61.0,4
99,03-01-25 2 44 41_crop_15.png,13698,1,250,172,61.0,4
99,03-01-25 2 44 41_crop_15.png,13699,1,244,181,61.0,4
99,03-01-25 2 44 41_crop_15.png,13700,1,223,149,61.0,4
99,03-01-25 2 44 41_crop_15.png,13701,1,218,136,61.0,4
99,03-01-25 2 44 41_crop_15.png,13702,1,208,134,61.0,4
99,03-01-25 2 44 41_crop_15.png,13703,1,205,144,61.0,4
99,03-01-25 2 44 41_crop_15.png,13704,1,210,155,61.0,4
99,03-01-25 2 44 41_crop_15.png,13705,1,211,164,61.0,4
99,03-01-25 2 44 41_crop_15.png,13706,1,186,111,61.0,4
99,03-01-25 2 44 41_crop_15.png,13707,1,190,98,61.0,4
99,03-01-25 2 44 41_crop_15.png,13708,1,159,81,61.0,4
99,03-01-25 2 44 41_crop_15.png,13709,1,114,66,61.0,4
99,03-01-25 2 44 41_crop_15.png,13710,1,124,70,61.0,4
99,03-01-25 2 44 41_crop_15.png,13711,1,115,51,61.0,4
99,03-01-25 2 44 41_crop_15.png,13712,1,137,84,61.0,4
99,03-01-25 2 44 41_crop_15.png,13713,1,142,88,61.0,4
99,03-01-25 2 44 41_crop_15.png,13714,1,132,90,61.0,4
99,03-01-25 2 44 41_crop_15.png,13715,1,123,85,61.0,4
99,03-01-25 2 44 41_crop_15.png,13716,1,106,78,61.0,4
99,03-01-25 2 44 41_crop_15.png,13717,1,96,69,61.0,4
99,03-01-25 2 44 41_crop_15.png,13718,1,85,82,61.0,4
99,03-01-25 2 44 41_crop_15.png,13719,1,86,96,61.0,4
99,03-01-25 2 44 41_crop_15.png,13720,1,81,98,61.0,4
99,03-01-25 2 44 41_crop_15.png,13721,1,90,100,61.0,4
99,03-01-25 2 44 41_crop_15.png,13722,1,114,96,61.0,4
99,03-01-25 2 44 41_crop_15.png,13723,1,120,96,61.0,4
99,03-01-25 2 44 41_crop_15.png,13724,1,107,105,61.0,4
99,03-01-25 2 44 41_crop_15.png,13725,1,104,111,61.0,4
99,03-01-25 2 44 41_crop_15.png,13726,1,105,119,61.0,4
99,03-01-25 2 44 41_crop_15.png,13727,1,101,126,61.0,4
99,03-01-25 2 44 41_crop_15.png,13728,1,94,119,61.0,4
99,03-01-25 2 44 41_crop_15.png,13729,1,76,117,61.0,4
99,03-01-25 2 44 41_crop_15.png,13730,1,89,125,61.0,4
99,03-01-25 2 44 41_crop_15.png,13731,1,93,132,61.0,4
99,03-01-25 2 44 41_crop_15.png,13732,1,97,137,61.0,4
99,03-01-25 2 44 41_crop_15.png,13733,1,86,133,61.0,4
99,03-01-25 2 44 41_crop_15.png,13734,1,106,144,61.0,4
99,03-01-25 2 44 41_crop_15.png,13735,1,115,126,61.0,4
99,03-01-25 2 44 41_crop_15.png,13736,1,122,120,61.0,4
99,03-01-25 2 44 41_crop_15.png,13737,1,129,113,61.0,4
99,03-01-25 2 44 41_crop_15.png,13738,1,137,108,61.0,4
99,03-01-25 2 44 41_crop_15.png,13739,1,148,109,61.0,4
99,03-01-25 2 44 41_crop_15.png,13740,1,154,103,61.0,4
99,03-01-25 2 44 41_crop_15.png,13741,1,158,113,61.0,4
99,03-01-25 2 44 41_crop_15.png,13742,1,167,113,61.0,4
99,03-01-25 2 44 41_crop_15.png,13743,1,167,123,61.0,4
99,03-01-25 2 44 41_crop_15.png,13744,1,175,117,61.0,4
99,03-01-25 2 44 41_crop_15.png,13745,1,179,126,61.0,4
99,03-01-25 2 44 41_crop_15.png,13746,1,212,93,61.0,4
99,03-01-25 2 44 41_crop_15.png,13747,1,188,124,61.0,4
99,03-01-25 2 44 41_crop_15.png,13748,1,190,137,61.0,4
99,03-01-25 2 44 41_crop_15.png,13749,1,196,152,61.0,4
99,03-01-25 2 44 41_crop_15.png,13750,1,196,161,61.0,4
99,03-01-25 2 44 41_crop_15.png,13751,1,196,170,61.0,4
99,03-01-25 2 44 41_crop_15.png,13752,1,220,169,61.0,4
99,03-01-25 2 44 41_crop_15.png,13753,1,221,178,61.0,4
99,03-01-25 2 44 41_crop_15.png,13754,1,233,184,61.0,4
99,03-01-25 2 44 41_crop_15.png,13755,1,238,190,61.0,4
99,03-01-25 2 44 41_crop_15.png,13756,1,219,191,61.0,4
99,03-01-25 2 44 41_crop_15.png,13757,1,227,202,61.0,4
99,03-01-25 2 44 41_crop_15.png,13758,1,231,217,61.0,4
99,03-01-25 2 44 41_crop_15.png,13759,1,246,214,61.0,4
99,03-01-25 2 44 41_crop_15.png,13760,1,248,227,61.0,4
99,03-01-25 2 44 41_crop_15.png,13761,1,258,216,61.0,4
99,03-01-25 2 44 41_crop_15.png,13762,1,266,220,61.0,4
99,03-01-25 2 44 41_crop_15.png,13763,1,261,229,61.0,4
99,03-01-25 2 44 41_crop_15.png,13764,1,275,224,61.0,4
99,03-01-25 2 44 41_crop_15.png,13765,1,279,238,61.0,4
99,03-01-25 2 44 41_crop_15.png,13766,1,285,233,61.0,4
99,03-01-25 2 44 41_crop_15.png,13767,1,453,505,61.0,4
99,03-01-25 2 44 41_crop_15.png,13768,1,441,505,61.0,4
99,03-01-25 2 44 41_crop_15.png,13769,1,410,426,61.0,4
99,03-01-25 2 44 41_crop_15.png,13770,1,403,414,61.0,4
99,03-01-25 2 44 41_crop_15.png,13771,1,400,408,61.0,4
99,03-01-25 2 44 41_crop_15.png,13772,1,400,403,61.0,4
99,03-01-25 2 44 41_crop_15.png,13773,1,403,390,61.0,4
99,03-01-25 2 44 41_crop_15.png,13774,1,404,380,61.0,4
99,03-01-25 2 44 41_crop_15.png,13775,1,409,323,61.0,4
99,03-01-25 2 44 41_crop_15.png,13776,1,401,301,61.0,4
99,03-01-25 2 44 41_crop_15.png,13777,1,411,283,61.0,4
99,03-01-25 2 44 41_crop_15.png,13778,1,403,283,61.0,4
99,03-01-25 2 44 41_crop_15.png,13779,1,405,267,61.0,4
99,03-01-25 2 44 41_crop_15.png,13780,1,386,293,61.0,4
99,03-01-25 2 44 41_crop_15.png,13781,1,380,296,61.0,4
99,03-01-25 2 44 41_crop_15.png,13782,1,367,315,61.0,4
99,03-01-25 2 44 41_crop_15.png,13783,1,321,289,61.0,4
99,03-01-25 2 44 41_crop_15.png,13784,1,329,290,61.0,4
99,03-01-25 2 44 41_crop_15.png,13785,1,355,244,61.0,4
99,03-01-25 2 44 41_crop_15.png,13786,1,347,244,61.0,4
99,03-01-25 2 44 41_crop_15.png,13787,1,328,256,61.0,4
99,03-01-25 2 44 41_crop_15.png,13788,1,324,265,61.0,4
99,03-01-25 2 44 41_crop_15.png,13789,1,322,246,61.0,4
99,03-01-25 2 44 41_crop_15.png,13790,1,311,233,61.0,4
99,03-01-25 2 44 41_crop_15.png,13791,1,298,233,61.0,4
99,03-01-25 2 44 41_crop_15.png,13792,1,298,240,61.0,4
99,03-01-25 2 44 41_crop_15.png,13793,1,305,239,61.0,4
99,03-01-25 2 44 41_crop_15.png,13794,1,311,244,61.0,4
99,03-01-25 2 44 41_crop_15.png,13795,1,330,274,61.0,4
99,03-01-25 2 44 41_crop_15.png,13796,1,341,274,61.0,4
99,03-01-25 2 44 41_crop_15.png,13797,1,343,283,61.0,4
99,03-01-25 2 44 41_crop_15.png,13798,1,341,290,61.0,4
99,03-01-25 2 44 41_crop_15.png,13799,1,334,298,61.0,4
99,03-01-25 2 44 41_crop_15.png,13800,1,328,304,61.0,4
99,03-01-25 2 44 41_crop_15.png,13801,1,323,300,61.0,4
99,03-01-25 2 44 41_crop_15.png,13802,1,316,307,61.0,4
99,03-01-25 2 44 41_crop_15.png,13803,1,308,304,61.0,4
99,03-01-25 2 44 41_crop_15.png,13804,1,298,298,61.0,4
99,03-01-25 2 44 41_crop_15.png,13805,1,299,288,61.0,4
99,03-01-25 2 44 41_crop_15.png,13806,1,299,274,61.0,4
99,03-01-25 2 44 41_crop_15.png,13807,1,303,270,61.0,4
99,03-01-25 2 44 41_crop_15.png,13808,1,285,274,61.0,4
99,03-01-25 2 44 41_crop_15.png,13809,1,286,287,61.0,4
99,03-01-25 2 44 41_crop_15.png,13810,1,287,294,61.0,4
99,03-01-25 2 44 41_crop_15.png,13811,1,322,328,61.0,4
99,03-01-25 2 44 41_crop_15.png,13812,1,305,326,61.0,4
99,03-01-25 2 44 41_crop_15.png,13813,1,301,333,61.0,4
99,03-01-25 2 44 41_crop_15.png,13814,1,311,337,61.0,4
99,03-01-25 2 44 41_crop_15.png,13815,1,319,338,61.0,4
99,03-01-25 2 44 41_crop_15.png,13816,1,325,346,61.0,4
99,03-01-25 2 44 41_crop_15.png,13817,1,327,352,61.0,4
99,03-01-25 2 44 41_crop_15.png,13818,1,328,361,61.0,4
99,03-01-25 2 44 41_crop_15.png,13819,1,359,381,61.0,4
99,03-01-25 2 44 41_crop_15.png,13820,1,346,378,61.0,4
99,03-01-25 2 44 41_crop_15.png,13821,1,384,415,61.0,4
99,03-01-25 2 44 41_crop_15.png,13822,1,381,401,61.0,4
99,03-01-25 2 44 41_crop_15.png,13823,1,366,397,61.0,4
99,03-01-25 2 44 41_crop_15.png,13824,1,362,406,61.0,4
99,03-01-25 2 44 41_crop_15.png,13825,1,341,397,61.0,4
99,03-01-25 2 44 41_crop_15.png,13826,1,326,385,61.0,4
99,03-01-25 2 44 41_crop_15.png,13827,1,325,376,61.0,4
99,03-01-25 2 44 41_crop_15.png,13828,1,322,405,61.0,4
99,03-01-25 2 44 41_crop_15.png,13829,1,311,395,61.0,4
99,03-01-25 2 44 41_crop_15.png,13830,1,319,391,61.0,4
99,03-01-25 2 44 41_crop_15.png,13831,1,412,494,61.0,4
99,03-01-25 2 44 41_crop_15.png,13832,1,373,445,61.0,4
99,03-01-25 2 44 41_crop_15.png,13833,1,385,447,61.0,4
99,03-01-25 2 44 41_crop_15.png,13834,1,382,455,61.0,4
99,03-01-25 2 44 41_crop_15.png,13835,1,408,440,61.0,4
99,03-01-25 2 44 41_crop_15.png,13836,1,405,431,61.0,4
99,03-01-25 2 44 41_crop_15.png,13837,1,393,421,61.0,4
99,03-01-25 2 44 41_crop_15.png,13838,1,386,436,61.0,4
99,03-01-25 2 44 41_crop_15.png,13839,1,381,426,61.0,4
99,03-01-25 2 44 41_crop_15.png,13840,1,373,414,61.0,4
99,03-01-25 2 44 41_crop_15.png,13841,1,371,424,61.0,4
99,03-01-25 2 44 41_crop_15.png,13842,1,373,437,61.0,4
99,03-01-25 2 44 41_crop_15.png,13843,1,362,429,61.0,4
99,03-01-25 2 44 41_crop_15.png,13844,1,362,438,61.0,4
99,03-01-25 2 44 41_crop_15.png,13845,1,365,451,61.0,4
99,03-01-25 2 44 41_crop_15.png,13846,1,356,461,61.0,4
99,03-01-25 2 44 41_crop_15.png,13847,1,377,466,61.0,4
99,03-01-25 2 44 41_crop_15.png,13848,1,366,474,61.0,4
99,03-01-25 2 44 41_crop_15.png,13849,1,357,485,61.0,4
99,03-01-25 2 44 41_crop_15.png,13850,1,350,467,61.0,4
99,03-01-25 2 44 41_crop_15.png,13851,1,337,472,61.0,4
99,03-01-25 2 44 41_crop_15.png,13852,1,344,483,61.0,4
99,03-01-25 2 44 41_crop_15.png,13853,1,347,500,61.0,4
99,03-01-25 2 44 41_crop_15.png,13854,1,337,502,61.0,4
99,03-01-25 2 44 41_crop_15.png,13855,1,339,493,61.0,4
99,03-01-25 2 44 41_crop_15.png,13856,1,328,492,61.0,4
99,03-01-25 2 44 41_crop_15.png,13857,1,319,500,61.0,4
99,03-01-25 2 44 41_crop_15.png,13858,1,328,500,61.0,4
99,03-01-25 2 44 41_crop_15.png,13859,1,332,508,49.5,3
99,03-01-25 2 44 41_crop_15.png,13860,1,305,502,61.0,4
99,03-01-25 2 44 41_crop_15.png,13861,1,289,502,61.0,4
99,03-01-25 2 44 41_crop_15.png,13862,1,271,500,61.0,4
99,03-01-25 2 44 41_crop_15.png,13863,1,319,481,61.0,4
99,03-01-25 2 44 41_crop_15.png,13864,1,326,477,61.0,4
99,03-01-25 2 44 41_crop_15.png,13865,1,327,468,61.0,4
99,03-01-25 2 44 41_crop_15.png,13866,1,330,457,61.0,4
99,03-01-25 2 44 41_crop_15.png,13867,1,339,460,61.0,4
99,03-01-25 2 44 41_crop_15.png,13868,1,345,445,61.0,4
99,03-01-25 2 44 41_crop_15.png,13869,1,345,434,61.0,4
99,03-01-25 2 44 41_crop_15.png,13870,1,344,418,61.0,4
99,03-01-25 2 44 41_crop_15.png,13871,1,330,421,61.0,4
99,03-01-25 2 44 41_crop_15.png,13872,1,338,431,61.0,4
99,03-01-25 2 44 41_crop_15.png,13873,1,332,441,61.0,4
99,03-01-25 2 44 41_crop_15.png,13874,1,324,431,61.0,4
99,03-01-25 2 44 41_crop_15.png,13875,1,315,437,61.0,4
99,03-01-25 2 44 41_crop_15.png,13876,1,317,451,61.0,4
99,03-01-25 2 44 41_crop_15.png,13877,1,306,451,61.0,4
99,03-01-25 2 44 41_crop_15.png,13878,1,307,441,61.0,4
99,03-01-25 2 44 41_crop_15.png,13879,1,294,451,61.0,4
99,03-01-25 2 44 41_crop_15.png,13880,1,285,454,61.0,4
99,03-01-25 2 44 41_crop_15.png,13881,1,272,458,61.0,4
99,03-01-25 2 44 41_crop_15.png,13882,1,276,452,61.0,4
99,03-01-25 2 44 41_crop_15.png,13883,1,282,442,61.0,4
99,03-01-25 2 44 41_crop_15.png,13884,1,274,444,61.0,4
99,03-01-25 2 44 41_crop_15.png,13885,1,272,435,61.0,4
99,03-01-25 2 44 41_crop_15.png,13886,1,265,436,61.0,4
99,03-01-25 2 44 41_crop_15.png,13887,1,262,443,61.0,4
99,03-01-25 2 44 41_crop_15.png,13888,1,265,449,61.0,4
99,03-01-25 2 44 41_crop_15.png,13889,1,255,452,61.0,4
99,03-01-25 2 44 41_crop_15.png,13890,1,257,462,61.0,4
99,03-01-25 2 44 41_crop_15.png,13891,1,246,459,61.0,4
99,03-01-25 2 44 41_crop_15.png,13892,1,246,449,61.0,4
99,03-01-25 2 44 41_crop_15.png,13893,1,236,455,61.0,4
99,03-01-25 2 44 41_crop_15.png,13894,1,226,457,61.0,4
99,03-01-25 2 44 41_crop_15.png,13895,1,218,461,61.0,4
99,03-01-25 2 44 41_crop_15.png,13896,1,72,137,61.0,4
99,03-01-25 2 44 41_crop_15.png,13897,1,79,143,61.0,4
99,03-01-25 2 44 41_crop_15.png,13898,1,86,144,61.0,4
99,03-01-25 2 44 41_crop_15.png,13899,1,89,150,61.0,4
99,03-01-25 2 44 41_crop_15.png,13900,1,95,152,61.0,4
99,03-01-25 2 44 41_crop_15.png,13901,1,104,156,61.0,4
99,03-01-25 2 44 41_crop_15.png,13902,1,106,163,61.0,4
99,03-01-25 2 44 41_crop_15.png,13903,1,102,172,61.0,4
99,03-01-25 2 44 41_crop_15.png,13904,1,95,165,61.0,4
99,03-01-25 2 44 41_crop_15.png,13905,1,87,165,61.0,4
99,03-01-25 2 44 41_crop_15.png,13906,1,81,156,61.0,4
99,03-01-25 2 44 41_crop_15.png,13907,1,63,147,61.0,4
99,03-01-25 2 44 41_crop_15.png,13908,1,54,144,61.0,4
99,03-01-25 2 44 41_crop_15.png,13909,1,46,154,61.0,4
99,03-01-25 2 44 41_crop_15.png,13910,1,38,156,61.0,4
99,03-01-25 2 44 41_crop_15.png,13911,1,51,160,61.0,4
99,03-01-25 2 44 41_crop_15.png,13912,1,58,156,61.0,4
99,03-01-25 2 44 41_crop_15.png,13913,1,45,166,61.0,4
99,03-01-25 2 44 41_crop_15.png,13914,1,68,165,61.0,4
99,03-01-25 2 44 41_crop_15.png,13915,1,74,169,61.0,4
99,03-01-25 2 44 41_crop_15.png,13916,1,69,180,61.0,4
99,03-01-25 2 44 41_crop_15.png,13917,1,53,180,61.0,4
99,03-01-25 2 44 41_crop_15.png,13918,1,49,176,61.0,4
99,03-01-25 2 44 41_crop_15.png,13919,1,53,193,61.0,4
99,03-01-25 2 44 41_crop_15.png,13920,1,65,193,61.0,4
99,03-01-25 2 44 41_crop_15.png,13921,1,81,185,61.0,4
99,03-01-25 2 44 41_crop_15.png,13922,1,87,179,61.0,4
99,03-01-25 2 44 41_crop_15.png,13923,1,98,182,61.0,4
99,03-01-25 2 44 41_crop_15.png,13924,1,102,187,61.0,4
99,03-01-25 2 44 41_crop_15.png,13925,1,110,180,61.0,4
99,03-01-25 2 44 41_crop_15.png,13926,1,119,171,61.0,4
99,03-01-25 2 44 41_crop_15.png,13927,1,118,162,61.0,4
99,03-01-25 2 44 41_crop_15.png,13928,1,122,156,61.0,4
99,03-01-25 2 44 41_crop_15.png,13929,1,128,159,61.0,4
99,03-01-25 2 44 41_crop_15.png,13930,1,139,155,61.0,4
99,03-01-25 2 44 41_crop_15.png,13931,1,139,145,61.0,4
99,03-01-25 2 44 41_crop_15.png,13932,1,132,139,61.0,4
99,03-01-25 2 44 41_crop_15.png,13933,1,137,132,61.0,4
99,03-01-25 2 44 41_crop_15.png,13934,1,143,121,61.0,4
99,03-01-25 2 44 41_crop_15.png,13935,1,156,121,61.0,4
99,03-01-25 2 44 41_crop_15.png,13936,1,144,131,61.0,4
99,03-01-25 2 44 41_crop_15.png,13937,1,152,134,61.0,4
99,03-01-25 2 44 41_crop_15.png,13938,1,169,130,61.0,4
99,03-01-25 2 44 41_crop_15.png,13939,1,171,141,61.0,4
99,03-01-25 2 44 41_crop_15.png,13940,1,176,145,61.0,4
99,03-01-25 2 44 41_crop_15.png,13941,1,164,143,61.0,4
99,03-01-25 2 44 41_crop_15.png,13942,1,156,142,61.0,4
99,03-01-25 2 44 41_crop_15.png,13943,1,152,154,61.0,4
99,03-01-25 2 44 41_crop_15.png,13944,1,174,152,61.0,4
99,03-01-25 2 44 41_crop_15.png,13945,1,175,159,61.0,4
99,03-01-25 2 44 41_crop_15.png,13946,1,182,169,61.0,4
99,03-01-25 2 44 41_crop_15.png,13947,1,176,175,61.0,4
99,03-01-25 2 44 41_crop_15.png,13948,1,180,186,61.0,4
99,03-01-25 2 44 41_crop_15.png,13949,1,186,182,61.0,4
99,03-01-25 2 44 41_crop_15.png,13950,1,187,192,61.0,4
99,03-01-25 2 44 41_crop_15.png,13951,1,197,200,61.0,4
99,03-01-25 2 44 41_crop_15.png,13952,1,204,199,61.0,4
99,03-01-25 2 44 41_crop_15.png,13953,1,201,205,61.0,4
99,03-01-25 2 44 41_crop_15.png,13954,1,159,168,61.0,4
99,03-01-25 2 44 41_crop_15.png,13955,1,139,171,61.0,4
99,03-01-25 2 44 41_crop_15.png,13956,1,128,174,61.0,4
99,03-01-25 2 44 41_crop_15.png,13957,1,126,180,61.0,4
99,03-01-25 2 44 41_crop_15.png,13958,1,126,188,61.0,4
99,03-01-25 2 44 41_crop_15.png,13959,1,140,184,61.0,4
99,03-01-25 2 44 41_crop_15.png,13960,1,150,179,61.0,4
99,03-01-25 2 44 41_crop_15.png,13961,1,154,189,61.0,4
99,03-01-25 2 44 41_crop_15.png,13962,1,164,187,61.0,4
99,03-01-25 2 44 41_crop_15.png,13963,1,140,194,61.0,4
99,03-01-25 2 44 41_crop_15.png,13964,1,148,204,61.0,4
99,03-01-25 2 44 41_crop_15.png,13965,1,135,204,61.0,4
99,03-01-25 2 44 41_crop_15.png,13966,1,128,205,61.0,4
99,03-01-25 2 44 41_crop_15.png,13967,1,120,198,61.0,4
99,03-01-25 2 44 41_crop_15.png,13968,1,113,197,61.0,4
99,03-01-25 2 44 41_crop_15.png,13969,1,104,200,61.0,4
99,03-01-25 2 44 41_crop_15.png,13970,1,84,190,61.0,4
99,03-01-25 2 44 41_crop_15.png,13971,1,78,215,61.0,4
99,03-01-25 2 44 41_crop_15.png,13972,1,86,208,61.0,4
99,03-01-25 2 44 41_crop_15.png,13973,1,99,208,61.0,4
99,03-01-25 2 44 41_crop_15.png,13974,1,104,216,61.0,4
99,03-01-25 2 44 41_crop_15.png,13975,1,107,210,61.0,4
99,03-01-25 2 44 41_crop_15.png,13976,1,100,220,61.0,4
99,03-01-25 2 44 41_crop_15.png,13977,1,107,222,61.0,4
99,03-01-25 2 44 41_crop_15.png,13978,1,125,209,61.0,4
99,03-01-25 2 44 41_crop_15.png,13979,1,125,220,61.0,4
99,03-01-25 2 44 41_crop_15.png,13980,1,134,212,61.0,4
99,03-01-25 2 44 41_crop_15.png,13981,1,139,220,61.0,4
99,03-01-25 2 44 41_crop_15.png,13982,1,143,213,61.0,4
99,03-01-25 2 44 41_crop_15.png,13983,1,158,201,61.0,4
99,03-01-25 2 44 41_crop_15.png,13984,1,166,199,61.0,4
99,03-01-25 2 44 41_crop_15.png,13985,1,176,204,61.0,4
99,03-01-25 2 44 41_crop_15.png,13986,1,185,199,61.0,4
99,03-01-25 2 44 41_crop_15.png,13987,1,185,206,61.0,4
99,03-01-25 2 44 41_crop_15.png,13988,1,185,214,61.0,4
99,03-01-25 2 44 41_crop_15.png,13989,1,175,214,61.0,4
99,03-01-25 2 44 41_crop_15.png,13990,1,169,218,61.0,4
99,03-01-25 2 44 41_crop_15.png,13991,1,170,225,61.0,4
99,03-01-25 2 44 41_crop_15.png,13992,1,188,220,61.0,4
99,03-01-25 2 44 41_crop_15.png,13993,1,193,231,61.0,4
99,03-01-25 2 44 41_crop_15.png,13994,1,202,223,61.0,4
99,03-01-25 2 44 41_crop_15.png,13995,1,210,221,61.0,4
99,03-01-25 2 44 41_crop_15.png,13996,1,210,229,61.0,4
99,03-01-25 2 44 41_crop_15.png,13997,1,217,226,61.0,4
99,03-01-25 2 44 41_crop_15.png,13998,1,227,231,61.0,4
99,03-01-25 2 44 41_crop_15.png,13999,1,229,238,61.0,4
99,03-01-25 2 44 41_crop_15.png,14000,1,234,233,61.0,4
99,03-01-25 2 44 41_crop_15.png,14001,1,248,236,61.0,4
99,03-01-25 2 44 41_crop_15.png,14002,1,255,243,61.0,4
99,03-01-25 2 44 41_crop_15.png,14003,1,264,246,61.0,4
99,03-01-25 2 44 41_crop_15.png,14004,1,271,243,61.0,4
99,03-01-25 2 44 41_crop_15.png,14005,1,285,255,61.0,4
99,03-01-25 2 44 41_crop_15.png,14006,1,298,267,61.0,4
99,03-01-25 2 44 41_crop_15.png,14007,1,309,260,61.0,4
99,03-01-25 2 44 41_crop_15.png,14008,1,320,261,61.0,4
99,03-01-25 2 44 41_crop_15.png,14009,1,275,264,61.0,4
99,03-01-25 2 44 41_crop_15.png,14010,1,264,271,61.0,4
99,03-01-25 2 44 41_crop_15.png,14011,1,70,206,61.0,4
99,03-01-25 2 44 41_crop_15.png,14012,1,267,281,61.0,4
99,03-01-25 2 44 41_crop_15.png,14013,1,278,282,61.0,4
99,03-01-25 2 44 41_crop_15.png,14014,1,291,317,61.0,4
99,03-01-25 2 44 41_crop_15.png,14015,1,283,322,61.0,4
99,03-01-25 2 44 41_crop_15.png,14016,1,291,329,61.0,4
99,03-01-25 2 44 41_crop_15.png,14017,1,288,341,61.0,4
99,03-01-25 2 44 41_crop_15.png,14018,1,310,352,61.0,4
99,03-01-25 2 44 41_crop_15.png,14019,1,316,363,61.0,4
99,03-01-25 2 44 41_crop_15.png,14020,1,305,367,61.0,4
99,03-01-25 2 44 41_crop_15.png,14021,1,305,380,61.0,4
99,03-01-25 2 44 41_crop_15.png,14022,1,297,380,61.0,4
99,03-01-25 2 44 41_crop_15.png,14023,1,296,395,61.0,4
99,03-01-25 2 44 41_crop_15.png,14024,1,311,409,61.0,4
99,03-01-25 2 44 41_crop_15.png,14025,1,311,427,61.0,4
99,03-01-25 2 44 41_crop_15.png,14026,1,303,421,61.0,4
99,03-01-25 2 44 41_crop_15.png,14027,1,298,412,61.0,4
99,03-01-25 2 44 41_crop_15.png,14028,1,293,404,61.0,4
99,03-01-25 2 44 41_crop_15.png,14029,1,286,399,61.0,4
99,03-01-25 2 44 41_crop_15.png,14030,1,283,392,61.0,4
99,03-01-25 2 44 41_crop_15.png,14031,1,283,384,61.0,4
99,03-01-25 2 44 41_crop_15.png,14032,1,292,363,61.0,4
99,03-01-25 2 44 41_crop_15.png,14033,1,284,361,61.0,4
99,03-01-25 2 44 41_crop_15.png,14034,1,286,350,61.0,4
99,03-01-25 2 44 41_crop_15.png,14035,1,278,338,61.0,4
99,03-01-25 2 44 41_crop_15.png,14036,1,274,328,61.0,4
99,03-01-25 2 44 41_crop_15.png,14037,1,60,214,61.0,4
99,03-01-25 2 44 41_crop_15.png,14038,1,61,220,61.0,4
99,03-01-25 2 44 41_crop_15.png,14039,1,59,229,61.0,4
99,03-01-25 2 44 41_crop_15.png,14040,1,68,227,61.0,4
99,03-01-25 2 44 41_crop_15.png,14041,1,79,229,61.0,4
99,03-01-25 2 44 41_crop_15.png,14042,1,86,220,61.0,4
99,03-01-25 2 44 41_crop_15.png,14043,1,93,231,61.0,4
99,03-01-25 2 44 41_crop_15.png,14044,1,98,238,61.0,4
99,03-01-25 2 44 41_crop_15.png,14045,1,78,237,61.0,4
99,03-01-25 2 44 41_crop_15.png,14046,1,84,248,61.0,4
99,03-01-25 2 44 41_crop_15.png,14047,1,70,248,61.0,4
99,03-01-25 2 44 41_crop_15.png,14048,1,63,246,61.0,4
99,03-01-25 2 44 41_crop_15.png,14049,1,62,238,61.0,4
99,03-01-25 2 44 41_crop_15.png,14050,1,70,214,61.0,4
99,03-01-25 2 44 41_crop_15.png,14051,1,58,252,61.0,4
99,03-01-25 2 44 41_crop_15.png,14052,1,61,259,61.0,4
99,03-01-25 2 44 41_crop_15.png,14053,1,70,264,61.0,4
99,03-01-25 2 44 41_crop_15.png,14054,1,72,270,61.0,4
99,03-01-25 2 44 41_crop_15.png,14055,1,80,257,61.0,4
99,03-01-25 2 44 41_crop_15.png,14056,1,83,267,61.0,4
99,03-01-25 2 44 41_crop_15.png,14057,1,94,253,61.0,4
99,03-01-25 2 44 41_crop_15.png,14058,1,95,264,61.0,4
99,03-01-25 2 44 41_crop_15.png,14059,1,85,276,61.0,4
99,03-01-25 2 44 41_crop_15.png,14060,1,89,282,61.0,4
99,03-01-25 2 44 41_crop_15.png,14061,1,81,289,61.0,4
99,03-01-25 2 44 41_crop_15.png,14062,1,76,287,61.0,4
99,03-01-25 2 44 41_crop_15.png,14063,1,93,295,61.0,4
99,03-01-25 2 44 41_crop_15.png,14064,1,87,300,61.0,4
99,03-01-25 2 44 41_crop_15.png,14065,1,93,312,61.0,4
99,03-01-25 2 44 41_crop_15.png,14066,1,102,302,61.0,4
99,03-01-25 2 44 41_crop_15.png,14067,1,84,315,61.0,4
99,03-01-25 2 44 41_crop_15.png,14068,1,83,324,61.0,4
99,03-01-25 2 44 41_crop_15.png,14069,1,93,319,61.0,4
99,03-01-25 2 44 41_crop_15.png,14070,1,100,316,61.0,4
99,03-01-25 2 44 41_crop_15.png,14071,1,110,315,61.0,4
99,03-01-25 2 44 41_crop_15.png,14072,1,77,330,61.0,4
99,03-01-25 2 44 41_crop_15.png,14073,1,84,337,61.0,4
99,03-01-25 2 44 41_crop_15.png,14074,1,89,330,61.0,4
99,03-01-25 2 44 41_crop_15.png,14075,1,96,329,61.0,4
99,03-01-25 2 44 41_crop_15.png,14076,1,106,328,61.0,4
99,03-01-25 2 44 41_crop_15.png,14077,1,113,330,61.0,4
99,03-01-25 2 44 41_crop_15.png,14078,1,102,338,61.0,4
99,03-01-25 2 44 41_crop_15.png,14079,1,105,344,61.0,4
99,03-01-25 2 44 41_crop_15.png,14080,1,96,348,61.0,4
99,03-01-25 2 44 41_crop_15.png,14081,1,80,347,61.0,4
99,03-01-25 2 44 41_crop_15.png,14082,1,80,366,61.0,4
99,03-01-25 2 44 41_crop_15.png,14083,1,68,390,61.0,4
99,03-01-25 2 44 41_crop_15.png,14084,1,70,403,61.0,4
99,03-01-25 2 44 41_crop_15.png,14085,1,79,397,61.0,4
99,03-01-25 2 44 41_crop_15.png,14086,1,83,390,61.0,4
99,03-01-25 2 44 41_crop_15.png,14087,1,79,410,61.0,4
99,03-01-25 2 44 41_crop_15.png,14088,1,86,415,61.0,4
99,03-01-25 2 44 41_crop_15.png,14089,1,90,425,61.0,4
99,03-01-25 2 44 41_crop_15.png,14090,1,96,431,61.0,4
99,03-01-25 2 44 41_crop_15.png,14091,1,103,428,61.0,4
99,03-01-25 2 44 41_crop_15.png,14092,1,98,420,61.0,4
99,03-01-25 2 44 41_crop_15.png,14093,1,96,411,61.0,4
99,03-01-25 2 44 41_crop_15.png,14094,1,103,411,61.0,4
99,03-01-25 2 44 41_crop_15.png,14095,1,111,412,61.0,4
99,03-01-25 2 44 41_crop_15.png,14096,1,117,416,61.0,4
99,03-01-25 2 44 41_crop_15.png,14097,1,119,425,61.0,4
99,03-01-25 2 44 41_crop_15.png,14098,1,115,433,61.0,4
99,03-01-25 2 44 41_crop_15.png,14099,1,109,438,61.0,4
99,03-01-25 2 44 41_crop_15.png,14100,1,104,444,61.0,4
99,03-01-25 2 44 41_crop_15.png,14101,1,100,452,61.0,4
99,03-01-25 2 44 41_crop_15.png,14102,1,110,454,61.0,4
99,03-01-25 2 44 41_crop_15.png,14103,1,124,446,61.0,4
99,03-01-25 2 44 41_crop_15.png,14104,1,128,455,61.0,4
99,03-01-25 2 44 41_crop_15.png,14105,1,138,444,61.0,4
99,03-01-25 2 44 41_crop_15.png,14106,1,135,430,61.0,4
99,03-01-25 2 44 41_crop_15.png,14107,1,126,425,61.0,4
99,03-01-25 2 44 41_crop_15.png,14108,1,132,417,61.0,4
99,03-01-25 2 44 41_crop_15.png,14109,1,141,408,61.0,4
99,03-01-25 2 44 41_crop_15.png,14110,1,145,414,61.0,4
99,03-01-25 2 44 41_crop_15.png,14111,1,152,433,61.0,4
99,03-01-25 2 44 41_crop_15.png,14112,1,150,442,61.0,4
99,03-01-25 2 44 41_crop_15.png,14113,1,147,455,61.0,4
99,03-01-25 2 44 41_crop_15.png,14114,1,150,462,61.0,4
99,03-01-25 2 44 41_crop_15.png,14115,1,160,466,61.0,4
99,03-01-25 2 44 41_crop_15.png,14116,1,159,452,61.0,4
99,03-01-25 2 44 41_crop_15.png,14117,1,166,449,61.0,4
99,03-01-25 2 44 41_crop_15.png,14118,1,173,464,61.0,4
99,03-01-25 2 44 41_crop_15.png,14119,1,176,457,61.0,4
99,03-01-25 2 44 41_crop_15.png,14120,1,180,449,61.0,4
99,03-01-25 2 44 41_crop_15.png,14121,1,183,440,61.0,4
99,03-01-25 2 44 41_crop_15.png,14122,1,190,441,61.0,4
99,03-01-25 2 44 41_crop_15.png,14123,1,188,456,61.0,4
99,03-01-25 2 44 41_crop_15.png,14124,1,195,453,61.0,4
99,03-01-25 2 44 41_crop_15.png,14125,1,195,467,61.0,4
99,03-01-25 2 44 41_crop_15.png,14126,1,201,459,61.0,4
99,03-01-25 2 44 41_crop_15.png,14127,1,206,453,61.0,4
99,03-01-25 2 44 41_crop_15.png,14128,1,222,441,61.0,4
99,03-01-25 2 44 41_crop_15.png,14129,1,233,436,61.0,4
99,03-01-25 2 44 41_crop_15.png,14130,1,235,442,61.0,4
99,03-01-25 2 44 41_crop_15.png,14131,1,244,440,61.0,4
99,03-01-25 2 44 41_crop_15.png,14132,1,237,426,61.0,4
99,03-01-25 2 44 41_crop_15.png,14133,1,244,433,61.0,4
99,03-01-25 2 44 41_crop_15.png,14134,1,247,424,61.0,4
99,03-01-25 2 44 41_crop_15.png,14135,1,113,228,61.0,4
99,03-01-25 2 44 41_crop_15.png,14136,1,120,236,61.0,4
99,03-01-25 2 44 41_crop_15.png,14137,1,112,246,61.0,4
99,03-01-25 2 44 41_crop_15.png,14138,1,119,256,61.0,4
99,03-01-25 2 44 41_crop_15.png,14139,1,128,252,61.0,4
99,03-01-25 2 44 41_crop_15.png,14140,1,137,246,61.0,4
99,03-01-25 2 44 41_crop_15.png,14141,1,138,240,61.0,4
99,03-01-25 2 44 41_crop_15.png,14142,1,139,231,61.0,4
99,03-01-25 2 44 41_crop_15.png,14143,1,150,240,61.0,4
99,03-01-25 2 44 41_crop_15.png,14144,1,151,228,61.0,4
99,03-01-25 2 44 41_crop_15.png,14145,1,156,238,61.0,4
99,03-01-25 2 44 41_crop_15.png,14146,1,162,239,61.0,4
99,03-01-25 2 44 41_crop_15.png,14147,1,180,234,61.0,4
99,03-01-25 2 44 41_crop_15.png,14148,1,176,244,61.0,4
99,03-01-25 2 44 41_crop_15.png,14149,1,181,243,61.0,4
99,03-01-25 2 44 41_crop_15.png,14150,1,193,249,61.0,4
99,03-01-25 2 44 41_crop_15.png,14151,1,197,243,61.0,4
99,03-01-25 2 44 41_crop_15.png,14152,1,219,238,61.0,4
99,03-01-25 2 44 41_crop_15.png,14153,1,216,249,61.0,4
99,03-01-25 2 44 41_crop_15.png,14154,1,216,257,61.0,4
99,03-01-25 2 44 41_crop_15.png,14155,1,231,256,61.0,4
99,03-01-25 2 44 41_crop_15.png,14156,1,232,264,61.0,4
99,03-01-25 2 44 41_crop_15.png,14157,1,248,253,61.0,4
99,03-01-25 2 44 41_crop_15.png,14158,1,254,268,61.0,4
99,03-01-25 2 44 41_crop_15.png,14159,1,169,254,61.0,4
99,03-01-25 2 44 41_crop_15.png,14160,1,178,265,61.0,4
99,03-01-25 2 44 41_crop_15.png,14161,1,169,266,61.0,4
99,03-01-25 2 44 41_crop_15.png,14162,1,161,264,61.0,4
99,03-01-25 2 44 41_crop_15.png,14163,1,157,253,61.0,4
99,03-01-25 2 44 41_crop_15.png,14164,1,136,257,61.0,4
99,03-01-25 2 44 41_crop_15.png,14165,1,105,267,61.0,4
99,03-01-25 2 44 41_crop_15.png,14166,1,101,282,61.0,4
99,03-01-25 2 44 41_crop_15.png,14167,1,110,282,61.0,4
99,03-01-25 2 44 41_crop_15.png,14168,1,127,266,61.0,4
99,03-01-25 2 44 41_crop_15.png,14169,1,126,273,61.0,4
99,03-01-25 2 44 41_crop_15.png,14170,1,137,274,61.0,4
99,03-01-25 2 44 41_crop_15.png,14171,1,122,285,61.0,4
99,03-01-25 2 44 41_crop_15.png,14172,1,121,294,61.0,4
99,03-01-25 2 44 41_crop_15.png,14173,1,116,298,61.0,4
99,03-01-25 2 44 41_crop_15.png,14174,1,135,291,61.0,4
99,03-01-25 2 44 41_crop_15.png,14175,1,144,287,61.0,4
99,03-01-25 2 44 41_crop_15.png,14176,1,154,285,61.0,4
99,03-01-25 2 44 41_crop_15.png,14177,1,155,273,61.0,4
99,03-01-25 2 44 41_crop_15.png,14178,1,150,268,61.0,4
99,03-01-25 2 44 41_crop_15.png,14179,1,164,280,61.0,4
99,03-01-25 2 44 41_crop_15.png,14180,1,171,283,61.0,4
99,03-01-25 2 44 41_crop_15.png,14181,1,180,277,61.0,4
99,03-01-25 2 44 41_crop_15.png,14182,1,195,273,61.0,4
99,03-01-25 2 44 41_crop_15.png,14183,1,195,281,61.0,4
99,03-01-25 2 44 41_crop_15.png,14184,1,203,276,61.0,4
99,03-01-25 2 44 41_crop_15.png,14185,1,210,266,61.0,4
99,03-01-25 2 44 41_crop_15.png,14186,1,216,271,61.0,4
99,03-01-25 2 44 41_crop_15.png,14187,1,224,276,61.0,4
99,03-01-25 2 44 41_crop_15.png,14188,1,168,291,61.0,4
99,03-01-25 2 44 41_crop_15.png,14189,1,156,296,61.0,4
99,03-01-25 2 44 41_crop_15.png,14190,1,132,302,61.0,4
99,03-01-25 2 44 41_crop_15.png,14191,1,123,313,61.0,4
99,03-01-25 2 44 41_crop_15.png,14192,1,125,323,61.0,4
99,03-01-25 2 44 41_crop_15.png,14193,1,135,315,61.0,4
99,03-01-25 2 44 41_crop_15.png,14194,1,121,336,61.0,4
99,03-01-25 2 44 41_crop_15.png,14195,1,134,332,61.0,4
99,03-01-25 2 44 41_crop_15.png,14196,1,141,326,61.0,4
99,03-01-25 2 44 41_crop_15.png,14197,1,149,328,61.0,4
99,03-01-25 2 44 41_crop_15.png,14198,1,134,342,61.0,4
99,03-01-25 2 44 41_crop_15.png,14199,1,128,348,61.0,4
99,03-01-25 2 44 41_crop_15.png,14200,1,149,341,61.0,4
99,03-01-25 2 44 41_crop_15.png,14201,1,104,355,61.0,4
99,03-01-25 2 44 41_crop_15.png,14202,1,94,361,61.0,4
99,03-01-25 2 44 41_crop_15.png,14203,1,101,366,61.0,4
99,03-01-25 2 44 41_crop_15.png,14204,1,115,363,61.0,4
99,03-01-25 2 44 41_crop_15.png,14205,1,124,364,61.0,4
99,03-01-25 2 44 41_crop_15.png,14206,1,112,381,61.0,4
99,03-01-25 2 44 41_crop_15.png,14207,1,103,380,61.0,4
99,03-01-25 2 44 41_crop_15.png,14208,1,97,390,61.0,4
99,03-01-25 2 44 41_crop_15.png,14209,1,96,399,61.0,4
99,03-01-25 2 44 41_crop_15.png,14210,1,105,396,61.0,4
99,03-01-25 2 44 41_crop_15.png,14211,1,115,397,61.0,4
99,03-01-25 2 44 41_crop_15.png,14212,1,120,389,61.0,4
99,03-01-25 2 44 41_crop_15.png,14213,1,127,385,61.0,4
99,03-01-25 2 44 41_crop_15.png,14214,1,127,373,61.0,4
99,03-01-25 2 44 41_crop_15.png,14215,1,133,397,61.0,4
99,03-01-25 2 44 41_crop_15.png,14216,1,140,386,61.0,4
99,03-01-25 2 44 41_crop_15.png,14217,1,150,386,61.0,4
99,03-01-25 2 44 41_crop_15.png,14218,1,147,401,61.0,4
99,03-01-25 2 44 41_crop_15.png,14219,1,158,404,61.0,4
99,03-01-25 2 44 41_crop_15.png,14220,1,155,412,61.0,4
99,03-01-25 2 44 41_crop_15.png,14221,1,165,414,61.0,4
99,03-01-25 2 44 41_crop_15.png,14222,1,165,408,61.0,4
99,03-01-25 2 44 41_crop_15.png,14223,1,172,400,61.0,4
99,03-01-25 2 44 41_crop_15.png,14224,1,162,421,61.0,4
99,03-01-25 2 44 41_crop_15.png,14225,1,169,423,61.0,4
99,03-01-25 2 44 41_crop_15.png,14226,1,169,418,61.0,4
99,03-01-25 2 44 41_crop_15.png,14227,1,175,425,61.0,4
99,03-01-25 2 44 41_crop_15.png,14228,1,173,431,61.0,4
99,03-01-25 2 44 41_crop_15.png,14229,1,182,418,61.0,4
99,03-01-25 2 44 41_crop_15.png,14230,1,182,412,61.0,4
99,03-01-25 2 44 41_crop_15.png,14231,1,184,424,61.0,4
99,03-01-25 2 44 41_crop_15.png,14232,1,190,418,61.0,4
99,03-01-25 2 44 41_crop_15.png,14233,1,198,421,61.0,4
99,03-01-25 2 44 41_crop_15.png,14234,1,197,406,61.0,4
99,03-01-25 2 44 41_crop_15.png,14235,1,198,431,61.0,4
99,03-01-25 2 44 41_crop_15.png,14236,1,197,438,61.0,4
99,03-01-25 2 44 41_crop_15.png,14237,1,144,369,61.0,4
99,03-01-25 2 44 41_crop_15.png,14238,1,151,369,61.0,4
99,03-01-25 2 44 41_crop_15.png,14239,1,154,363,61.0,4
99,03-01-25 2 44 41_crop_15.png,14240,1,143,362,61.0,4
99,03-01-25 2 44 41_crop_15.png,14241,1,137,352,61.0,4
99,03-01-25 2 44 41_crop_15.png,14242,1,157,353,61.0,4
99,03-01-25 2 44 41_crop_15.png,14243,1,161,344,61.0,4
99,03-01-25 2 44 41_crop_15.png,14244,1,171,347,61.0,4
99,03-01-25 2 44 41_crop_15.png,14245,1,167,330,61.0,4
99,03-01-25 2 44 41_crop_15.png,14246,1,168,319,61.0,4
99,03-01-25 2 44 41_crop_15.png,14247,1,155,316,61.0,4
99,03-01-25 2 44 41_crop_15.png,14248,1,159,310,61.0,4
99,03-01-25 2 44 41_crop_15.png,14249,1,163,302,61.0,4
99,03-01-25 2 44 41_crop_15.png,14250,1,175,302,61.0,4
99,03-01-25 2 44 41_crop_15.png,14251,1,186,287,61.0,4
99,03-01-25 2 44 41_crop_15.png,14252,1,191,296,61.0,4
99,03-01-25 2 44 41_crop_15.png,14253,1,180,313,61.0,4
99,03-01-25 2 44 41_crop_15.png,14254,1,184,324,61.0,4
99,03-01-25 2 44 41_crop_15.png,14255,1,197,314,61.0,4
99,03-01-25 2 44 41_crop_15.png,14256,1,203,304,61.0,4
99,03-01-25 2 44 41_crop_15.png,14257,1,211,302,61.0,4
99,03-01-25 2 44 41_crop_15.png,14258,1,219,301,61.0,4
99,03-01-25 2 44 41_crop_15.png,14259,1,206,290,61.0,4
99,03-01-25 2 44 41_crop_15.png,14260,1,214,287,61.0,4
99,03-01-25 2 44 41_crop_15.png,14261,1,223,289,61.0,4
99,03-01-25 2 44 41_crop_15.png,14262,1,229,294,61.0,4
99,03-01-25 2 44 41_crop_15.png,14263,1,238,296,61.0,4
99,03-01-25 2 44 41_crop_15.png,14264,1,234,288,61.0,4
99,03-01-25 2 44 41_crop_15.png,14265,1,233,276,61.0,4
99,03-01-25 2 44 41_crop_15.png,14266,1,248,287,61.0,4
99,03-01-25 2 44 41_crop_15.png,14267,1,241,270,61.0,4
99,03-01-25 2 44 41_crop_15.png,14268,1,244,276,61.0,4
99,03-01-25 2 44 41_crop_15.png,14269,1,259,292,61.0,4
99,03-01-25 2 44 41_crop_15.png,14270,1,267,302,61.0,4
99,03-01-25 2 44 41_crop_15.png,14271,1,270,315,61.0,4
99,03-01-25 2 44 41_crop_15.png,14272,1,280,300,61.0,4
99,03-01-25 2 44 41_crop_15.png,14273,1,251,314,61.0,4
99,03-01-25 2 44 41_crop_15.png,14274,1,245,300,61.0,4
99,03-01-25 2 44 41_crop_15.png,14275,1,235,308,61.0,4
99,03-01-25 2 44 41_crop_15.png,14276,1,223,316,61.0,4
99,03-01-25 2 44 41_crop_15.png,14277,1,222,324,61.0,4
99,03-01-25 2 44 41_crop_15.png,14278,1,230,330,61.0,4
99,03-01-25 2 44 41_crop_15.png,14279,1,238,329,61.0,4
99,03-01-25 2 44 41_crop_15.png,14280,1,248,331,61.0,4
99,03-01-25 2 44 41_crop_15.png,14281,1,260,331,61.0,4
99,03-01-25 2 44 41_crop_15.png,14282,1,269,342,61.0,4
99,03-01-25 2 44 41_crop_15.png,14283,1,273,352,61.0,4
99,03-01-25 2 44 41_crop_15.png,14284,1,270,364,61.0,4
99,03-01-25 2 44 41_crop_15.png,14285,1,272,373,61.0,4
99,03-01-25 2 44 41_crop_15.png,14286,1,212,316,61.0,4
99,03-01-25 2 44 41_crop_15.png,14287,1,212,324,61.0,4
99,03-01-25 2 44 41_crop_15.png,14288,1,203,324,61.0,4
99,03-01-25 2 44 41_crop_15.png,14289,1,192,337,61.0,4
99,03-01-25 2 44 41_crop_15.png,14290,1,194,341,61.0,4
99,03-01-25 2 44 41_crop_15.png,14291,1,185,345,61.0,4
99,03-01-25 2 44 41_crop_15.png,14292,1,212,336,61.0,4
99,03-01-25 2 44 41_crop_15.png,14293,1,220,352,61.0,4
99,03-01-25 2 44 41_crop_15.png,14294,1,228,354,61.0,4
99,03-01-25 2 44 41_crop_15.png,14295,1,237,352,61.0,4
99,03-01-25 2 44 41_crop_15.png,14296,1,232,343,61.0,4
99,03-01-25 2 44 41_crop_15.png,14297,1,253,343,61.0,4
99,03-01-25 2 44 41_crop_15.png,14298,1,253,352,61.0,4
99,03-01-25 2 44 41_crop_15.png,14299,1,258,365,61.0,4
99,03-01-25 2 44 41_crop_15.png,14300,1,264,378,61.0,4
99,03-01-25 2 44 41_crop_15.png,14301,1,267,390,61.0,4
99,03-01-25 2 44 41_crop_15.png,14302,1,272,397,61.0,4
99,03-01-25 2 44 41_crop_15.png,14303,1,268,408,61.0,4
99,03-01-25 2 44 41_crop_15.png,14304,1,181,354,61.0,4
99,03-01-25 2 44 41_crop_15.png,14305,1,182,365,61.0,4
99,03-01-25 2 44 41_crop_15.png,14306,1,173,362,61.0,4
99,03-01-25 2 44 41_crop_15.png,14307,1,162,365,61.0,4
99,03-01-25 2 44 41_crop_15.png,14308,1,168,369,61.0,4
99,03-01-25 2 44 41_crop_15.png,14309,1,162,381,61.0,4
99,03-01-25 2 44 41_crop_15.png,14310,1,172,386,61.0,4
99,03-01-25 2 44 41_crop_15.png,14311,1,179,381,61.0,4
99,03-01-25 2 44 41_crop_15.png,14312,1,189,379,61.0,4
99,03-01-25 2 44 41_crop_15.png,14313,1,193,373,61.0,4
99,03-01-25 2 44 41_crop_15.png,14314,1,193,389,61.0,4
99,03-01-25 2 44 41_crop_15.png,14315,1,203,387,61.0,4
99,03-01-25 2 44 41_crop_15.png,14316,1,195,361,61.0,4
99,03-01-25 2 44 41_crop_15.png,14317,1,199,350,61.0,4
99,03-01-25 2 44 41_crop_15.png,14318,1,206,361,61.0,4
99,03-01-25 2 44 41_crop_15.png,14319,1,212,362,61.0,4
99,03-01-25 2 44 41_crop_15.png,14320,1,227,365,61.0,4
99,03-01-25 2 44 41_crop_15.png,14321,1,239,366,61.0,4
99,03-01-25 2 44 41_crop_15.png,14322,1,242,372,61.0,4
99,03-01-25 2 44 41_crop_15.png,14323,1,246,365,61.0,4
99,03-01-25 2 44 41_crop_15.png,14324,1,216,374,61.0,4
99,03-01-25 2 44 41_crop_15.png,14325,1,218,383,61.0,4
99,03-01-25 2 44 41_crop_15.png,14326,1,231,383,61.0,4
99,03-01-25 2 44 41_crop_15.png,14327,1,201,373,61.0,4
99,03-01-25 2 44 41_crop_15.png,14328,1,210,412,61.0,4
99,03-01-25 2 44 41_crop_15.png,14329,1,208,429,61.0,4
99,03-01-25 2 44 41_crop_15.png,14330,1,210,434,61.0,4
99,03-01-25 2 44 41_crop_15.png,14331,1,223,423,61.0,4
99,03-01-25 2 44 41_crop_15.png,14332,1,225,413,61.0,4
99,03-01-25 2 44 41_crop_15.png,14333,1,225,397,61.0,4
99,03-01-25 2 44 41_crop_15.png,14334,1,232,397,61.0,4
99,03-01-25 2 44 41_crop_15.png,14335,1,234,414,61.0,4
99,03-01-25 2 44 41_crop_15.png,14336,1,240,412,61.0,4
99,03-01-25 2 44 41_crop_15.png,14337,1,240,403,61.0,4
99,03-01-25 2 44 41_crop_15.png,14338,1,240,397,61.0,4
99,03-01-25 2 44 41_crop_15.png,14339,1,246,383,61.0,4
99,03-01-25 2 44 41_crop_15.png,14340,1,253,380,61.0,4
99,03-01-25 2 44 41_crop_15.png,14341,1,255,388,61.0,4
99,03-01-25 2 44 41_crop_15.png,14342,1,259,384,61.0,4
99,03-01-25 2 44 41_crop_15.png,14343,1,254,396,61.0,4
100,03-01-25 2 44 52_crop_14.png,14344,1,402,221,74.5,4
100,03-01-25 2 44 52_crop_14.png,14345,1,507,481,55.5,4
100,03-01-25 2 44 52_crop_14.png,14346,1,503,457,74.5,4
100,03-01-25 2 44 52_crop_14.png,14347,1,481,449,74.5,4
100,03-01-25 2 44 52_crop_14.png,14348,1,427,439,74.5,4
100,03-01-25 2 44 52_crop_14.png,14349,1,425,417,74.5,4
100,03-01-25 2 44 52_crop_14.png,14350,1,458,426,74.5,4
100,03-01-25 2 44 52_crop_14.png,14351,1,505,373,74.5,4
100,03-01-25 2 44 52_crop_14.png,14352,1,490,381,74.5,4
100,03-01-25 2 44 52_crop_14.png,14353,1,438,383,74.5,4
100,03-01-25 2 44 52_crop_14.png,14354,1,419,362,74.5,4
100,03-01-25 2 44 52_crop_14.png,14355,1,475,348,74.5,4
100,03-01-25 2 44 52_crop_14.png,14356,1,457,327,74.5,4
100,03-01-25 2 44 52_crop_14.png,14357,1,425,346,74.5,4
100,03-01-25 2 44 52_crop_14.png,14358,1,403,345,74.5,4
100,03-01-25 2 44 52_crop_14.png,14359,1,367,346,74.5,4
100,03-01-25 2 44 52_crop_14.png,14360,1,357,346,74.5,4
100,03-01-25 2 44 52_crop_14.png,14361,1,333,338,74.5,4
100,03-01-25 2 44 52_crop_14.png,14362,1,354,324,74.5,4
100,03-01-25 2 44 52_crop_14.png,14363,1,447,308,74.5,4
100,03-01-25 2 44 52_crop_14.png,14364,1,486,322,74.5,4
100,03-01-25 2 44 52_crop_14.png,14365,1,489,351,74.5,4
100,03-01-25 2 44 52_crop_14.png,14366,1,494,354,74.5,4
100,03-01-25 2 44 52_crop_14.png,14367,1,499,354,74.5,4
100,03-01-25 2 44 52_crop_14.png,14368,1,497,349,74.5,4
100,03-01-25 2 44 52_crop_14.png,14369,1,465,297,74.5,4
100,03-01-25 2 44 52_crop_14.png,14370,1,466,270,74.5,4
100,03-01-25 2 44 52_crop_14.png,14371,1,429,272,74.5,4
100,03-01-25 2 44 52_crop_14.png,14372,1,368,435,74.5,4
100,03-01-25 2 44 52_crop_14.png,14373,1,320,493,74.5,4
100,03-01-25 2 44 52_crop_14.png,14374,1,301,411,74.5,4
100,03-01-25 2 44 52_crop_14.png,14375,1,286,365,74.5,4
100,03-01-25 2 44 52_crop_14.png,14376,1,298,339,74.5,4
100,03-01-25 2 44 52_crop_14.png,14377,1,295,331,74.5,4
100,03-01-25 2 44 52_crop_14.png,14378,1,270,360,74.5,4
100,03-01-25 2 44 52_crop_14.png,14379,1,260,360,74.5,4
100,03-01-25 2 44 52_crop_14.png,14380,1,256,352,74.5,4
100,03-01-25 2 44 52_crop_14.png,14381,1,224,387,74.5,4
100,03-01-25 2 44 52_crop_14.png,14382,1,248,485,74.5,4
100,03-01-25 2 44 52_crop_14.png,14383,1,244,469,74.5,4
100,03-01-25 2 44 52_crop_14.png,14384,1,253,446,74.5,4
100,03-01-25 2 44 52_crop_14.png,14385,1,248,440,74.5,4
100,03-01-25 2 44 52_crop_14.png,14386,1,203,453,74.5,4
100,03-01-25 2 44 52_crop_14.png,14387,1,205,442,74.5,4
100,03-01-25 2 44 52_crop_14.png,14388,1,200,414,74.5,4
100,03-01-25 2 44 52_crop_14.png,14389,1,188,412,74.5,4
100,03-01-25 2 44 52_crop_14.png,14390,1,189,405,74.5,4
100,03-01-25 2 44 52_crop_14.png,14391,1,205,378,74.5,4
100,03-01-25 2 44 52_crop_14.png,14392,1,186,373,74.5,4
100,03-01-25 2 44 52_crop_14.png,14393,1,191,363,74.5,4
100,03-01-25 2 44 52_crop_14.png,14394,1,189,353,74.5,4
100,03-01-25 2 44 52_crop_14.png,14395,1,152,417,74.5,4
100,03-01-25 2 44 52_crop_14.png,14396,1,165,453,74.5,4
100,03-01-25 2 44 52_crop_14.png,14397,1,100,468,74.5,4
100,03-01-25 2 44 52_crop_14.png,14398,1,99,454,74.5,4
100,03-01-25 2 44 52_crop_14.png,14399,1,100,431,74.5,4
100,03-01-25 2 44 52_crop_14.png,14400,1,113,395,74.5,4
100,03-01-25 2 44 52_crop_14.png,14401,1,23,501,74.5,4
100,03-01-25 2 44 52_crop_14.png,14402,1,23,469,74.5,4
100,03-01-25 2 44 52_crop_14.png,14403,1,26,462,74.5,4
100,03-01-25 2 44 52_crop_14.png,14404,1,62,412,74.5,4
100,03-01-25 2 44 52_crop_14.png,14405,1,71,408,74.5,4
100,03-01-25 2 44 52_crop_14.png,14406,1,79,396,74.5,4
100,03-01-25 2 44 52_crop_14.png,14407,1,318,315,74.5,4
100,03-01-25 2 44 52_crop_14.png,14408,1,313,313,74.5,4
100,03-01-25 2 44 52_crop_14.png,14409,1,333,294,74.5,4
100,03-01-25 2 44 52_crop_14.png,14410,1,291,302,74.5,4
100,03-01-25 2 44 52_crop_14.png,14411,1,291,294,74.5,4
100,03-01-25 2 44 52_crop_14.png,14412,1,358,258,74.5,4
100,03-01-25 2 44 52_crop_14.png,14413,1,389,250,74.5,4
100,03-01-25 2 44 52_crop_14.png,14414,1,472,462,74.5,4
100,03-01-25 2 44 52_crop_14.png,14415,1,410,237,74.5,4
100,03-01-25 2 44 52_crop_14.png,14416,1,427,237,74.5,4
100,03-01-25 2 44 52_crop_14.png,14417,1,431,238,74.5,4
100,03-01-25 2 44 52_crop_14.png,14418,1,442,232,74.5,4
100,03-01-25 2 44 52_crop_14.png,14419,1,461,231,74.5,4
100,03-01-25 2 44 52_crop_14.png,14420,1,488,221,74.5,4
100,03-01-25 2 44 52_crop_14.png,14421,1,496,210,74.5,4
100,03-01-25 2 44 52_crop_14.png,14422,1,499,190,74.5,4
100,03-01-25 2 44 52_crop_14.png,14423,1,494,190,74.5,4
100,03-01-25 2 44 52_crop_14.png,14424,1,496,188,74.5,4
100,03-01-25 2 44 52_crop_14.png,14425,1,499,177,74.5,4
100,03-01-25 2 44 52_crop_14.png,14426,1,433,180,74.5,4
100,03-01-25 2 44 52_crop_14.png,14427,1,430,190,74.5,4
100,03-01-25 2 44 52_crop_14.png,14428,1,420,191,74.5,4
100,03-01-25 2 44 52_crop_14.png,14429,1,391,197,74.5,4
100,03-01-25 2 44 52_crop_14.png,14430,1,351,206,74.5,4
100,03-01-25 2 44 52_crop_14.png,14431,1,354,188,74.5,4
100,03-01-25 2 44 52_crop_14.png,14432,1,270,262,74.5,4
100,03-01-25 2 44 52_crop_14.png,14433,1,282,240,74.5,4
100,03-01-25 2 44 52_crop_14.png,14434,1,221,316,74.5,4
100,03-01-25 2 44 52_crop_14.png,14435,1,187,325,74.5,4
100,03-01-25 2 44 52_crop_14.png,14436,1,186,308,74.5,4
100,03-01-25 2 44 52_crop_14.png,14437,1,200,280,74.5,4
100,03-01-25 2 44 52_crop_14.png,14438,1,211,262,74.5,4
100,03-01-25 2 44 52_crop_14.png,14439,1,149,350,74.5,4
100,03-01-25 2 44 52_crop_14.png,14440,1,133,351,74.5,4
100,03-01-25 2 44 52_crop_14.png,14441,1,116,277,74.5,4
100,03-01-25 2 44 52_crop_14.png,14442,1,65,299,74.5,4
100,03-01-25 2 44 52_crop_14.png,14443,1,45,274,74.5,4
100,03-01-25 2 44 52_crop_14.png,14444,1,35,291,74.5,4
100,03-01-25 2 44 52_crop_14.png,14445,1,8,291,74.5,4
100,03-01-25 2 44 52_crop_14.png,14446,1,6,254,74.5,4
100,03-01-25 2 44 52_crop_14.png,14447,1,12,247,74.5,4
100,03-01-25 2 44 52_crop_14.png,14448,1,69,191,74.5,4
100,03-01-25 2 44 52_crop_14.png,14449,1,175,207,74.5,4
100,03-01-25 2 44 52_crop_14.png,14450,1,197,220,74.5,4
100,03-01-25 2 44 52_crop_14.png,14451,1,223,198,74.5,4
100,03-01-25 2 44 52_crop_14.png,14452,1,124,163,74.5,4
100,03-01-25 2 44 52_crop_14.png,14453,1,278,152,74.5,4
100,03-01-25 2 44 52_crop_14.png,14454,1,322,148,74.5,4
100,03-01-25 2 44 52_crop_14.png,14455,1,357,134,74.5,4
100,03-01-25 2 44 52_crop_14.png,14456,1,373,137,74.5,4
100,03-01-25 2 44 52_crop_14.png,14457,1,458,170,74.5,4
100,03-01-25 2 44 52_crop_14.png,14458,1,453,156,74.5,4
100,03-01-25 2 44 52_crop_14.png,14459,1,449,150,74.5,4
100,03-01-25 2 44 52_crop_14.png,14460,1,433,145,74.5,4
100,03-01-25 2 44 52_crop_14.png,14461,1,439,136,74.5,4
100,03-01-25 2 44 52_crop_14.png,14462,1,365,98,74.5,4
100,03-01-25 2 44 52_crop_14.png,14463,1,331,88,74.5,4
100,03-01-25 2 44 52_crop_14.png,14464,1,358,82,74.5,4
100,03-01-25 2 44 52_crop_14.png,14465,1,360,75,74.5,4
100,03-01-25 2 44 52_crop_14.png,14466,1,345,72,74.5,4
100,03-01-25 2 44 52_crop_14.png,14467,1,319,81,74.5,4
100,03-01-25 2 44 52_crop_14.png,14468,1,275,114,74.5,4
100,03-01-25 2 44 52_crop_14.png,14469,1,254,91,74.5,4
100,03-01-25 2 44 52_crop_14.png,14470,1,214,103,74.5,4
100,03-01-25 2 44 52_crop_14.png,14471,1,223,94,74.5,4
100,03-01-25 2 44 52_crop_14.png,14472,1,231,70,74.5,4
100,03-01-25 2 44 52_crop_14.png,14473,1,158,104,74.5,4
100,03-01-25 2 44 52_crop_14.png,14474,1,65,144,74.5,4
100,03-01-25 2 44 52_crop_14.png,14475,1,63,137,74.5,4
100,03-01-25 2 44 52_crop_14.png,14476,1,35,106,74.5,4
100,03-01-25 2 44 52_crop_14.png,14477,1,53,104,74.5,4
100,03-01-25 2 44 52_crop_14.png,14478,1,59,102,74.5,4
100,03-01-25 2 44 52_crop_14.png,14479,1,51,98,74.5,4
100,03-01-25 2 44 52_crop_14.png,14480,1,89,82,74.5,4
100,03-01-25 2 44 52_crop_14.png,14481,1,76,68,74.5,4
100,03-01-25 2 44 52_crop_14.png,14482,1,72,51,74.5,4
100,03-01-25 2 44 52_crop_14.png,14483,1,3,52,57.0,4
100,03-01-25 2 44 52_crop_14.png,14484,1,259,34,74.5,4
100,03-01-25 2 44 52_crop_14.png,14485,1,158,30,74.5,4
100,03-01-25 2 44 52_crop_14.png,14486,1,79,36,74.5,4
100,03-01-25 2 44 52_crop_14.png,14487,1,390,52,74.5,4
100,03-01-25 2 44 52_crop_14.png,14488,1,455,53,74.5,4
100,03-01-25 2 44 52_crop_14.png,14489,1,416,42,74.5,4
100,03-01-25 2 44 52_crop_14.png,14490,1,427,33,74.5,4
100,03-01-25 2 44 52_crop_14.png,14491,1,412,5,74.5,4
100,03-01-25 2 44 52_crop_14.png,14492,1,313,2,49.0,3
100,03-01-25 2 44 52_crop_14.png,14493,1,312,10,74.5,4
100,03-01-25 2 44 52_crop_14.png,14494,1,292,6,74.5,4
100,03-01-25 2 44 52_crop_14.png,14495,1,253,3,66.0,4
100,03-01-25 2 44 52_crop_14.png,14496,1,214,5,74.5,4
100,03-01-25 2 44 52_crop_14.png,14497,1,169,8,74.5,4
100,03-01-25 2 44 52_crop_14.png,14498,1,433,501,74.5,4
100,03-01-25 2 44 52_crop_14.png,14499,1,112,335,61.0,4
101,03-01-25 2 44 52_crop_15.png,14500,1,155,465,74.5,4
101,03-01-25 2 44 52_crop_15.png,14501,1,97,501,74.5,4
101,03-01-25 2 44 52_crop_15.png,14502,1,72,494,74.5,4
101,03-01-25 2 44 52_crop_15.png,14503,1,57,484,74.5,4
101,03-01-25 2 44 52_crop_15.png,14504,1,46,480,74.5,4
101,03-01-25 2 44 52_crop_15.png,14505,1,42,457,74.5,4
101,03-01-25 2 44 52_crop_15.png,14506,1,10,464,74.5,4
101,03-01-25 2 44 52_crop_15.png,14507,1,20,449,74.5,4
101,03-01-25 2 44 52_crop_15.png,14508,1,158,438,74.5,4
101,03-01-25 2 44 52_crop_15.png,14509,1,145,430,74.5,4
101,03-01-25 2 44 52_crop_15.png,14510,1,143,418,74.5,4
101,03-01-25 2 44 52_crop_15.png,14511,1,330,449,74.5,4
101,03-01-25 2 44 52_crop_15.png,14512,1,322,403,74.5,4
101,03-01-25 2 44 52_crop_15.png,14513,1,254,441,74.5,4
101,03-01-25 2 44 52_crop_15.png,14514,1,160,373,74.5,4
101,03-01-25 2 44 52_crop_15.png,14515,1,143,355,74.5,4
101,03-01-25 2 44 52_crop_15.png,14516,1,111,367,74.5,4
101,03-01-25 2 44 52_crop_15.png,14517,1,121,336,74.5,4
101,03-01-25 2 44 52_crop_15.png,14518,1,147,335,74.5,4
101,03-01-25 2 44 52_crop_15.png,14519,1,166,330,74.5,4
101,03-01-25 2 44 52_crop_15.png,14520,1,259,375,74.5,4
101,03-01-25 2 44 52_crop_15.png,14521,1,261,370,74.5,4
101,03-01-25 2 44 52_crop_15.png,14522,1,162,319,74.5,4
101,03-01-25 2 44 52_crop_15.png,14523,1,199,360,74.5,4
101,03-01-25 2 44 52_crop_15.png,14524,1,218,356,74.5,4
101,03-01-25 2 44 52_crop_15.png,14525,1,219,324,74.5,4
101,03-01-25 2 44 52_crop_15.png,14526,1,271,322,74.5,4
101,03-01-25 2 44 52_crop_15.png,14527,1,247,300,74.5,4
101,03-01-25 2 44 52_crop_15.png,14528,1,326,305,74.5,4
101,03-01-25 2 44 52_crop_15.png,14529,1,319,286,74.5,4
101,03-01-25 2 44 52_crop_15.png,14530,1,373,274,74.5,4
101,03-01-25 2 44 52_crop_15.png,14531,1,400,403,74.5,4
101,03-01-25 2 44 52_crop_15.png,14532,1,352,471,74.5,4
101,03-01-25 2 44 52_crop_15.png,14533,1,432,487,74.5,4
101,03-01-25 2 44 52_crop_15.png,14534,1,433,480,74.5,4
101,03-01-25 2 44 52_crop_15.png,14535,1,436,470,74.5,4
101,03-01-25 2 44 52_crop_15.png,14536,1,455,477,74.5,4
101,03-01-25 2 44 52_crop_15.png,14537,1,475,446,74.5,4
101,03-01-25 2 44 52_crop_15.png,14538,1,478,412,74.5,4
101,03-01-25 2 44 52_crop_15.png,14539,1,469,361,74.5,4
101,03-01-25 2 44 52_crop_15.png,14540,1,489,360,74.5,4
101,03-01-25 2 44 52_crop_15.png,14541,1,437,293,74.5,4
101,03-01-25 2 44 52_crop_15.png,14542,1,430,270,74.5,4
101,03-01-25 2 44 52_crop_15.png,14543,1,429,266,74.5,4
101,03-01-25 2 44 52_crop_15.png,14544,1,433,265,74.5,4
101,03-01-25 2 44 52_crop_15.png,14545,1,442,261,74.5,4
101,03-01-25 2 44 52_crop_15.png,14546,1,434,223,74.5,4
101,03-01-25 2 44 52_crop_15.png,14547,1,480,229,74.5,4
101,03-01-25 2 44 52_crop_15.png,14548,1,407,199,74.5,4
101,03-01-25 2 44 52_crop_15.png,14549,1,203,281,74.5,4
101,03-01-25 2 44 52_crop_15.png,14550,1,209,302,74.5,4
101,03-01-25 2 44 52_crop_15.png,14551,1,229,269,74.5,4
101,03-01-25 2 44 52_crop_15.png,14552,1,229,263,74.5,4
101,03-01-25 2 44 52_crop_15.png,14553,1,295,228,74.5,4
101,03-01-25 2 44 52_crop_15.png,14554,1,327,220,74.5,4
101,03-01-25 2 44 52_crop_15.png,14555,1,373,114,74.5,4
101,03-01-25 2 44 52_crop_15.png,14556,1,427,156,74.5,4
101,03-01-25 2 44 52_crop_15.png,14557,1,452,164,74.5,4
101,03-01-25 2 44 52_crop_15.png,14558,1,498,144,74.5,4
101,03-01-25 2 44 52_crop_15.png,14559,1,504,95,74.5,4
101,03-01-25 2 44 52_crop_15.png,14560,1,505,30,74.5,4
101,03-01-25 2 44 52_crop_15.png,14561,1,414,46,74.5,4
101,03-01-25 2 44 52_crop_15.png,14562,1,443,41,74.5,4
101,03-01-25 2 44 52_crop_15.png,14563,1,437,13,74.5,4
101,03-01-25 2 44 52_crop_15.png,14564,1,374,16,74.5,4
101,03-01-25 2 44 52_crop_15.png,14565,1,351,9,74.5,4
101,03-01-25 2 44 52_crop_15.png,14566,1,311,10,74.5,4
101,03-01-25 2 44 52_crop_15.png,14567,1,300,3,66.0,4
101,03-01-25 2 44 52_crop_15.png,14568,1,338,133,74.5,4
101,03-01-25 2 44 52_crop_15.png,14569,1,331,111,74.5,4
101,03-01-25 2 44 52_crop_15.png,14570,1,290,139,74.5,4
101,03-01-25 2 44 52_crop_15.png,14571,1,271,121,74.5,4
101,03-01-25 2 44 52_crop_15.png,14572,1,300,33,74.5,4
101,03-01-25 2 44 52_crop_15.png,14573,1,291,61,74.5,4
101,03-01-25 2 44 52_crop_15.png,14574,1,239,73,74.5,4
101,03-01-25 2 44 52_crop_15.png,14575,1,227,64,74.5,4
101,03-01-25 2 44 52_crop_15.png,14576,1,224,85,74.5,4
101,03-01-25 2 44 52_crop_15.png,14577,1,210,83,74.5,4
101,03-01-25 2 44 52_crop_15.png,14578,1,213,141,74.5,4
101,03-01-25 2 44 52_crop_15.png,14579,1,231,160,74.5,4
101,03-01-25 2 44 52_crop_15.png,14580,1,242,230,74.5,4
101,03-01-25 2 44 52_crop_15.png,14581,1,234,214,74.5,4
101,03-01-25 2 44 52_crop_15.png,14582,1,227,215,74.5,4
101,03-01-25 2 44 52_crop_15.png,14583,1,219,196,74.5,4
101,03-01-25 2 44 52_crop_15.png,14584,1,186,211,74.5,4
101,03-01-25 2 44 52_crop_15.png,14585,1,169,240,74.5,4
101,03-01-25 2 44 52_crop_15.png,14586,1,186,286,74.5,4
101,03-01-25 2 44 52_crop_15.png,14587,1,184,279,74.5,4
101,03-01-25 2 44 52_crop_15.png,14588,1,154,282,74.5,4
101,03-01-25 2 44 52_crop_15.png,14589,1,135,295,74.5,4
101,03-01-25 2 44 52_crop_15.png,14590,1,116,309,74.5,4
101,03-01-25 2 44 52_crop_15.png,14591,1,70,332,74.5,4
101,03-01-25 2 44 52_crop_15.png,14592,1,61,396,74.5,4
101,03-01-25 2 44 52_crop_15.png,14593,1,51,388,74.5,4
101,03-01-25 2 44 52_crop_15.png,14594,1,29,380,74.5,4
101,03-01-25 2 44 52_crop_15.png,14595,1,45,375,74.5,4
101,03-01-25 2 44 52_crop_15.png,14596,1,52,368,74.5,4
101,03-01-25 2 44 52_crop_15.png,14597,1,36,355,74.5,4
101,03-01-25 2 44 52_crop_15.png,14598,1,35,349,74.5,4
101,03-01-25 2 44 52_crop_15.png,14599,1,27,349,74.5,4
101,03-01-25 2 44 52_crop_15.png,14600,1,10,346,74.5,4
101,03-01-25 2 44 52_crop_15.png,14601,1,25,322,74.5,4
101,03-01-25 2 44 52_crop_15.png,14602,1,4,299,71.0,4
101,03-01-25 2 44 52_crop_15.png,14603,1,73,299,74.5,4
101,03-01-25 2 44 52_crop_15.png,14604,1,101,285,74.5,4
101,03-01-25 2 44 52_crop_15.png,14605,1,72,259,74.5,4
101,03-01-25 2 44 52_crop_15.png,14606,1,123,264,74.5,4
101,03-01-25 2 44 52_crop_15.png,14607,1,130,226,74.5,4
101,03-01-25 2 44 52_crop_15.png,14608,1,113,223,74.5,4
101,03-01-25 2 44 52_crop_15.png,14609,1,94,200,74.5,4
101,03-01-25 2 44 52_crop_15.png,14610,1,3,270,65.0,4
101,03-01-25 2 44 52_crop_15.png,14611,1,25,221,74.5,4
101,03-01-25 2 44 52_crop_15.png,14612,1,33,209,74.5,4
101,03-01-25 2 44 52_crop_15.png,14613,1,38,190,74.5,4
101,03-01-25 2 44 52_crop_15.png,14614,1,33,187,74.5,4
101,03-01-25 2 44 52_crop_15.png,14615,1,37,176,74.5,4
101,03-01-25 2 44 52_crop_15.png,14616,1,62,168,74.5,4
101,03-01-25 2 44 52_crop_15.png,14617,1,70,170,74.5,4
101,03-01-25 2 44 52_crop_15.png,14618,1,101,111,74.5,4
101,03-01-25 2 44 52_crop_15.png,14619,1,115,79,74.5,4
101,03-01-25 2 44 52_crop_15.png,14620,1,139,94,74.5,4
101,03-01-25 2 44 52_crop_15.png,14621,1,133,69,74.5,4
101,03-01-25 2 44 52_crop_15.png,14622,1,167,64,74.5,4
101,03-01-25 2 44 52_crop_15.png,14623,1,148,60,74.5,4
101,03-01-25 2 44 52_crop_15.png,14624,1,191,37,74.5,4
101,03-01-25 2 44 52_crop_15.png,14625,1,170,39,74.5,4
101,03-01-25 2 44 52_crop_15.png,14626,1,149,34,74.5,4
101,03-01-25 2 44 52_crop_15.png,14627,1,118,7,74.5,4
101,03-01-25 2 44 52_crop_15.png,14628,1,201,483,74.5,4
101,03-01-25 2 44 52_crop_15.png,14629,1,170,477,74.5,4
