image_id,image_filename,bead_id,category_id,x,y,area,approx_radius
1,3_320x stock m270_4xobj_3_grid_r0_c6.png,1,1,130,221,31.5,3
1,3_320x stock m270_4xobj_3_grid_r0_c6.png,2,1,159,137,31.5,3
1,3_320x stock m270_4xobj_3_grid_r0_c6.png,3,1,497,161,74.5,4
1,3_320x stock m270_4xobj_3_grid_r0_c6.png,4,1,269,156,31.5,3
1,3_320x stock m270_4xobj_3_grid_r0_c6.png,5,1,294,472,74.5,4
1,3_320x stock m270_4xobj_3_grid_r0_c6.png,6,1,434,357,74.5,4
1,3_320x stock m270_4xobj_3_grid_r0_c6.png,7,1,82,253,46.0,3
1,3_320x stock m270_4xobj_3_grid_r0_c6.png,8,1,486,207,46.0,3
1,3_320x stock m270_4xobj_3_grid_r0_c6.png,9,1,255,488,74.5,4
1,3_320x stock m270_4xobj_3_grid_r0_c6.png,10,1,331,484,74.5,4
1,3_320x stock m270_4xobj_3_grid_r0_c6.png,11,1,44,456,74.5,4
1,3_320x stock m270_4xobj_3_grid_r0_c6.png,12,1,383,405,46.0,3
1,3_320x stock m270_4xobj_3_grid_r0_c6.png,13,1,52,398,31.5,3
1,3_320x stock m270_4xobj_3_grid_r0_c6.png,14,1,211,352,46.0,3
1,3_320x stock m270_4xobj_3_grid_r0_c6.png,15,1,483,197,31.5,3
1,3_320x stock m270_4xobj_3_grid_r0_c6.png,16,1,360,175,104.0,5
1,3_320x stock m270_4xobj_3_grid_r0_c6.png,17,1,8,172,46.0,3
1,3_320x stock m270_4xobj_3_grid_r0_c6.png,18,1,192,150,31.5,3
1,3_320x stock m270_4xobj_3_grid_r0_c6.png,19,1,338,144,104.0,5
1,3_320x stock m270_4xobj_3_grid_r0_c6.png,20,1,195,66,147.5,6
1,3_320x stock m270_4xobj_3_grid_r0_c6.png,21,1,196,483,31.5,3
1,3_320x stock m270_4xobj_3_grid_r0_c6.png,22,1,414,447,74.5,4
1,3_320x stock m270_4xobj_3_grid_r0_c6.png,23,1,463,400,74.5,4
1,3_320x stock m270_4xobj_3_grid_r0_c6.png,24,1,419,336,46.0,3
1,3_320x stock m270_4xobj_3_grid_r0_c6.png,25,1,328,305,46.0,3
1,3_320x stock m270_4xobj_3_grid_r0_c6.png,26,1,211,230,74.5,4
1,3_320x stock m270_4xobj_3_grid_r0_c6.png,27,1,486,148,31.5,3
1,3_320x stock m270_4xobj_3_grid_r0_c6.png,28,1,79,70,74.5,4
1,3_320x stock m270_4xobj_3_grid_r0_c6.png,29,1,179,66,74.5,4
1,3_320x stock m270_4xobj_3_grid_r0_c6.png,30,1,189,39,31.5,3
1,3_320x stock m270_4xobj_3_grid_r0_c6.png,31,1,439,32,46.0,3
1,3_320x stock m270_4xobj_3_grid_r0_c6.png,32,1,360,13,31.5,3
1,3_320x stock m270_4xobj_3_grid_r0_c6.png,33,1,380,492,190.0,7
1,3_320x stock m270_4xobj_3_grid_r0_c6.png,34,1,467,443,31.5,3
1,3_320x stock m270_4xobj_3_grid_r0_c6.png,35,1,130,400,104.0,5
1,3_320x stock m270_4xobj_3_grid_r0_c6.png,36,1,363,319,31.5,3
1,3_320x stock m270_4xobj_3_grid_r0_c6.png,37,1,406,292,31.5,3
1,3_320x stock m270_4xobj_3_grid_r0_c6.png,38,1,325,293,31.5,3
1,3_320x stock m270_4xobj_3_grid_r0_c6.png,39,1,264,266,31.5,3
1,3_320x stock m270_4xobj_3_grid_r0_c6.png,40,1,385,248,8.0,1
1,3_320x stock m270_4xobj_3_grid_r0_c6.png,41,1,287,191,31.5,3
1,3_320x stock m270_4xobj_3_grid_r0_c6.png,42,1,394,185,46.0,3
1,3_320x stock m270_4xobj_3_grid_r0_c6.png,43,1,147,182,31.5,3
1,3_320x stock m270_4xobj_3_grid_r0_c6.png,44,1,390,158,31.5,3
1,3_320x stock m270_4xobj_3_grid_r0_c6.png,45,1,466,155,31.5,3
1,3_320x stock m270_4xobj_3_grid_r0_c6.png,46,1,354,156,31.5,3
1,3_320x stock m270_4xobj_3_grid_r0_c6.png,47,1,292,155,104.0,5
1,3_320x stock m270_4xobj_3_grid_r0_c6.png,48,1,258,139,31.5,3
1,3_320x stock m270_4xobj_3_grid_r0_c6.png,49,1,460,130,31.5,3
1,3_320x stock m270_4xobj_3_grid_r0_c6.png,50,1,438,130,104.0,5
1,3_320x stock m270_4xobj_3_grid_r0_c6.png,51,1,346,127,46.0,3
1,3_320x stock m270_4xobj_3_grid_r0_c6.png,52,1,235,124,74.5,4
1,3_320x stock m270_4xobj_3_grid_r0_c6.png,53,1,124,82,46.0,3
1,3_320x stock m270_4xobj_3_grid_r0_c6.png,54,1,476,77,31.5,3
1,3_320x stock m270_4xobj_3_grid_r0_c6.png,55,1,307,77,46.0,3
1,3_320x stock m270_4xobj_3_grid_r0_c6.png,56,1,336,59,31.5,3
1,3_320x stock m270_4xobj_3_grid_r0_c6.png,57,1,267,60,104.0,5
1,3_320x stock m270_4xobj_3_grid_r0_c6.png,58,1,321,46,46.0,3
1,3_320x stock m270_4xobj_3_grid_r0_c6.png,59,1,410,38,46.0,3
1,3_320x stock m270_4xobj_3_grid_r0_c6.png,60,1,176,36,31.5,3
1,3_320x stock m270_4xobj_3_grid_r0_c6.png,61,1,87,34,31.5,3
1,3_320x stock m270_4xobj_3_grid_r0_c6.png,62,1,295,28,31.5,3
1,3_320x stock m270_4xobj_3_grid_r0_c6.png,63,1,461,22,46.0,3
1,3_320x stock m270_4xobj_3_grid_r0_c6.png,64,1,262,18,31.5,3
1,3_320x stock m270_4xobj_3_grid_r0_c6.png,65,1,84,14,46.0,3
1,3_320x stock m270_4xobj_3_grid_r0_c6.png,66,1,434,15,74.5,4
1,3_320x stock m270_4xobj_3_grid_r0_c6.png,67,1,248,8,74.5,4
1,3_320x stock m270_4xobj_3_grid_r0_c6.png,68,1,389,7,31.5,3
1,3_320x stock m270_4xobj_3_grid_r0_c6.png,69,1,159,495,74.5,4
1,3_320x stock m270_4xobj_3_grid_r0_c6.png,70,1,455,446,74.5,4
1,3_320x stock m270_4xobj_3_grid_r0_c6.png,71,1,482,424,31.5,3
1,3_320x stock m270_4xobj_3_grid_r0_c6.png,72,1,359,420,31.5,3
1,3_320x stock m270_4xobj_3_grid_r0_c6.png,73,1,367,412,31.5,3
1,3_320x stock m270_4xobj_3_grid_r0_c6.png,74,1,207,393,46.0,3
1,3_320x stock m270_4xobj_3_grid_r0_c6.png,75,1,388,340,31.5,3
1,3_320x stock m270_4xobj_3_grid_r0_c6.png,76,1,464,314,46.0,3
1,3_320x stock m270_4xobj_3_grid_r0_c6.png,77,1,400,301,31.5,3
1,3_320x stock m270_4xobj_3_grid_r0_c6.png,78,1,444,297,46.0,3
1,3_320x stock m270_4xobj_3_grid_r0_c6.png,79,1,250,292,46.0,3
1,3_320x stock m270_4xobj_3_grid_r0_c6.png,80,1,266,291,46.0,3
1,3_320x stock m270_4xobj_3_grid_r0_c6.png,81,1,285,268,31.5,3
1,3_320x stock m270_4xobj_3_grid_r0_c6.png,82,1,227,266,46.0,3
1,3_320x stock m270_4xobj_3_grid_r0_c6.png,83,1,449,266,31.5,3
1,3_320x stock m270_4xobj_3_grid_r0_c6.png,84,1,368,264,31.5,3
1,3_320x stock m270_4xobj_3_grid_r0_c6.png,85,1,205,261,46.0,3
1,3_320x stock m270_4xobj_3_grid_r0_c6.png,86,1,492,260,31.5,3
1,3_320x stock m270_4xobj_3_grid_r0_c6.png,87,1,289,251,46.0,3
1,3_320x stock m270_4xobj_3_grid_r0_c6.png,88,1,226,246,31.5,3
1,3_320x stock m270_4xobj_3_grid_r0_c6.png,89,1,482,246,74.5,4
1,3_320x stock m270_4xobj_3_grid_r0_c6.png,90,1,416,229,31.5,3
1,3_320x stock m270_4xobj_3_grid_r0_c6.png,91,1,437,223,46.0,3
1,3_320x stock m270_4xobj_3_grid_r0_c6.png,92,1,385,222,31.5,3
1,3_320x stock m270_4xobj_3_grid_r0_c6.png,93,1,336,213,31.5,3
1,3_320x stock m270_4xobj_3_grid_r0_c6.png,94,1,102,212,46.0,3
1,3_320x stock m270_4xobj_3_grid_r0_c6.png,95,1,299,211,46.0,3
1,3_320x stock m270_4xobj_3_grid_r0_c6.png,96,1,392,208,74.5,4
1,3_320x stock m270_4xobj_3_grid_r0_c6.png,97,1,260,207,46.0,3
1,3_320x stock m270_4xobj_3_grid_r0_c6.png,98,1,245,204,46.0,3
1,3_320x stock m270_4xobj_3_grid_r0_c6.png,99,1,63,195,46.0,3
1,3_320x stock m270_4xobj_3_grid_r0_c6.png,100,1,312,183,46.0,3
1,3_320x stock m270_4xobj_3_grid_r0_c6.png,101,1,345,183,46.0,3
1,3_320x stock m270_4xobj_3_grid_r0_c6.png,102,1,139,170,46.0,3
1,3_320x stock m270_4xobj_3_grid_r0_c6.png,103,1,238,167,74.5,4
1,3_320x stock m270_4xobj_3_grid_r0_c6.png,104,1,214,160,46.0,3
1,3_320x stock m270_4xobj_3_grid_r0_c6.png,105,1,341,163,147.5,6
1,3_320x stock m270_4xobj_3_grid_r0_c6.png,106,1,109,153,31.5,3
1,3_320x stock m270_4xobj_3_grid_r0_c6.png,107,1,403,150,46.0,3
1,3_320x stock m270_4xobj_3_grid_r0_c6.png,108,1,278,144,31.5,3
1,3_320x stock m270_4xobj_3_grid_r0_c6.png,109,1,391,143,74.5,4
1,3_320x stock m270_4xobj_3_grid_r0_c6.png,110,1,321,139,31.5,3
1,3_320x stock m270_4xobj_3_grid_r0_c6.png,111,1,172,130,31.5,3
1,3_320x stock m270_4xobj_3_grid_r0_c6.png,112,1,413,119,31.5,3
1,3_320x stock m270_4xobj_3_grid_r0_c6.png,113,1,119,119,147.5,6
1,3_320x stock m270_4xobj_3_grid_r0_c6.png,114,1,99,113,31.5,3
1,3_320x stock m270_4xobj_3_grid_r0_c6.png,115,1,218,113,74.5,4
1,3_320x stock m270_4xobj_3_grid_r0_c6.png,116,1,66,110,104.0,5
1,3_320x stock m270_4xobj_3_grid_r0_c6.png,117,1,329,101,46.0,3
1,3_320x stock m270_4xobj_3_grid_r0_c6.png,118,1,299,97,74.5,4
1,3_320x stock m270_4xobj_3_grid_r0_c6.png,119,1,183,98,31.5,3
1,3_320x stock m270_4xobj_3_grid_r0_c6.png,120,1,217,97,31.5,3
1,3_320x stock m270_4xobj_3_grid_r0_c6.png,121,1,78,95,46.0,3
1,3_320x stock m270_4xobj_3_grid_r0_c6.png,122,1,390,88,46.0,3
1,3_320x stock m270_4xobj_3_grid_r0_c6.png,123,1,334,84,46.0,3
1,3_320x stock m270_4xobj_3_grid_r0_c6.png,124,1,181,82,31.5,3
1,3_320x stock m270_4xobj_3_grid_r0_c6.png,125,1,446,79,46.0,3
1,3_320x stock m270_4xobj_3_grid_r0_c6.png,126,1,380,75,46.0,3
1,3_320x stock m270_4xobj_3_grid_r0_c6.png,127,1,487,74,46.0,3
1,3_320x stock m270_4xobj_3_grid_r0_c6.png,128,1,157,70,31.5,3
1,3_320x stock m270_4xobj_3_grid_r0_c6.png,129,1,395,64,46.0,3
1,3_320x stock m270_4xobj_3_grid_r0_c6.png,130,1,50,55,46.0,3
1,3_320x stock m270_4xobj_3_grid_r0_c6.png,131,1,183,51,46.0,3
1,3_320x stock m270_4xobj_3_grid_r0_c6.png,132,1,203,49,46.0,3
1,3_320x stock m270_4xobj_3_grid_r0_c6.png,133,1,27,45,31.5,3
1,3_320x stock m270_4xobj_3_grid_r0_c6.png,134,1,50,42,46.0,3
1,3_320x stock m270_4xobj_3_grid_r0_c6.png,135,1,232,35,74.5,4
1,3_320x stock m270_4xobj_3_grid_r0_c6.png,136,1,15,30,46.0,3
1,3_320x stock m270_4xobj_3_grid_r0_c6.png,137,1,29,27,31.5,3
1,3_320x stock m270_4xobj_3_grid_r0_c6.png,138,1,172,24,31.5,3
1,3_320x stock m270_4xobj_3_grid_r0_c6.png,139,1,111,10,46.0,3
1,3_320x stock m270_4xobj_3_grid_r0_c6.png,140,1,189,507,31.5,3
1,3_320x stock m270_4xobj_3_grid_r0_c6.png,141,1,354,506,31.5,3
1,3_320x stock m270_4xobj_3_grid_r0_c6.png,142,1,66,493,31.5,3
1,3_320x stock m270_4xobj_3_grid_r0_c6.png,143,1,438,482,31.5,3
1,3_320x stock m270_4xobj_3_grid_r0_c6.png,144,1,484,472,46.0,3
1,3_320x stock m270_4xobj_3_grid_r0_c6.png,145,1,383,470,46.0,3
1,3_320x stock m270_4xobj_3_grid_r0_c6.png,146,1,122,468,147.5,6
1,3_320x stock m270_4xobj_3_grid_r0_c6.png,147,1,352,452,31.5,3
1,3_320x stock m270_4xobj_3_grid_r0_c6.png,148,1,326,449,31.5,3
1,3_320x stock m270_4xobj_3_grid_r0_c6.png,149,1,189,434,46.0,3
1,3_320x stock m270_4xobj_3_grid_r0_c6.png,150,1,308,429,46.0,3
1,3_320x stock m270_4xobj_3_grid_r0_c6.png,151,1,410,413,46.0,3
1,3_320x stock m270_4xobj_3_grid_r0_c6.png,152,1,268,406,31.5,3
1,3_320x stock m270_4xobj_3_grid_r0_c6.png,153,1,490,396,31.5,3
1,3_320x stock m270_4xobj_3_grid_r0_c6.png,154,1,249,388,31.5,3
1,3_320x stock m270_4xobj_3_grid_r0_c6.png,155,1,386,376,31.5,3
1,3_320x stock m270_4xobj_3_grid_r0_c6.png,156,1,85,375,104.0,5
1,3_320x stock m270_4xobj_3_grid_r0_c6.png,157,1,292,366,31.5,3
1,3_320x stock m270_4xobj_3_grid_r0_c6.png,158,1,257,360,46.0,3
1,3_320x stock m270_4xobj_3_grid_r0_c6.png,159,1,276,358,31.5,3
1,3_320x stock m270_4xobj_3_grid_r0_c6.png,160,1,8,326,31.5,3
1,3_320x stock m270_4xobj_3_grid_r0_c6.png,161,1,301,320,74.5,4
1,3_320x stock m270_4xobj_3_grid_r0_c6.png,162,1,114,316,46.0,3
1,3_320x stock m270_4xobj_3_grid_r0_c6.png,163,1,239,314,46.0,3
1,3_320x stock m270_4xobj_3_grid_r0_c6.png,164,1,218,314,46.0,3
1,3_320x stock m270_4xobj_3_grid_r0_c6.png,165,1,458,305,46.0,3
1,3_320x stock m270_4xobj_3_grid_r0_c6.png,166,1,182,301,31.5,3
1,3_320x stock m270_4xobj_3_grid_r0_c6.png,167,1,221,285,74.5,4
1,3_320x stock m270_4xobj_3_grid_r0_c6.png,168,1,277,283,31.5,3
1,3_320x stock m270_4xobj_3_grid_r0_c6.png,169,1,477,277,46.0,3
1,3_320x stock m270_4xobj_3_grid_r0_c6.png,170,1,123,277,31.5,3
1,3_320x stock m270_4xobj_3_grid_r0_c6.png,171,1,210,277,74.5,4
1,3_320x stock m270_4xobj_3_grid_r0_c6.png,172,1,259,275,31.5,3
1,3_320x stock m270_4xobj_3_grid_r0_c6.png,173,1,40,271,46.0,3
1,3_320x stock m270_4xobj_3_grid_r0_c6.png,174,1,411,264,46.0,3
1,3_320x stock m270_4xobj_3_grid_r0_c6.png,175,1,114,263,147.5,6
1,3_320x stock m270_4xobj_3_grid_r0_c6.png,176,1,62,242,31.5,3
1,3_320x stock m270_4xobj_3_grid_r0_c6.png,177,1,111,241,31.5,3
1,3_320x stock m270_4xobj_3_grid_r0_c6.png,178,1,261,239,74.5,4
1,3_320x stock m270_4xobj_3_grid_r0_c6.png,179,1,157,229,74.5,4
1,3_320x stock m270_4xobj_3_grid_r0_c6.png,180,1,73,227,46.0,3
1,3_320x stock m270_4xobj_3_grid_r0_c6.png,181,1,141,226,46.0,3
1,3_320x stock m270_4xobj_3_grid_r0_c6.png,182,1,12,224,46.0,3
1,3_320x stock m270_4xobj_3_grid_r0_c6.png,183,1,281,219,31.5,3
1,3_320x stock m270_4xobj_3_grid_r0_c6.png,184,1,363,217,74.5,4
1,3_320x stock m270_4xobj_3_grid_r0_c6.png,185,1,82,214,46.0,3
1,3_320x stock m270_4xobj_3_grid_r0_c6.png,186,1,407,209,74.5,4
1,3_320x stock m270_4xobj_3_grid_r0_c6.png,187,1,205,182,74.5,4
1,3_320x stock m270_4xobj_3_grid_r0_c6.png,188,1,259,180,46.0,3
1,3_320x stock m270_4xobj_3_grid_r0_c6.png,189,1,80,178,46.0,3
1,3_320x stock m270_4xobj_3_grid_r0_c6.png,190,1,221,173,74.5,4
1,3_320x stock m270_4xobj_3_grid_r0_c6.png,191,1,112,168,46.0,3
1,3_320x stock m270_4xobj_3_grid_r0_c6.png,192,1,30,171,31.5,3
1,3_320x stock m270_4xobj_3_grid_r0_c6.png,193,1,321,168,74.5,4
1,3_320x stock m270_4xobj_3_grid_r0_c6.png,194,1,139,135,46.0,3
1,3_320x stock m270_4xobj_3_grid_r0_c6.png,195,1,151,88,74.5,4
1,3_320x stock m270_4xobj_3_grid_r0_c6.png,196,1,55,68,104.0,5
1,3_320x stock m270_4xobj_3_grid_r0_c6.png,197,1,119,47,46.0,3
1,3_320x stock m270_4xobj_3_grid_r0_c6.png,198,1,346,25,74.5,4
1,3_320x stock m270_4xobj_3_grid_r0_c6.png,199,1,149,13,74.5,4
1,3_320x stock m270_4xobj_3_grid_r0_c6.png,200,1,68,481,46.0,3
1,3_320x stock m270_4xobj_3_grid_r0_c6.png,201,1,463,475,74.5,4
1,3_320x stock m270_4xobj_3_grid_r0_c6.png,202,1,276,474,31.5,3
1,3_320x stock m270_4xobj_3_grid_r0_c6.png,203,1,289,456,46.0,3
1,3_320x stock m270_4xobj_3_grid_r0_c6.png,204,1,26,456,46.0,3
1,3_320x stock m270_4xobj_3_grid_r0_c6.png,205,1,134,441,147.5,6
1,3_320x stock m270_4xobj_3_grid_r0_c6.png,206,1,71,428,46.0,3
1,3_320x stock m270_4xobj_3_grid_r0_c6.png,207,1,325,418,46.0,3
1,3_320x stock m270_4xobj_3_grid_r0_c6.png,208,1,211,418,46.0,3
1,3_320x stock m270_4xobj_3_grid_r0_c6.png,209,1,120,418,31.5,3
1,3_320x stock m270_4xobj_3_grid_r0_c6.png,210,1,189,416,104.0,5
1,3_320x stock m270_4xobj_3_grid_r0_c6.png,211,1,231,414,74.5,4
1,3_320x stock m270_4xobj_3_grid_r0_c6.png,212,1,244,406,31.5,3
1,3_320x stock m270_4xobj_3_grid_r0_c6.png,213,1,84,400,46.0,3
1,3_320x stock m270_4xobj_3_grid_r0_c6.png,214,1,314,399,31.5,3
1,3_320x stock m270_4xobj_3_grid_r0_c6.png,215,1,174,392,46.0,3
1,3_320x stock m270_4xobj_3_grid_r0_c6.png,216,1,439,369,74.5,4
1,3_320x stock m270_4xobj_3_grid_r0_c6.png,217,1,117,361,46.0,3
1,3_320x stock m270_4xobj_3_grid_r0_c6.png,218,1,100,358,46.0,3
1,3_320x stock m270_4xobj_3_grid_r0_c6.png,219,1,16,352,46.0,3
1,3_320x stock m270_4xobj_3_grid_r0_c6.png,220,1,309,347,46.0,3
1,3_320x stock m270_4xobj_3_grid_r0_c6.png,221,1,156,344,46.0,3
1,3_320x stock m270_4xobj_3_grid_r0_c6.png,222,1,324,336,104.0,5
1,3_320x stock m270_4xobj_3_grid_r0_c6.png,223,1,201,325,46.0,3
1,3_320x stock m270_4xobj_3_grid_r0_c6.png,224,1,121,324,46.0,3
1,3_320x stock m270_4xobj_3_grid_r0_c6.png,225,1,33,324,46.0,3
1,3_320x stock m270_4xobj_3_grid_r0_c6.png,226,1,75,320,74.5,4
1,3_320x stock m270_4xobj_3_grid_r0_c6.png,227,1,397,320,74.5,4
1,3_320x stock m270_4xobj_3_grid_r0_c6.png,228,1,104,293,31.5,3
1,3_320x stock m270_4xobj_3_grid_r0_c6.png,229,1,14,267,74.5,4
1,3_320x stock m270_4xobj_3_grid_r0_c6.png,230,1,458,167,46.0,3
1,3_320x stock m270_4xobj_3_grid_r0_c6.png,231,1,351,115,74.5,4
1,3_320x stock m270_4xobj_3_grid_r0_c6.png,232,1,158,113,46.0,3
1,3_320x stock m270_4xobj_3_grid_r0_c6.png,233,1,116,506,46.0,3
1,3_320x stock m270_4xobj_3_grid_r0_c6.png,234,1,101,498,31.5,3
1,3_320x stock m270_4xobj_3_grid_r0_c6.png,235,1,288,489,46.0,3
1,3_320x stock m270_4xobj_3_grid_r0_c6.png,236,1,140,486,46.0,3
1,3_320x stock m270_4xobj_3_grid_r0_c6.png,237,1,53,482,46.0,3
1,3_320x stock m270_4xobj_3_grid_r0_c6.png,238,1,43,473,46.0,3
1,3_320x stock m270_4xobj_3_grid_r0_c6.png,239,1,16,472,104.0,5
1,3_320x stock m270_4xobj_3_grid_r0_c6.png,240,1,377,459,46.0,3
1,3_320x stock m270_4xobj_3_grid_r0_c6.png,241,1,77,450,31.5,3
1,3_320x stock m270_4xobj_3_grid_r0_c6.png,242,1,80,439,46.0,3
1,3_320x stock m270_4xobj_3_grid_r0_c6.png,243,1,173,422,74.5,4
1,3_320x stock m270_4xobj_3_grid_r0_c6.png,244,1,89,420,46.0,3
1,3_320x stock m270_4xobj_3_grid_r0_c6.png,245,1,146,419,46.0,3
1,3_320x stock m270_4xobj_3_grid_r0_c6.png,246,1,104,416,74.5,4
1,3_320x stock m270_4xobj_3_grid_r0_c6.png,247,1,102,389,46.0,3
1,3_320x stock m270_4xobj_3_grid_r0_c6.png,248,1,441,386,46.0,3
1,3_320x stock m270_4xobj_3_grid_r0_c6.png,249,1,40,386,46.0,3
1,3_320x stock m270_4xobj_3_grid_r0_c6.png,250,1,256,373,46.0,3
1,3_320x stock m270_4xobj_3_grid_r0_c6.png,251,1,178,357,46.0,3
1,3_320x stock m270_4xobj_3_grid_r0_c6.png,252,1,3,348,31.5,3
1,3_320x stock m270_4xobj_3_grid_r0_c6.png,253,1,402,341,74.5,4
1,3_320x stock m270_4xobj_3_grid_r0_c6.png,254,1,386,310,74.5,4
1,3_320x stock m270_4xobj_3_grid_r0_c6.png,255,1,420,282,46.0,3
1,3_320x stock m270_4xobj_3_grid_r0_c6.png,256,1,94,242,74.5,4
1,3_320x stock m270_4xobj_3_grid_r0_c6.png,257,1,51,219,46.0,3
1,3_320x stock m270_4xobj_3_grid_r0_c6.png,258,1,46,132,104.0,5
1,3_320x stock m270_4xobj_3_grid_r0_c6.png,259,1,311,122,74.5,4
1,3_320x stock m270_4xobj_3_grid_r0_c6.png,260,1,459,494,104.0,5
1,3_320x stock m270_4xobj_3_grid_r0_c6.png,261,1,55,493,46.0,3
1,3_320x stock m270_4xobj_3_grid_r0_c6.png,262,1,30,480,31.5,3
1,3_320x stock m270_4xobj_3_grid_r0_c6.png,263,1,57,412,74.5,4
1,3_320x stock m270_4xobj_3_grid_r0_c6.png,264,1,127,374,147.5,6
1,3_320x stock m270_4xobj_3_grid_r0_c6.png,265,1,16,292,74.5,4
1,3_320x stock m270_4xobj_3_grid_r0_c6.png,266,1,92,473,74.5,4
1,3_320x stock m270_4xobj_3_grid_r0_c6.png,267,1,103,444,104.0,5
1,3_320x stock m270_4xobj_3_grid_r0_c6.png,268,1,419,174,8.0,1
1,3_320x stock m270_4xobj_3_grid_r0_c6.png,269,1,485,49,31.5,3
1,3_320x stock m270_4xobj_3_grid_r0_c6.png,270,1,222,77,31.5,3
1,3_320x stock m270_4xobj_3_grid_r0_c6.png,271,1,132,304,8.0,1
2,3_320x stock m270_4xobj_3_grid_r0_c7.png,272,1,500,287,31.5,3
2,3_320x stock m270_4xobj_3_grid_r0_c7.png,273,1,471,243,31.5,3
2,3_320x stock m270_4xobj_3_grid_r0_c7.png,274,1,143,109,74.5,4
2,3_320x stock m270_4xobj_3_grid_r0_c7.png,275,1,312,88,74.5,4
2,3_320x stock m270_4xobj_3_grid_r0_c7.png,276,1,97,74,74.5,4
2,3_320x stock m270_4xobj_3_grid_r0_c7.png,277,1,348,25,46.0,3
2,3_320x stock m270_4xobj_3_grid_r0_c7.png,278,1,397,235,31.5,3
2,3_320x stock m270_4xobj_3_grid_r0_c7.png,279,1,438,187,46.0,3
2,3_320x stock m270_4xobj_3_grid_r0_c7.png,280,1,323,56,46.0,3
2,3_320x stock m270_4xobj_3_grid_r0_c7.png,281,1,315,10,31.5,3
2,3_320x stock m270_4xobj_3_grid_r0_c7.png,282,1,158,481,31.5,3
2,3_320x stock m270_4xobj_3_grid_r0_c7.png,283,1,368,399,46.0,3
2,3_320x stock m270_4xobj_3_grid_r0_c7.png,284,1,381,320,74.5,4
2,3_320x stock m270_4xobj_3_grid_r0_c7.png,285,1,115,288,46.0,3
2,3_320x stock m270_4xobj_3_grid_r0_c7.png,286,1,403,265,31.5,3
2,3_320x stock m270_4xobj_3_grid_r0_c7.png,287,1,169,200,46.0,3
2,3_320x stock m270_4xobj_3_grid_r0_c7.png,288,1,363,183,46.0,3
2,3_320x stock m270_4xobj_3_grid_r0_c7.png,289,1,22,161,74.5,4
2,3_320x stock m270_4xobj_3_grid_r0_c7.png,290,1,372,144,46.0,3
2,3_320x stock m270_4xobj_3_grid_r0_c7.png,291,1,245,143,31.5,3
2,3_320x stock m270_4xobj_3_grid_r0_c7.png,292,1,347,121,31.5,3
2,3_320x stock m270_4xobj_3_grid_r0_c7.png,293,1,305,105,46.0,3
2,3_320x stock m270_4xobj_3_grid_r0_c7.png,294,1,259,28,46.0,3
2,3_320x stock m270_4xobj_3_grid_r0_c7.png,295,1,51,28,46.0,3
2,3_320x stock m270_4xobj_3_grid_r0_c7.png,296,1,210,487,104.0,5
2,3_320x stock m270_4xobj_3_grid_r0_c7.png,297,1,124,432,74.5,4
2,3_320x stock m270_4xobj_3_grid_r0_c7.png,298,1,74,431,46.0,3
2,3_320x stock m270_4xobj_3_grid_r0_c7.png,299,1,497,427,46.0,3
2,3_320x stock m270_4xobj_3_grid_r0_c7.png,300,1,465,404,31.5,3
2,3_320x stock m270_4xobj_3_grid_r0_c7.png,301,1,280,372,46.0,3
2,3_320x stock m270_4xobj_3_grid_r0_c7.png,302,1,136,372,31.5,3
2,3_320x stock m270_4xobj_3_grid_r0_c7.png,303,1,456,351,8.0,1
2,3_320x stock m270_4xobj_3_grid_r0_c7.png,304,1,378,246,46.0,3
2,3_320x stock m270_4xobj_3_grid_r0_c7.png,305,1,106,145,104.0,5
2,3_320x stock m270_4xobj_3_grid_r0_c7.png,306,1,129,85,147.5,6
2,3_320x stock m270_4xobj_3_grid_r0_c7.png,307,1,177,81,104.0,5
2,3_320x stock m270_4xobj_3_grid_r0_c7.png,308,1,298,56,74.5,4
2,3_320x stock m270_4xobj_3_grid_r0_c7.png,309,1,254,40,31.5,3
2,3_320x stock m270_4xobj_3_grid_r0_c7.png,310,1,192,6,31.5,3
2,3_320x stock m270_4xobj_3_grid_r0_c7.png,311,1,461,488,31.5,3
2,3_320x stock m270_4xobj_3_grid_r0_c7.png,312,1,430,478,31.5,3
2,3_320x stock m270_4xobj_3_grid_r0_c7.png,313,1,347,297,46.0,3
2,3_320x stock m270_4xobj_3_grid_r0_c7.png,314,1,353,266,46.0,3
2,3_320x stock m270_4xobj_3_grid_r0_c7.png,315,1,85,258,31.5,3
2,3_320x stock m270_4xobj_3_grid_r0_c7.png,316,1,309,228,31.5,3
2,3_320x stock m270_4xobj_3_grid_r0_c7.png,317,1,287,225,46.0,3
2,3_320x stock m270_4xobj_3_grid_r0_c7.png,318,1,403,217,74.5,4
2,3_320x stock m270_4xobj_3_grid_r0_c7.png,319,1,11,207,46.0,3
2,3_320x stock m270_4xobj_3_grid_r0_c7.png,320,1,8,197,31.5,3
2,3_320x stock m270_4xobj_3_grid_r0_c7.png,321,1,426,123,8.0,1
2,3_320x stock m270_4xobj_3_grid_r0_c7.png,322,1,245,100,46.0,3
2,3_320x stock m270_4xobj_3_grid_r0_c7.png,323,1,253,84,74.5,4
2,3_320x stock m270_4xobj_3_grid_r0_c7.png,324,1,194,33,46.0,3
2,3_320x stock m270_4xobj_3_grid_r0_c7.png,325,1,207,19,46.0,3
2,3_320x stock m270_4xobj_3_grid_r0_c7.png,326,1,167,10,46.0,3
2,3_320x stock m270_4xobj_3_grid_r0_c7.png,327,1,359,443,46.0,3
2,3_320x stock m270_4xobj_3_grid_r0_c7.png,328,1,112,437,31.5,3
2,3_320x stock m270_4xobj_3_grid_r0_c7.png,329,1,425,423,31.5,3
2,3_320x stock m270_4xobj_3_grid_r0_c7.png,330,1,355,409,46.0,3
2,3_320x stock m270_4xobj_3_grid_r0_c7.png,331,1,309,329,46.0,3
2,3_320x stock m270_4xobj_3_grid_r0_c7.png,332,1,285,304,31.5,3
2,3_320x stock m270_4xobj_3_grid_r0_c7.png,333,1,199,229,31.5,3
2,3_320x stock m270_4xobj_3_grid_r0_c7.png,334,1,186,190,46.0,3
2,3_320x stock m270_4xobj_3_grid_r0_c7.png,335,1,142,189,46.0,3
2,3_320x stock m270_4xobj_3_grid_r0_c7.png,336,1,212,185,46.0,3
2,3_320x stock m270_4xobj_3_grid_r0_c7.png,337,1,143,177,46.0,3
2,3_320x stock m270_4xobj_3_grid_r0_c7.png,338,1,249,166,46.0,3
2,3_320x stock m270_4xobj_3_grid_r0_c7.png,339,1,175,145,31.5,3
2,3_320x stock m270_4xobj_3_grid_r0_c7.png,340,1,182,118,31.5,3
2,3_320x stock m270_4xobj_3_grid_r0_c7.png,341,1,114,107,46.0,3
2,3_320x stock m270_4xobj_3_grid_r0_c7.png,342,1,12,74,31.5,3
2,3_320x stock m270_4xobj_3_grid_r0_c7.png,343,1,37,21,31.5,3
2,3_320x stock m270_4xobj_3_grid_r0_c7.png,344,1,337,506,46.0,3
2,3_320x stock m270_4xobj_3_grid_r0_c7.png,345,1,412,477,46.0,3
2,3_320x stock m270_4xobj_3_grid_r0_c7.png,346,1,331,469,31.5,3
2,3_320x stock m270_4xobj_3_grid_r0_c7.png,347,1,275,463,31.5,3
2,3_320x stock m270_4xobj_3_grid_r0_c7.png,348,1,381,445,46.0,3
2,3_320x stock m270_4xobj_3_grid_r0_c7.png,349,1,321,404,46.0,3
2,3_320x stock m270_4xobj_3_grid_r0_c7.png,350,1,115,402,31.5,3
2,3_320x stock m270_4xobj_3_grid_r0_c7.png,351,1,383,399,74.5,4
2,3_320x stock m270_4xobj_3_grid_r0_c7.png,352,1,339,336,46.0,3
2,3_320x stock m270_4xobj_3_grid_r0_c7.png,353,1,492,317,31.5,3
2,3_320x stock m270_4xobj_3_grid_r0_c7.png,354,1,302,315,46.0,3
2,3_320x stock m270_4xobj_3_grid_r0_c7.png,355,1,131,313,46.0,3
2,3_320x stock m270_4xobj_3_grid_r0_c7.png,356,1,246,272,104.0,5
2,3_320x stock m270_4xobj_3_grid_r0_c7.png,357,1,183,268,31.5,3
2,3_320x stock m270_4xobj_3_grid_r0_c7.png,358,1,172,268,46.0,3
2,3_320x stock m270_4xobj_3_grid_r0_c7.png,359,1,215,265,74.5,4
2,3_320x stock m270_4xobj_3_grid_r0_c7.png,360,1,200,262,31.5,3
2,3_320x stock m270_4xobj_3_grid_r0_c7.png,361,1,131,264,31.5,3
2,3_320x stock m270_4xobj_3_grid_r0_c7.png,362,1,206,239,46.0,3
2,3_320x stock m270_4xobj_3_grid_r0_c7.png,363,1,201,208,74.5,4
2,3_320x stock m270_4xobj_3_grid_r0_c7.png,364,1,39,206,46.0,3
2,3_320x stock m270_4xobj_3_grid_r0_c7.png,365,1,214,197,46.0,3
2,3_320x stock m270_4xobj_3_grid_r0_c7.png,366,1,120,193,31.5,3
2,3_320x stock m270_4xobj_3_grid_r0_c7.png,367,1,83,186,31.5,3
2,3_320x stock m270_4xobj_3_grid_r0_c7.png,368,1,233,162,46.0,3
2,3_320x stock m270_4xobj_3_grid_r0_c7.png,369,1,187,138,31.5,3
2,3_320x stock m270_4xobj_3_grid_r0_c7.png,370,1,155,127,46.0,3
2,3_320x stock m270_4xobj_3_grid_r0_c7.png,371,1,99,112,31.5,3
2,3_320x stock m270_4xobj_3_grid_r0_c7.png,372,1,35,108,46.0,3
2,3_320x stock m270_4xobj_3_grid_r0_c7.png,373,1,72,86,46.0,3
2,3_320x stock m270_4xobj_3_grid_r0_c7.png,374,1,50,82,46.0,3
2,3_320x stock m270_4xobj_3_grid_r0_c7.png,375,1,108,11,74.5,4
2,3_320x stock m270_4xobj_3_grid_r0_c7.png,376,1,161,497,31.5,3
2,3_320x stock m270_4xobj_3_grid_r0_c7.png,377,1,78,484,46.0,3
2,3_320x stock m270_4xobj_3_grid_r0_c7.png,378,1,95,473,31.5,3
2,3_320x stock m270_4xobj_3_grid_r0_c7.png,379,1,221,476,46.0,3
2,3_320x stock m270_4xobj_3_grid_r0_c7.png,380,1,9,472,74.5,4
2,3_320x stock m270_4xobj_3_grid_r0_c7.png,381,1,178,453,31.5,3
2,3_320x stock m270_4xobj_3_grid_r0_c7.png,382,1,271,431,31.5,3
2,3_320x stock m270_4xobj_3_grid_r0_c7.png,383,1,172,421,31.5,3
2,3_320x stock m270_4xobj_3_grid_r0_c7.png,384,1,57,397,31.5,3
2,3_320x stock m270_4xobj_3_grid_r0_c7.png,385,1,169,396,46.0,3
2,3_320x stock m270_4xobj_3_grid_r0_c7.png,386,1,491,394,31.5,3
2,3_320x stock m270_4xobj_3_grid_r0_c7.png,387,1,42,387,31.5,3
2,3_320x stock m270_4xobj_3_grid_r0_c7.png,388,1,296,357,31.5,3
2,3_320x stock m270_4xobj_3_grid_r0_c7.png,389,1,285,342,46.0,3
2,3_320x stock m270_4xobj_3_grid_r0_c7.png,390,1,172,341,46.0,3
2,3_320x stock m270_4xobj_3_grid_r0_c7.png,391,1,224,340,74.5,4
2,3_320x stock m270_4xobj_3_grid_r0_c7.png,392,1,65,270,46.0,3
2,3_320x stock m270_4xobj_3_grid_r0_c7.png,393,1,52,262,31.5,3
2,3_320x stock m270_4xobj_3_grid_r0_c7.png,394,1,17,260,46.0,3
2,3_320x stock m270_4xobj_3_grid_r0_c7.png,395,1,262,225,104.0,5
2,3_320x stock m270_4xobj_3_grid_r0_c7.png,396,1,162,169,31.5,3
2,3_320x stock m270_4xobj_3_grid_r0_c7.png,397,1,367,157,31.5,3
2,3_320x stock m270_4xobj_3_grid_r0_c7.png,398,1,96,155,31.5,3
2,3_320x stock m270_4xobj_3_grid_r0_c7.png,399,1,60,107,46.0,3
2,3_320x stock m270_4xobj_3_grid_r0_c7.png,400,1,194,495,74.5,4
2,3_320x stock m270_4xobj_3_grid_r0_c7.png,401,1,94,489,46.0,3
2,3_320x stock m270_4xobj_3_grid_r0_c7.png,402,1,139,483,46.0,3
2,3_320x stock m270_4xobj_3_grid_r0_c7.png,403,1,82,452,31.5,3
2,3_320x stock m270_4xobj_3_grid_r0_c7.png,404,1,59,451,74.5,4
2,3_320x stock m270_4xobj_3_grid_r0_c7.png,405,1,112,412,46.0,3
2,3_320x stock m270_4xobj_3_grid_r0_c7.png,406,1,65,409,46.0,3
2,3_320x stock m270_4xobj_3_grid_r0_c7.png,407,1,140,404,46.0,3
2,3_320x stock m270_4xobj_3_grid_r0_c7.png,408,1,16,396,104.0,5
2,3_320x stock m270_4xobj_3_grid_r0_c7.png,409,1,230,386,74.5,4
2,3_320x stock m270_4xobj_3_grid_r0_c7.png,410,1,113,361,46.0,3
2,3_320x stock m270_4xobj_3_grid_r0_c7.png,411,1,7,358,46.0,3
2,3_320x stock m270_4xobj_3_grid_r0_c7.png,412,1,210,348,104.0,5
2,3_320x stock m270_4xobj_3_grid_r0_c7.png,413,1,194,22,31.5,3
2,3_320x stock m270_4xobj_3_grid_r0_c7.png,414,1,186,506,46.0,3
2,3_320x stock m270_4xobj_3_grid_r0_c7.png,415,1,41,424,46.0,3
2,3_320x stock m270_4xobj_3_grid_r0_c7.png,416,1,81,369,104.0,5
2,3_320x stock m270_4xobj_3_grid_r0_c7.png,417,1,369,300,31.5,3
2,3_320x stock m270_4xobj_3_grid_r0_c7.png,418,1,270,101,31.5,3
2,3_320x stock m270_4xobj_3_grid_r0_c7.png,419,1,196,452,104.0,5
2,3_320x stock m270_4xobj_3_grid_r0_c7.png,420,1,22,354,190.0,7
2,3_320x stock m270_4xobj_3_grid_r0_c7.png,421,1,210,146,8.0,1
2,3_320x stock m270_4xobj_3_grid_r0_c7.png,422,1,227,128,31.5,3
2,3_320x stock m270_4xobj_3_grid_r0_c7.png,423,1,317,453,31.5,3
2,3_320x stock m270_4xobj_3_grid_r0_c7.png,424,1,93,235,31.5,3
2,3_320x stock m270_4xobj_3_grid_r0_c7.png,425,1,126,225,8.0,1
2,3_320x stock m270_4xobj_3_grid_r0_c7.png,426,1,152,445,31.5,3
2,3_320x stock m270_4xobj_3_grid_r0_c7.png,427,1,176,435,31.5,3
2,3_320x stock m270_4xobj_3_grid_r0_c7.png,428,1,145,282,31.5,3
2,3_320x stock m270_4xobj_3_grid_r0_c7.png,429,1,245,506,31.5,3
2,3_320x stock m270_4xobj_3_grid_r0_c7.png,430,1,20,479,31.5,3
3,3_320x stock m270_4xobj_3_grid_r1_c0.png,431,1,106,176,248.5,8
3,3_320x stock m270_4xobj_3_grid_r1_c0.png,432,1,452,218,31.5,3
3,3_320x stock m270_4xobj_3_grid_r1_c0.png,433,1,295,113,147.5,6
3,3_320x stock m270_4xobj_3_grid_r1_c0.png,434,1,446,87,190.0,7
3,3_320x stock m270_4xobj_3_grid_r1_c0.png,435,1,324,22,46.0,3
3,3_320x stock m270_4xobj_3_grid_r1_c0.png,436,1,469,8,46.0,3
3,3_320x stock m270_4xobj_3_grid_r1_c0.png,437,1,508,465,27.5,2
3,3_320x stock m270_4xobj_3_grid_r1_c0.png,438,1,365,416,46.0,3
3,3_320x stock m270_4xobj_3_grid_r1_c0.png,439,1,354,370,46.0,3
3,3_320x stock m270_4xobj_3_grid_r1_c0.png,440,1,122,298,31.5,3
3,3_320x stock m270_4xobj_3_grid_r1_c0.png,441,1,445,276,74.5,4
3,3_320x stock m270_4xobj_3_grid_r1_c0.png,442,1,411,266,74.5,4
3,3_320x stock m270_4xobj_3_grid_r1_c0.png,443,1,30,181,104.0,5
3,3_320x stock m270_4xobj_3_grid_r1_c0.png,444,1,154,168,104.0,5
3,3_320x stock m270_4xobj_3_grid_r1_c0.png,445,1,410,87,46.0,3
3,3_320x stock m270_4xobj_3_grid_r1_c0.png,446,1,282,62,46.0,3
3,3_320x stock m270_4xobj_3_grid_r1_c0.png,447,1,181,39,74.5,4
3,3_320x stock m270_4xobj_3_grid_r1_c0.png,448,1,299,458,74.5,4
3,3_320x stock m270_4xobj_3_grid_r1_c0.png,449,1,112,402,46.0,3
3,3_320x stock m270_4xobj_3_grid_r1_c0.png,450,1,221,384,74.5,4
3,3_320x stock m270_4xobj_3_grid_r1_c0.png,451,1,259,327,74.5,4
3,3_320x stock m270_4xobj_3_grid_r1_c0.png,452,1,400,323,31.5,3
3,3_320x stock m270_4xobj_3_grid_r1_c0.png,453,1,404,299,104.0,5
3,3_320x stock m270_4xobj_3_grid_r1_c0.png,454,1,429,254,74.5,4
3,3_320x stock m270_4xobj_3_grid_r1_c0.png,455,1,430,235,46.0,3
3,3_320x stock m270_4xobj_3_grid_r1_c0.png,456,1,272,235,46.0,3
3,3_320x stock m270_4xobj_3_grid_r1_c0.png,457,1,379,182,46.0,3
3,3_320x stock m270_4xobj_3_grid_r1_c0.png,458,1,373,160,46.0,3
3,3_320x stock m270_4xobj_3_grid_r1_c0.png,459,1,108,41,46.0,3
3,3_320x stock m270_4xobj_3_grid_r1_c0.png,460,1,122,36,46.0,3
3,3_320x stock m270_4xobj_3_grid_r1_c0.png,461,1,203,12,46.0,3
3,3_320x stock m270_4xobj_3_grid_r1_c0.png,462,1,185,448,74.5,4
3,3_320x stock m270_4xobj_3_grid_r1_c0.png,463,1,53,427,31.5,3
3,3_320x stock m270_4xobj_3_grid_r1_c0.png,464,1,39,414,46.0,3
3,3_320x stock m270_4xobj_3_grid_r1_c0.png,465,1,268,391,74.5,4
3,3_320x stock m270_4xobj_3_grid_r1_c0.png,466,1,466,355,104.0,5
3,3_320x stock m270_4xobj_3_grid_r1_c0.png,467,1,505,291,104.0,5
3,3_320x stock m270_4xobj_3_grid_r1_c0.png,468,1,128,280,46.0,3
3,3_320x stock m270_4xobj_3_grid_r1_c0.png,469,1,463,231,104.0,5
3,3_320x stock m270_4xobj_3_grid_r1_c0.png,470,1,174,215,74.5,4
3,3_320x stock m270_4xobj_3_grid_r1_c0.png,471,1,114,192,46.0,3
3,3_320x stock m270_4xobj_3_grid_r1_c0.png,472,1,60,117,46.0,3
3,3_320x stock m270_4xobj_3_grid_r1_c0.png,473,1,84,71,46.0,3
3,3_320x stock m270_4xobj_3_grid_r1_c0.png,474,1,24,420,31.5,3
3,3_320x stock m270_4xobj_3_grid_r1_c0.png,475,1,181,357,104.0,5
3,3_320x stock m270_4xobj_3_grid_r1_c0.png,476,1,157,340,46.0,3
3,3_320x stock m270_4xobj_3_grid_r1_c0.png,477,1,178,298,104.0,5
3,3_320x stock m270_4xobj_3_grid_r1_c0.png,478,1,58,211,46.0,3
3,3_320x stock m270_4xobj_3_grid_r1_c0.png,479,1,352,200,31.5,3
3,3_320x stock m270_4xobj_3_grid_r1_c0.png,480,1,489,145,74.5,4
3,3_320x stock m270_4xobj_3_grid_r1_c0.png,481,1,432,144,31.5,3
3,3_320x stock m270_4xobj_3_grid_r1_c0.png,482,1,349,110,31.5,3
3,3_320x stock m270_4xobj_3_grid_r1_c0.png,483,1,501,104,31.5,3
3,3_320x stock m270_4xobj_3_grid_r1_c0.png,484,1,336,90,31.5,3
3,3_320x stock m270_4xobj_3_grid_r1_c0.png,485,1,371,63,31.5,3
3,3_320x stock m270_4xobj_3_grid_r1_c0.png,486,1,396,26,31.5,3
3,3_320x stock m270_4xobj_3_grid_r1_c0.png,487,1,483,25,31.5,3
3,3_320x stock m270_4xobj_3_grid_r1_c0.png,488,1,365,16,31.5,3
3,3_320x stock m270_4xobj_3_grid_r1_c0.png,489,1,293,10,31.5,3
3,3_320x stock m270_4xobj_3_grid_r1_c0.png,490,1,342,8,31.5,3
3,3_320x stock m270_4xobj_3_grid_r1_c0.png,491,1,492,507,8.0,1
3,3_320x stock m270_4xobj_3_grid_r1_c0.png,492,1,394,482,46.0,3
3,3_320x stock m270_4xobj_3_grid_r1_c0.png,493,1,272,479,31.5,3
3,3_320x stock m270_4xobj_3_grid_r1_c0.png,494,1,442,447,46.0,3
3,3_320x stock m270_4xobj_3_grid_r1_c0.png,495,1,472,437,31.5,3
3,3_320x stock m270_4xobj_3_grid_r1_c0.png,496,1,433,387,31.5,3
3,3_320x stock m270_4xobj_3_grid_r1_c0.png,497,1,425,362,31.5,3
3,3_320x stock m270_4xobj_3_grid_r1_c0.png,498,1,466,341,46.0,3
3,3_320x stock m270_4xobj_3_grid_r1_c0.png,499,1,479,334,46.0,3
3,3_320x stock m270_4xobj_3_grid_r1_c0.png,500,1,375,330,46.0,3
3,3_320x stock m270_4xobj_3_grid_r1_c0.png,501,1,492,325,46.0,3
3,3_320x stock m270_4xobj_3_grid_r1_c0.png,502,1,312,309,190.0,7
3,3_320x stock m270_4xobj_3_grid_r1_c0.png,503,1,209,303,46.0,3
3,3_320x stock m270_4xobj_3_grid_r1_c0.png,504,1,261,294,31.5,3
3,3_320x stock m270_4xobj_3_grid_r1_c0.png,505,1,462,260,31.5,3
3,3_320x stock m270_4xobj_3_grid_r1_c0.png,506,1,192,229,46.0,3
3,3_320x stock m270_4xobj_3_grid_r1_c0.png,507,1,498,226,46.0,3
3,3_320x stock m270_4xobj_3_grid_r1_c0.png,508,1,358,188,31.5,3
3,3_320x stock m270_4xobj_3_grid_r1_c0.png,509,1,323,190,31.5,3
3,3_320x stock m270_4xobj_3_grid_r1_c0.png,510,1,317,179,46.0,3
3,3_320x stock m270_4xobj_3_grid_r1_c0.png,511,1,245,175,31.5,3
3,3_320x stock m270_4xobj_3_grid_r1_c0.png,512,1,467,169,31.5,3
3,3_320x stock m270_4xobj_3_grid_r1_c0.png,513,1,485,169,46.0,3
3,3_320x stock m270_4xobj_3_grid_r1_c0.png,514,1,508,167,31.5,3
3,3_320x stock m270_4xobj_3_grid_r1_c0.png,515,1,416,166,74.5,4
3,3_320x stock m270_4xobj_3_grid_r1_c0.png,516,1,361,155,31.5,3
3,3_320x stock m270_4xobj_3_grid_r1_c0.png,517,1,461,148,46.0,3
3,3_320x stock m270_4xobj_3_grid_r1_c0.png,518,1,410,144,46.0,3
3,3_320x stock m270_4xobj_3_grid_r1_c0.png,519,1,260,144,46.0,3
3,3_320x stock m270_4xobj_3_grid_r1_c0.png,520,1,475,139,31.5,3
3,3_320x stock m270_4xobj_3_grid_r1_c0.png,521,1,316,135,31.5,3
3,3_320x stock m270_4xobj_3_grid_r1_c0.png,522,1,136,124,31.5,3
3,3_320x stock m270_4xobj_3_grid_r1_c0.png,523,1,453,115,46.0,3
3,3_320x stock m270_4xobj_3_grid_r1_c0.png,524,1,383,106,46.0,3
3,3_320x stock m270_4xobj_3_grid_r1_c0.png,525,1,248,105,46.0,3
3,3_320x stock m270_4xobj_3_grid_r1_c0.png,526,1,462,91,46.0,3
3,3_320x stock m270_4xobj_3_grid_r1_c0.png,527,1,322,91,46.0,3
3,3_320x stock m270_4xobj_3_grid_r1_c0.png,528,1,284,78,31.5,3
3,3_320x stock m270_4xobj_3_grid_r1_c0.png,529,1,204,74,31.5,3
3,3_320x stock m270_4xobj_3_grid_r1_c0.png,530,1,485,71,46.0,3
3,3_320x stock m270_4xobj_3_grid_r1_c0.png,531,1,153,69,74.5,4
3,3_320x stock m270_4xobj_3_grid_r1_c0.png,532,1,341,69,31.5,3
3,3_320x stock m270_4xobj_3_grid_r1_c0.png,533,1,381,66,31.5,3
3,3_320x stock m270_4xobj_3_grid_r1_c0.png,534,1,295,60,31.5,3
3,3_320x stock m270_4xobj_3_grid_r1_c0.png,535,1,485,57,46.0,3
3,3_320x stock m270_4xobj_3_grid_r1_c0.png,536,1,433,50,46.0,3
3,3_320x stock m270_4xobj_3_grid_r1_c0.png,537,1,466,51,46.0,3
3,3_320x stock m270_4xobj_3_grid_r1_c0.png,538,1,274,51,31.5,3
3,3_320x stock m270_4xobj_3_grid_r1_c0.png,539,1,483,40,46.0,3
3,3_320x stock m270_4xobj_3_grid_r1_c0.png,540,1,399,38,31.5,3
3,3_320x stock m270_4xobj_3_grid_r1_c0.png,541,1,155,37,31.5,3
3,3_320x stock m270_4xobj_3_grid_r1_c0.png,542,1,453,35,46.0,3
3,3_320x stock m270_4xobj_3_grid_r1_c0.png,543,1,299,33,46.0,3
3,3_320x stock m270_4xobj_3_grid_r1_c0.png,544,1,339,19,46.0,3
3,3_320x stock m270_4xobj_3_grid_r1_c0.png,545,1,434,18,46.0,3
3,3_320x stock m270_4xobj_3_grid_r1_c0.png,546,1,304,15,46.0,3
3,3_320x stock m270_4xobj_3_grid_r1_c0.png,547,1,266,8,74.5,4
3,3_320x stock m270_4xobj_3_grid_r1_c0.png,548,1,440,4,31.5,3
3,3_320x stock m270_4xobj_3_grid_r1_c0.png,549,1,237,501,31.5,3
3,3_320x stock m270_4xobj_3_grid_r1_c0.png,550,1,338,500,31.5,3
3,3_320x stock m270_4xobj_3_grid_r1_c0.png,551,1,471,498,46.0,3
3,3_320x stock m270_4xobj_3_grid_r1_c0.png,552,1,320,496,31.5,3
3,3_320x stock m270_4xobj_3_grid_r1_c0.png,553,1,217,491,31.5,3
3,3_320x stock m270_4xobj_3_grid_r1_c0.png,554,1,460,487,31.5,3
3,3_320x stock m270_4xobj_3_grid_r1_c0.png,555,1,447,487,46.0,3
3,3_320x stock m270_4xobj_3_grid_r1_c0.png,556,1,324,484,46.0,3
3,3_320x stock m270_4xobj_3_grid_r1_c0.png,557,1,298,483,46.0,3
3,3_320x stock m270_4xobj_3_grid_r1_c0.png,558,1,249,482,46.0,3
3,3_320x stock m270_4xobj_3_grid_r1_c0.png,559,1,363,480,46.0,3
3,3_320x stock m270_4xobj_3_grid_r1_c0.png,560,1,72,476,31.5,3
3,3_320x stock m270_4xobj_3_grid_r1_c0.png,561,1,408,471,46.0,3
3,3_320x stock m270_4xobj_3_grid_r1_c0.png,562,1,194,468,46.0,3
3,3_320x stock m270_4xobj_3_grid_r1_c0.png,563,1,236,465,31.5,3
3,3_320x stock m270_4xobj_3_grid_r1_c0.png,564,1,151,460,46.0,3
3,3_320x stock m270_4xobj_3_grid_r1_c0.png,565,1,352,455,74.5,4
3,3_320x stock m270_4xobj_3_grid_r1_c0.png,566,1,458,448,46.0,3
3,3_320x stock m270_4xobj_3_grid_r1_c0.png,567,1,241,444,46.0,3
3,3_320x stock m270_4xobj_3_grid_r1_c0.png,568,1,296,437,31.5,3
3,3_320x stock m270_4xobj_3_grid_r1_c0.png,569,1,379,436,46.0,3
3,3_320x stock m270_4xobj_3_grid_r1_c0.png,570,1,349,432,31.5,3
3,3_320x stock m270_4xobj_3_grid_r1_c0.png,571,1,372,428,31.5,3
3,3_320x stock m270_4xobj_3_grid_r1_c0.png,572,1,230,424,46.0,3
3,3_320x stock m270_4xobj_3_grid_r1_c0.png,573,1,391,421,46.0,3
3,3_320x stock m270_4xobj_3_grid_r1_c0.png,574,1,437,419,46.0,3
3,3_320x stock m270_4xobj_3_grid_r1_c0.png,575,1,498,416,31.5,3
3,3_320x stock m270_4xobj_3_grid_r1_c0.png,576,1,289,403,46.0,3
3,3_320x stock m270_4xobj_3_grid_r1_c0.png,577,1,471,398,46.0,3
3,3_320x stock m270_4xobj_3_grid_r1_c0.png,578,1,154,391,104.0,5
3,3_320x stock m270_4xobj_3_grid_r1_c0.png,579,1,449,386,31.5,3
3,3_320x stock m270_4xobj_3_grid_r1_c0.png,580,1,410,385,46.0,3
3,3_320x stock m270_4xobj_3_grid_r1_c0.png,581,1,141,383,46.0,3
3,3_320x stock m270_4xobj_3_grid_r1_c0.png,582,1,378,381,31.5,3
3,3_320x stock m270_4xobj_3_grid_r1_c0.png,583,1,329,374,46.0,3
3,3_320x stock m270_4xobj_3_grid_r1_c0.png,584,1,431,370,46.0,3
3,3_320x stock m270_4xobj_3_grid_r1_c0.png,585,1,196,365,31.5,3
3,3_320x stock m270_4xobj_3_grid_r1_c0.png,586,1,222,363,46.0,3
3,3_320x stock m270_4xobj_3_grid_r1_c0.png,587,1,162,364,31.5,3
3,3_320x stock m270_4xobj_3_grid_r1_c0.png,588,1,444,354,46.0,3
3,3_320x stock m270_4xobj_3_grid_r1_c0.png,589,1,403,350,46.0,3
3,3_320x stock m270_4xobj_3_grid_r1_c0.png,590,1,291,349,46.0,3
3,3_320x stock m270_4xobj_3_grid_r1_c0.png,591,1,482,345,46.0,3
3,3_320x stock m270_4xobj_3_grid_r1_c0.png,592,1,227,338,46.0,3
3,3_320x stock m270_4xobj_3_grid_r1_c0.png,593,1,249,337,46.0,3
3,3_320x stock m270_4xobj_3_grid_r1_c0.png,594,1,446,333,31.5,3
3,3_320x stock m270_4xobj_3_grid_r1_c0.png,595,1,157,330,31.5,3
3,3_320x stock m270_4xobj_3_grid_r1_c0.png,596,1,298,327,46.0,3
3,3_320x stock m270_4xobj_3_grid_r1_c0.png,597,1,193,328,31.5,3
3,3_320x stock m270_4xobj_3_grid_r1_c0.png,598,1,282,322,46.0,3
3,3_320x stock m270_4xobj_3_grid_r1_c0.png,599,1,388,319,46.0,3
3,3_320x stock m270_4xobj_3_grid_r1_c0.png,600,1,264,313,31.5,3
3,3_320x stock m270_4xobj_3_grid_r1_c0.png,601,1,239,311,46.0,3
3,3_320x stock m270_4xobj_3_grid_r1_c0.png,602,1,466,309,46.0,3
3,3_320x stock m270_4xobj_3_grid_r1_c0.png,603,1,426,302,46.0,3
3,3_320x stock m270_4xobj_3_grid_r1_c0.png,604,1,218,294,31.5,3
3,3_320x stock m270_4xobj_3_grid_r1_c0.png,605,1,346,290,46.0,3
3,3_320x stock m270_4xobj_3_grid_r1_c0.png,606,1,486,287,74.5,4
3,3_320x stock m270_4xobj_3_grid_r1_c0.png,607,1,284,281,46.0,3
3,3_320x stock m270_4xobj_3_grid_r1_c0.png,608,1,214,279,46.0,3
3,3_320x stock m270_4xobj_3_grid_r1_c0.png,609,1,316,275,31.5,3
3,3_320x stock m270_4xobj_3_grid_r1_c0.png,610,1,243,272,31.5,3
3,3_320x stock m270_4xobj_3_grid_r1_c0.png,611,1,425,271,46.0,3
3,3_320x stock m270_4xobj_3_grid_r1_c0.png,612,1,277,264,46.0,3
3,3_320x stock m270_4xobj_3_grid_r1_c0.png,613,1,186,264,46.0,3
3,3_320x stock m270_4xobj_3_grid_r1_c0.png,614,1,322,263,46.0,3
3,3_320x stock m270_4xobj_3_grid_r1_c0.png,615,1,390,259,46.0,3
3,3_320x stock m270_4xobj_3_grid_r1_c0.png,616,1,175,255,46.0,3
3,3_320x stock m270_4xobj_3_grid_r1_c0.png,617,1,239,253,46.0,3
3,3_320x stock m270_4xobj_3_grid_r1_c0.png,618,1,331,252,46.0,3
3,3_320x stock m270_4xobj_3_grid_r1_c0.png,619,1,408,249,74.5,4
3,3_320x stock m270_4xobj_3_grid_r1_c0.png,620,1,277,247,46.0,3
3,3_320x stock m270_4xobj_3_grid_r1_c0.png,621,1,218,244,46.0,3
3,3_320x stock m270_4xobj_3_grid_r1_c0.png,622,1,485,237,74.5,4
3,3_320x stock m270_4xobj_3_grid_r1_c0.png,623,1,177,236,31.5,3
3,3_320x stock m270_4xobj_3_grid_r1_c0.png,624,1,154,233,31.5,3
3,3_320x stock m270_4xobj_3_grid_r1_c0.png,625,1,127,222,46.0,3
3,3_320x stock m270_4xobj_3_grid_r1_c0.png,626,1,312,221,46.0,3
3,3_320x stock m270_4xobj_3_grid_r1_c0.png,627,1,194,211,31.5,3
3,3_320x stock m270_4xobj_3_grid_r1_c0.png,628,1,311,209,46.0,3
3,3_320x stock m270_4xobj_3_grid_r1_c0.png,629,1,489,199,46.0,3
3,3_320x stock m270_4xobj_3_grid_r1_c0.png,630,1,412,197,46.0,3
3,3_320x stock m270_4xobj_3_grid_r1_c0.png,631,1,262,193,46.0,3
3,3_320x stock m270_4xobj_3_grid_r1_c0.png,632,1,223,188,31.5,3
3,3_320x stock m270_4xobj_3_grid_r1_c0.png,633,1,138,186,31.5,3
3,3_320x stock m270_4xobj_3_grid_r1_c0.png,634,1,482,185,74.5,4
3,3_320x stock m270_4xobj_3_grid_r1_c0.png,635,1,228,176,31.5,3
3,3_320x stock m270_4xobj_3_grid_r1_c0.png,636,1,300,175,46.0,3
3,3_320x stock m270_4xobj_3_grid_r1_c0.png,637,1,206,161,46.0,3
3,3_320x stock m270_4xobj_3_grid_r1_c0.png,638,1,284,156,46.0,3
3,3_320x stock m270_4xobj_3_grid_r1_c0.png,639,1,105,154,31.5,3
3,3_320x stock m270_4xobj_3_grid_r1_c0.png,640,1,238,152,46.0,3
3,3_320x stock m270_4xobj_3_grid_r1_c0.png,641,1,302,150,31.5,3
3,3_320x stock m270_4xobj_3_grid_r1_c0.png,642,1,197,149,31.5,3
3,3_320x stock m270_4xobj_3_grid_r1_c0.png,643,1,184,148,46.0,3
3,3_320x stock m270_4xobj_3_grid_r1_c0.png,644,1,277,147,46.0,3
3,3_320x stock m270_4xobj_3_grid_r1_c0.png,645,1,167,114,31.5,3
3,3_320x stock m270_4xobj_3_grid_r1_c0.png,646,1,362,108,31.5,3
3,3_320x stock m270_4xobj_3_grid_r1_c0.png,647,1,183,106,46.0,3
3,3_320x stock m270_4xobj_3_grid_r1_c0.png,648,1,222,100,46.0,3
3,3_320x stock m270_4xobj_3_grid_r1_c0.png,649,1,402,99,46.0,3
3,3_320x stock m270_4xobj_3_grid_r1_c0.png,650,1,116,78,46.0,3
3,3_320x stock m270_4xobj_3_grid_r1_c0.png,651,1,422,63,46.0,3
3,3_320x stock m270_4xobj_3_grid_r1_c0.png,652,1,21,58,46.0,3
3,3_320x stock m270_4xobj_3_grid_r1_c0.png,653,1,256,54,46.0,3
3,3_320x stock m270_4xobj_3_grid_r1_c0.png,654,1,345,44,46.0,3
3,3_320x stock m270_4xobj_3_grid_r1_c0.png,655,1,200,37,46.0,3
3,3_320x stock m270_4xobj_3_grid_r1_c0.png,656,1,247,32,46.0,3
3,3_320x stock m270_4xobj_3_grid_r1_c0.png,657,1,369,32,46.0,3
3,3_320x stock m270_4xobj_3_grid_r1_c0.png,658,1,46,32,46.0,3
3,3_320x stock m270_4xobj_3_grid_r1_c0.png,659,1,10,30,31.5,3
3,3_320x stock m270_4xobj_3_grid_r1_c0.png,660,1,160,26,31.5,3
3,3_320x stock m270_4xobj_3_grid_r1_c0.png,661,1,248,19,46.0,3
3,3_320x stock m270_4xobj_3_grid_r1_c0.png,662,1,111,11,46.0,3
3,3_320x stock m270_4xobj_3_grid_r1_c0.png,663,1,227,8,46.0,3
3,3_320x stock m270_4xobj_3_grid_r1_c0.png,664,1,59,6,46.0,3
3,3_320x stock m270_4xobj_3_grid_r1_c0.png,665,1,66,506,31.5,3
3,3_320x stock m270_4xobj_3_grid_r1_c0.png,666,1,359,502,46.0,3
3,3_320x stock m270_4xobj_3_grid_r1_c0.png,667,1,451,498,46.0,3
3,3_320x stock m270_4xobj_3_grid_r1_c0.png,668,1,364,493,46.0,3
3,3_320x stock m270_4xobj_3_grid_r1_c0.png,669,1,61,490,31.5,3
3,3_320x stock m270_4xobj_3_grid_r1_c0.png,670,1,404,489,46.0,3
3,3_320x stock m270_4xobj_3_grid_r1_c0.png,671,1,158,483,46.0,3
3,3_320x stock m270_4xobj_3_grid_r1_c0.png,672,1,127,483,46.0,3
3,3_320x stock m270_4xobj_3_grid_r1_c0.png,673,1,35,474,31.5,3
3,3_320x stock m270_4xobj_3_grid_r1_c0.png,674,1,390,467,46.0,3
3,3_320x stock m270_4xobj_3_grid_r1_c0.png,675,1,83,464,46.0,3
3,3_320x stock m270_4xobj_3_grid_r1_c0.png,676,1,23,459,31.5,3
3,3_320x stock m270_4xobj_3_grid_r1_c0.png,677,1,242,455,31.5,3
3,3_320x stock m270_4xobj_3_grid_r1_c0.png,678,1,120,454,46.0,3
3,3_320x stock m270_4xobj_3_grid_r1_c0.png,679,1,334,451,46.0,3
3,3_320x stock m270_4xobj_3_grid_r1_c0.png,680,1,258,448,46.0,3
3,3_320x stock m270_4xobj_3_grid_r1_c0.png,681,1,36,441,46.0,3
3,3_320x stock m270_4xobj_3_grid_r1_c0.png,682,1,329,436,46.0,3
3,3_320x stock m270_4xobj_3_grid_r1_c0.png,683,1,119,436,46.0,3
3,3_320x stock m270_4xobj_3_grid_r1_c0.png,684,1,398,435,46.0,3
3,3_320x stock m270_4xobj_3_grid_r1_c0.png,685,1,279,431,46.0,3
3,3_320x stock m270_4xobj_3_grid_r1_c0.png,686,1,192,428,46.0,3
3,3_320x stock m270_4xobj_3_grid_r1_c0.png,687,1,173,427,46.0,3
3,3_320x stock m270_4xobj_3_grid_r1_c0.png,688,1,76,425,46.0,3
3,3_320x stock m270_4xobj_3_grid_r1_c0.png,689,1,299,424,46.0,3
3,3_320x stock m270_4xobj_3_grid_r1_c0.png,690,1,244,421,46.0,3
3,3_320x stock m270_4xobj_3_grid_r1_c0.png,691,1,330,420,31.5,3
3,3_320x stock m270_4xobj_3_grid_r1_c0.png,692,1,162,413,46.0,3
3,3_320x stock m270_4xobj_3_grid_r1_c0.png,693,1,320,408,31.5,3
3,3_320x stock m270_4xobj_3_grid_r1_c0.png,694,1,189,408,46.0,3
3,3_320x stock m270_4xobj_3_grid_r1_c0.png,695,1,69,395,74.5,4
3,3_320x stock m270_4xobj_3_grid_r1_c0.png,696,1,242,392,46.0,3
3,3_320x stock m270_4xobj_3_grid_r1_c0.png,697,1,115,379,46.0,3
3,3_320x stock m270_4xobj_3_grid_r1_c0.png,698,1,154,372,31.5,3
3,3_320x stock m270_4xobj_3_grid_r1_c0.png,699,1,137,371,46.0,3
3,3_320x stock m270_4xobj_3_grid_r1_c0.png,700,1,283,367,46.0,3
3,3_320x stock m270_4xobj_3_grid_r1_c0.png,701,1,104,358,31.5,3
3,3_320x stock m270_4xobj_3_grid_r1_c0.png,702,1,238,358,46.0,3
3,3_320x stock m270_4xobj_3_grid_r1_c0.png,703,1,129,353,46.0,3
3,3_320x stock m270_4xobj_3_grid_r1_c0.png,704,1,44,347,46.0,3
3,3_320x stock m270_4xobj_3_grid_r1_c0.png,705,1,113,333,46.0,3
3,3_320x stock m270_4xobj_3_grid_r1_c0.png,706,1,130,331,46.0,3
3,3_320x stock m270_4xobj_3_grid_r1_c0.png,707,1,143,322,46.0,3
3,3_320x stock m270_4xobj_3_grid_r1_c0.png,708,1,15,320,46.0,3
3,3_320x stock m270_4xobj_3_grid_r1_c0.png,709,1,127,318,46.0,3
3,3_320x stock m270_4xobj_3_grid_r1_c0.png,710,1,68,307,46.0,3
3,3_320x stock m270_4xobj_3_grid_r1_c0.png,711,1,155,295,31.5,3
3,3_320x stock m270_4xobj_3_grid_r1_c0.png,712,1,198,291,74.5,4
3,3_320x stock m270_4xobj_3_grid_r1_c0.png,713,1,98,289,46.0,3
3,3_320x stock m270_4xobj_3_grid_r1_c0.png,714,1,144,286,46.0,3
3,3_320x stock m270_4xobj_3_grid_r1_c0.png,715,1,171,278,74.5,4
3,3_320x stock m270_4xobj_3_grid_r1_c0.png,716,1,115,272,46.0,3
3,3_320x stock m270_4xobj_3_grid_r1_c0.png,717,1,222,269,46.0,3
3,3_320x stock m270_4xobj_3_grid_r1_c0.png,718,1,66,268,31.5,3
3,3_320x stock m270_4xobj_3_grid_r1_c0.png,719,1,199,265,46.0,3
3,3_320x stock m270_4xobj_3_grid_r1_c0.png,720,1,305,251,46.0,3
3,3_320x stock m270_4xobj_3_grid_r1_c0.png,721,1,102,249,46.0,3
3,3_320x stock m270_4xobj_3_grid_r1_c0.png,722,1,83,242,74.5,4
3,3_320x stock m270_4xobj_3_grid_r1_c0.png,723,1,260,241,46.0,3
3,3_320x stock m270_4xobj_3_grid_r1_c0.png,724,1,12,234,46.0,3
3,3_320x stock m270_4xobj_3_grid_r1_c0.png,725,1,100,234,46.0,3
3,3_320x stock m270_4xobj_3_grid_r1_c0.png,726,1,37,233,46.0,3
3,3_320x stock m270_4xobj_3_grid_r1_c0.png,727,1,321,227,46.0,3
3,3_320x stock m270_4xobj_3_grid_r1_c0.png,728,1,93,222,46.0,3
3,3_320x stock m270_4xobj_3_grid_r1_c0.png,729,1,60,191,31.5,3
3,3_320x stock m270_4xobj_3_grid_r1_c0.png,730,1,46,192,46.0,3
3,3_320x stock m270_4xobj_3_grid_r1_c0.png,731,1,205,176,74.5,4
3,3_320x stock m270_4xobj_3_grid_r1_c0.png,732,1,12,159,31.5,3
3,3_320x stock m270_4xobj_3_grid_r1_c0.png,733,1,69,158,74.5,4
3,3_320x stock m270_4xobj_3_grid_r1_c0.png,734,1,94,157,31.5,3
3,3_320x stock m270_4xobj_3_grid_r1_c0.png,735,1,387,153,46.0,3
3,3_320x stock m270_4xobj_3_grid_r1_c0.png,736,1,13,132,31.5,3
3,3_320x stock m270_4xobj_3_grid_r1_c0.png,737,1,89,126,46.0,3
3,3_320x stock m270_4xobj_3_grid_r1_c0.png,738,1,25,126,46.0,3
3,3_320x stock m270_4xobj_3_grid_r1_c0.png,739,1,41,118,31.5,3
3,3_320x stock m270_4xobj_3_grid_r1_c0.png,740,1,81,114,46.0,3
3,3_320x stock m270_4xobj_3_grid_r1_c0.png,741,1,128,107,74.5,4
3,3_320x stock m270_4xobj_3_grid_r1_c0.png,742,1,43,99,46.0,3
3,3_320x stock m270_4xobj_3_grid_r1_c0.png,743,1,58,97,46.0,3
3,3_320x stock m270_4xobj_3_grid_r1_c0.png,744,1,119,95,74.5,4
3,3_320x stock m270_4xobj_3_grid_r1_c0.png,745,1,5,94,46.0,3
3,3_320x stock m270_4xobj_3_grid_r1_c0.png,746,1,68,88,31.5,3
3,3_320x stock m270_4xobj_3_grid_r1_c0.png,747,1,26,80,31.5,3
3,3_320x stock m270_4xobj_3_grid_r1_c0.png,748,1,17,75,31.5,3
3,3_320x stock m270_4xobj_3_grid_r1_c0.png,749,1,68,67,46.0,3
3,3_320x stock m270_4xobj_3_grid_r1_c0.png,750,1,38,58,46.0,3
3,3_320x stock m270_4xobj_3_grid_r1_c0.png,751,1,19,42,31.5,3
3,3_320x stock m270_4xobj_3_grid_r1_c0.png,752,1,31,508,31.5,3
3,3_320x stock m270_4xobj_3_grid_r1_c0.png,753,1,141,500,46.0,3
3,3_320x stock m270_4xobj_3_grid_r1_c0.png,754,1,128,495,31.5,3
3,3_320x stock m270_4xobj_3_grid_r1_c0.png,755,1,10,494,46.0,3
3,3_320x stock m270_4xobj_3_grid_r1_c0.png,756,1,43,494,46.0,3
3,3_320x stock m270_4xobj_3_grid_r1_c0.png,757,1,29,483,31.5,3
3,3_320x stock m270_4xobj_3_grid_r1_c0.png,758,1,136,475,46.0,3
3,3_320x stock m270_4xobj_3_grid_r1_c0.png,759,1,45,458,46.0,3
3,3_320x stock m270_4xobj_3_grid_r1_c0.png,760,1,16,441,46.0,3
3,3_320x stock m270_4xobj_3_grid_r1_c0.png,761,1,48,377,46.0,3
3,3_320x stock m270_4xobj_3_grid_r1_c0.png,762,1,92,370,46.0,3
3,3_320x stock m270_4xobj_3_grid_r1_c0.png,763,1,20,362,74.5,4
3,3_320x stock m270_4xobj_3_grid_r1_c0.png,764,1,118,346,46.0,3
3,3_320x stock m270_4xobj_3_grid_r1_c0.png,765,1,58,329,46.0,3
3,3_320x stock m270_4xobj_3_grid_r1_c0.png,766,1,68,322,31.5,3
3,3_320x stock m270_4xobj_3_grid_r1_c0.png,767,1,103,310,74.5,4
3,3_320x stock m270_4xobj_3_grid_r1_c0.png,768,1,11,302,31.5,3
3,3_320x stock m270_4xobj_3_grid_r1_c0.png,769,1,46,290,46.0,3
3,3_320x stock m270_4xobj_3_grid_r1_c0.png,770,1,25,283,46.0,3
3,3_320x stock m270_4xobj_3_grid_r1_c0.png,771,1,116,241,46.0,3
3,3_320x stock m270_4xobj_3_grid_r1_c0.png,772,1,107,223,46.0,3
3,3_320x stock m270_4xobj_3_grid_r1_c0.png,773,1,205,201,74.5,4
3,3_320x stock m270_4xobj_3_grid_r1_c0.png,774,1,68,172,46.0,3
3,3_320x stock m270_4xobj_3_grid_r1_c0.png,775,1,324,151,46.0,3
3,3_320x stock m270_4xobj_3_grid_r1_c0.png,776,1,40,151,104.0,5
3,3_320x stock m270_4xobj_3_grid_r1_c0.png,777,1,53,136,147.5,6
3,3_320x stock m270_4xobj_3_grid_r1_c0.png,778,1,91,96,74.5,4
3,3_320x stock m270_4xobj_3_grid_r1_c0.png,779,1,150,85,46.0,3
3,3_320x stock m270_4xobj_3_grid_r1_c0.png,780,1,125,48,46.0,3
3,3_320x stock m270_4xobj_3_grid_r1_c0.png,781,1,79,32,46.0,3
3,3_320x stock m270_4xobj_3_grid_r1_c0.png,782,1,125,12,147.5,6
3,3_320x stock m270_4xobj_3_grid_r1_c0.png,783,1,209,471,104.0,5
3,3_320x stock m270_4xobj_3_grid_r1_c0.png,784,1,100,394,74.5,4
3,3_320x stock m270_4xobj_3_grid_r1_c0.png,785,1,380,365,190.0,7
3,3_320x stock m270_4xobj_3_grid_r1_c0.png,786,1,359,241,46.0,3
4,3_320x stock m270_4xobj_3_grid_r1_c1.png,787,1,478,476,74.5,4
4,3_320x stock m270_4xobj_3_grid_r1_c1.png,788,1,89,409,104.0,5
4,3_320x stock m270_4xobj_3_grid_r1_c1.png,789,1,389,317,31.5,3
4,3_320x stock m270_4xobj_3_grid_r1_c1.png,790,1,153,43,104.0,5
4,3_320x stock m270_4xobj_3_grid_r1_c1.png,791,1,238,5,74.5,4
4,3_320x stock m270_4xobj_3_grid_r1_c1.png,792,1,490,413,46.0,3
4,3_320x stock m270_4xobj_3_grid_r1_c1.png,793,1,412,363,74.5,4
4,3_320x stock m270_4xobj_3_grid_r1_c1.png,794,1,99,243,46.0,3
4,3_320x stock m270_4xobj_3_grid_r1_c1.png,795,1,496,231,74.5,4
4,3_320x stock m270_4xobj_3_grid_r1_c1.png,796,1,464,177,46.0,3
4,3_320x stock m270_4xobj_3_grid_r1_c1.png,797,1,223,118,74.5,4
4,3_320x stock m270_4xobj_3_grid_r1_c1.png,798,1,412,68,104.0,5
4,3_320x stock m270_4xobj_3_grid_r1_c1.png,799,1,312,65,74.5,4
4,3_320x stock m270_4xobj_3_grid_r1_c1.png,800,1,99,13,46.0,3
4,3_320x stock m270_4xobj_3_grid_r1_c1.png,801,1,195,282,74.5,4
4,3_320x stock m270_4xobj_3_grid_r1_c1.png,802,1,311,279,74.5,4
4,3_320x stock m270_4xobj_3_grid_r1_c1.png,803,1,231,266,74.5,4
4,3_320x stock m270_4xobj_3_grid_r1_c1.png,804,1,293,153,104.0,5
4,3_320x stock m270_4xobj_3_grid_r1_c1.png,805,1,128,119,74.5,4
4,3_320x stock m270_4xobj_3_grid_r1_c1.png,806,1,274,108,190.0,7
4,3_320x stock m270_4xobj_3_grid_r1_c1.png,807,1,417,487,46.0,3
4,3_320x stock m270_4xobj_3_grid_r1_c1.png,808,1,324,486,46.0,3
4,3_320x stock m270_4xobj_3_grid_r1_c1.png,809,1,97,467,46.0,3
4,3_320x stock m270_4xobj_3_grid_r1_c1.png,810,1,113,406,104.0,5
4,3_320x stock m270_4xobj_3_grid_r1_c1.png,811,1,206,341,147.5,6
4,3_320x stock m270_4xobj_3_grid_r1_c1.png,812,1,143,298,46.0,3
4,3_320x stock m270_4xobj_3_grid_r1_c1.png,813,1,150,228,46.0,3
4,3_320x stock m270_4xobj_3_grid_r1_c1.png,814,1,400,175,74.5,4
4,3_320x stock m270_4xobj_3_grid_r1_c1.png,815,1,214,147,104.0,5
4,3_320x stock m270_4xobj_3_grid_r1_c1.png,816,1,431,133,147.5,6
4,3_320x stock m270_4xobj_3_grid_r1_c1.png,817,1,84,121,74.5,4
4,3_320x stock m270_4xobj_3_grid_r1_c1.png,818,1,130,92,104.0,5
4,3_320x stock m270_4xobj_3_grid_r1_c1.png,819,1,186,81,46.0,3
4,3_320x stock m270_4xobj_3_grid_r1_c1.png,820,1,196,14,46.0,3
4,3_320x stock m270_4xobj_3_grid_r1_c1.png,821,1,83,495,74.5,4
4,3_320x stock m270_4xobj_3_grid_r1_c1.png,822,1,134,480,46.0,3
4,3_320x stock m270_4xobj_3_grid_r1_c1.png,823,1,287,443,104.0,5
4,3_320x stock m270_4xobj_3_grid_r1_c1.png,824,1,74,243,74.5,4
4,3_320x stock m270_4xobj_3_grid_r1_c1.png,825,1,503,184,31.5,3
4,3_320x stock m270_4xobj_3_grid_r1_c1.png,826,1,52,156,74.5,4
4,3_320x stock m270_4xobj_3_grid_r1_c1.png,827,1,465,47,46.0,3
4,3_320x stock m270_4xobj_3_grid_r1_c1.png,828,1,215,41,104.0,5
4,3_320x stock m270_4xobj_3_grid_r1_c1.png,829,1,403,21,31.5,3
4,3_320x stock m270_4xobj_3_grid_r1_c1.png,830,1,289,21,31.5,3
4,3_320x stock m270_4xobj_3_grid_r1_c1.png,831,1,199,453,31.5,3
4,3_320x stock m270_4xobj_3_grid_r1_c1.png,832,1,360,401,31.5,3
4,3_320x stock m270_4xobj_3_grid_r1_c1.png,833,1,101,373,74.5,4
4,3_320x stock m270_4xobj_3_grid_r1_c1.png,834,1,30,290,74.5,4
4,3_320x stock m270_4xobj_3_grid_r1_c1.png,835,1,236,281,31.5,3
4,3_320x stock m270_4xobj_3_grid_r1_c1.png,836,1,454,252,74.5,4
4,3_320x stock m270_4xobj_3_grid_r1_c1.png,837,1,455,237,31.5,3
4,3_320x stock m270_4xobj_3_grid_r1_c1.png,838,1,483,218,31.5,3
4,3_320x stock m270_4xobj_3_grid_r1_c1.png,839,1,415,207,31.5,3
4,3_320x stock m270_4xobj_3_grid_r1_c1.png,840,1,454,195,31.5,3
4,3_320x stock m270_4xobj_3_grid_r1_c1.png,841,1,288,168,31.5,3
4,3_320x stock m270_4xobj_3_grid_r1_c1.png,842,1,110,166,31.5,3
4,3_320x stock m270_4xobj_3_grid_r1_c1.png,843,1,380,134,46.0,3
4,3_320x stock m270_4xobj_3_grid_r1_c1.png,844,1,261,122,31.5,3
4,3_320x stock m270_4xobj_3_grid_r1_c1.png,845,1,423,118,46.0,3
4,3_320x stock m270_4xobj_3_grid_r1_c1.png,846,1,485,106,46.0,3
4,3_320x stock m270_4xobj_3_grid_r1_c1.png,847,1,473,102,31.5,3
4,3_320x stock m270_4xobj_3_grid_r1_c1.png,848,1,38,103,31.5,3
4,3_320x stock m270_4xobj_3_grid_r1_c1.png,849,1,481,94,31.5,3
4,3_320x stock m270_4xobj_3_grid_r1_c1.png,850,1,313,79,46.0,3
4,3_320x stock m270_4xobj_3_grid_r1_c1.png,851,1,485,77,104.0,5
4,3_320x stock m270_4xobj_3_grid_r1_c1.png,852,1,462,72,31.5,3
4,3_320x stock m270_4xobj_3_grid_r1_c1.png,853,1,455,55,46.0,3
4,3_320x stock m270_4xobj_3_grid_r1_c1.png,854,1,452,41,46.0,3
4,3_320x stock m270_4xobj_3_grid_r1_c1.png,855,1,377,34,46.0,3
4,3_320x stock m270_4xobj_3_grid_r1_c1.png,856,1,505,34,74.5,4
4,3_320x stock m270_4xobj_3_grid_r1_c1.png,857,1,331,34,46.0,3
4,3_320x stock m270_4xobj_3_grid_r1_c1.png,858,1,438,30,46.0,3
4,3_320x stock m270_4xobj_3_grid_r1_c1.png,859,1,424,28,74.5,4
4,3_320x stock m270_4xobj_3_grid_r1_c1.png,860,1,267,17,46.0,3
4,3_320x stock m270_4xobj_3_grid_r1_c1.png,861,1,443,16,31.5,3
4,3_320x stock m270_4xobj_3_grid_r1_c1.png,862,1,372,14,46.0,3
4,3_320x stock m270_4xobj_3_grid_r1_c1.png,863,1,95,10,8.0,1
4,3_320x stock m270_4xobj_3_grid_r1_c1.png,864,1,450,5,46.0,3
4,3_320x stock m270_4xobj_3_grid_r1_c1.png,865,1,444,492,31.5,3
4,3_320x stock m270_4xobj_3_grid_r1_c1.png,866,1,427,490,31.5,3
4,3_320x stock m270_4xobj_3_grid_r1_c1.png,867,1,253,447,46.0,3
4,3_320x stock m270_4xobj_3_grid_r1_c1.png,868,1,368,341,31.5,3
4,3_320x stock m270_4xobj_3_grid_r1_c1.png,869,1,455,340,31.5,3
4,3_320x stock m270_4xobj_3_grid_r1_c1.png,870,1,384,331,31.5,3
4,3_320x stock m270_4xobj_3_grid_r1_c1.png,871,1,366,331,31.5,3
4,3_320x stock m270_4xobj_3_grid_r1_c1.png,872,1,349,303,31.5,3
4,3_320x stock m270_4xobj_3_grid_r1_c1.png,873,1,219,301,31.5,3
4,3_320x stock m270_4xobj_3_grid_r1_c1.png,874,1,501,294,46.0,3
4,3_320x stock m270_4xobj_3_grid_r1_c1.png,875,1,267,294,31.5,3
4,3_320x stock m270_4xobj_3_grid_r1_c1.png,876,1,95,292,104.0,5
4,3_320x stock m270_4xobj_3_grid_r1_c1.png,877,1,455,284,46.0,3
4,3_320x stock m270_4xobj_3_grid_r1_c1.png,878,1,442,242,31.5,3
4,3_320x stock m270_4xobj_3_grid_r1_c1.png,879,1,366,226,31.5,3
4,3_320x stock m270_4xobj_3_grid_r1_c1.png,880,1,172,226,31.5,3
4,3_320x stock m270_4xobj_3_grid_r1_c1.png,881,1,410,223,46.0,3
4,3_320x stock m270_4xobj_3_grid_r1_c1.png,882,1,378,223,31.5,3
4,3_320x stock m270_4xobj_3_grid_r1_c1.png,883,1,451,220,46.0,3
4,3_320x stock m270_4xobj_3_grid_r1_c1.png,884,1,427,210,46.0,3
4,3_320x stock m270_4xobj_3_grid_r1_c1.png,885,1,482,207,31.5,3
4,3_320x stock m270_4xobj_3_grid_r1_c1.png,886,1,296,206,46.0,3
4,3_320x stock m270_4xobj_3_grid_r1_c1.png,887,1,113,206,104.0,5
4,3_320x stock m270_4xobj_3_grid_r1_c1.png,888,1,504,199,46.0,3
4,3_320x stock m270_4xobj_3_grid_r1_c1.png,889,1,337,196,46.0,3
4,3_320x stock m270_4xobj_3_grid_r1_c1.png,890,1,359,190,31.5,3
4,3_320x stock m270_4xobj_3_grid_r1_c1.png,891,1,493,191,46.0,3
4,3_320x stock m270_4xobj_3_grid_r1_c1.png,892,1,425,188,46.0,3
4,3_320x stock m270_4xobj_3_grid_r1_c1.png,893,1,353,187,31.5,3
4,3_320x stock m270_4xobj_3_grid_r1_c1.png,894,1,322,184,46.0,3
4,3_320x stock m270_4xobj_3_grid_r1_c1.png,895,1,374,168,46.0,3
4,3_320x stock m270_4xobj_3_grid_r1_c1.png,896,1,395,163,46.0,3
4,3_320x stock m270_4xobj_3_grid_r1_c1.png,897,1,335,160,46.0,3
4,3_320x stock m270_4xobj_3_grid_r1_c1.png,898,1,454,151,46.0,3
4,3_320x stock m270_4xobj_3_grid_r1_c1.png,899,1,247,144,31.5,3
4,3_320x stock m270_4xobj_3_grid_r1_c1.png,900,1,14,145,46.0,3
4,3_320x stock m270_4xobj_3_grid_r1_c1.png,901,1,392,140,46.0,3
4,3_320x stock m270_4xobj_3_grid_r1_c1.png,902,1,65,138,31.5,3
4,3_320x stock m270_4xobj_3_grid_r1_c1.png,903,1,398,128,46.0,3
4,3_320x stock m270_4xobj_3_grid_r1_c1.png,904,1,236,109,46.0,3
4,3_320x stock m270_4xobj_3_grid_r1_c1.png,905,1,26,104,46.0,3
4,3_320x stock m270_4xobj_3_grid_r1_c1.png,906,1,387,102,46.0,3
4,3_320x stock m270_4xobj_3_grid_r1_c1.png,907,1,374,99,46.0,3
4,3_320x stock m270_4xobj_3_grid_r1_c1.png,908,1,244,94,46.0,3
4,3_320x stock m270_4xobj_3_grid_r1_c1.png,909,1,412,90,46.0,3
4,3_320x stock m270_4xobj_3_grid_r1_c1.png,910,1,214,86,46.0,3
4,3_320x stock m270_4xobj_3_grid_r1_c1.png,911,1,333,82,46.0,3
4,3_320x stock m270_4xobj_3_grid_r1_c1.png,912,1,150,78,31.5,3
4,3_320x stock m270_4xobj_3_grid_r1_c1.png,913,1,498,77,31.5,3
4,3_320x stock m270_4xobj_3_grid_r1_c1.png,914,1,379,74,31.5,3
4,3_320x stock m270_4xobj_3_grid_r1_c1.png,915,1,177,73,31.5,3
4,3_320x stock m270_4xobj_3_grid_r1_c1.png,916,1,273,68,31.5,3
4,3_320x stock m270_4xobj_3_grid_r1_c1.png,917,1,137,66,46.0,3
4,3_320x stock m270_4xobj_3_grid_r1_c1.png,918,1,350,59,46.0,3
4,3_320x stock m270_4xobj_3_grid_r1_c1.png,919,1,435,56,46.0,3
4,3_320x stock m270_4xobj_3_grid_r1_c1.png,920,1,229,53,74.5,4
4,3_320x stock m270_4xobj_3_grid_r1_c1.png,921,1,181,50,46.0,3
4,3_320x stock m270_4xobj_3_grid_r1_c1.png,922,1,112,46,46.0,3
4,3_320x stock m270_4xobj_3_grid_r1_c1.png,923,1,313,39,31.5,3
4,3_320x stock m270_4xobj_3_grid_r1_c1.png,924,1,366,38,46.0,3
4,3_320x stock m270_4xobj_3_grid_r1_c1.png,925,1,188,36,46.0,3
4,3_320x stock m270_4xobj_3_grid_r1_c1.png,926,1,196,30,46.0,3
4,3_320x stock m270_4xobj_3_grid_r1_c1.png,927,1,8,25,46.0,3
4,3_320x stock m270_4xobj_3_grid_r1_c1.png,928,1,482,25,46.0,3
4,3_320x stock m270_4xobj_3_grid_r1_c1.png,929,1,43,25,46.0,3
4,3_320x stock m270_4xobj_3_grid_r1_c1.png,930,1,384,18,46.0,3
4,3_320x stock m270_4xobj_3_grid_r1_c1.png,931,1,216,17,46.0,3
4,3_320x stock m270_4xobj_3_grid_r1_c1.png,932,1,311,15,74.5,4
4,3_320x stock m270_4xobj_3_grid_r1_c1.png,933,1,229,14,46.0,3
4,3_320x stock m270_4xobj_3_grid_r1_c1.png,934,1,332,7,46.0,3
4,3_320x stock m270_4xobj_3_grid_r1_c1.png,935,1,427,505,31.5,3
4,3_320x stock m270_4xobj_3_grid_r1_c1.png,936,1,253,502,31.5,3
4,3_320x stock m270_4xobj_3_grid_r1_c1.png,937,1,460,497,46.0,3
4,3_320x stock m270_4xobj_3_grid_r1_c1.png,938,1,466,488,31.5,3
4,3_320x stock m270_4xobj_3_grid_r1_c1.png,939,1,387,485,46.0,3
4,3_320x stock m270_4xobj_3_grid_r1_c1.png,940,1,348,484,31.5,3
4,3_320x stock m270_4xobj_3_grid_r1_c1.png,941,1,224,482,31.5,3
4,3_320x stock m270_4xobj_3_grid_r1_c1.png,942,1,447,482,46.0,3
4,3_320x stock m270_4xobj_3_grid_r1_c1.png,943,1,427,479,46.0,3
4,3_320x stock m270_4xobj_3_grid_r1_c1.png,944,1,355,475,31.5,3
4,3_320x stock m270_4xobj_3_grid_r1_c1.png,945,1,35,468,31.5,3
4,3_320x stock m270_4xobj_3_grid_r1_c1.png,946,1,346,466,46.0,3
4,3_320x stock m270_4xobj_3_grid_r1_c1.png,947,1,130,469,46.0,3
4,3_320x stock m270_4xobj_3_grid_r1_c1.png,948,1,418,464,31.5,3
4,3_320x stock m270_4xobj_3_grid_r1_c1.png,949,1,454,458,46.0,3
4,3_320x stock m270_4xobj_3_grid_r1_c1.png,950,1,491,440,46.0,3
4,3_320x stock m270_4xobj_3_grid_r1_c1.png,951,1,383,435,31.5,3
4,3_320x stock m270_4xobj_3_grid_r1_c1.png,952,1,256,427,46.0,3
4,3_320x stock m270_4xobj_3_grid_r1_c1.png,953,1,288,427,46.0,3
4,3_320x stock m270_4xobj_3_grid_r1_c1.png,954,1,446,422,46.0,3
4,3_320x stock m270_4xobj_3_grid_r1_c1.png,955,1,294,407,190.0,7
4,3_320x stock m270_4xobj_3_grid_r1_c1.png,956,1,234,408,46.0,3
4,3_320x stock m270_4xobj_3_grid_r1_c1.png,957,1,500,405,31.5,3
4,3_320x stock m270_4xobj_3_grid_r1_c1.png,958,1,265,395,74.5,4
4,3_320x stock m270_4xobj_3_grid_r1_c1.png,959,1,464,393,46.0,3
4,3_320x stock m270_4xobj_3_grid_r1_c1.png,960,1,248,392,31.5,3
4,3_320x stock m270_4xobj_3_grid_r1_c1.png,961,1,237,392,46.0,3
4,3_320x stock m270_4xobj_3_grid_r1_c1.png,962,1,451,388,31.5,3
4,3_320x stock m270_4xobj_3_grid_r1_c1.png,963,1,494,385,190.0,7
4,3_320x stock m270_4xobj_3_grid_r1_c1.png,964,1,152,380,31.5,3
4,3_320x stock m270_4xobj_3_grid_r1_c1.png,965,1,443,373,46.0,3
4,3_320x stock m270_4xobj_3_grid_r1_c1.png,966,1,189,371,46.0,3
4,3_320x stock m270_4xobj_3_grid_r1_c1.png,967,1,428,370,46.0,3
4,3_320x stock m270_4xobj_3_grid_r1_c1.png,968,1,466,368,46.0,3
4,3_320x stock m270_4xobj_3_grid_r1_c1.png,969,1,389,367,46.0,3
4,3_320x stock m270_4xobj_3_grid_r1_c1.png,970,1,352,366,46.0,3
4,3_320x stock m270_4xobj_3_grid_r1_c1.png,971,1,379,358,31.5,3
4,3_320x stock m270_4xobj_3_grid_r1_c1.png,972,1,446,345,31.5,3
4,3_320x stock m270_4xobj_3_grid_r1_c1.png,973,1,327,339,46.0,3
4,3_320x stock m270_4xobj_3_grid_r1_c1.png,974,1,303,335,46.0,3
4,3_320x stock m270_4xobj_3_grid_r1_c1.png,975,1,4,334,46.0,3
4,3_320x stock m270_4xobj_3_grid_r1_c1.png,976,1,485,327,46.0,3
4,3_320x stock m270_4xobj_3_grid_r1_c1.png,977,1,80,326,46.0,3
4,3_320x stock m270_4xobj_3_grid_r1_c1.png,978,1,17,325,46.0,3
4,3_320x stock m270_4xobj_3_grid_r1_c1.png,979,1,101,322,46.0,3
4,3_320x stock m270_4xobj_3_grid_r1_c1.png,980,1,226,317,31.5,3
4,3_320x stock m270_4xobj_3_grid_r1_c1.png,981,1,201,313,31.5,3
4,3_320x stock m270_4xobj_3_grid_r1_c1.png,982,1,179,312,31.5,3
4,3_320x stock m270_4xobj_3_grid_r1_c1.png,983,1,473,311,46.0,3
4,3_320x stock m270_4xobj_3_grid_r1_c1.png,984,1,114,308,31.5,3
4,3_320x stock m270_4xobj_3_grid_r1_c1.png,985,1,365,307,46.0,3
4,3_320x stock m270_4xobj_3_grid_r1_c1.png,986,1,384,300,31.5,3
4,3_320x stock m270_4xobj_3_grid_r1_c1.png,987,1,293,297,46.0,3
4,3_320x stock m270_4xobj_3_grid_r1_c1.png,988,1,252,292,46.0,3
4,3_320x stock m270_4xobj_3_grid_r1_c1.png,989,1,488,290,31.5,3
4,3_320x stock m270_4xobj_3_grid_r1_c1.png,990,1,426,287,46.0,3
4,3_320x stock m270_4xobj_3_grid_r1_c1.png,991,1,324,287,46.0,3
4,3_320x stock m270_4xobj_3_grid_r1_c1.png,992,1,113,278,31.5,3
4,3_320x stock m270_4xobj_3_grid_r1_c1.png,993,1,429,269,46.0,3
4,3_320x stock m270_4xobj_3_grid_r1_c1.png,994,1,401,267,46.0,3
4,3_320x stock m270_4xobj_3_grid_r1_c1.png,995,1,263,264,46.0,3
4,3_320x stock m270_4xobj_3_grid_r1_c1.png,996,1,132,260,46.0,3
4,3_320x stock m270_4xobj_3_grid_r1_c1.png,997,1,381,258,31.5,3
4,3_320x stock m270_4xobj_3_grid_r1_c1.png,998,1,194,255,46.0,3
4,3_320x stock m270_4xobj_3_grid_r1_c1.png,999,1,335,255,46.0,3
4,3_320x stock m270_4xobj_3_grid_r1_c1.png,1000,1,390,249,46.0,3
4,3_320x stock m270_4xobj_3_grid_r1_c1.png,1001,1,170,242,31.5,3
4,3_320x stock m270_4xobj_3_grid_r1_c1.png,1002,1,132,240,46.0,3
4,3_320x stock m270_4xobj_3_grid_r1_c1.png,1003,1,280,239,46.0,3
4,3_320x stock m270_4xobj_3_grid_r1_c1.png,1004,1,243,237,46.0,3
4,3_320x stock m270_4xobj_3_grid_r1_c1.png,1005,1,122,235,46.0,3
4,3_320x stock m270_4xobj_3_grid_r1_c1.png,1006,1,110,230,46.0,3
4,3_320x stock m270_4xobj_3_grid_r1_c1.png,1007,1,312,230,46.0,3
4,3_320x stock m270_4xobj_3_grid_r1_c1.png,1008,1,287,230,46.0,3
4,3_320x stock m270_4xobj_3_grid_r1_c1.png,1009,1,421,224,46.0,3
4,3_320x stock m270_4xobj_3_grid_r1_c1.png,1010,1,205,224,46.0,3
4,3_320x stock m270_4xobj_3_grid_r1_c1.png,1011,1,80,223,104.0,5
4,3_320x stock m270_4xobj_3_grid_r1_c1.png,1012,1,135,221,46.0,3
4,3_320x stock m270_4xobj_3_grid_r1_c1.png,1013,1,90,210,46.0,3
4,3_320x stock m270_4xobj_3_grid_r1_c1.png,1014,1,212,208,46.0,3
4,3_320x stock m270_4xobj_3_grid_r1_c1.png,1015,1,238,204,46.0,3
4,3_320x stock m270_4xobj_3_grid_r1_c1.png,1016,1,64,206,31.5,3
4,3_320x stock m270_4xobj_3_grid_r1_c1.png,1017,1,263,198,46.0,3
4,3_320x stock m270_4xobj_3_grid_r1_c1.png,1018,1,89,197,31.5,3
4,3_320x stock m270_4xobj_3_grid_r1_c1.png,1019,1,373,195,46.0,3
4,3_320x stock m270_4xobj_3_grid_r1_c1.png,1020,1,108,193,46.0,3
4,3_320x stock m270_4xobj_3_grid_r1_c1.png,1021,1,245,189,46.0,3
4,3_320x stock m270_4xobj_3_grid_r1_c1.png,1022,1,404,187,31.5,3
4,3_320x stock m270_4xobj_3_grid_r1_c1.png,1023,1,206,180,31.5,3
4,3_320x stock m270_4xobj_3_grid_r1_c1.png,1024,1,122,158,46.0,3
4,3_320x stock m270_4xobj_3_grid_r1_c1.png,1025,1,175,153,46.0,3
4,3_320x stock m270_4xobj_3_grid_r1_c1.png,1026,1,365,138,74.5,4
4,3_320x stock m270_4xobj_3_grid_r1_c1.png,1027,1,51,138,46.0,3
4,3_320x stock m270_4xobj_3_grid_r1_c1.png,1028,1,146,129,31.5,3
4,3_320x stock m270_4xobj_3_grid_r1_c1.png,1029,1,316,127,74.5,4
4,3_320x stock m270_4xobj_3_grid_r1_c1.png,1030,1,273,124,46.0,3
4,3_320x stock m270_4xobj_3_grid_r1_c1.png,1031,1,200,125,46.0,3
4,3_320x stock m270_4xobj_3_grid_r1_c1.png,1032,1,244,120,46.0,3
4,3_320x stock m270_4xobj_3_grid_r1_c1.png,1033,1,155,117,46.0,3
4,3_320x stock m270_4xobj_3_grid_r1_c1.png,1034,1,56,115,46.0,3
4,3_320x stock m270_4xobj_3_grid_r1_c1.png,1035,1,297,110,46.0,3
4,3_320x stock m270_4xobj_3_grid_r1_c1.png,1036,1,218,103,46.0,3
4,3_320x stock m270_4xobj_3_grid_r1_c1.png,1037,1,506,104,74.5,4
4,3_320x stock m270_4xobj_3_grid_r1_c1.png,1038,1,108,92,46.0,3
4,3_320x stock m270_4xobj_3_grid_r1_c1.png,1039,1,76,85,46.0,3
4,3_320x stock m270_4xobj_3_grid_r1_c1.png,1040,1,103,81,46.0,3
4,3_320x stock m270_4xobj_3_grid_r1_c1.png,1041,1,198,77,31.5,3
4,3_320x stock m270_4xobj_3_grid_r1_c1.png,1042,1,10,71,46.0,3
4,3_320x stock m270_4xobj_3_grid_r1_c1.png,1043,1,334,64,46.0,3
4,3_320x stock m270_4xobj_3_grid_r1_c1.png,1044,1,77,59,31.5,3
4,3_320x stock m270_4xobj_3_grid_r1_c1.png,1045,1,10,57,74.5,4
4,3_320x stock m270_4xobj_3_grid_r1_c1.png,1046,1,194,54,46.0,3
4,3_320x stock m270_4xobj_3_grid_r1_c1.png,1047,1,44,54,46.0,3
4,3_320x stock m270_4xobj_3_grid_r1_c1.png,1048,1,50,34,46.0,3
4,3_320x stock m270_4xobj_3_grid_r1_c1.png,1049,1,84,26,46.0,3
4,3_320x stock m270_4xobj_3_grid_r1_c1.png,1050,1,75,14,46.0,3
4,3_320x stock m270_4xobj_3_grid_r1_c1.png,1051,1,156,9,46.0,3
4,3_320x stock m270_4xobj_3_grid_r1_c1.png,1052,1,16,508,31.5,3
4,3_320x stock m270_4xobj_3_grid_r1_c1.png,1053,1,451,502,74.5,4
4,3_320x stock m270_4xobj_3_grid_r1_c1.png,1054,1,167,493,46.0,3
4,3_320x stock m270_4xobj_3_grid_r1_c1.png,1055,1,156,469,46.0,3
4,3_320x stock m270_4xobj_3_grid_r1_c1.png,1056,1,115,462,46.0,3
4,3_320x stock m270_4xobj_3_grid_r1_c1.png,1057,1,65,462,46.0,3
4,3_320x stock m270_4xobj_3_grid_r1_c1.png,1058,1,364,457,46.0,3
4,3_320x stock m270_4xobj_3_grid_r1_c1.png,1059,1,333,453,46.0,3
4,3_320x stock m270_4xobj_3_grid_r1_c1.png,1060,1,144,453,46.0,3
4,3_320x stock m270_4xobj_3_grid_r1_c1.png,1061,1,268,447,46.0,3
4,3_320x stock m270_4xobj_3_grid_r1_c1.png,1062,1,435,444,46.0,3
4,3_320x stock m270_4xobj_3_grid_r1_c1.png,1063,1,503,440,46.0,3
4,3_320x stock m270_4xobj_3_grid_r1_c1.png,1064,1,241,436,46.0,3
4,3_320x stock m270_4xobj_3_grid_r1_c1.png,1065,1,272,434,46.0,3
4,3_320x stock m270_4xobj_3_grid_r1_c1.png,1066,1,45,433,31.5,3
4,3_320x stock m270_4xobj_3_grid_r1_c1.png,1067,1,133,419,31.5,3
4,3_320x stock m270_4xobj_3_grid_r1_c1.png,1068,1,23,416,31.5,3
4,3_320x stock m270_4xobj_3_grid_r1_c1.png,1069,1,252,413,46.0,3
4,3_320x stock m270_4xobj_3_grid_r1_c1.png,1070,1,67,413,46.0,3
4,3_320x stock m270_4xobj_3_grid_r1_c1.png,1071,1,174,403,31.5,3
4,3_320x stock m270_4xobj_3_grid_r1_c1.png,1072,1,216,399,46.0,3
4,3_320x stock m270_4xobj_3_grid_r1_c1.png,1073,1,340,397,46.0,3
4,3_320x stock m270_4xobj_3_grid_r1_c1.png,1074,1,173,391,31.5,3
4,3_320x stock m270_4xobj_3_grid_r1_c1.png,1075,1,133,366,31.5,3
4,3_320x stock m270_4xobj_3_grid_r1_c1.png,1076,1,205,364,31.5,3
4,3_320x stock m270_4xobj_3_grid_r1_c1.png,1077,1,178,359,46.0,3
4,3_320x stock m270_4xobj_3_grid_r1_c1.png,1078,1,495,356,46.0,3
4,3_320x stock m270_4xobj_3_grid_r1_c1.png,1079,1,52,344,46.0,3
4,3_320x stock m270_4xobj_3_grid_r1_c1.png,1080,1,229,341,46.0,3
4,3_320x stock m270_4xobj_3_grid_r1_c1.png,1081,1,61,338,31.5,3
4,3_320x stock m270_4xobj_3_grid_r1_c1.png,1082,1,289,324,46.0,3
4,3_320x stock m270_4xobj_3_grid_r1_c1.png,1083,1,193,320,46.0,3
4,3_320x stock m270_4xobj_3_grid_r1_c1.png,1084,1,114,321,46.0,3
4,3_320x stock m270_4xobj_3_grid_r1_c1.png,1085,1,81,304,31.5,3
4,3_320x stock m270_4xobj_3_grid_r1_c1.png,1086,1,282,294,46.0,3
4,3_320x stock m270_4xobj_3_grid_r1_c1.png,1087,1,11,287,46.0,3
4,3_320x stock m270_4xobj_3_grid_r1_c1.png,1088,1,43,271,46.0,3
4,3_320x stock m270_4xobj_3_grid_r1_c1.png,1089,1,102,265,46.0,3
4,3_320x stock m270_4xobj_3_grid_r1_c1.png,1090,1,53,263,46.0,3
4,3_320x stock m270_4xobj_3_grid_r1_c1.png,1091,1,63,257,46.0,3
4,3_320x stock m270_4xobj_3_grid_r1_c1.png,1092,1,42,256,31.5,3
4,3_320x stock m270_4xobj_3_grid_r1_c1.png,1093,1,201,242,46.0,3
4,3_320x stock m270_4xobj_3_grid_r1_c1.png,1094,1,9,236,46.0,3
4,3_320x stock m270_4xobj_3_grid_r1_c1.png,1095,1,229,231,74.5,4
4,3_320x stock m270_4xobj_3_grid_r1_c1.png,1096,1,23,226,46.0,3
4,3_320x stock m270_4xobj_3_grid_r1_c1.png,1097,1,40,224,46.0,3
4,3_320x stock m270_4xobj_3_grid_r1_c1.png,1098,1,71,202,46.0,3
4,3_320x stock m270_4xobj_3_grid_r1_c1.png,1099,1,14,199,46.0,3
4,3_320x stock m270_4xobj_3_grid_r1_c1.png,1100,1,124,191,74.5,4
4,3_320x stock m270_4xobj_3_grid_r1_c1.png,1101,1,7,185,46.0,3
4,3_320x stock m270_4xobj_3_grid_r1_c1.png,1102,1,215,184,31.5,3
4,3_320x stock m270_4xobj_3_grid_r1_c1.png,1103,1,10,169,46.0,3
4,3_320x stock m270_4xobj_3_grid_r1_c1.png,1104,1,32,167,46.0,3
4,3_320x stock m270_4xobj_3_grid_r1_c1.png,1105,1,217,165,46.0,3
4,3_320x stock m270_4xobj_3_grid_r1_c1.png,1106,1,481,159,147.5,6
4,3_320x stock m270_4xobj_3_grid_r1_c1.png,1107,1,469,143,46.0,3
4,3_320x stock m270_4xobj_3_grid_r1_c1.png,1108,1,145,95,46.0,3
4,3_320x stock m270_4xobj_3_grid_r1_c1.png,1109,1,89,65,46.0,3
4,3_320x stock m270_4xobj_3_grid_r1_c1.png,1110,1,8,40,46.0,3
4,3_320x stock m270_4xobj_3_grid_r1_c1.png,1111,1,105,503,46.0,3
4,3_320x stock m270_4xobj_3_grid_r1_c1.png,1112,1,236,500,46.0,3
4,3_320x stock m270_4xobj_3_grid_r1_c1.png,1113,1,167,480,46.0,3
4,3_320x stock m270_4xobj_3_grid_r1_c1.png,1114,1,46,468,46.0,3
4,3_320x stock m270_4xobj_3_grid_r1_c1.png,1115,1,70,430,46.0,3
4,3_320x stock m270_4xobj_3_grid_r1_c1.png,1116,1,311,429,46.0,3
4,3_320x stock m270_4xobj_3_grid_r1_c1.png,1117,1,468,429,46.0,3
4,3_320x stock m270_4xobj_3_grid_r1_c1.png,1118,1,194,399,74.5,4
4,3_320x stock m270_4xobj_3_grid_r1_c1.png,1119,1,262,374,74.5,4
4,3_320x stock m270_4xobj_3_grid_r1_c1.png,1120,1,51,358,31.5,3
4,3_320x stock m270_4xobj_3_grid_r1_c1.png,1121,1,61,355,31.5,3
4,3_320x stock m270_4xobj_3_grid_r1_c1.png,1122,1,7,345,46.0,3
4,3_320x stock m270_4xobj_3_grid_r1_c1.png,1123,1,301,221,46.0,3
4,3_320x stock m270_4xobj_3_grid_r1_c1.png,1124,1,417,137,74.5,4
4,3_320x stock m270_4xobj_3_grid_r1_c1.png,1125,1,505,500,46.0,3
4,3_320x stock m270_4xobj_3_grid_r1_c1.png,1126,1,78,485,46.0,3
4,3_320x stock m270_4xobj_3_grid_r1_c1.png,1127,1,55,443,46.0,3
4,3_320x stock m270_4xobj_3_grid_r1_c1.png,1128,1,44,376,46.0,3
4,3_320x stock m270_4xobj_3_grid_r1_c1.png,1129,1,482,373,190.0,7
4,3_320x stock m270_4xobj_3_grid_r1_c1.png,1130,1,180,115,190.0,7
5,3_320x stock m270_4xobj_3_grid_r1_c2.png,1131,1,442,54,147.5,6
5,3_320x stock m270_4xobj_3_grid_r1_c2.png,1132,1,21,231,74.5,4
5,3_320x stock m270_4xobj_3_grid_r1_c2.png,1133,1,277,316,46.0,3
5,3_320x stock m270_4xobj_3_grid_r1_c2.png,1134,1,468,314,31.5,3
5,3_320x stock m270_4xobj_3_grid_r1_c2.png,1135,1,290,231,31.5,3
5,3_320x stock m270_4xobj_3_grid_r1_c2.png,1136,1,246,224,31.5,3
5,3_320x stock m270_4xobj_3_grid_r1_c2.png,1137,1,143,112,74.5,4
5,3_320x stock m270_4xobj_3_grid_r1_c2.png,1138,1,494,92,46.0,3
5,3_320x stock m270_4xobj_3_grid_r1_c2.png,1139,1,144,57,104.0,5
5,3_320x stock m270_4xobj_3_grid_r1_c2.png,1140,1,289,3,43.0,3
5,3_320x stock m270_4xobj_3_grid_r1_c2.png,1141,1,114,478,46.0,3
5,3_320x stock m270_4xobj_3_grid_r1_c2.png,1142,1,474,326,46.0,3
5,3_320x stock m270_4xobj_3_grid_r1_c2.png,1143,1,294,310,31.5,3
5,3_320x stock m270_4xobj_3_grid_r1_c2.png,1144,1,343,263,46.0,3
5,3_320x stock m270_4xobj_3_grid_r1_c2.png,1145,1,238,250,31.5,3
5,3_320x stock m270_4xobj_3_grid_r1_c2.png,1146,1,257,228,31.5,3
5,3_320x stock m270_4xobj_3_grid_r1_c2.png,1147,1,325,183,46.0,3
5,3_320x stock m270_4xobj_3_grid_r1_c2.png,1148,1,318,165,74.5,4
5,3_320x stock m270_4xobj_3_grid_r1_c2.png,1149,1,485,77,74.5,4
5,3_320x stock m270_4xobj_3_grid_r1_c2.png,1150,1,110,7,147.5,6
5,3_320x stock m270_4xobj_3_grid_r1_c2.png,1151,1,137,422,31.5,3
5,3_320x stock m270_4xobj_3_grid_r1_c2.png,1152,1,15,413,46.0,3
5,3_320x stock m270_4xobj_3_grid_r1_c2.png,1153,1,13,276,31.5,3
5,3_320x stock m270_4xobj_3_grid_r1_c2.png,1154,1,220,239,74.5,4
5,3_320x stock m270_4xobj_3_grid_r1_c2.png,1155,1,445,206,46.0,3
5,3_320x stock m270_4xobj_3_grid_r1_c2.png,1156,1,74,204,46.0,3
5,3_320x stock m270_4xobj_3_grid_r1_c2.png,1157,1,271,77,46.0,3
5,3_320x stock m270_4xobj_3_grid_r1_c2.png,1158,1,187,77,31.5,3
5,3_320x stock m270_4xobj_3_grid_r1_c2.png,1159,1,77,66,74.5,4
5,3_320x stock m270_4xobj_3_grid_r1_c2.png,1160,1,394,400,46.0,3
5,3_320x stock m270_4xobj_3_grid_r1_c2.png,1161,1,437,177,8.0,1
5,3_320x stock m270_4xobj_3_grid_r1_c2.png,1162,1,491,170,46.0,3
5,3_320x stock m270_4xobj_3_grid_r1_c2.png,1163,1,479,154,31.5,3
5,3_320x stock m270_4xobj_3_grid_r1_c2.png,1164,1,457,151,8.0,1
5,3_320x stock m270_4xobj_3_grid_r1_c2.png,1165,1,264,133,104.0,5
5,3_320x stock m270_4xobj_3_grid_r1_c2.png,1166,1,463,98,104.0,5
5,3_320x stock m270_4xobj_3_grid_r1_c2.png,1167,1,399,83,8.0,1
5,3_320x stock m270_4xobj_3_grid_r1_c2.png,1168,1,420,60,31.5,3
5,3_320x stock m270_4xobj_3_grid_r1_c2.png,1169,1,345,63,147.5,6
5,3_320x stock m270_4xobj_3_grid_r1_c2.png,1170,1,428,18,31.5,3
5,3_320x stock m270_4xobj_3_grid_r1_c2.png,1171,1,49,9,74.5,4
5,3_320x stock m270_4xobj_3_grid_r1_c2.png,1172,1,411,3,43.0,3
5,3_320x stock m270_4xobj_3_grid_r1_c2.png,1173,1,485,479,31.5,3
5,3_320x stock m270_4xobj_3_grid_r1_c2.png,1174,1,405,434,31.5,3
5,3_320x stock m270_4xobj_3_grid_r1_c2.png,1175,1,340,390,31.5,3
5,3_320x stock m270_4xobj_3_grid_r1_c2.png,1176,1,270,374,74.5,4
5,3_320x stock m270_4xobj_3_grid_r1_c2.png,1177,1,441,308,74.5,4
5,3_320x stock m270_4xobj_3_grid_r1_c2.png,1178,1,327,257,104.0,5
5,3_320x stock m270_4xobj_3_grid_r1_c2.png,1179,1,466,247,31.5,3
5,3_320x stock m270_4xobj_3_grid_r1_c2.png,1180,1,453,249,104.0,5
5,3_320x stock m270_4xobj_3_grid_r1_c2.png,1181,1,448,228,31.5,3
5,3_320x stock m270_4xobj_3_grid_r1_c2.png,1182,1,324,227,31.5,3
5,3_320x stock m270_4xobj_3_grid_r1_c2.png,1183,1,411,210,46.0,3
5,3_320x stock m270_4xobj_3_grid_r1_c2.png,1184,1,427,209,8.0,1
5,3_320x stock m270_4xobj_3_grid_r1_c2.png,1185,1,145,200,147.5,6
5,3_320x stock m270_4xobj_3_grid_r1_c2.png,1186,1,104,188,46.0,3
5,3_320x stock m270_4xobj_3_grid_r1_c2.png,1187,1,119,183,31.5,3
5,3_320x stock m270_4xobj_3_grid_r1_c2.png,1188,1,385,159,31.5,3
5,3_320x stock m270_4xobj_3_grid_r1_c2.png,1189,1,290,127,31.5,3
5,3_320x stock m270_4xobj_3_grid_r1_c2.png,1190,1,396,126,46.0,3
5,3_320x stock m270_4xobj_3_grid_r1_c2.png,1191,1,101,127,248.5,8
5,3_320x stock m270_4xobj_3_grid_r1_c2.png,1192,1,306,123,46.0,3
5,3_320x stock m270_4xobj_3_grid_r1_c2.png,1193,1,434,108,31.5,3
5,3_320x stock m270_4xobj_3_grid_r1_c2.png,1194,1,444,105,31.5,3
5,3_320x stock m270_4xobj_3_grid_r1_c2.png,1195,1,304,108,147.5,6
5,3_320x stock m270_4xobj_3_grid_r1_c2.png,1196,1,352,95,46.0,3
5,3_320x stock m270_4xobj_3_grid_r1_c2.png,1197,1,242,89,31.5,3
5,3_320x stock m270_4xobj_3_grid_r1_c2.png,1198,1,468,81,31.5,3
5,3_320x stock m270_4xobj_3_grid_r1_c2.png,1199,1,371,60,31.5,3
5,3_320x stock m270_4xobj_3_grid_r1_c2.png,1200,1,373,46,46.0,3
5,3_320x stock m270_4xobj_3_grid_r1_c2.png,1201,1,311,44,147.5,6
5,3_320x stock m270_4xobj_3_grid_r1_c2.png,1202,1,260,39,31.5,3
5,3_320x stock m270_4xobj_3_grid_r1_c2.png,1203,1,286,36,46.0,3
5,3_320x stock m270_4xobj_3_grid_r1_c2.png,1204,1,149,32,31.5,3
5,3_320x stock m270_4xobj_3_grid_r1_c2.png,1205,1,437,30,46.0,3
5,3_320x stock m270_4xobj_3_grid_r1_c2.png,1206,1,409,26,31.5,3
5,3_320x stock m270_4xobj_3_grid_r1_c2.png,1207,1,255,25,31.5,3
5,3_320x stock m270_4xobj_3_grid_r1_c2.png,1208,1,322,22,46.0,3
5,3_320x stock m270_4xobj_3_grid_r1_c2.png,1209,1,349,12,31.5,3
5,3_320x stock m270_4xobj_3_grid_r1_c2.png,1210,1,397,7,46.0,3
5,3_320x stock m270_4xobj_3_grid_r1_c2.png,1211,1,191,495,74.5,4
5,3_320x stock m270_4xobj_3_grid_r1_c2.png,1212,1,483,462,31.5,3
5,3_320x stock m270_4xobj_3_grid_r1_c2.png,1213,1,228,449,104.0,5
5,3_320x stock m270_4xobj_3_grid_r1_c2.png,1214,1,414,432,31.5,3
5,3_320x stock m270_4xobj_3_grid_r1_c2.png,1215,1,318,424,74.5,4
5,3_320x stock m270_4xobj_3_grid_r1_c2.png,1216,1,32,417,104.0,5
5,3_320x stock m270_4xobj_3_grid_r1_c2.png,1217,1,438,409,31.5,3
5,3_320x stock m270_4xobj_3_grid_r1_c2.png,1218,1,508,408,27.5,2
5,3_320x stock m270_4xobj_3_grid_r1_c2.png,1219,1,372,408,31.5,3
5,3_320x stock m270_4xobj_3_grid_r1_c2.png,1220,1,499,404,31.5,3
5,3_320x stock m270_4xobj_3_grid_r1_c2.png,1221,1,324,396,31.5,3
5,3_320x stock m270_4xobj_3_grid_r1_c2.png,1222,1,389,389,31.5,3
5,3_320x stock m270_4xobj_3_grid_r1_c2.png,1223,1,344,371,46.0,3
5,3_320x stock m270_4xobj_3_grid_r1_c2.png,1224,1,338,348,31.5,3
5,3_320x stock m270_4xobj_3_grid_r1_c2.png,1225,1,502,344,31.5,3
5,3_320x stock m270_4xobj_3_grid_r1_c2.png,1226,1,188,339,31.5,3
5,3_320x stock m270_4xobj_3_grid_r1_c2.png,1227,1,400,317,31.5,3
5,3_320x stock m270_4xobj_3_grid_r1_c2.png,1228,1,423,306,31.5,3
5,3_320x stock m270_4xobj_3_grid_r1_c2.png,1229,1,302,299,31.5,3
5,3_320x stock m270_4xobj_3_grid_r1_c2.png,1230,1,199,284,31.5,3
5,3_320x stock m270_4xobj_3_grid_r1_c2.png,1231,1,213,284,31.5,3
5,3_320x stock m270_4xobj_3_grid_r1_c2.png,1232,1,394,284,31.5,3
5,3_320x stock m270_4xobj_3_grid_r1_c2.png,1233,1,432,277,31.5,3
5,3_320x stock m270_4xobj_3_grid_r1_c2.png,1234,1,92,273,46.0,3
5,3_320x stock m270_4xobj_3_grid_r1_c2.png,1235,1,417,269,46.0,3
5,3_320x stock m270_4xobj_3_grid_r1_c2.png,1236,1,388,261,31.5,3
5,3_320x stock m270_4xobj_3_grid_r1_c2.png,1237,1,311,258,46.0,3
5,3_320x stock m270_4xobj_3_grid_r1_c2.png,1238,1,186,253,31.5,3
5,3_320x stock m270_4xobj_3_grid_r1_c2.png,1239,1,45,250,74.5,4
5,3_320x stock m270_4xobj_3_grid_r1_c2.png,1240,1,476,244,31.5,3
5,3_320x stock m270_4xobj_3_grid_r1_c2.png,1241,1,178,239,46.0,3
5,3_320x stock m270_4xobj_3_grid_r1_c2.png,1242,1,418,220,46.0,3
5,3_320x stock m270_4xobj_3_grid_r1_c2.png,1243,1,201,219,46.0,3
5,3_320x stock m270_4xobj_3_grid_r1_c2.png,1244,1,468,212,46.0,3
5,3_320x stock m270_4xobj_3_grid_r1_c2.png,1245,1,313,209,31.5,3
5,3_320x stock m270_4xobj_3_grid_r1_c2.png,1246,1,471,201,46.0,3
5,3_320x stock m270_4xobj_3_grid_r1_c2.png,1247,1,282,204,8.0,1
5,3_320x stock m270_4xobj_3_grid_r1_c2.png,1248,1,312,195,46.0,3
5,3_320x stock m270_4xobj_3_grid_r1_c2.png,1249,1,212,188,31.5,3
5,3_320x stock m270_4xobj_3_grid_r1_c2.png,1250,1,28,184,31.5,3
5,3_320x stock m270_4xobj_3_grid_r1_c2.png,1251,1,451,175,31.5,3
5,3_320x stock m270_4xobj_3_grid_r1_c2.png,1252,1,247,176,46.0,3
5,3_320x stock m270_4xobj_3_grid_r1_c2.png,1253,1,465,175,31.5,3
5,3_320x stock m270_4xobj_3_grid_r1_c2.png,1254,1,407,168,46.0,3
5,3_320x stock m270_4xobj_3_grid_r1_c2.png,1255,1,448,162,31.5,3
5,3_320x stock m270_4xobj_3_grid_r1_c2.png,1256,1,183,162,31.5,3
5,3_320x stock m270_4xobj_3_grid_r1_c2.png,1257,1,355,160,46.0,3
5,3_320x stock m270_4xobj_3_grid_r1_c2.png,1258,1,103,161,31.5,3
5,3_320x stock m270_4xobj_3_grid_r1_c2.png,1259,1,142,157,31.5,3
5,3_320x stock m270_4xobj_3_grid_r1_c2.png,1260,1,395,155,46.0,3
5,3_320x stock m270_4xobj_3_grid_r1_c2.png,1261,1,383,132,46.0,3
5,3_320x stock m270_4xobj_3_grid_r1_c2.png,1262,1,422,128,46.0,3
5,3_320x stock m270_4xobj_3_grid_r1_c2.png,1263,1,120,125,74.5,4
5,3_320x stock m270_4xobj_3_grid_r1_c2.png,1264,1,83,123,31.5,3
5,3_320x stock m270_4xobj_3_grid_r1_c2.png,1265,1,273,124,31.5,3
5,3_320x stock m270_4xobj_3_grid_r1_c2.png,1266,1,317,119,31.5,3
5,3_320x stock m270_4xobj_3_grid_r1_c2.png,1267,1,256,113,31.5,3
5,3_320x stock m270_4xobj_3_grid_r1_c2.png,1268,1,356,106,46.0,3
5,3_320x stock m270_4xobj_3_grid_r1_c2.png,1269,1,183,97,31.5,3
5,3_320x stock m270_4xobj_3_grid_r1_c2.png,1270,1,158,91,46.0,3
5,3_320x stock m270_4xobj_3_grid_r1_c2.png,1271,1,312,82,46.0,3
5,3_320x stock m270_4xobj_3_grid_r1_c2.png,1272,1,442,74,46.0,3
5,3_320x stock m270_4xobj_3_grid_r1_c2.png,1273,1,105,72,46.0,3
5,3_320x stock m270_4xobj_3_grid_r1_c2.png,1274,1,91,70,31.5,3
5,3_320x stock m270_4xobj_3_grid_r1_c2.png,1275,1,225,60,74.5,4
5,3_320x stock m270_4xobj_3_grid_r1_c2.png,1276,1,105,52,46.0,3
5,3_320x stock m270_4xobj_3_grid_r1_c2.png,1277,1,60,51,31.5,3
5,3_320x stock m270_4xobj_3_grid_r1_c2.png,1278,1,353,40,31.5,3
5,3_320x stock m270_4xobj_3_grid_r1_c2.png,1279,1,216,27,46.0,3
5,3_320x stock m270_4xobj_3_grid_r1_c2.png,1280,1,87,27,46.0,3
5,3_320x stock m270_4xobj_3_grid_r1_c2.png,1281,1,389,22,31.5,3
5,3_320x stock m270_4xobj_3_grid_r1_c2.png,1282,1,377,22,46.0,3
5,3_320x stock m270_4xobj_3_grid_r1_c2.png,1283,1,188,21,46.0,3
5,3_320x stock m270_4xobj_3_grid_r1_c2.png,1284,1,266,19,31.5,3
5,3_320x stock m270_4xobj_3_grid_r1_c2.png,1285,1,173,18,74.5,4
5,3_320x stock m270_4xobj_3_grid_r1_c2.png,1286,1,92,16,46.0,3
5,3_320x stock m270_4xobj_3_grid_r1_c2.png,1287,1,79,12,46.0,3
5,3_320x stock m270_4xobj_3_grid_r1_c2.png,1288,1,209,9,46.0,3
5,3_320x stock m270_4xobj_3_grid_r1_c2.png,1289,1,319,489,31.5,3
5,3_320x stock m270_4xobj_3_grid_r1_c2.png,1290,1,406,487,46.0,3
5,3_320x stock m270_4xobj_3_grid_r1_c2.png,1291,1,467,472,46.0,3
5,3_320x stock m270_4xobj_3_grid_r1_c2.png,1292,1,271,471,31.5,3
5,3_320x stock m270_4xobj_3_grid_r1_c2.png,1293,1,342,471,46.0,3
5,3_320x stock m270_4xobj_3_grid_r1_c2.png,1294,1,173,467,31.5,3
5,3_320x stock m270_4xobj_3_grid_r1_c2.png,1295,1,186,465,31.5,3
5,3_320x stock m270_4xobj_3_grid_r1_c2.png,1296,1,116,465,31.5,3
5,3_320x stock m270_4xobj_3_grid_r1_c2.png,1297,1,31,453,46.0,3
5,3_320x stock m270_4xobj_3_grid_r1_c2.png,1298,1,409,447,31.5,3
5,3_320x stock m270_4xobj_3_grid_r1_c2.png,1299,1,444,436,46.0,3
5,3_320x stock m270_4xobj_3_grid_r1_c2.png,1300,1,313,436,31.5,3
5,3_320x stock m270_4xobj_3_grid_r1_c2.png,1301,1,457,434,46.0,3
5,3_320x stock m270_4xobj_3_grid_r1_c2.png,1302,1,233,424,46.0,3
5,3_320x stock m270_4xobj_3_grid_r1_c2.png,1303,1,117,428,31.5,3
5,3_320x stock m270_4xobj_3_grid_r1_c2.png,1304,1,372,420,31.5,3
5,3_320x stock m270_4xobj_3_grid_r1_c2.png,1305,1,272,415,46.0,3
5,3_320x stock m270_4xobj_3_grid_r1_c2.png,1306,1,414,412,31.5,3
5,3_320x stock m270_4xobj_3_grid_r1_c2.png,1307,1,154,406,31.5,3
5,3_320x stock m270_4xobj_3_grid_r1_c2.png,1308,1,210,402,31.5,3
5,3_320x stock m270_4xobj_3_grid_r1_c2.png,1309,1,171,397,46.0,3
5,3_320x stock m270_4xobj_3_grid_r1_c2.png,1310,1,192,395,46.0,3
5,3_320x stock m270_4xobj_3_grid_r1_c2.png,1311,1,154,395,46.0,3
5,3_320x stock m270_4xobj_3_grid_r1_c2.png,1312,1,19,385,104.0,5
5,3_320x stock m270_4xobj_3_grid_r1_c2.png,1313,1,241,381,31.5,3
5,3_320x stock m270_4xobj_3_grid_r1_c2.png,1314,1,224,380,31.5,3
5,3_320x stock m270_4xobj_3_grid_r1_c2.png,1315,1,120,377,31.5,3
5,3_320x stock m270_4xobj_3_grid_r1_c2.png,1316,1,178,373,46.0,3
5,3_320x stock m270_4xobj_3_grid_r1_c2.png,1317,1,426,374,74.5,4
5,3_320x stock m270_4xobj_3_grid_r1_c2.png,1318,1,149,366,46.0,3
5,3_320x stock m270_4xobj_3_grid_r1_c2.png,1319,1,389,366,31.5,3
5,3_320x stock m270_4xobj_3_grid_r1_c2.png,1320,1,209,364,31.5,3
5,3_320x stock m270_4xobj_3_grid_r1_c2.png,1321,1,495,359,46.0,3
5,3_320x stock m270_4xobj_3_grid_r1_c2.png,1322,1,378,357,46.0,3
5,3_320x stock m270_4xobj_3_grid_r1_c2.png,1323,1,131,351,46.0,3
5,3_320x stock m270_4xobj_3_grid_r1_c2.png,1324,1,154,345,46.0,3
5,3_320x stock m270_4xobj_3_grid_r1_c2.png,1325,1,168,344,46.0,3
5,3_320x stock m270_4xobj_3_grid_r1_c2.png,1326,1,317,341,46.0,3
5,3_320x stock m270_4xobj_3_grid_r1_c2.png,1327,1,145,337,31.5,3
5,3_320x stock m270_4xobj_3_grid_r1_c2.png,1328,1,123,336,31.5,3
5,3_320x stock m270_4xobj_3_grid_r1_c2.png,1329,1,415,333,46.0,3
5,3_320x stock m270_4xobj_3_grid_r1_c2.png,1330,1,197,332,31.5,3
5,3_320x stock m270_4xobj_3_grid_r1_c2.png,1331,1,397,328,46.0,3
5,3_320x stock m270_4xobj_3_grid_r1_c2.png,1332,1,377,327,46.0,3
5,3_320x stock m270_4xobj_3_grid_r1_c2.png,1333,1,344,327,46.0,3
5,3_320x stock m270_4xobj_3_grid_r1_c2.png,1334,1,369,315,46.0,3
5,3_320x stock m270_4xobj_3_grid_r1_c2.png,1335,1,229,315,31.5,3
5,3_320x stock m270_4xobj_3_grid_r1_c2.png,1336,1,246,312,46.0,3
5,3_320x stock m270_4xobj_3_grid_r1_c2.png,1337,1,94,312,31.5,3
5,3_320x stock m270_4xobj_3_grid_r1_c2.png,1338,1,260,311,46.0,3
5,3_320x stock m270_4xobj_3_grid_r1_c2.png,1339,1,237,303,46.0,3
5,3_320x stock m270_4xobj_3_grid_r1_c2.png,1340,1,223,303,31.5,3
5,3_320x stock m270_4xobj_3_grid_r1_c2.png,1341,1,84,294,46.0,3
5,3_320x stock m270_4xobj_3_grid_r1_c2.png,1342,1,254,291,46.0,3
5,3_320x stock m270_4xobj_3_grid_r1_c2.png,1343,1,326,289,46.0,3
5,3_320x stock m270_4xobj_3_grid_r1_c2.png,1344,1,463,287,74.5,4
5,3_320x stock m270_4xobj_3_grid_r1_c2.png,1345,1,109,285,46.0,3
5,3_320x stock m270_4xobj_3_grid_r1_c2.png,1346,1,284,284,31.5,3
5,3_320x stock m270_4xobj_3_grid_r1_c2.png,1347,1,133,284,31.5,3
5,3_320x stock m270_4xobj_3_grid_r1_c2.png,1348,1,63,280,31.5,3
5,3_320x stock m270_4xobj_3_grid_r1_c2.png,1349,1,223,279,31.5,3
5,3_320x stock m270_4xobj_3_grid_r1_c2.png,1350,1,330,277,31.5,3
5,3_320x stock m270_4xobj_3_grid_r1_c2.png,1351,1,495,275,46.0,3
5,3_320x stock m270_4xobj_3_grid_r1_c2.png,1352,1,287,272,46.0,3
5,3_320x stock m270_4xobj_3_grid_r1_c2.png,1353,1,473,267,46.0,3
5,3_320x stock m270_4xobj_3_grid_r1_c2.png,1354,1,222,264,46.0,3
5,3_320x stock m270_4xobj_3_grid_r1_c2.png,1355,1,189,263,31.5,3
5,3_320x stock m270_4xobj_3_grid_r1_c2.png,1356,1,142,263,31.5,3
5,3_320x stock m270_4xobj_3_grid_r1_c2.png,1357,1,62,264,31.5,3
5,3_320x stock m270_4xobj_3_grid_r1_c2.png,1358,1,104,252,46.0,3
5,3_320x stock m270_4xobj_3_grid_r1_c2.png,1359,1,311,244,46.0,3
5,3_320x stock m270_4xobj_3_grid_r1_c2.png,1360,1,300,245,46.0,3
5,3_320x stock m270_4xobj_3_grid_r1_c2.png,1361,1,354,233,31.5,3
5,3_320x stock m270_4xobj_3_grid_r1_c2.png,1362,1,201,230,31.5,3
5,3_320x stock m270_4xobj_3_grid_r1_c2.png,1363,1,385,227,46.0,3
5,3_320x stock m270_4xobj_3_grid_r1_c2.png,1364,1,191,222,31.5,3
5,3_320x stock m270_4xobj_3_grid_r1_c2.png,1365,1,8,218,31.5,3
5,3_320x stock m270_4xobj_3_grid_r1_c2.png,1366,1,396,217,74.5,4
5,3_320x stock m270_4xobj_3_grid_r1_c2.png,1367,1,361,204,46.0,3
5,3_320x stock m270_4xobj_3_grid_r1_c2.png,1368,1,110,201,31.5,3
5,3_320x stock m270_4xobj_3_grid_r1_c2.png,1369,1,506,199,74.5,4
5,3_320x stock m270_4xobj_3_grid_r1_c2.png,1370,1,227,191,46.0,3
5,3_320x stock m270_4xobj_3_grid_r1_c2.png,1371,1,18,190,46.0,3
5,3_320x stock m270_4xobj_3_grid_r1_c2.png,1372,1,397,188,31.5,3
5,3_320x stock m270_4xobj_3_grid_r1_c2.png,1373,1,502,185,46.0,3
5,3_320x stock m270_4xobj_3_grid_r1_c2.png,1374,1,186,172,31.5,3
5,3_320x stock m270_4xobj_3_grid_r1_c2.png,1375,1,268,171,46.0,3
5,3_320x stock m270_4xobj_3_grid_r1_c2.png,1376,1,142,172,46.0,3
5,3_320x stock m270_4xobj_3_grid_r1_c2.png,1377,1,114,159,46.0,3
5,3_320x stock m270_4xobj_3_grid_r1_c2.png,1378,1,414,158,46.0,3
5,3_320x stock m270_4xobj_3_grid_r1_c2.png,1379,1,275,157,46.0,3
5,3_320x stock m270_4xobj_3_grid_r1_c2.png,1380,1,233,155,46.0,3
5,3_320x stock m270_4xobj_3_grid_r1_c2.png,1381,1,321,149,46.0,3
5,3_320x stock m270_4xobj_3_grid_r1_c2.png,1382,1,184,149,31.5,3
5,3_320x stock m270_4xobj_3_grid_r1_c2.png,1383,1,158,146,46.0,3
5,3_320x stock m270_4xobj_3_grid_r1_c2.png,1384,1,231,141,46.0,3
5,3_320x stock m270_4xobj_3_grid_r1_c2.png,1385,1,136,125,46.0,3
5,3_320x stock m270_4xobj_3_grid_r1_c2.png,1386,1,80,113,8.0,1
5,3_320x stock m270_4xobj_3_grid_r1_c2.png,1387,1,10,106,46.0,3
5,3_320x stock m270_4xobj_3_grid_r1_c2.png,1388,1,31,104,46.0,3
5,3_320x stock m270_4xobj_3_grid_r1_c2.png,1389,1,135,101,46.0,3
5,3_320x stock m270_4xobj_3_grid_r1_c2.png,1390,1,252,96,46.0,3
5,3_320x stock m270_4xobj_3_grid_r1_c2.png,1391,1,95,95,31.5,3
5,3_320x stock m270_4xobj_3_grid_r1_c2.png,1392,1,6,94,31.5,3
5,3_320x stock m270_4xobj_3_grid_r1_c2.png,1393,1,333,93,46.0,3
5,3_320x stock m270_4xobj_3_grid_r1_c2.png,1394,1,208,85,46.0,3
5,3_320x stock m270_4xobj_3_grid_r1_c2.png,1395,1,250,60,46.0,3
5,3_320x stock m270_4xobj_3_grid_r1_c2.png,1396,1,384,53,74.5,4
5,3_320x stock m270_4xobj_3_grid_r1_c2.png,1397,1,30,34,74.5,4
5,3_320x stock m270_4xobj_3_grid_r1_c2.png,1398,1,227,30,46.0,3
5,3_320x stock m270_4xobj_3_grid_r1_c2.png,1399,1,7,25,46.0,3
5,3_320x stock m270_4xobj_3_grid_r1_c2.png,1400,1,40,18,31.5,3
5,3_320x stock m270_4xobj_3_grid_r1_c2.png,1401,1,126,11,46.0,3
5,3_320x stock m270_4xobj_3_grid_r1_c2.png,1402,1,248,4,46.0,3
5,3_320x stock m270_4xobj_3_grid_r1_c2.png,1403,1,64,508,31.5,3
5,3_320x stock m270_4xobj_3_grid_r1_c2.png,1404,1,443,507,31.5,3
5,3_320x stock m270_4xobj_3_grid_r1_c2.png,1405,1,344,507,31.5,3
5,3_320x stock m270_4xobj_3_grid_r1_c2.png,1406,1,323,500,46.0,3
5,3_320x stock m270_4xobj_3_grid_r1_c2.png,1407,1,134,486,46.0,3
5,3_320x stock m270_4xobj_3_grid_r1_c2.png,1408,1,171,483,31.5,3
5,3_320x stock m270_4xobj_3_grid_r1_c2.png,1409,1,346,482,31.5,3
5,3_320x stock m270_4xobj_3_grid_r1_c2.png,1410,1,439,481,46.0,3
5,3_320x stock m270_4xobj_3_grid_r1_c2.png,1411,1,71,472,46.0,3
5,3_320x stock m270_4xobj_3_grid_r1_c2.png,1412,1,426,471,104.0,5
5,3_320x stock m270_4xobj_3_grid_r1_c2.png,1413,1,280,462,46.0,3
5,3_320x stock m270_4xobj_3_grid_r1_c2.png,1414,1,113,455,46.0,3
5,3_320x stock m270_4xobj_3_grid_r1_c2.png,1415,1,301,450,46.0,3
5,3_320x stock m270_4xobj_3_grid_r1_c2.png,1416,1,16,440,46.0,3
5,3_320x stock m270_4xobj_3_grid_r1_c2.png,1417,1,109,437,31.5,3
5,3_320x stock m270_4xobj_3_grid_r1_c2.png,1418,1,280,434,46.0,3
5,3_320x stock m270_4xobj_3_grid_r1_c2.png,1419,1,222,433,46.0,3
5,3_320x stock m270_4xobj_3_grid_r1_c2.png,1420,1,292,429,46.0,3
5,3_320x stock m270_4xobj_3_grid_r1_c2.png,1421,1,47,426,46.0,3
5,3_320x stock m270_4xobj_3_grid_r1_c2.png,1422,1,103,422,31.5,3
5,3_320x stock m270_4xobj_3_grid_r1_c2.png,1423,1,150,419,31.5,3
5,3_320x stock m270_4xobj_3_grid_r1_c2.png,1424,1,92,418,46.0,3
5,3_320x stock m270_4xobj_3_grid_r1_c2.png,1425,1,251,416,46.0,3
5,3_320x stock m270_4xobj_3_grid_r1_c2.png,1426,1,286,415,74.5,4
5,3_320x stock m270_4xobj_3_grid_r1_c2.png,1427,1,116,412,31.5,3
5,3_320x stock m270_4xobj_3_grid_r1_c2.png,1428,1,25,405,31.5,3
5,3_320x stock m270_4xobj_3_grid_r1_c2.png,1429,1,112,398,46.0,3
5,3_320x stock m270_4xobj_3_grid_r1_c2.png,1430,1,283,397,31.5,3
5,3_320x stock m270_4xobj_3_grid_r1_c2.png,1431,1,362,398,46.0,3
5,3_320x stock m270_4xobj_3_grid_r1_c2.png,1432,1,134,384,46.0,3
5,3_320x stock m270_4xobj_3_grid_r1_c2.png,1433,1,489,377,74.5,4
5,3_320x stock m270_4xobj_3_grid_r1_c2.png,1434,1,367,375,46.0,3
5,3_320x stock m270_4xobj_3_grid_r1_c2.png,1435,1,202,375,46.0,3
5,3_320x stock m270_4xobj_3_grid_r1_c2.png,1436,1,321,371,46.0,3
5,3_320x stock m270_4xobj_3_grid_r1_c2.png,1437,1,38,364,74.5,4
5,3_320x stock m270_4xobj_3_grid_r1_c2.png,1438,1,340,361,46.0,3
5,3_320x stock m270_4xobj_3_grid_r1_c2.png,1439,1,307,351,46.0,3
5,3_320x stock m270_4xobj_3_grid_r1_c2.png,1440,1,185,351,31.5,3
5,3_320x stock m270_4xobj_3_grid_r1_c2.png,1441,1,73,349,46.0,3
5,3_320x stock m270_4xobj_3_grid_r1_c2.png,1442,1,351,349,147.5,6
5,3_320x stock m270_4xobj_3_grid_r1_c2.png,1443,1,77,329,46.0,3
5,3_320x stock m270_4xobj_3_grid_r1_c2.png,1444,1,100,320,31.5,3
5,3_320x stock m270_4xobj_3_grid_r1_c2.png,1445,1,129,300,46.0,3
5,3_320x stock m270_4xobj_3_grid_r1_c2.png,1446,1,153,297,31.5,3
5,3_320x stock m270_4xobj_3_grid_r1_c2.png,1447,1,26,294,46.0,3
5,3_320x stock m270_4xobj_3_grid_r1_c2.png,1448,1,13,290,31.5,3
5,3_320x stock m270_4xobj_3_grid_r1_c2.png,1449,1,121,289,46.0,3
5,3_320x stock m270_4xobj_3_grid_r1_c2.png,1450,1,364,288,74.5,4
5,3_320x stock m270_4xobj_3_grid_r1_c2.png,1451,1,238,286,74.5,4
5,3_320x stock m270_4xobj_3_grid_r1_c2.png,1452,1,79,285,31.5,3
5,3_320x stock m270_4xobj_3_grid_r1_c2.png,1453,1,51,272,46.0,3
5,3_320x stock m270_4xobj_3_grid_r1_c2.png,1454,1,262,263,74.5,4
5,3_320x stock m270_4xobj_3_grid_r1_c2.png,1455,1,357,260,46.0,3
5,3_320x stock m270_4xobj_3_grid_r1_c2.png,1456,1,154,216,46.0,3
5,3_320x stock m270_4xobj_3_grid_r1_c2.png,1457,1,220,208,74.5,4
5,3_320x stock m270_4xobj_3_grid_r1_c2.png,1458,1,54,208,74.5,4
5,3_320x stock m270_4xobj_3_grid_r1_c2.png,1459,1,204,206,46.0,3
5,3_320x stock m270_4xobj_3_grid_r1_c2.png,1460,1,29,199,46.0,3
5,3_320x stock m270_4xobj_3_grid_r1_c2.png,1461,1,52,189,46.0,3
5,3_320x stock m270_4xobj_3_grid_r1_c2.png,1462,1,80,189,46.0,3
5,3_320x stock m270_4xobj_3_grid_r1_c2.png,1463,1,68,179,46.0,3
5,3_320x stock m270_4xobj_3_grid_r1_c2.png,1464,1,159,177,46.0,3
5,3_320x stock m270_4xobj_3_grid_r1_c2.png,1465,1,458,113,46.0,3
5,3_320x stock m270_4xobj_3_grid_r1_c2.png,1466,1,39,86,46.0,3
5,3_320x stock m270_4xobj_3_grid_r1_c2.png,1467,1,23,76,46.0,3
5,3_320x stock m270_4xobj_3_grid_r1_c2.png,1468,1,150,497,46.0,3
5,3_320x stock m270_4xobj_3_grid_r1_c2.png,1469,1,72,498,46.0,3
5,3_320x stock m270_4xobj_3_grid_r1_c2.png,1470,1,39,492,31.5,3
5,3_320x stock m270_4xobj_3_grid_r1_c2.png,1471,1,212,479,74.5,4
5,3_320x stock m270_4xobj_3_grid_r1_c2.png,1472,1,222,468,46.0,3
5,3_320x stock m270_4xobj_3_grid_r1_c2.png,1473,1,70,452,46.0,3
5,3_320x stock m270_4xobj_3_grid_r1_c2.png,1474,1,58,434,46.0,3
5,3_320x stock m270_4xobj_3_grid_r1_c2.png,1475,1,383,432,74.5,4
5,3_320x stock m270_4xobj_3_grid_r1_c2.png,1476,1,70,428,74.5,4
5,3_320x stock m270_4xobj_3_grid_r1_c2.png,1477,1,136,400,46.0,3
5,3_320x stock m270_4xobj_3_grid_r1_c2.png,1478,1,262,391,46.0,3
5,3_320x stock m270_4xobj_3_grid_r1_c2.png,1479,1,51,372,46.0,3
5,3_320x stock m270_4xobj_3_grid_r1_c2.png,1480,1,20,356,46.0,3
5,3_320x stock m270_4xobj_3_grid_r1_c2.png,1481,1,196,347,46.0,3
5,3_320x stock m270_4xobj_3_grid_r1_c2.png,1482,1,10,327,46.0,3
5,3_320x stock m270_4xobj_3_grid_r1_c2.png,1483,1,64,303,74.5,4
5,3_320x stock m270_4xobj_3_grid_r1_c2.png,1484,1,32,272,74.5,4
5,3_320x stock m270_4xobj_3_grid_r1_c2.png,1485,1,145,249,46.0,3
5,3_320x stock m270_4xobj_3_grid_r1_c2.png,1486,1,365,244,104.0,5
5,3_320x stock m270_4xobj_3_grid_r1_c2.png,1487,1,30,500,31.5,3
5,3_320x stock m270_4xobj_3_grid_r1_c2.png,1488,1,282,369,46.0,3
5,3_320x stock m270_4xobj_3_grid_r1_c2.png,1489,1,473,356,190.0,7
5,3_320x stock m270_4xobj_3_grid_r1_c2.png,1490,1,238,362,104.0,5
5,3_320x stock m270_4xobj_3_grid_r1_c2.png,1491,1,67,237,190.0,7
6,3_320x stock m270_4xobj_3_grid_r1_c3.png,1492,1,426,492,318.0,10
6,3_320x stock m270_4xobj_3_grid_r1_c3.png,1493,1,371,482,46.0,3
6,3_320x stock m270_4xobj_3_grid_r1_c3.png,1494,1,175,218,147.5,6
6,3_320x stock m270_4xobj_3_grid_r1_c3.png,1495,1,196,378,31.5,3
6,3_320x stock m270_4xobj_3_grid_r1_c3.png,1496,1,465,328,31.5,3
6,3_320x stock m270_4xobj_3_grid_r1_c3.png,1497,1,227,247,31.5,3
6,3_320x stock m270_4xobj_3_grid_r1_c3.png,1498,1,234,134,147.5,6
6,3_320x stock m270_4xobj_3_grid_r1_c3.png,1499,1,469,115,46.0,3
6,3_320x stock m270_4xobj_3_grid_r1_c3.png,1500,1,301,105,74.5,4
6,3_320x stock m270_4xobj_3_grid_r1_c3.png,1501,1,120,83,46.0,3
6,3_320x stock m270_4xobj_3_grid_r1_c3.png,1502,1,382,47,74.5,4
6,3_320x stock m270_4xobj_3_grid_r1_c3.png,1503,1,391,17,46.0,3
6,3_320x stock m270_4xobj_3_grid_r1_c3.png,1504,1,102,357,46.0,3
6,3_320x stock m270_4xobj_3_grid_r1_c3.png,1505,1,440,289,46.0,3
6,3_320x stock m270_4xobj_3_grid_r1_c3.png,1506,1,462,255,74.5,4
6,3_320x stock m270_4xobj_3_grid_r1_c3.png,1507,1,353,225,74.5,4
6,3_320x stock m270_4xobj_3_grid_r1_c3.png,1508,1,122,221,74.5,4
6,3_320x stock m270_4xobj_3_grid_r1_c3.png,1509,1,266,207,46.0,3
6,3_320x stock m270_4xobj_3_grid_r1_c3.png,1510,1,457,193,74.5,4
6,3_320x stock m270_4xobj_3_grid_r1_c3.png,1511,1,397,175,31.5,3
6,3_320x stock m270_4xobj_3_grid_r1_c3.png,1512,1,13,168,46.0,3
6,3_320x stock m270_4xobj_3_grid_r1_c3.png,1513,1,19,93,46.0,3
6,3_320x stock m270_4xobj_3_grid_r1_c3.png,1514,1,348,66,74.5,4
6,3_320x stock m270_4xobj_3_grid_r1_c3.png,1515,1,469,467,104.0,5
6,3_320x stock m270_4xobj_3_grid_r1_c3.png,1516,1,501,390,31.5,3
6,3_320x stock m270_4xobj_3_grid_r1_c3.png,1517,1,297,374,74.5,4
6,3_320x stock m270_4xobj_3_grid_r1_c3.png,1518,1,171,324,104.0,5
6,3_320x stock m270_4xobj_3_grid_r1_c3.png,1519,1,10,77,46.0,3
6,3_320x stock m270_4xobj_3_grid_r1_c3.png,1520,1,181,59,74.5,4
6,3_320x stock m270_4xobj_3_grid_r1_c3.png,1521,1,347,40,31.5,3
6,3_320x stock m270_4xobj_3_grid_r1_c3.png,1522,1,458,35,74.5,4
6,3_320x stock m270_4xobj_3_grid_r1_c3.png,1523,1,508,14,27.5,2
6,3_320x stock m270_4xobj_3_grid_r1_c3.png,1524,1,304,500,46.0,3
6,3_320x stock m270_4xobj_3_grid_r1_c3.png,1525,1,361,421,74.5,4
6,3_320x stock m270_4xobj_3_grid_r1_c3.png,1526,1,195,328,74.5,4
6,3_320x stock m270_4xobj_3_grid_r1_c3.png,1527,1,259,306,190.0,7
6,3_320x stock m270_4xobj_3_grid_r1_c3.png,1528,1,311,299,74.5,4
6,3_320x stock m270_4xobj_3_grid_r1_c3.png,1529,1,455,179,31.5,3
6,3_320x stock m270_4xobj_3_grid_r1_c3.png,1530,1,249,158,104.0,5
6,3_320x stock m270_4xobj_3_grid_r1_c3.png,1531,1,424,145,104.0,5
6,3_320x stock m270_4xobj_3_grid_r1_c3.png,1532,1,260,133,74.5,4
6,3_320x stock m270_4xobj_3_grid_r1_c3.png,1533,1,349,111,31.5,3
6,3_320x stock m270_4xobj_3_grid_r1_c3.png,1534,1,494,113,31.5,3
6,3_320x stock m270_4xobj_3_grid_r1_c3.png,1535,1,348,110,31.5,3
6,3_320x stock m270_4xobj_3_grid_r1_c3.png,1536,1,251,95,31.5,3
6,3_320x stock m270_4xobj_3_grid_r1_c3.png,1537,1,508,64,27.5,2
6,3_320x stock m270_4xobj_3_grid_r1_c3.png,1538,1,464,54,31.5,3
6,3_320x stock m270_4xobj_3_grid_r1_c3.png,1539,1,312,31,46.0,3
6,3_320x stock m270_4xobj_3_grid_r1_c3.png,1540,1,221,491,74.5,4
6,3_320x stock m270_4xobj_3_grid_r1_c3.png,1541,1,488,414,31.5,3
6,3_320x stock m270_4xobj_3_grid_r1_c3.png,1542,1,506,414,31.5,3
6,3_320x stock m270_4xobj_3_grid_r1_c3.png,1543,1,395,372,31.5,3
6,3_320x stock m270_4xobj_3_grid_r1_c3.png,1544,1,128,351,31.5,3
6,3_320x stock m270_4xobj_3_grid_r1_c3.png,1545,1,440,331,31.5,3
6,3_320x stock m270_4xobj_3_grid_r1_c3.png,1546,1,500,330,31.5,3
6,3_320x stock m270_4xobj_3_grid_r1_c3.png,1547,1,241,315,46.0,3
6,3_320x stock m270_4xobj_3_grid_r1_c3.png,1548,1,388,302,31.5,3
6,3_320x stock m270_4xobj_3_grid_r1_c3.png,1549,1,373,221,31.5,3
6,3_320x stock m270_4xobj_3_grid_r1_c3.png,1550,1,498,211,31.5,3
6,3_320x stock m270_4xobj_3_grid_r1_c3.png,1551,1,303,207,31.5,3
6,3_320x stock m270_4xobj_3_grid_r1_c3.png,1552,1,255,203,31.5,3
6,3_320x stock m270_4xobj_3_grid_r1_c3.png,1553,1,413,197,31.5,3
6,3_320x stock m270_4xobj_3_grid_r1_c3.png,1554,1,411,182,31.5,3
6,3_320x stock m270_4xobj_3_grid_r1_c3.png,1555,1,338,170,46.0,3
6,3_320x stock m270_4xobj_3_grid_r1_c3.png,1556,1,265,160,31.5,3
6,3_320x stock m270_4xobj_3_grid_r1_c3.png,1557,1,389,158,46.0,3
6,3_320x stock m270_4xobj_3_grid_r1_c3.png,1558,1,280,158,31.5,3
6,3_320x stock m270_4xobj_3_grid_r1_c3.png,1559,1,440,151,46.0,3
6,3_320x stock m270_4xobj_3_grid_r1_c3.png,1560,1,318,147,31.5,3
6,3_320x stock m270_4xobj_3_grid_r1_c3.png,1561,1,394,127,31.5,3
6,3_320x stock m270_4xobj_3_grid_r1_c3.png,1562,1,273,127,31.5,3
6,3_320x stock m270_4xobj_3_grid_r1_c3.png,1563,1,376,124,46.0,3
6,3_320x stock m270_4xobj_3_grid_r1_c3.png,1564,1,339,119,31.5,3
6,3_320x stock m270_4xobj_3_grid_r1_c3.png,1565,1,111,115,31.5,3
6,3_320x stock m270_4xobj_3_grid_r1_c3.png,1566,1,507,114,31.5,3
6,3_320x stock m270_4xobj_3_grid_r1_c3.png,1567,1,248,109,31.5,3
6,3_320x stock m270_4xobj_3_grid_r1_c3.png,1568,1,225,98,46.0,3
6,3_320x stock m270_4xobj_3_grid_r1_c3.png,1569,1,293,96,46.0,3
6,3_320x stock m270_4xobj_3_grid_r1_c3.png,1570,1,170,97,31.5,3
6,3_320x stock m270_4xobj_3_grid_r1_c3.png,1571,1,414,94,46.0,3
6,3_320x stock m270_4xobj_3_grid_r1_c3.png,1572,1,376,92,46.0,3
6,3_320x stock m270_4xobj_3_grid_r1_c3.png,1573,1,329,87,31.5,3
6,3_320x stock m270_4xobj_3_grid_r1_c3.png,1574,1,70,82,31.5,3
6,3_320x stock m270_4xobj_3_grid_r1_c3.png,1575,1,425,80,31.5,3
6,3_320x stock m270_4xobj_3_grid_r1_c3.png,1576,1,402,70,46.0,3
6,3_320x stock m270_4xobj_3_grid_r1_c3.png,1577,1,500,53,31.5,3
6,3_320x stock m270_4xobj_3_grid_r1_c3.png,1578,1,374,40,46.0,3
6,3_320x stock m270_4xobj_3_grid_r1_c3.png,1579,1,80,38,31.5,3
6,3_320x stock m270_4xobj_3_grid_r1_c3.png,1580,1,30,37,74.5,4
6,3_320x stock m270_4xobj_3_grid_r1_c3.png,1581,1,362,30,46.0,3
6,3_320x stock m270_4xobj_3_grid_r1_c3.png,1582,1,505,27,31.5,3
6,3_320x stock m270_4xobj_3_grid_r1_c3.png,1583,1,448,22,46.0,3
6,3_320x stock m270_4xobj_3_grid_r1_c3.png,1584,1,357,16,46.0,3
6,3_320x stock m270_4xobj_3_grid_r1_c3.png,1585,1,170,15,46.0,3
6,3_320x stock m270_4xobj_3_grid_r1_c3.png,1586,1,433,16,147.5,6
6,3_320x stock m270_4xobj_3_grid_r1_c3.png,1587,1,250,11,46.0,3
6,3_320x stock m270_4xobj_3_grid_r1_c3.png,1588,1,62,8,31.5,3
6,3_320x stock m270_4xobj_3_grid_r1_c3.png,1589,1,401,501,74.5,4
6,3_320x stock m270_4xobj_3_grid_r1_c3.png,1590,1,314,484,46.0,3
6,3_320x stock m270_4xobj_3_grid_r1_c3.png,1591,1,325,467,147.5,6
6,3_320x stock m270_4xobj_3_grid_r1_c3.png,1592,1,225,466,31.5,3
6,3_320x stock m270_4xobj_3_grid_r1_c3.png,1593,1,405,459,31.5,3
6,3_320x stock m270_4xobj_3_grid_r1_c3.png,1594,1,109,451,31.5,3
6,3_320x stock m270_4xobj_3_grid_r1_c3.png,1595,1,413,450,31.5,3
6,3_320x stock m270_4xobj_3_grid_r1_c3.png,1596,1,502,438,31.5,3
6,3_320x stock m270_4xobj_3_grid_r1_c3.png,1597,1,284,436,31.5,3
6,3_320x stock m270_4xobj_3_grid_r1_c3.png,1598,1,455,424,31.5,3
6,3_320x stock m270_4xobj_3_grid_r1_c3.png,1599,1,332,424,31.5,3
6,3_320x stock m270_4xobj_3_grid_r1_c3.png,1600,1,38,399,31.5,3
6,3_320x stock m270_4xobj_3_grid_r1_c3.png,1601,1,95,393,74.5,4
6,3_320x stock m270_4xobj_3_grid_r1_c3.png,1602,1,67,381,147.5,6
6,3_320x stock m270_4xobj_3_grid_r1_c3.png,1603,1,191,367,31.5,3
6,3_320x stock m270_4xobj_3_grid_r1_c3.png,1604,1,447,365,31.5,3
6,3_320x stock m270_4xobj_3_grid_r1_c3.png,1605,1,306,356,46.0,3
6,3_320x stock m270_4xobj_3_grid_r1_c3.png,1606,1,417,350,31.5,3
6,3_320x stock m270_4xobj_3_grid_r1_c3.png,1607,1,494,345,46.0,3
6,3_320x stock m270_4xobj_3_grid_r1_c3.png,1608,1,375,346,31.5,3
6,3_320x stock m270_4xobj_3_grid_r1_c3.png,1609,1,482,329,46.0,3
6,3_320x stock m270_4xobj_3_grid_r1_c3.png,1610,1,12,322,31.5,3
6,3_320x stock m270_4xobj_3_grid_r1_c3.png,1611,1,446,315,31.5,3
6,3_320x stock m270_4xobj_3_grid_r1_c3.png,1612,1,134,310,31.5,3
6,3_320x stock m270_4xobj_3_grid_r1_c3.png,1613,1,411,303,46.0,3
6,3_320x stock m270_4xobj_3_grid_r1_c3.png,1614,1,484,290,104.0,5
6,3_320x stock m270_4xobj_3_grid_r1_c3.png,1615,1,204,286,31.5,3
6,3_320x stock m270_4xobj_3_grid_r1_c3.png,1616,1,498,284,31.5,3
6,3_320x stock m270_4xobj_3_grid_r1_c3.png,1617,1,415,280,46.0,3
6,3_320x stock m270_4xobj_3_grid_r1_c3.png,1618,1,447,274,46.0,3
6,3_320x stock m270_4xobj_3_grid_r1_c3.png,1619,1,473,267,46.0,3
6,3_320x stock m270_4xobj_3_grid_r1_c3.png,1620,1,65,266,31.5,3
6,3_320x stock m270_4xobj_3_grid_r1_c3.png,1621,1,294,253,31.5,3
6,3_320x stock m270_4xobj_3_grid_r1_c3.png,1622,1,318,248,46.0,3
6,3_320x stock m270_4xobj_3_grid_r1_c3.png,1623,1,347,240,46.0,3
6,3_320x stock m270_4xobj_3_grid_r1_c3.png,1624,1,156,224,46.0,3
6,3_320x stock m270_4xobj_3_grid_r1_c3.png,1625,1,489,223,46.0,3
6,3_320x stock m270_4xobj_3_grid_r1_c3.png,1626,1,82,217,46.0,3
6,3_320x stock m270_4xobj_3_grid_r1_c3.png,1627,1,429,214,46.0,3
6,3_320x stock m270_4xobj_3_grid_r1_c3.png,1628,1,153,206,46.0,3
6,3_320x stock m270_4xobj_3_grid_r1_c3.png,1629,1,448,205,46.0,3
6,3_320x stock m270_4xobj_3_grid_r1_c3.png,1630,1,140,203,46.0,3
6,3_320x stock m270_4xobj_3_grid_r1_c3.png,1631,1,349,202,46.0,3
6,3_320x stock m270_4xobj_3_grid_r1_c3.png,1632,1,129,202,46.0,3
6,3_320x stock m270_4xobj_3_grid_r1_c3.png,1633,1,383,182,31.5,3
6,3_320x stock m270_4xobj_3_grid_r1_c3.png,1634,1,263,174,46.0,3
6,3_320x stock m270_4xobj_3_grid_r1_c3.png,1635,1,19,172,31.5,3
6,3_320x stock m270_4xobj_3_grid_r1_c3.png,1636,1,63,161,31.5,3
6,3_320x stock m270_4xobj_3_grid_r1_c3.png,1637,1,134,158,46.0,3
6,3_320x stock m270_4xobj_3_grid_r1_c3.png,1638,1,193,156,31.5,3
6,3_320x stock m270_4xobj_3_grid_r1_c3.png,1639,1,478,146,46.0,3
6,3_320x stock m270_4xobj_3_grid_r1_c3.png,1640,1,440,128,74.5,4
6,3_320x stock m270_4xobj_3_grid_r1_c3.png,1641,1,294,120,46.0,3
6,3_320x stock m270_4xobj_3_grid_r1_c3.png,1642,1,220,115,46.0,3
6,3_320x stock m270_4xobj_3_grid_r1_c3.png,1643,1,272,111,46.0,3
6,3_320x stock m270_4xobj_3_grid_r1_c3.png,1644,1,237,111,46.0,3
6,3_320x stock m270_4xobj_3_grid_r1_c3.png,1645,1,123,107,46.0,3
6,3_320x stock m270_4xobj_3_grid_r1_c3.png,1646,1,192,104,46.0,3
6,3_320x stock m270_4xobj_3_grid_r1_c3.png,1647,1,106,96,31.5,3
6,3_320x stock m270_4xobj_3_grid_r1_c3.png,1648,1,205,94,46.0,3
6,3_320x stock m270_4xobj_3_grid_r1_c3.png,1649,1,137,84,46.0,3
6,3_320x stock m270_4xobj_3_grid_r1_c3.png,1650,1,96,83,31.5,3
6,3_320x stock m270_4xobj_3_grid_r1_c3.png,1651,1,163,79,31.5,3
6,3_320x stock m270_4xobj_3_grid_r1_c3.png,1652,1,321,76,46.0,3
6,3_320x stock m270_4xobj_3_grid_r1_c3.png,1653,1,191,75,46.0,3
6,3_320x stock m270_4xobj_3_grid_r1_c3.png,1654,1,448,73,46.0,3
6,3_320x stock m270_4xobj_3_grid_r1_c3.png,1655,1,247,69,31.5,3
6,3_320x stock m270_4xobj_3_grid_r1_c3.png,1656,1,44,66,46.0,3
6,3_320x stock m270_4xobj_3_grid_r1_c3.png,1657,1,94,61,46.0,3
6,3_320x stock m270_4xobj_3_grid_r1_c3.png,1658,1,304,57,74.5,4
6,3_320x stock m270_4xobj_3_grid_r1_c3.png,1659,1,105,51,31.5,3
6,3_320x stock m270_4xobj_3_grid_r1_c3.png,1660,1,82,49,46.0,3
6,3_320x stock m270_4xobj_3_grid_r1_c3.png,1661,1,334,43,31.5,3
6,3_320x stock m270_4xobj_3_grid_r1_c3.png,1662,1,185,37,74.5,4
6,3_320x stock m270_4xobj_3_grid_r1_c3.png,1663,1,67,37,104.0,5
6,3_320x stock m270_4xobj_3_grid_r1_c3.png,1664,1,164,33,46.0,3
6,3_320x stock m270_4xobj_3_grid_r1_c3.png,1665,1,151,26,46.0,3
6,3_320x stock m270_4xobj_3_grid_r1_c3.png,1666,1,216,25,46.0,3
6,3_320x stock m270_4xobj_3_grid_r1_c3.png,1667,1,239,19,46.0,3
6,3_320x stock m270_4xobj_3_grid_r1_c3.png,1668,1,191,13,31.5,3
6,3_320x stock m270_4xobj_3_grid_r1_c3.png,1669,1,205,496,31.5,3
6,3_320x stock m270_4xobj_3_grid_r1_c3.png,1670,1,335,496,31.5,3
6,3_320x stock m270_4xobj_3_grid_r1_c3.png,1671,1,294,491,46.0,3
6,3_320x stock m270_4xobj_3_grid_r1_c3.png,1672,1,465,484,46.0,3
6,3_320x stock m270_4xobj_3_grid_r1_c3.png,1673,1,35,480,31.5,3
6,3_320x stock m270_4xobj_3_grid_r1_c3.png,1674,1,401,479,46.0,3
6,3_320x stock m270_4xobj_3_grid_r1_c3.png,1675,1,394,470,46.0,3
6,3_320x stock m270_4xobj_3_grid_r1_c3.png,1676,1,302,467,46.0,3
6,3_320x stock m270_4xobj_3_grid_r1_c3.png,1677,1,98,466,31.5,3
6,3_320x stock m270_4xobj_3_grid_r1_c3.png,1678,1,8,462,31.5,3
6,3_320x stock m270_4xobj_3_grid_r1_c3.png,1679,1,349,461,46.0,3
6,3_320x stock m270_4xobj_3_grid_r1_c3.png,1680,1,220,448,31.5,3
6,3_320x stock m270_4xobj_3_grid_r1_c3.png,1681,1,98,453,31.5,3
6,3_320x stock m270_4xobj_3_grid_r1_c3.png,1682,1,424,452,31.5,3
6,3_320x stock m270_4xobj_3_grid_r1_c3.png,1683,1,153,450,31.5,3
6,3_320x stock m270_4xobj_3_grid_r1_c3.png,1684,1,207,439,46.0,3
6,3_320x stock m270_4xobj_3_grid_r1_c3.png,1685,1,68,435,46.0,3
6,3_320x stock m270_4xobj_3_grid_r1_c3.png,1686,1,102,433,46.0,3
6,3_320x stock m270_4xobj_3_grid_r1_c3.png,1687,1,466,430,46.0,3
6,3_320x stock m270_4xobj_3_grid_r1_c3.png,1688,1,446,413,46.0,3
6,3_320x stock m270_4xobj_3_grid_r1_c3.png,1689,1,323,404,46.0,3
6,3_320x stock m270_4xobj_3_grid_r1_c3.png,1690,1,24,404,31.5,3
6,3_320x stock m270_4xobj_3_grid_r1_c3.png,1691,1,279,402,46.0,3
6,3_320x stock m270_4xobj_3_grid_r1_c3.png,1692,1,369,402,46.0,3
6,3_320x stock m270_4xobj_3_grid_r1_c3.png,1693,1,432,398,46.0,3
6,3_320x stock m270_4xobj_3_grid_r1_c3.png,1694,1,180,397,46.0,3
6,3_320x stock m270_4xobj_3_grid_r1_c3.png,1695,1,465,396,31.5,3
6,3_320x stock m270_4xobj_3_grid_r1_c3.png,1696,1,152,395,46.0,3
6,3_320x stock m270_4xobj_3_grid_r1_c3.png,1697,1,344,394,46.0,3
6,3_320x stock m270_4xobj_3_grid_r1_c3.png,1698,1,418,390,74.5,4
6,3_320x stock m270_4xobj_3_grid_r1_c3.png,1699,1,210,389,46.0,3
6,3_320x stock m270_4xobj_3_grid_r1_c3.png,1700,1,163,386,46.0,3
6,3_320x stock m270_4xobj_3_grid_r1_c3.png,1701,1,144,376,46.0,3
6,3_320x stock m270_4xobj_3_grid_r1_c3.png,1702,1,237,373,31.5,3
6,3_320x stock m270_4xobj_3_grid_r1_c3.png,1703,1,428,364,31.5,3
6,3_320x stock m270_4xobj_3_grid_r1_c3.png,1704,1,221,362,46.0,3
6,3_320x stock m270_4xobj_3_grid_r1_c3.png,1705,1,35,359,46.0,3
6,3_320x stock m270_4xobj_3_grid_r1_c3.png,1706,1,75,363,31.5,3
6,3_320x stock m270_4xobj_3_grid_r1_c3.png,1707,1,144,349,46.0,3
6,3_320x stock m270_4xobj_3_grid_r1_c3.png,1708,1,320,349,31.5,3
6,3_320x stock m270_4xobj_3_grid_r1_c3.png,1709,1,254,347,74.5,4
6,3_320x stock m270_4xobj_3_grid_r1_c3.png,1710,1,27,344,31.5,3
6,3_320x stock m270_4xobj_3_grid_r1_c3.png,1711,1,448,340,46.0,3
6,3_320x stock m270_4xobj_3_grid_r1_c3.png,1712,1,63,338,46.0,3
6,3_320x stock m270_4xobj_3_grid_r1_c3.png,1713,1,141,336,46.0,3
6,3_320x stock m270_4xobj_3_grid_r1_c3.png,1714,1,73,334,31.5,3
6,3_320x stock m270_4xobj_3_grid_r1_c3.png,1715,1,256,327,46.0,3
6,3_320x stock m270_4xobj_3_grid_r1_c3.png,1716,1,139,325,31.5,3
6,3_320x stock m270_4xobj_3_grid_r1_c3.png,1717,1,315,320,31.5,3
6,3_320x stock m270_4xobj_3_grid_r1_c3.png,1718,1,285,314,46.0,3
6,3_320x stock m270_4xobj_3_grid_r1_c3.png,1719,1,207,314,46.0,3
6,3_320x stock m270_4xobj_3_grid_r1_c3.png,1720,1,98,304,31.5,3
6,3_320x stock m270_4xobj_3_grid_r1_c3.png,1721,1,197,302,46.0,3
6,3_320x stock m270_4xobj_3_grid_r1_c3.png,1722,1,347,298,46.0,3
6,3_320x stock m270_4xobj_3_grid_r1_c3.png,1723,1,218,299,46.0,3
6,3_320x stock m270_4xobj_3_grid_r1_c3.png,1724,1,362,296,46.0,3
6,3_320x stock m270_4xobj_3_grid_r1_c3.png,1725,1,49,296,46.0,3
6,3_320x stock m270_4xobj_3_grid_r1_c3.png,1726,1,499,296,46.0,3
6,3_320x stock m270_4xobj_3_grid_r1_c3.png,1727,1,190,294,46.0,3
6,3_320x stock m270_4xobj_3_grid_r1_c3.png,1728,1,342,280,74.5,4
6,3_320x stock m270_4xobj_3_grid_r1_c3.png,1729,1,379,280,31.5,3
6,3_320x stock m270_4xobj_3_grid_r1_c3.png,1730,1,257,280,31.5,3
6,3_320x stock m270_4xobj_3_grid_r1_c3.png,1731,1,132,266,46.0,3
6,3_320x stock m270_4xobj_3_grid_r1_c3.png,1732,1,99,261,46.0,3
6,3_320x stock m270_4xobj_3_grid_r1_c3.png,1733,1,269,256,74.5,4
6,3_320x stock m270_4xobj_3_grid_r1_c3.png,1734,1,145,237,46.0,3
6,3_320x stock m270_4xobj_3_grid_r1_c3.png,1735,1,197,228,46.0,3
6,3_320x stock m270_4xobj_3_grid_r1_c3.png,1736,1,272,226,46.0,3
6,3_320x stock m270_4xobj_3_grid_r1_c3.png,1737,1,60,223,31.5,3
6,3_320x stock m270_4xobj_3_grid_r1_c3.png,1738,1,230,219,46.0,3
6,3_320x stock m270_4xobj_3_grid_r1_c3.png,1739,1,100,219,46.0,3
6,3_320x stock m270_4xobj_3_grid_r1_c3.png,1740,1,330,195,46.0,3
6,3_320x stock m270_4xobj_3_grid_r1_c3.png,1741,1,345,186,31.5,3
6,3_320x stock m270_4xobj_3_grid_r1_c3.png,1742,1,189,183,31.5,3
6,3_320x stock m270_4xobj_3_grid_r1_c3.png,1743,1,218,182,46.0,3
6,3_320x stock m270_4xobj_3_grid_r1_c3.png,1744,1,196,169,46.0,3
6,3_320x stock m270_4xobj_3_grid_r1_c3.png,1745,1,148,167,46.0,3
6,3_320x stock m270_4xobj_3_grid_r1_c3.png,1746,1,170,165,104.0,5
6,3_320x stock m270_4xobj_3_grid_r1_c3.png,1747,1,158,160,46.0,3
6,3_320x stock m270_4xobj_3_grid_r1_c3.png,1748,1,36,116,46.0,3
6,3_320x stock m270_4xobj_3_grid_r1_c3.png,1749,1,94,108,46.0,3
6,3_320x stock m270_4xobj_3_grid_r1_c3.png,1750,1,49,98,74.5,4
6,3_320x stock m270_4xobj_3_grid_r1_c3.png,1751,1,232,67,74.5,4
6,3_320x stock m270_4xobj_3_grid_r1_c3.png,1752,1,50,41,74.5,4
6,3_320x stock m270_4xobj_3_grid_r1_c3.png,1753,1,273,19,46.0,3
6,3_320x stock m270_4xobj_3_grid_r1_c3.png,1754,1,84,3,31.5,3
6,3_320x stock m270_4xobj_3_grid_r1_c3.png,1755,1,117,508,31.5,3
6,3_320x stock m270_4xobj_3_grid_r1_c3.png,1756,1,350,504,31.5,3
6,3_320x stock m270_4xobj_3_grid_r1_c3.png,1757,1,361,503,46.0,3
6,3_320x stock m270_4xobj_3_grid_r1_c3.png,1758,1,90,498,74.5,4
6,3_320x stock m270_4xobj_3_grid_r1_c3.png,1759,1,71,488,46.0,3
6,3_320x stock m270_4xobj_3_grid_r1_c3.png,1760,1,499,485,104.0,5
6,3_320x stock m270_4xobj_3_grid_r1_c3.png,1761,1,276,483,147.5,6
6,3_320x stock m270_4xobj_3_grid_r1_c3.png,1762,1,343,476,46.0,3
6,3_320x stock m270_4xobj_3_grid_r1_c3.png,1763,1,111,468,31.5,3
6,3_320x stock m270_4xobj_3_grid_r1_c3.png,1764,1,143,463,46.0,3
6,3_320x stock m270_4xobj_3_grid_r1_c3.png,1765,1,167,461,46.0,3
6,3_320x stock m270_4xobj_3_grid_r1_c3.png,1766,1,116,440,46.0,3
6,3_320x stock m270_4xobj_3_grid_r1_c3.png,1767,1,149,431,31.5,3
6,3_320x stock m270_4xobj_3_grid_r1_c3.png,1768,1,45,429,31.5,3
6,3_320x stock m270_4xobj_3_grid_r1_c3.png,1769,1,113,424,31.5,3
6,3_320x stock m270_4xobj_3_grid_r1_c3.png,1770,1,66,422,46.0,3
6,3_320x stock m270_4xobj_3_grid_r1_c3.png,1771,1,386,414,74.5,4
6,3_320x stock m270_4xobj_3_grid_r1_c3.png,1772,1,308,397,31.5,3
6,3_320x stock m270_4xobj_3_grid_r1_c3.png,1773,1,237,392,46.0,3
6,3_320x stock m270_4xobj_3_grid_r1_c3.png,1774,1,278,391,46.0,3
6,3_320x stock m270_4xobj_3_grid_r1_c3.png,1775,1,224,385,46.0,3
6,3_320x stock m270_4xobj_3_grid_r1_c3.png,1776,1,36,374,46.0,3
6,3_320x stock m270_4xobj_3_grid_r1_c3.png,1777,1,113,372,46.0,3
6,3_320x stock m270_4xobj_3_grid_r1_c3.png,1778,1,20,359,46.0,3
6,3_320x stock m270_4xobj_3_grid_r1_c3.png,1779,1,228,346,74.5,4
6,3_320x stock m270_4xobj_3_grid_r1_c3.png,1780,1,95,335,74.5,4
6,3_320x stock m270_4xobj_3_grid_r1_c3.png,1781,1,406,318,74.5,4
6,3_320x stock m270_4xobj_3_grid_r1_c3.png,1782,1,73,306,31.5,3
6,3_320x stock m270_4xobj_3_grid_r1_c3.png,1783,1,110,294,31.5,3
6,3_320x stock m270_4xobj_3_grid_r1_c3.png,1784,1,60,283,46.0,3
6,3_320x stock m270_4xobj_3_grid_r1_c3.png,1785,1,20,275,46.0,3
6,3_320x stock m270_4xobj_3_grid_r1_c3.png,1786,1,44,268,31.5,3
6,3_320x stock m270_4xobj_3_grid_r1_c3.png,1787,1,27,185,46.0,3
6,3_320x stock m270_4xobj_3_grid_r1_c3.png,1788,1,85,170,46.0,3
6,3_320x stock m270_4xobj_3_grid_r1_c3.png,1789,1,431,171,190.0,7
6,3_320x stock m270_4xobj_3_grid_r1_c3.png,1790,1,19,498,31.5,3
6,3_320x stock m270_4xobj_3_grid_r1_c3.png,1791,1,40,491,46.0,3
6,3_320x stock m270_4xobj_3_grid_r1_c3.png,1792,1,246,485,46.0,3
6,3_320x stock m270_4xobj_3_grid_r1_c3.png,1793,1,66,466,74.5,4
6,3_320x stock m270_4xobj_3_grid_r1_c3.png,1794,1,54,453,104.0,5
6,3_320x stock m270_4xobj_3_grid_r1_c3.png,1795,1,85,446,46.0,3
6,3_320x stock m270_4xobj_3_grid_r1_c3.png,1796,1,200,421,46.0,3
6,3_320x stock m270_4xobj_3_grid_r1_c3.png,1797,1,48,418,31.5,3
6,3_320x stock m270_4xobj_3_grid_r1_c3.png,1798,1,339,409,46.0,3
6,3_320x stock m270_4xobj_3_grid_r1_c3.png,1799,1,129,411,190.0,7
6,3_320x stock m270_4xobj_3_grid_r1_c3.png,1800,1,14,377,46.0,3
6,3_320x stock m270_4xobj_3_grid_r1_c3.png,1801,1,256,364,46.0,3
6,3_320x stock m270_4xobj_3_grid_r1_c3.png,1802,1,209,252,74.5,4
6,3_320x stock m270_4xobj_3_grid_r1_c3.png,1803,1,211,164,74.5,4
6,3_320x stock m270_4xobj_3_grid_r1_c3.png,1804,1,174,482,74.5,4
6,3_320x stock m270_4xobj_3_grid_r1_c3.png,1805,1,138,394,46.0,3
6,3_320x stock m270_4xobj_3_grid_r1_c3.png,1806,1,300,167,74.5,4
6,3_320x stock m270_4xobj_3_grid_r1_c3.png,1807,1,117,391,104.0,5
7,3_320x stock m270_4xobj_3_grid_r3_c3.png,1808,1,266,158,46.0,3
7,3_320x stock m270_4xobj_3_grid_r3_c3.png,1809,1,371,145,104.0,5
7,3_320x stock m270_4xobj_3_grid_r3_c3.png,1810,1,394,68,46.0,3
7,3_320x stock m270_4xobj_3_grid_r3_c3.png,1811,1,378,489,31.5,3
7,3_320x stock m270_4xobj_3_grid_r3_c3.png,1812,1,178,400,46.0,3
7,3_320x stock m270_4xobj_3_grid_r3_c3.png,1813,1,67,276,31.5,3
7,3_320x stock m270_4xobj_3_grid_r3_c3.png,1814,1,345,45,74.5,4
7,3_320x stock m270_4xobj_3_grid_r3_c3.png,1815,1,496,491,46.0,3
7,3_320x stock m270_4xobj_3_grid_r3_c3.png,1816,1,158,441,46.0,3
7,3_320x stock m270_4xobj_3_grid_r3_c3.png,1817,1,366,373,46.0,3
7,3_320x stock m270_4xobj_3_grid_r3_c3.png,1818,1,325,308,74.5,4
7,3_320x stock m270_4xobj_3_grid_r3_c3.png,1819,1,189,240,31.5,3
7,3_320x stock m270_4xobj_3_grid_r3_c3.png,1820,1,473,230,31.5,3
7,3_320x stock m270_4xobj_3_grid_r3_c3.png,1821,1,360,180,74.5,4
7,3_320x stock m270_4xobj_3_grid_r3_c3.png,1822,1,82,152,46.0,3
7,3_320x stock m270_4xobj_3_grid_r3_c3.png,1823,1,52,41,31.5,3
7,3_320x stock m270_4xobj_3_grid_r3_c3.png,1824,1,232,505,31.5,3
7,3_320x stock m270_4xobj_3_grid_r3_c3.png,1825,1,152,480,46.0,3
7,3_320x stock m270_4xobj_3_grid_r3_c3.png,1826,1,396,480,46.0,3
7,3_320x stock m270_4xobj_3_grid_r3_c3.png,1827,1,369,458,74.5,4
7,3_320x stock m270_4xobj_3_grid_r3_c3.png,1828,1,448,441,31.5,3
7,3_320x stock m270_4xobj_3_grid_r3_c3.png,1829,1,182,266,46.0,3
7,3_320x stock m270_4xobj_3_grid_r3_c3.png,1830,1,128,211,104.0,5
7,3_320x stock m270_4xobj_3_grid_r3_c3.png,1831,1,328,157,46.0,3
7,3_320x stock m270_4xobj_3_grid_r3_c3.png,1832,1,44,145,74.5,4
7,3_320x stock m270_4xobj_3_grid_r3_c3.png,1833,1,185,127,31.5,3
7,3_320x stock m270_4xobj_3_grid_r3_c3.png,1834,1,16,123,46.0,3
7,3_320x stock m270_4xobj_3_grid_r3_c3.png,1835,1,424,122,31.5,3
7,3_320x stock m270_4xobj_3_grid_r3_c3.png,1836,1,205,42,8.0,1
7,3_320x stock m270_4xobj_3_grid_r3_c3.png,1837,1,293,481,104.0,5
7,3_320x stock m270_4xobj_3_grid_r3_c3.png,1838,1,200,479,74.5,4
7,3_320x stock m270_4xobj_3_grid_r3_c3.png,1839,1,274,469,31.5,3
7,3_320x stock m270_4xobj_3_grid_r3_c3.png,1840,1,15,436,74.5,4
7,3_320x stock m270_4xobj_3_grid_r3_c3.png,1841,1,452,386,46.0,3
7,3_320x stock m270_4xobj_3_grid_r3_c3.png,1842,1,312,363,46.0,3
7,3_320x stock m270_4xobj_3_grid_r3_c3.png,1843,1,388,207,31.5,3
7,3_320x stock m270_4xobj_3_grid_r3_c3.png,1844,1,492,204,74.5,4
7,3_320x stock m270_4xobj_3_grid_r3_c3.png,1845,1,123,141,74.5,4
7,3_320x stock m270_4xobj_3_grid_r3_c3.png,1846,1,4,100,71.0,4
7,3_320x stock m270_4xobj_3_grid_r3_c3.png,1847,1,356,86,31.5,3
7,3_320x stock m270_4xobj_3_grid_r3_c3.png,1848,1,487,76,46.0,3
7,3_320x stock m270_4xobj_3_grid_r3_c3.png,1849,1,414,67,31.5,3
7,3_320x stock m270_4xobj_3_grid_r3_c3.png,1850,1,502,42,31.5,3
7,3_320x stock m270_4xobj_3_grid_r3_c3.png,1851,1,106,41,74.5,4
7,3_320x stock m270_4xobj_3_grid_r3_c3.png,1852,1,508,31,27.5,2
7,3_320x stock m270_4xobj_3_grid_r3_c3.png,1853,1,458,23,31.5,3
7,3_320x stock m270_4xobj_3_grid_r3_c3.png,1854,1,492,19,31.5,3
7,3_320x stock m270_4xobj_3_grid_r3_c3.png,1855,1,266,18,31.5,3
7,3_320x stock m270_4xobj_3_grid_r3_c3.png,1856,1,280,9,31.5,3
7,3_320x stock m270_4xobj_3_grid_r3_c3.png,1857,1,393,5,31.5,3
7,3_320x stock m270_4xobj_3_grid_r3_c3.png,1858,1,229,449,46.0,3
7,3_320x stock m270_4xobj_3_grid_r3_c3.png,1859,1,500,447,104.0,5
7,3_320x stock m270_4xobj_3_grid_r3_c3.png,1860,1,412,365,31.5,3
7,3_320x stock m270_4xobj_3_grid_r3_c3.png,1861,1,127,360,46.0,3
7,3_320x stock m270_4xobj_3_grid_r3_c3.png,1862,1,216,357,74.5,4
7,3_320x stock m270_4xobj_3_grid_r3_c3.png,1863,1,438,320,31.5,3
7,3_320x stock m270_4xobj_3_grid_r3_c3.png,1864,1,117,303,31.5,3
7,3_320x stock m270_4xobj_3_grid_r3_c3.png,1865,1,279,301,147.5,6
7,3_320x stock m270_4xobj_3_grid_r3_c3.png,1866,1,128,271,31.5,3
7,3_320x stock m270_4xobj_3_grid_r3_c3.png,1867,1,454,265,46.0,3
7,3_320x stock m270_4xobj_3_grid_r3_c3.png,1868,1,228,259,31.5,3
7,3_320x stock m270_4xobj_3_grid_r3_c3.png,1869,1,285,241,31.5,3
7,3_320x stock m270_4xobj_3_grid_r3_c3.png,1870,1,371,221,190.0,7
7,3_320x stock m270_4xobj_3_grid_r3_c3.png,1871,1,424,216,46.0,3
7,3_320x stock m270_4xobj_3_grid_r3_c3.png,1872,1,115,204,74.5,4
7,3_320x stock m270_4xobj_3_grid_r3_c3.png,1873,1,423,173,31.5,3
7,3_320x stock m270_4xobj_3_grid_r3_c3.png,1874,1,189,175,31.5,3
7,3_320x stock m270_4xobj_3_grid_r3_c3.png,1875,1,193,163,31.5,3
7,3_320x stock m270_4xobj_3_grid_r3_c3.png,1876,1,208,152,31.5,3
7,3_320x stock m270_4xobj_3_grid_r3_c3.png,1877,1,467,147,31.5,3
7,3_320x stock m270_4xobj_3_grid_r3_c3.png,1878,1,141,146,31.5,3
7,3_320x stock m270_4xobj_3_grid_r3_c3.png,1879,1,204,136,31.5,3
7,3_320x stock m270_4xobj_3_grid_r3_c3.png,1880,1,459,136,46.0,3
7,3_320x stock m270_4xobj_3_grid_r3_c3.png,1881,1,504,135,46.0,3
7,3_320x stock m270_4xobj_3_grid_r3_c3.png,1882,1,364,134,31.5,3
7,3_320x stock m270_4xobj_3_grid_r3_c3.png,1883,1,323,130,46.0,3
7,3_320x stock m270_4xobj_3_grid_r3_c3.png,1884,1,495,127,31.5,3
7,3_320x stock m270_4xobj_3_grid_r3_c3.png,1885,1,308,114,31.5,3
7,3_320x stock m270_4xobj_3_grid_r3_c3.png,1886,1,127,111,74.5,4
7,3_320x stock m270_4xobj_3_grid_r3_c3.png,1887,1,476,109,46.0,3
7,3_320x stock m270_4xobj_3_grid_r3_c3.png,1888,1,234,103,31.5,3
7,3_320x stock m270_4xobj_3_grid_r3_c3.png,1889,1,505,100,31.5,3
7,3_320x stock m270_4xobj_3_grid_r3_c3.png,1890,1,476,91,46.0,3
7,3_320x stock m270_4xobj_3_grid_r3_c3.png,1891,1,304,90,31.5,3
7,3_320x stock m270_4xobj_3_grid_r3_c3.png,1892,1,91,84,31.5,3
7,3_320x stock m270_4xobj_3_grid_r3_c3.png,1893,1,496,84,46.0,3
7,3_320x stock m270_4xobj_3_grid_r3_c3.png,1894,1,304,79,46.0,3
7,3_320x stock m270_4xobj_3_grid_r3_c3.png,1895,1,479,67,46.0,3
7,3_320x stock m270_4xobj_3_grid_r3_c3.png,1896,1,463,63,46.0,3
7,3_320x stock m270_4xobj_3_grid_r3_c3.png,1897,1,288,59,46.0,3
7,3_320x stock m270_4xobj_3_grid_r3_c3.png,1898,1,379,51,31.5,3
7,3_320x stock m270_4xobj_3_grid_r3_c3.png,1899,1,117,48,31.5,3
7,3_320x stock m270_4xobj_3_grid_r3_c3.png,1900,1,181,51,31.5,3
7,3_320x stock m270_4xobj_3_grid_r3_c3.png,1901,1,158,44,46.0,3
7,3_320x stock m270_4xobj_3_grid_r3_c3.png,1902,1,311,42,74.5,4
7,3_320x stock m270_4xobj_3_grid_r3_c3.png,1903,1,168,42,31.5,3
7,3_320x stock m270_4xobj_3_grid_r3_c3.png,1904,1,294,38,31.5,3
7,3_320x stock m270_4xobj_3_grid_r3_c3.png,1905,1,351,32,31.5,3
7,3_320x stock m270_4xobj_3_grid_r3_c3.png,1906,1,421,25,31.5,3
7,3_320x stock m270_4xobj_3_grid_r3_c3.png,1907,1,405,22,74.5,4
7,3_320x stock m270_4xobj_3_grid_r3_c3.png,1908,1,456,10,31.5,3
7,3_320x stock m270_4xobj_3_grid_r3_c3.png,1909,1,506,486,31.5,3
7,3_320x stock m270_4xobj_3_grid_r3_c3.png,1910,1,169,486,104.0,5
7,3_320x stock m270_4xobj_3_grid_r3_c3.png,1911,1,498,475,31.5,3
7,3_320x stock m270_4xobj_3_grid_r3_c3.png,1912,1,187,442,31.5,3
7,3_320x stock m270_4xobj_3_grid_r3_c3.png,1913,1,463,369,46.0,3
7,3_320x stock m270_4xobj_3_grid_r3_c3.png,1914,1,491,364,31.5,3
7,3_320x stock m270_4xobj_3_grid_r3_c3.png,1915,1,367,360,31.5,3
7,3_320x stock m270_4xobj_3_grid_r3_c3.png,1916,1,171,356,190.0,7
7,3_320x stock m270_4xobj_3_grid_r3_c3.png,1917,1,433,352,46.0,3
7,3_320x stock m270_4xobj_3_grid_r3_c3.png,1918,1,437,340,46.0,3
7,3_320x stock m270_4xobj_3_grid_r3_c3.png,1919,1,140,340,31.5,3
7,3_320x stock m270_4xobj_3_grid_r3_c3.png,1920,1,454,337,46.0,3
7,3_320x stock m270_4xobj_3_grid_r3_c3.png,1921,1,423,336,46.0,3
7,3_320x stock m270_4xobj_3_grid_r3_c3.png,1922,1,467,326,46.0,3
7,3_320x stock m270_4xobj_3_grid_r3_c3.png,1923,1,313,323,31.5,3
7,3_320x stock m270_4xobj_3_grid_r3_c3.png,1924,1,423,318,31.5,3
7,3_320x stock m270_4xobj_3_grid_r3_c3.png,1925,1,353,282,31.5,3
7,3_320x stock m270_4xobj_3_grid_r3_c3.png,1926,1,396,281,46.0,3
7,3_320x stock m270_4xobj_3_grid_r3_c3.png,1927,1,380,280,46.0,3
7,3_320x stock m270_4xobj_3_grid_r3_c3.png,1928,1,492,275,46.0,3
7,3_320x stock m270_4xobj_3_grid_r3_c3.png,1929,1,377,265,46.0,3
7,3_320x stock m270_4xobj_3_grid_r3_c3.png,1930,1,431,260,46.0,3
7,3_320x stock m270_4xobj_3_grid_r3_c3.png,1931,1,495,255,104.0,5
7,3_320x stock m270_4xobj_3_grid_r3_c3.png,1932,1,371,252,31.5,3
7,3_320x stock m270_4xobj_3_grid_r3_c3.png,1933,1,445,251,31.5,3
7,3_320x stock m270_4xobj_3_grid_r3_c3.png,1934,1,381,248,46.0,3
7,3_320x stock m270_4xobj_3_grid_r3_c3.png,1935,1,185,249,31.5,3
7,3_320x stock m270_4xobj_3_grid_r3_c3.png,1936,1,316,245,46.0,3
7,3_320x stock m270_4xobj_3_grid_r3_c3.png,1937,1,400,242,46.0,3
7,3_320x stock m270_4xobj_3_grid_r3_c3.png,1938,1,38,238,31.5,3
7,3_320x stock m270_4xobj_3_grid_r3_c3.png,1939,1,388,235,46.0,3
7,3_320x stock m270_4xobj_3_grid_r3_c3.png,1940,1,175,232,46.0,3
7,3_320x stock m270_4xobj_3_grid_r3_c3.png,1941,1,353,226,46.0,3
7,3_320x stock m270_4xobj_3_grid_r3_c3.png,1942,1,498,229,46.0,3
7,3_320x stock m270_4xobj_3_grid_r3_c3.png,1943,1,335,227,46.0,3
7,3_320x stock m270_4xobj_3_grid_r3_c3.png,1944,1,396,222,31.5,3
7,3_320x stock m270_4xobj_3_grid_r3_c3.png,1945,1,147,214,31.5,3
7,3_320x stock m270_4xobj_3_grid_r3_c3.png,1946,1,179,203,46.0,3
7,3_320x stock m270_4xobj_3_grid_r3_c3.png,1947,1,422,200,31.5,3
7,3_320x stock m270_4xobj_3_grid_r3_c3.png,1948,1,304,201,31.5,3
7,3_320x stock m270_4xobj_3_grid_r3_c3.png,1949,1,480,200,46.0,3
7,3_320x stock m270_4xobj_3_grid_r3_c3.png,1950,1,458,195,46.0,3
7,3_320x stock m270_4xobj_3_grid_r3_c3.png,1951,1,356,193,31.5,3
7,3_320x stock m270_4xobj_3_grid_r3_c3.png,1952,1,328,190,46.0,3
7,3_320x stock m270_4xobj_3_grid_r3_c3.png,1953,1,345,183,46.0,3
7,3_320x stock m270_4xobj_3_grid_r3_c3.png,1954,1,239,180,46.0,3
7,3_320x stock m270_4xobj_3_grid_r3_c3.png,1955,1,402,174,46.0,3
7,3_320x stock m270_4xobj_3_grid_r3_c3.png,1956,1,233,165,31.5,3
7,3_320x stock m270_4xobj_3_grid_r3_c3.png,1957,1,349,150,31.5,3
7,3_320x stock m270_4xobj_3_grid_r3_c3.png,1958,1,54,142,31.5,3
7,3_320x stock m270_4xobj_3_grid_r3_c3.png,1959,1,94,138,31.5,3
7,3_320x stock m270_4xobj_3_grid_r3_c3.png,1960,1,396,139,46.0,3
7,3_320x stock m270_4xobj_3_grid_r3_c3.png,1961,1,258,139,46.0,3
7,3_320x stock m270_4xobj_3_grid_r3_c3.png,1962,1,233,138,46.0,3
7,3_320x stock m270_4xobj_3_grid_r3_c3.png,1963,1,432,133,46.0,3
7,3_320x stock m270_4xobj_3_grid_r3_c3.png,1964,1,477,131,74.5,4
7,3_320x stock m270_4xobj_3_grid_r3_c3.png,1965,1,310,129,74.5,4
7,3_320x stock m270_4xobj_3_grid_r3_c3.png,1966,1,263,124,31.5,3
7,3_320x stock m270_4xobj_3_grid_r3_c3.png,1967,1,245,122,46.0,3
7,3_320x stock m270_4xobj_3_grid_r3_c3.png,1968,1,86,121,46.0,3
7,3_320x stock m270_4xobj_3_grid_r3_c3.png,1969,1,64,117,46.0,3
7,3_320x stock m270_4xobj_3_grid_r3_c3.png,1970,1,208,114,46.0,3
7,3_320x stock m270_4xobj_3_grid_r3_c3.png,1971,1,445,114,31.5,3
7,3_320x stock m270_4xobj_3_grid_r3_c3.png,1972,1,280,112,46.0,3
7,3_320x stock m270_4xobj_3_grid_r3_c3.png,1973,1,338,109,46.0,3
7,3_320x stock m270_4xobj_3_grid_r3_c3.png,1974,1,62,99,46.0,3
7,3_320x stock m270_4xobj_3_grid_r3_c3.png,1975,1,155,102,74.5,4
7,3_320x stock m270_4xobj_3_grid_r3_c3.png,1976,1,22,94,46.0,3
7,3_320x stock m270_4xobj_3_grid_r3_c3.png,1977,1,245,95,46.0,3
7,3_320x stock m270_4xobj_3_grid_r3_c3.png,1978,1,342,93,46.0,3
7,3_320x stock m270_4xobj_3_grid_r3_c3.png,1979,1,370,89,46.0,3
7,3_320x stock m270_4xobj_3_grid_r3_c3.png,1980,1,441,86,104.0,5
7,3_320x stock m270_4xobj_3_grid_r3_c3.png,1981,1,119,80,46.0,3
7,3_320x stock m270_4xobj_3_grid_r3_c3.png,1982,1,262,77,46.0,3
7,3_320x stock m270_4xobj_3_grid_r3_c3.png,1983,1,200,74,46.0,3
7,3_320x stock m270_4xobj_3_grid_r3_c3.png,1984,1,157,72,31.5,3
7,3_320x stock m270_4xobj_3_grid_r3_c3.png,1985,1,144,67,31.5,3
7,3_320x stock m270_4xobj_3_grid_r3_c3.png,1986,1,363,65,46.0,3
7,3_320x stock m270_4xobj_3_grid_r3_c3.png,1987,1,319,64,46.0,3
7,3_320x stock m270_4xobj_3_grid_r3_c3.png,1988,1,208,58,46.0,3
7,3_320x stock m270_4xobj_3_grid_r3_c3.png,1989,1,165,56,46.0,3
7,3_320x stock m270_4xobj_3_grid_r3_c3.png,1990,1,249,45,46.0,3
7,3_320x stock m270_4xobj_3_grid_r3_c3.png,1991,1,238,40,46.0,3
7,3_320x stock m270_4xobj_3_grid_r3_c3.png,1992,1,217,40,31.5,3
7,3_320x stock m270_4xobj_3_grid_r3_c3.png,1993,1,132,38,46.0,3
7,3_320x stock m270_4xobj_3_grid_r3_c3.png,1994,1,63,38,46.0,3
7,3_320x stock m270_4xobj_3_grid_r3_c3.png,1995,1,195,38,46.0,3
7,3_320x stock m270_4xobj_3_grid_r3_c3.png,1996,1,182,36,104.0,5
7,3_320x stock m270_4xobj_3_grid_r3_c3.png,1997,1,170,29,46.0,3
7,3_320x stock m270_4xobj_3_grid_r3_c3.png,1998,1,440,24,46.0,3
7,3_320x stock m270_4xobj_3_grid_r3_c3.png,1999,1,132,22,46.0,3
7,3_320x stock m270_4xobj_3_grid_r3_c3.png,2000,1,216,19,46.0,3
7,3_320x stock m270_4xobj_3_grid_r3_c3.png,2001,1,239,13,46.0,3
7,3_320x stock m270_4xobj_3_grid_r3_c3.png,2002,1,480,11,46.0,3
7,3_320x stock m270_4xobj_3_grid_r3_c3.png,2003,1,116,8,46.0,3
7,3_320x stock m270_4xobj_3_grid_r3_c3.png,2004,1,361,506,31.5,3
7,3_320x stock m270_4xobj_3_grid_r3_c3.png,2005,1,482,497,46.0,3
7,3_320x stock m270_4xobj_3_grid_r3_c3.png,2006,1,427,490,46.0,3
7,3_320x stock m270_4xobj_3_grid_r3_c3.png,2007,1,394,490,46.0,3
7,3_320x stock m270_4xobj_3_grid_r3_c3.png,2008,1,344,478,46.0,3
7,3_320x stock m270_4xobj_3_grid_r3_c3.png,2009,1,360,472,46.0,3
7,3_320x stock m270_4xobj_3_grid_r3_c3.png,2010,1,476,472,46.0,3
7,3_320x stock m270_4xobj_3_grid_r3_c3.png,2011,1,465,472,46.0,3
7,3_320x stock m270_4xobj_3_grid_r3_c3.png,2012,1,381,470,46.0,3
7,3_320x stock m270_4xobj_3_grid_r3_c3.png,2013,1,434,466,46.0,3
7,3_320x stock m270_4xobj_3_grid_r3_c3.png,2014,1,431,454,31.5,3
7,3_320x stock m270_4xobj_3_grid_r3_c3.png,2015,1,363,418,46.0,3
7,3_320x stock m270_4xobj_3_grid_r3_c3.png,2016,1,438,414,46.0,3
7,3_320x stock m270_4xobj_3_grid_r3_c3.png,2017,1,47,405,31.5,3
7,3_320x stock m270_4xobj_3_grid_r3_c3.png,2018,1,251,404,46.0,3
7,3_320x stock m270_4xobj_3_grid_r3_c3.png,2019,1,167,397,31.5,3
7,3_320x stock m270_4xobj_3_grid_r3_c3.png,2020,1,55,398,46.0,3
7,3_320x stock m270_4xobj_3_grid_r3_c3.png,2021,1,415,395,46.0,3
7,3_320x stock m270_4xobj_3_grid_r3_c3.png,2022,1,70,395,104.0,5
7,3_320x stock m270_4xobj_3_grid_r3_c3.png,2023,1,407,381,31.5,3
7,3_320x stock m270_4xobj_3_grid_r3_c3.png,2024,1,341,379,46.0,3
7,3_320x stock m270_4xobj_3_grid_r3_c3.png,2025,1,506,380,74.5,4
7,3_320x stock m270_4xobj_3_grid_r3_c3.png,2026,1,208,377,46.0,3
7,3_320x stock m270_4xobj_3_grid_r3_c3.png,2027,1,439,373,74.5,4
7,3_320x stock m270_4xobj_3_grid_r3_c3.png,2028,1,392,359,74.5,4
7,3_320x stock m270_4xobj_3_grid_r3_c3.png,2029,1,404,355,31.5,3
7,3_320x stock m270_4xobj_3_grid_r3_c3.png,2030,1,379,351,31.5,3
7,3_320x stock m270_4xobj_3_grid_r3_c3.png,2031,1,300,351,31.5,3
7,3_320x stock m270_4xobj_3_grid_r3_c3.png,2032,1,122,349,31.5,3
7,3_320x stock m270_4xobj_3_grid_r3_c3.png,2033,1,466,344,46.0,3
7,3_320x stock m270_4xobj_3_grid_r3_c3.png,2034,1,209,342,31.5,3
7,3_320x stock m270_4xobj_3_grid_r3_c3.png,2035,1,272,338,46.0,3
7,3_320x stock m270_4xobj_3_grid_r3_c3.png,2036,1,247,333,46.0,3
7,3_320x stock m270_4xobj_3_grid_r3_c3.png,2037,1,286,325,46.0,3
7,3_320x stock m270_4xobj_3_grid_r3_c3.png,2038,1,301,322,46.0,3
7,3_320x stock m270_4xobj_3_grid_r3_c3.png,2039,1,241,321,46.0,3
7,3_320x stock m270_4xobj_3_grid_r3_c3.png,2040,1,256,318,46.0,3
7,3_320x stock m270_4xobj_3_grid_r3_c3.png,2041,1,275,289,46.0,3
7,3_320x stock m270_4xobj_3_grid_r3_c3.png,2042,1,148,286,46.0,3
7,3_320x stock m270_4xobj_3_grid_r3_c3.png,2043,1,366,283,46.0,3
7,3_320x stock m270_4xobj_3_grid_r3_c3.png,2044,1,117,280,46.0,3
7,3_320x stock m270_4xobj_3_grid_r3_c3.png,2045,1,258,277,31.5,3
7,3_320x stock m270_4xobj_3_grid_r3_c3.png,2046,1,420,274,104.0,5
7,3_320x stock m270_4xobj_3_grid_r3_c3.png,2047,1,281,271,46.0,3
7,3_320x stock m270_4xobj_3_grid_r3_c3.png,2048,1,167,270,46.0,3
7,3_320x stock m270_4xobj_3_grid_r3_c3.png,2049,1,54,269,46.0,3
7,3_320x stock m270_4xobj_3_grid_r3_c3.png,2050,1,335,267,46.0,3
7,3_320x stock m270_4xobj_3_grid_r3_c3.png,2051,1,220,266,31.5,3
7,3_320x stock m270_4xobj_3_grid_r3_c3.png,2052,1,155,259,46.0,3
7,3_320x stock m270_4xobj_3_grid_r3_c3.png,2053,1,41,255,31.5,3
7,3_320x stock m270_4xobj_3_grid_r3_c3.png,2054,1,402,255,38.0,3
7,3_320x stock m270_4xobj_3_grid_r3_c3.png,2055,1,327,250,46.0,3
7,3_320x stock m270_4xobj_3_grid_r3_c3.png,2056,1,165,245,46.0,3
7,3_320x stock m270_4xobj_3_grid_r3_c3.png,2057,1,141,245,46.0,3
7,3_320x stock m270_4xobj_3_grid_r3_c3.png,2058,1,426,239,74.5,4
7,3_320x stock m270_4xobj_3_grid_r3_c3.png,2059,1,263,232,46.0,3
7,3_320x stock m270_4xobj_3_grid_r3_c3.png,2060,1,15,233,46.0,3
7,3_320x stock m270_4xobj_3_grid_r3_c3.png,2061,1,42,226,31.5,3
7,3_320x stock m270_4xobj_3_grid_r3_c3.png,2062,1,306,224,74.5,4
7,3_320x stock m270_4xobj_3_grid_r3_c3.png,2063,1,81,221,31.5,3
7,3_320x stock m270_4xobj_3_grid_r3_c3.png,2064,1,238,221,46.0,3
7,3_320x stock m270_4xobj_3_grid_r3_c3.png,2065,1,270,219,46.0,3
7,3_320x stock m270_4xobj_3_grid_r3_c3.png,2066,1,70,217,46.0,3
7,3_320x stock m270_4xobj_3_grid_r3_c3.png,2067,1,285,217,46.0,3
7,3_320x stock m270_4xobj_3_grid_r3_c3.png,2068,1,183,217,46.0,3
7,3_320x stock m270_4xobj_3_grid_r3_c3.png,2069,1,329,207,46.0,3
7,3_320x stock m270_4xobj_3_grid_r3_c3.png,2070,1,77,199,46.0,3
7,3_320x stock m270_4xobj_3_grid_r3_c3.png,2071,1,3,197,31.5,3
7,3_320x stock m270_4xobj_3_grid_r3_c3.png,2072,1,28,193,31.5,3
7,3_320x stock m270_4xobj_3_grid_r3_c3.png,2073,1,14,192,31.5,3
7,3_320x stock m270_4xobj_3_grid_r3_c3.png,2074,1,221,182,31.5,3
7,3_320x stock m270_4xobj_3_grid_r3_c3.png,2075,1,147,180,46.0,3
7,3_320x stock m270_4xobj_3_grid_r3_c3.png,2076,1,65,179,46.0,3
7,3_320x stock m270_4xobj_3_grid_r3_c3.png,2077,1,29,178,46.0,3
7,3_320x stock m270_4xobj_3_grid_r3_c3.png,2078,1,268,177,46.0,3
7,3_320x stock m270_4xobj_3_grid_r3_c3.png,2079,1,279,175,46.0,3
7,3_320x stock m270_4xobj_3_grid_r3_c3.png,2080,1,151,168,46.0,3
7,3_320x stock m270_4xobj_3_grid_r3_c3.png,2081,1,29,163,46.0,3
7,3_320x stock m270_4xobj_3_grid_r3_c3.png,2082,1,89,163,31.5,3
7,3_320x stock m270_4xobj_3_grid_r3_c3.png,2083,1,184,146,46.0,3
7,3_320x stock m270_4xobj_3_grid_r3_c3.png,2084,1,23,145,46.0,3
7,3_320x stock m270_4xobj_3_grid_r3_c3.png,2085,1,243,139,46.0,3
7,3_320x stock m270_4xobj_3_grid_r3_c3.png,2086,1,26,116,46.0,3
7,3_320x stock m270_4xobj_3_grid_r3_c3.png,2087,1,255,103,46.0,3
7,3_320x stock m270_4xobj_3_grid_r3_c3.png,2088,1,106,92,46.0,3
7,3_320x stock m270_4xobj_3_grid_r3_c3.png,2089,1,11,84,46.0,3
7,3_320x stock m270_4xobj_3_grid_r3_c3.png,2090,1,129,82,46.0,3
7,3_320x stock m270_4xobj_3_grid_r3_c3.png,2091,1,40,64,46.0,3
7,3_320x stock m270_4xobj_3_grid_r3_c3.png,2092,1,49,22,46.0,3
7,3_320x stock m270_4xobj_3_grid_r3_c3.png,2093,1,99,12,46.0,3
7,3_320x stock m270_4xobj_3_grid_r3_c3.png,2094,1,339,507,31.5,3
7,3_320x stock m270_4xobj_3_grid_r3_c3.png,2095,1,282,503,31.5,3
7,3_320x stock m270_4xobj_3_grid_r3_c3.png,2096,1,209,503,104.0,5
7,3_320x stock m270_4xobj_3_grid_r3_c3.png,2097,1,248,496,46.0,3
7,3_320x stock m270_4xobj_3_grid_r3_c3.png,2098,1,130,496,31.5,3
7,3_320x stock m270_4xobj_3_grid_r3_c3.png,2099,1,141,493,31.5,3
7,3_320x stock m270_4xobj_3_grid_r3_c3.png,2100,1,314,490,46.0,3
7,3_320x stock m270_4xobj_3_grid_r3_c3.png,2101,1,258,486,74.5,4
7,3_320x stock m270_4xobj_3_grid_r3_c3.png,2102,1,54,479,104.0,5
7,3_320x stock m270_4xobj_3_grid_r3_c3.png,2103,1,258,473,31.5,3
7,3_320x stock m270_4xobj_3_grid_r3_c3.png,2104,1,310,463,46.0,3
7,3_320x stock m270_4xobj_3_grid_r3_c3.png,2105,1,245,463,46.0,3
7,3_320x stock m270_4xobj_3_grid_r3_c3.png,2106,1,330,461,74.5,4
7,3_320x stock m270_4xobj_3_grid_r3_c3.png,2107,1,126,458,104.0,5
7,3_320x stock m270_4xobj_3_grid_r3_c3.png,2108,1,137,450,31.5,3
7,3_320x stock m270_4xobj_3_grid_r3_c3.png,2109,1,302,448,46.0,3
7,3_320x stock m270_4xobj_3_grid_r3_c3.png,2110,1,91,445,31.5,3
7,3_320x stock m270_4xobj_3_grid_r3_c3.png,2111,1,324,442,46.0,3
7,3_320x stock m270_4xobj_3_grid_r3_c3.png,2112,1,172,440,31.5,3
7,3_320x stock m270_4xobj_3_grid_r3_c3.png,2113,1,476,437,46.0,3
7,3_320x stock m270_4xobj_3_grid_r3_c3.png,2114,1,263,437,46.0,3
7,3_320x stock m270_4xobj_3_grid_r3_c3.png,2115,1,171,430,31.5,3
7,3_320x stock m270_4xobj_3_grid_r3_c3.png,2116,1,478,416,46.0,3
7,3_320x stock m270_4xobj_3_grid_r3_c3.png,2117,1,63,407,46.0,3
7,3_320x stock m270_4xobj_3_grid_r3_c3.png,2118,1,12,404,31.5,3
7,3_320x stock m270_4xobj_3_grid_r3_c3.png,2119,1,235,401,46.0,3
7,3_320x stock m270_4xobj_3_grid_r3_c3.png,2120,1,280,395,46.0,3
7,3_320x stock m270_4xobj_3_grid_r3_c3.png,2121,1,82,392,31.5,3
7,3_320x stock m270_4xobj_3_grid_r3_c3.png,2122,1,293,392,74.5,4
7,3_320x stock m270_4xobj_3_grid_r3_c3.png,2123,1,114,392,46.0,3
7,3_320x stock m270_4xobj_3_grid_r3_c3.png,2124,1,239,389,46.0,3
7,3_320x stock m270_4xobj_3_grid_r3_c3.png,2125,1,363,390,104.0,5
7,3_320x stock m270_4xobj_3_grid_r3_c3.png,2126,1,59,384,31.5,3
7,3_320x stock m270_4xobj_3_grid_r3_c3.png,2127,1,177,382,46.0,3
7,3_320x stock m270_4xobj_3_grid_r3_c3.png,2128,1,227,382,46.0,3
7,3_320x stock m270_4xobj_3_grid_r3_c3.png,2129,1,137,380,31.5,3
7,3_320x stock m270_4xobj_3_grid_r3_c3.png,2130,1,126,375,46.0,3
7,3_320x stock m270_4xobj_3_grid_r3_c3.png,2131,1,139,365,74.5,4
7,3_320x stock m270_4xobj_3_grid_r3_c3.png,2132,1,283,362,46.0,3
7,3_320x stock m270_4xobj_3_grid_r3_c3.png,2133,1,66,361,46.0,3
7,3_320x stock m270_4xobj_3_grid_r3_c3.png,2134,1,348,340,46.0,3
7,3_320x stock m270_4xobj_3_grid_r3_c3.png,2135,1,112,339,46.0,3
7,3_320x stock m270_4xobj_3_grid_r3_c3.png,2136,1,174,333,46.0,3
7,3_320x stock m270_4xobj_3_grid_r3_c3.png,2137,1,20,331,46.0,3
7,3_320x stock m270_4xobj_3_grid_r3_c3.png,2138,1,179,318,46.0,3
7,3_320x stock m270_4xobj_3_grid_r3_c3.png,2139,1,76,313,31.5,3
7,3_320x stock m270_4xobj_3_grid_r3_c3.png,2140,1,164,310,46.0,3
7,3_320x stock m270_4xobj_3_grid_r3_c3.png,2141,1,225,298,46.0,3
7,3_320x stock m270_4xobj_3_grid_r3_c3.png,2142,1,54,299,31.5,3
7,3_320x stock m270_4xobj_3_grid_r3_c3.png,2143,1,260,296,31.5,3
7,3_320x stock m270_4xobj_3_grid_r3_c3.png,2144,1,134,291,46.0,3
7,3_320x stock m270_4xobj_3_grid_r3_c3.png,2145,1,108,286,46.0,3
7,3_320x stock m270_4xobj_3_grid_r3_c3.png,2146,1,138,258,46.0,3
7,3_320x stock m270_4xobj_3_grid_r3_c3.png,2147,1,95,251,46.0,3
7,3_320x stock m270_4xobj_3_grid_r3_c3.png,2148,1,79,241,46.0,3
7,3_320x stock m270_4xobj_3_grid_r3_c3.png,2149,1,168,217,74.5,4
7,3_320x stock m270_4xobj_3_grid_r3_c3.png,2150,1,51,217,46.0,3
7,3_320x stock m270_4xobj_3_grid_r3_c3.png,2151,1,98,203,46.0,3
7,3_320x stock m270_4xobj_3_grid_r3_c3.png,2152,1,137,192,74.5,4
7,3_320x stock m270_4xobj_3_grid_r3_c3.png,2153,1,49,172,46.0,3
7,3_320x stock m270_4xobj_3_grid_r3_c3.png,2154,1,127,169,46.0,3
7,3_320x stock m270_4xobj_3_grid_r3_c3.png,2155,1,392,168,46.0,3
7,3_320x stock m270_4xobj_3_grid_r3_c3.png,2156,1,244,67,147.5,6
7,3_320x stock m270_4xobj_3_grid_r3_c3.png,2157,1,8,58,46.0,3
7,3_320x stock m270_4xobj_3_grid_r3_c3.png,2158,1,268,32,46.0,3
7,3_320x stock m270_4xobj_3_grid_r3_c3.png,2159,1,68,493,31.5,3
7,3_320x stock m270_4xobj_3_grid_r3_c3.png,2160,1,12,487,46.0,3
7,3_320x stock m270_4xobj_3_grid_r3_c3.png,2161,1,170,472,31.5,3
7,3_320x stock m270_4xobj_3_grid_r3_c3.png,2162,1,42,441,46.0,3
7,3_320x stock m270_4xobj_3_grid_r3_c3.png,2163,1,120,427,46.0,3
7,3_320x stock m270_4xobj_3_grid_r3_c3.png,2164,1,252,427,46.0,3
7,3_320x stock m270_4xobj_3_grid_r3_c3.png,2165,1,198,419,46.0,3
7,3_320x stock m270_4xobj_3_grid_r3_c3.png,2166,1,228,418,31.5,3
7,3_320x stock m270_4xobj_3_grid_r3_c3.png,2167,1,22,397,46.0,3
7,3_320x stock m270_4xobj_3_grid_r3_c3.png,2168,1,30,320,31.5,3
7,3_320x stock m270_4xobj_3_grid_r3_c3.png,2169,1,54,311,46.0,3
7,3_320x stock m270_4xobj_3_grid_r3_c3.png,2170,1,19,301,46.0,3
7,3_320x stock m270_4xobj_3_grid_r3_c3.png,2171,1,18,506,46.0,3
7,3_320x stock m270_4xobj_3_grid_r3_c3.png,2172,1,24,488,46.0,3
7,3_320x stock m270_4xobj_3_grid_r3_c3.png,2173,1,104,485,46.0,3
7,3_320x stock m270_4xobj_3_grid_r3_c3.png,2174,1,78,477,31.5,3
7,3_320x stock m270_4xobj_3_grid_r3_c3.png,2175,1,94,357,46.0,3
7,3_320x stock m270_4xobj_3_grid_r3_c3.png,2176,1,213,282,147.5,6
7,3_320x stock m270_4xobj_3_grid_r3_c3.png,2177,1,189,492,46.0,3
7,3_320x stock m270_4xobj_3_grid_r3_c3.png,2178,1,114,316,74.5,4
7,3_320x stock m270_4xobj_3_grid_r3_c3.png,2179,1,142,405,147.5,6
8,3_320x stock m270_4xobj_3_grid_r3_c4.png,2180,1,239,485,248.5,8
8,3_320x stock m270_4xobj_3_grid_r3_c4.png,2181,1,228,427,46.0,3
8,3_320x stock m270_4xobj_3_grid_r3_c4.png,2182,1,296,235,190.0,7
8,3_320x stock m270_4xobj_3_grid_r3_c4.png,2183,1,112,175,31.5,3
8,3_320x stock m270_4xobj_3_grid_r3_c4.png,2184,1,49,52,190.0,7
8,3_320x stock m270_4xobj_3_grid_r3_c4.png,2185,1,156,199,46.0,3
8,3_320x stock m270_4xobj_3_grid_r3_c4.png,2186,1,503,112,46.0,3
8,3_320x stock m270_4xobj_3_grid_r3_c4.png,2187,1,467,503,31.5,3
8,3_320x stock m270_4xobj_3_grid_r3_c4.png,2188,1,103,286,318.0,10
8,3_320x stock m270_4xobj_3_grid_r3_c4.png,2189,1,385,240,74.5,4
8,3_320x stock m270_4xobj_3_grid_r3_c4.png,2190,1,231,186,74.5,4
8,3_320x stock m270_4xobj_3_grid_r3_c4.png,2191,1,311,125,74.5,4
8,3_320x stock m270_4xobj_3_grid_r3_c4.png,2192,1,200,65,74.5,4
8,3_320x stock m270_4xobj_3_grid_r3_c4.png,2193,1,275,48,31.5,3
8,3_320x stock m270_4xobj_3_grid_r3_c4.png,2194,1,174,5,74.5,4
8,3_320x stock m270_4xobj_3_grid_r3_c4.png,2195,1,405,465,31.5,3
8,3_320x stock m270_4xobj_3_grid_r3_c4.png,2196,1,329,435,31.5,3
8,3_320x stock m270_4xobj_3_grid_r3_c4.png,2197,1,108,379,104.0,5
8,3_320x stock m270_4xobj_3_grid_r3_c4.png,2198,1,366,367,104.0,5
8,3_320x stock m270_4xobj_3_grid_r3_c4.png,2199,1,245,325,46.0,3
8,3_320x stock m270_4xobj_3_grid_r3_c4.png,2200,1,474,221,74.5,4
8,3_320x stock m270_4xobj_3_grid_r3_c4.png,2201,1,494,189,104.0,5
8,3_320x stock m270_4xobj_3_grid_r3_c4.png,2202,1,134,148,248.5,8
8,3_320x stock m270_4xobj_3_grid_r3_c4.png,2203,1,356,128,74.5,4
8,3_320x stock m270_4xobj_3_grid_r3_c4.png,2204,1,50,109,31.5,3
8,3_320x stock m270_4xobj_3_grid_r3_c4.png,2205,1,356,109,147.5,6
8,3_320x stock m270_4xobj_3_grid_r3_c4.png,2206,1,98,21,74.5,4
8,3_320x stock m270_4xobj_3_grid_r3_c4.png,2207,1,134,496,46.0,3
8,3_320x stock m270_4xobj_3_grid_r3_c4.png,2208,1,21,491,46.0,3
8,3_320x stock m270_4xobj_3_grid_r3_c4.png,2209,1,71,464,248.5,8
8,3_320x stock m270_4xobj_3_grid_r3_c4.png,2210,1,214,433,46.0,3
8,3_320x stock m270_4xobj_3_grid_r3_c4.png,2211,1,252,297,74.5,4
8,3_320x stock m270_4xobj_3_grid_r3_c4.png,2212,1,434,261,74.5,4
8,3_320x stock m270_4xobj_3_grid_r3_c4.png,2213,1,17,204,74.5,4
8,3_320x stock m270_4xobj_3_grid_r3_c4.png,2214,1,368,474,31.5,3
8,3_320x stock m270_4xobj_3_grid_r3_c4.png,2215,1,490,466,104.0,5
8,3_320x stock m270_4xobj_3_grid_r3_c4.png,2216,1,223,390,46.0,3
8,3_320x stock m270_4xobj_3_grid_r3_c4.png,2217,1,317,318,31.5,3
8,3_320x stock m270_4xobj_3_grid_r3_c4.png,2218,1,438,241,31.5,3
8,3_320x stock m270_4xobj_3_grid_r3_c4.png,2219,1,372,106,104.0,5
8,3_320x stock m270_4xobj_3_grid_r3_c4.png,2220,1,247,85,74.5,4
8,3_320x stock m270_4xobj_3_grid_r3_c4.png,2221,1,176,62,31.5,3
8,3_320x stock m270_4xobj_3_grid_r3_c4.png,2222,1,379,24,31.5,3
8,3_320x stock m270_4xobj_3_grid_r3_c4.png,2223,1,177,21,31.5,3
8,3_320x stock m270_4xobj_3_grid_r3_c4.png,2224,1,407,15,46.0,3
8,3_320x stock m270_4xobj_3_grid_r3_c4.png,2225,1,49,484,190.0,7
8,3_320x stock m270_4xobj_3_grid_r3_c4.png,2226,1,339,417,104.0,5
8,3_320x stock m270_4xobj_3_grid_r3_c4.png,2227,1,350,338,31.5,3
8,3_320x stock m270_4xobj_3_grid_r3_c4.png,2228,1,171,341,8.0,1
8,3_320x stock m270_4xobj_3_grid_r3_c4.png,2229,1,286,315,31.5,3
8,3_320x stock m270_4xobj_3_grid_r3_c4.png,2230,1,440,298,31.5,3
8,3_320x stock m270_4xobj_3_grid_r3_c4.png,2231,1,410,290,31.5,3
8,3_320x stock m270_4xobj_3_grid_r3_c4.png,2232,1,306,264,147.5,6
8,3_320x stock m270_4xobj_3_grid_r3_c4.png,2233,1,303,246,31.5,3
8,3_320x stock m270_4xobj_3_grid_r3_c4.png,2234,1,399,225,46.0,3
8,3_320x stock m270_4xobj_3_grid_r3_c4.png,2235,1,187,215,31.5,3
8,3_320x stock m270_4xobj_3_grid_r3_c4.png,2236,1,329,202,46.0,3
8,3_320x stock m270_4xobj_3_grid_r3_c4.png,2237,1,473,201,31.5,3
8,3_320x stock m270_4xobj_3_grid_r3_c4.png,2238,1,448,192,46.0,3
8,3_320x stock m270_4xobj_3_grid_r3_c4.png,2239,1,168,188,31.5,3
8,3_320x stock m270_4xobj_3_grid_r3_c4.png,2240,1,465,184,31.5,3
8,3_320x stock m270_4xobj_3_grid_r3_c4.png,2241,1,434,182,46.0,3
8,3_320x stock m270_4xobj_3_grid_r3_c4.png,2242,1,433,175,31.5,3
8,3_320x stock m270_4xobj_3_grid_r3_c4.png,2243,1,420,161,46.0,3
8,3_320x stock m270_4xobj_3_grid_r3_c4.png,2244,1,194,152,31.5,3
8,3_320x stock m270_4xobj_3_grid_r3_c4.png,2245,1,430,146,46.0,3
8,3_320x stock m270_4xobj_3_grid_r3_c4.png,2246,1,421,130,31.5,3
8,3_320x stock m270_4xobj_3_grid_r3_c4.png,2247,1,78,124,104.0,5
8,3_320x stock m270_4xobj_3_grid_r3_c4.png,2248,1,455,115,74.5,4
8,3_320x stock m270_4xobj_3_grid_r3_c4.png,2249,1,286,95,46.0,3
8,3_320x stock m270_4xobj_3_grid_r3_c4.png,2250,1,142,93,31.5,3
8,3_320x stock m270_4xobj_3_grid_r3_c4.png,2251,1,489,78,31.5,3
8,3_320x stock m270_4xobj_3_grid_r3_c4.png,2252,1,262,76,31.5,3
8,3_320x stock m270_4xobj_3_grid_r3_c4.png,2253,1,497,67,31.5,3
8,3_320x stock m270_4xobj_3_grid_r3_c4.png,2254,1,373,60,31.5,3
8,3_320x stock m270_4xobj_3_grid_r3_c4.png,2255,1,487,54,46.0,3
8,3_320x stock m270_4xobj_3_grid_r3_c4.png,2256,1,168,53,31.5,3
8,3_320x stock m270_4xobj_3_grid_r3_c4.png,2257,1,479,47,31.5,3
8,3_320x stock m270_4xobj_3_grid_r3_c4.png,2258,1,352,42,74.5,4
8,3_320x stock m270_4xobj_3_grid_r3_c4.png,2259,1,468,41,31.5,3
8,3_320x stock m270_4xobj_3_grid_r3_c4.png,2260,1,237,39,31.5,3
8,3_320x stock m270_4xobj_3_grid_r3_c4.png,2261,1,202,44,31.5,3
8,3_320x stock m270_4xobj_3_grid_r3_c4.png,2262,1,216,38,46.0,3
8,3_320x stock m270_4xobj_3_grid_r3_c4.png,2263,1,121,38,31.5,3
8,3_320x stock m270_4xobj_3_grid_r3_c4.png,2264,1,308,36,46.0,3
8,3_320x stock m270_4xobj_3_grid_r3_c4.png,2265,1,490,32,46.0,3
8,3_320x stock m270_4xobj_3_grid_r3_c4.png,2266,1,503,28,46.0,3
8,3_320x stock m270_4xobj_3_grid_r3_c4.png,2267,1,230,30,104.0,5
8,3_320x stock m270_4xobj_3_grid_r3_c4.png,2268,1,261,25,46.0,3
8,3_320x stock m270_4xobj_3_grid_r3_c4.png,2269,1,197,16,31.5,3
8,3_320x stock m270_4xobj_3_grid_r3_c4.png,2270,1,302,12,46.0,3
8,3_320x stock m270_4xobj_3_grid_r3_c4.png,2271,1,34,13,31.5,3
8,3_320x stock m270_4xobj_3_grid_r3_c4.png,2272,1,264,11,31.5,3
8,3_320x stock m270_4xobj_3_grid_r3_c4.png,2273,1,175,490,74.5,4
8,3_320x stock m270_4xobj_3_grid_r3_c4.png,2274,1,421,447,31.5,3
8,3_320x stock m270_4xobj_3_grid_r3_c4.png,2275,1,481,438,46.0,3
8,3_320x stock m270_4xobj_3_grid_r3_c4.png,2276,1,270,422,147.5,6
8,3_320x stock m270_4xobj_3_grid_r3_c4.png,2277,1,482,417,46.0,3
8,3_320x stock m270_4xobj_3_grid_r3_c4.png,2278,1,481,379,31.5,3
8,3_320x stock m270_4xobj_3_grid_r3_c4.png,2279,1,42,365,46.0,3
8,3_320x stock m270_4xobj_3_grid_r3_c4.png,2280,1,301,356,31.5,3
8,3_320x stock m270_4xobj_3_grid_r3_c4.png,2281,1,332,348,31.5,3
8,3_320x stock m270_4xobj_3_grid_r3_c4.png,2282,1,163,347,31.5,3
8,3_320x stock m270_4xobj_3_grid_r3_c4.png,2283,1,295,346,31.5,3
8,3_320x stock m270_4xobj_3_grid_r3_c4.png,2284,1,507,345,31.5,3
8,3_320x stock m270_4xobj_3_grid_r3_c4.png,2285,1,386,339,31.5,3
8,3_320x stock m270_4xobj_3_grid_r3_c4.png,2286,1,428,336,31.5,3
8,3_320x stock m270_4xobj_3_grid_r3_c4.png,2287,1,507,335,31.5,3
8,3_320x stock m270_4xobj_3_grid_r3_c4.png,2288,1,286,330,31.5,3
8,3_320x stock m270_4xobj_3_grid_r3_c4.png,2289,1,491,328,46.0,3
8,3_320x stock m270_4xobj_3_grid_r3_c4.png,2290,1,415,319,46.0,3
8,3_320x stock m270_4xobj_3_grid_r3_c4.png,2291,1,339,310,46.0,3
8,3_320x stock m270_4xobj_3_grid_r3_c4.png,2292,1,432,309,46.0,3
8,3_320x stock m270_4xobj_3_grid_r3_c4.png,2293,1,325,299,46.0,3
8,3_320x stock m270_4xobj_3_grid_r3_c4.png,2294,1,200,294,31.5,3
8,3_320x stock m270_4xobj_3_grid_r3_c4.png,2295,1,184,298,31.5,3
8,3_320x stock m270_4xobj_3_grid_r3_c4.png,2296,1,441,276,31.5,3
8,3_320x stock m270_4xobj_3_grid_r3_c4.png,2297,1,250,268,31.5,3
8,3_320x stock m270_4xobj_3_grid_r3_c4.png,2298,1,33,268,74.5,4
8,3_320x stock m270_4xobj_3_grid_r3_c4.png,2299,1,362,265,46.0,3
8,3_320x stock m270_4xobj_3_grid_r3_c4.png,2300,1,447,260,31.5,3
8,3_320x stock m270_4xobj_3_grid_r3_c4.png,2301,1,496,260,31.5,3
8,3_320x stock m270_4xobj_3_grid_r3_c4.png,2302,1,249,258,31.5,3
8,3_320x stock m270_4xobj_3_grid_r3_c4.png,2303,1,370,256,46.0,3
8,3_320x stock m270_4xobj_3_grid_r3_c4.png,2304,1,20,255,104.0,5
8,3_320x stock m270_4xobj_3_grid_r3_c4.png,2305,1,417,251,31.5,3
8,3_320x stock m270_4xobj_3_grid_r3_c4.png,2306,1,36,253,46.0,3
8,3_320x stock m270_4xobj_3_grid_r3_c4.png,2307,1,260,250,31.5,3
8,3_320x stock m270_4xobj_3_grid_r3_c4.png,2308,1,494,245,31.5,3
8,3_320x stock m270_4xobj_3_grid_r3_c4.png,2309,1,504,246,74.5,4
8,3_320x stock m270_4xobj_3_grid_r3_c4.png,2310,1,466,239,46.0,3
8,3_320x stock m270_4xobj_3_grid_r3_c4.png,2311,1,139,234,46.0,3
8,3_320x stock m270_4xobj_3_grid_r3_c4.png,2312,1,220,233,46.0,3
8,3_320x stock m270_4xobj_3_grid_r3_c4.png,2313,1,309,229,46.0,3
8,3_320x stock m270_4xobj_3_grid_r3_c4.png,2314,1,168,222,46.0,3
8,3_320x stock m270_4xobj_3_grid_r3_c4.png,2315,1,219,217,31.5,3
8,3_320x stock m270_4xobj_3_grid_r3_c4.png,2316,1,341,212,31.5,3
8,3_320x stock m270_4xobj_3_grid_r3_c4.png,2317,1,365,210,31.5,3
8,3_320x stock m270_4xobj_3_grid_r3_c4.png,2318,1,62,204,31.5,3
8,3_320x stock m270_4xobj_3_grid_r3_c4.png,2319,1,154,196,31.5,3
8,3_320x stock m270_4xobj_3_grid_r3_c4.png,2320,1,393,191,46.0,3
8,3_320x stock m270_4xobj_3_grid_r3_c4.png,2321,1,478,189,46.0,3
8,3_320x stock m270_4xobj_3_grid_r3_c4.png,2322,1,282,186,46.0,3
8,3_320x stock m270_4xobj_3_grid_r3_c4.png,2323,1,178,179,46.0,3
8,3_320x stock m270_4xobj_3_grid_r3_c4.png,2324,1,158,176,31.5,3
8,3_320x stock m270_4xobj_3_grid_r3_c4.png,2325,1,471,171,46.0,3
8,3_320x stock m270_4xobj_3_grid_r3_c4.png,2326,1,221,169,46.0,3
8,3_320x stock m270_4xobj_3_grid_r3_c4.png,2327,1,316,166,31.5,3
8,3_320x stock m270_4xobj_3_grid_r3_c4.png,2328,1,254,167,31.5,3
8,3_320x stock m270_4xobj_3_grid_r3_c4.png,2329,1,491,163,31.5,3
8,3_320x stock m270_4xobj_3_grid_r3_c4.png,2330,1,466,154,31.5,3
8,3_320x stock m270_4xobj_3_grid_r3_c4.png,2331,1,164,153,46.0,3
8,3_320x stock m270_4xobj_3_grid_r3_c4.png,2332,1,382,151,46.0,3
8,3_320x stock m270_4xobj_3_grid_r3_c4.png,2333,1,301,151,46.0,3
8,3_320x stock m270_4xobj_3_grid_r3_c4.png,2334,1,406,137,46.0,3
8,3_320x stock m270_4xobj_3_grid_r3_c4.png,2335,1,344,132,31.5,3
8,3_320x stock m270_4xobj_3_grid_r3_c4.png,2336,1,445,124,46.0,3
8,3_320x stock m270_4xobj_3_grid_r3_c4.png,2337,1,46,121,31.5,3
8,3_320x stock m270_4xobj_3_grid_r3_c4.png,2338,1,492,120,46.0,3
8,3_320x stock m270_4xobj_3_grid_r3_c4.png,2339,1,466,118,46.0,3
8,3_320x stock m270_4xobj_3_grid_r3_c4.png,2340,1,204,117,46.0,3
8,3_320x stock m270_4xobj_3_grid_r3_c4.png,2341,1,301,115,31.5,3
8,3_320x stock m270_4xobj_3_grid_r3_c4.png,2342,1,260,112,46.0,3
8,3_320x stock m270_4xobj_3_grid_r3_c4.png,2343,1,281,110,46.0,3
8,3_320x stock m270_4xobj_3_grid_r3_c4.png,2344,1,131,103,46.0,3
8,3_320x stock m270_4xobj_3_grid_r3_c4.png,2345,1,85,103,31.5,3
8,3_320x stock m270_4xobj_3_grid_r3_c4.png,2346,1,212,101,46.0,3
8,3_320x stock m270_4xobj_3_grid_r3_c4.png,2347,1,62,101,31.5,3
8,3_320x stock m270_4xobj_3_grid_r3_c4.png,2348,1,247,98,31.5,3
8,3_320x stock m270_4xobj_3_grid_r3_c4.png,2349,1,236,93,31.5,3
8,3_320x stock m270_4xobj_3_grid_r3_c4.png,2350,1,318,92,46.0,3
8,3_320x stock m270_4xobj_3_grid_r3_c4.png,2351,1,261,91,46.0,3
8,3_320x stock m270_4xobj_3_grid_r3_c4.png,2352,1,281,80,46.0,3
8,3_320x stock m270_4xobj_3_grid_r3_c4.png,2353,1,129,80,46.0,3
8,3_320x stock m270_4xobj_3_grid_r3_c4.png,2354,1,334,77,46.0,3
8,3_320x stock m270_4xobj_3_grid_r3_c4.png,2355,1,319,78,46.0,3
8,3_320x stock m270_4xobj_3_grid_r3_c4.png,2356,1,12,76,46.0,3
8,3_320x stock m270_4xobj_3_grid_r3_c4.png,2357,1,366,75,31.5,3
8,3_320x stock m270_4xobj_3_grid_r3_c4.png,2358,1,132,66,46.0,3
8,3_320x stock m270_4xobj_3_grid_r3_c4.png,2359,1,361,65,31.5,3
8,3_320x stock m270_4xobj_3_grid_r3_c4.png,2360,1,344,65,46.0,3
8,3_320x stock m270_4xobj_3_grid_r3_c4.png,2361,1,98,63,46.0,3
8,3_320x stock m270_4xobj_3_grid_r3_c4.png,2362,1,428,48,46.0,3
8,3_320x stock m270_4xobj_3_grid_r3_c4.png,2363,1,226,45,31.5,3
8,3_320x stock m270_4xobj_3_grid_r3_c4.png,2364,1,27,42,46.0,3
8,3_320x stock m270_4xobj_3_grid_r3_c4.png,2365,1,294,32,46.0,3
8,3_320x stock m270_4xobj_3_grid_r3_c4.png,2366,1,34,31,46.0,3
8,3_320x stock m270_4xobj_3_grid_r3_c4.png,2367,1,132,25,46.0,3
8,3_320x stock m270_4xobj_3_grid_r3_c4.png,2368,1,204,24,31.5,3
8,3_320x stock m270_4xobj_3_grid_r3_c4.png,2369,1,434,20,46.0,3
8,3_320x stock m270_4xobj_3_grid_r3_c4.png,2370,1,17,19,46.0,3
8,3_320x stock m270_4xobj_3_grid_r3_c4.png,2371,1,158,18,46.0,3
8,3_320x stock m270_4xobj_3_grid_r3_c4.png,2372,1,469,15,46.0,3
8,3_320x stock m270_4xobj_3_grid_r3_c4.png,2373,1,333,14,46.0,3
8,3_320x stock m270_4xobj_3_grid_r3_c4.png,2374,1,71,9,46.0,3
8,3_320x stock m270_4xobj_3_grid_r3_c4.png,2375,1,232,6,46.0,3
8,3_320x stock m270_4xobj_3_grid_r3_c4.png,2376,1,398,485,104.0,5
8,3_320x stock m270_4xobj_3_grid_r3_c4.png,2377,1,451,472,31.5,3
8,3_320x stock m270_4xobj_3_grid_r3_c4.png,2378,1,34,469,31.5,3
8,3_320x stock m270_4xobj_3_grid_r3_c4.png,2379,1,431,462,46.0,3
8,3_320x stock m270_4xobj_3_grid_r3_c4.png,2380,1,448,461,31.5,3
8,3_320x stock m270_4xobj_3_grid_r3_c4.png,2381,1,187,422,46.0,3
8,3_320x stock m270_4xobj_3_grid_r3_c4.png,2382,1,414,421,31.5,3
8,3_320x stock m270_4xobj_3_grid_r3_c4.png,2383,1,341,394,46.0,3
8,3_320x stock m270_4xobj_3_grid_r3_c4.png,2384,1,387,391,46.0,3
8,3_320x stock m270_4xobj_3_grid_r3_c4.png,2385,1,327,391,31.5,3
8,3_320x stock m270_4xobj_3_grid_r3_c4.png,2386,1,369,386,46.0,3
8,3_320x stock m270_4xobj_3_grid_r3_c4.png,2387,1,138,381,31.5,3
8,3_320x stock m270_4xobj_3_grid_r3_c4.png,2388,1,305,379,31.5,3
8,3_320x stock m270_4xobj_3_grid_r3_c4.png,2389,1,193,370,46.0,3
8,3_320x stock m270_4xobj_3_grid_r3_c4.png,2390,1,141,368,46.0,3
8,3_320x stock m270_4xobj_3_grid_r3_c4.png,2391,1,40,357,31.5,3
8,3_320x stock m270_4xobj_3_grid_r3_c4.png,2392,1,384,353,46.0,3
8,3_320x stock m270_4xobj_3_grid_r3_c4.png,2393,1,462,345,31.5,3
8,3_320x stock m270_4xobj_3_grid_r3_c4.png,2394,1,334,330,31.5,3
8,3_320x stock m270_4xobj_3_grid_r3_c4.png,2395,1,150,328,31.5,3
8,3_320x stock m270_4xobj_3_grid_r3_c4.png,2396,1,261,323,46.0,3
8,3_320x stock m270_4xobj_3_grid_r3_c4.png,2397,1,177,322,46.0,3
8,3_320x stock m270_4xobj_3_grid_r3_c4.png,2398,1,395,320,46.0,3
8,3_320x stock m270_4xobj_3_grid_r3_c4.png,2399,1,486,315,46.0,3
8,3_320x stock m270_4xobj_3_grid_r3_c4.png,2400,1,443,315,46.0,3
8,3_320x stock m270_4xobj_3_grid_r3_c4.png,2401,1,256,313,46.0,3
8,3_320x stock m270_4xobj_3_grid_r3_c4.png,2402,1,421,307,46.0,3
8,3_320x stock m270_4xobj_3_grid_r3_c4.png,2403,1,132,304,46.0,3
8,3_320x stock m270_4xobj_3_grid_r3_c4.png,2404,1,296,304,46.0,3
8,3_320x stock m270_4xobj_3_grid_r3_c4.png,2405,1,44,300,31.5,3
8,3_320x stock m270_4xobj_3_grid_r3_c4.png,2406,1,492,294,46.0,3
8,3_320x stock m270_4xobj_3_grid_r3_c4.png,2407,1,349,291,31.5,3
8,3_320x stock m270_4xobj_3_grid_r3_c4.png,2408,1,147,285,46.0,3
8,3_320x stock m270_4xobj_3_grid_r3_c4.png,2409,1,328,283,31.5,3
8,3_320x stock m270_4xobj_3_grid_r3_c4.png,2410,1,270,283,31.5,3
8,3_320x stock m270_4xobj_3_grid_r3_c4.png,2411,1,349,280,31.5,3
8,3_320x stock m270_4xobj_3_grid_r3_c4.png,2412,1,139,279,31.5,3
8,3_320x stock m270_4xobj_3_grid_r3_c4.png,2413,1,333,266,46.0,3
8,3_320x stock m270_4xobj_3_grid_r3_c4.png,2414,1,416,265,46.0,3
8,3_320x stock m270_4xobj_3_grid_r3_c4.png,2415,1,266,262,31.5,3
8,3_320x stock m270_4xobj_3_grid_r3_c4.png,2416,1,397,256,31.5,3
8,3_320x stock m270_4xobj_3_grid_r3_c4.png,2417,1,64,249,46.0,3
8,3_320x stock m270_4xobj_3_grid_r3_c4.png,2418,1,236,235,31.5,3
8,3_320x stock m270_4xobj_3_grid_r3_c4.png,2419,1,91,235,46.0,3
8,3_320x stock m270_4xobj_3_grid_r3_c4.png,2420,1,452,226,46.0,3
8,3_320x stock m270_4xobj_3_grid_r3_c4.png,2421,1,372,226,46.0,3
8,3_320x stock m270_4xobj_3_grid_r3_c4.png,2422,1,271,226,46.0,3
8,3_320x stock m270_4xobj_3_grid_r3_c4.png,2423,1,210,222,31.5,3
8,3_320x stock m270_4xobj_3_grid_r3_c4.png,2424,1,387,219,31.5,3
8,3_320x stock m270_4xobj_3_grid_r3_c4.png,2425,1,319,218,46.0,3
8,3_320x stock m270_4xobj_3_grid_r3_c4.png,2426,1,113,206,46.0,3
8,3_320x stock m270_4xobj_3_grid_r3_c4.png,2427,1,359,174,31.5,3
8,3_320x stock m270_4xobj_3_grid_r3_c4.png,2428,1,146,172,46.0,3
8,3_320x stock m270_4xobj_3_grid_r3_c4.png,2429,1,134,168,46.0,3
8,3_320x stock m270_4xobj_3_grid_r3_c4.png,2430,1,40,156,46.0,3
8,3_320x stock m270_4xobj_3_grid_r3_c4.png,2431,1,232,147,46.0,3
8,3_320x stock m270_4xobj_3_grid_r3_c4.png,2432,1,257,146,46.0,3
8,3_320x stock m270_4xobj_3_grid_r3_c4.png,2433,1,67,143,46.0,3
8,3_320x stock m270_4xobj_3_grid_r3_c4.png,2434,1,177,141,46.0,3
8,3_320x stock m270_4xobj_3_grid_r3_c4.png,2435,1,104,140,46.0,3
8,3_320x stock m270_4xobj_3_grid_r3_c4.png,2436,1,55,137,46.0,3
8,3_320x stock m270_4xobj_3_grid_r3_c4.png,2437,1,29,135,46.0,3
8,3_320x stock m270_4xobj_3_grid_r3_c4.png,2438,1,20,127,31.5,3
8,3_320x stock m270_4xobj_3_grid_r3_c4.png,2439,1,186,123,46.0,3
8,3_320x stock m270_4xobj_3_grid_r3_c4.png,2440,1,151,119,46.0,3
8,3_320x stock m270_4xobj_3_grid_r3_c4.png,2441,1,287,118,46.0,3
8,3_320x stock m270_4xobj_3_grid_r3_c4.png,2442,1,243,117,46.0,3
8,3_320x stock m270_4xobj_3_grid_r3_c4.png,2443,1,30,100,31.5,3
8,3_320x stock m270_4xobj_3_grid_r3_c4.png,2444,1,116,86,46.0,3
8,3_320x stock m270_4xobj_3_grid_r3_c4.png,2445,1,389,85,46.0,3
8,3_320x stock m270_4xobj_3_grid_r3_c4.png,2446,1,21,84,46.0,3
8,3_320x stock m270_4xobj_3_grid_r3_c4.png,2447,1,200,84,46.0,3
8,3_320x stock m270_4xobj_3_grid_r3_c4.png,2448,1,47,86,104.0,5
8,3_320x stock m270_4xobj_3_grid_r3_c4.png,2449,1,4,67,31.5,3
8,3_320x stock m270_4xobj_3_grid_r3_c4.png,2450,1,66,54,46.0,3
8,3_320x stock m270_4xobj_3_grid_r3_c4.png,2451,1,353,504,46.0,3
8,3_320x stock m270_4xobj_3_grid_r3_c4.png,2452,1,308,502,31.5,3
8,3_320x stock m270_4xobj_3_grid_r3_c4.png,2453,1,294,493,46.0,3
8,3_320x stock m270_4xobj_3_grid_r3_c4.png,2454,1,156,493,31.5,3
8,3_320x stock m270_4xobj_3_grid_r3_c4.png,2455,1,276,491,46.0,3
8,3_320x stock m270_4xobj_3_grid_r3_c4.png,2456,1,498,489,46.0,3
8,3_320x stock m270_4xobj_3_grid_r3_c4.png,2457,1,391,475,31.5,3
8,3_320x stock m270_4xobj_3_grid_r3_c4.png,2458,1,347,470,31.5,3
8,3_320x stock m270_4xobj_3_grid_r3_c4.png,2459,1,178,469,46.0,3
8,3_320x stock m270_4xobj_3_grid_r3_c4.png,2460,1,131,465,46.0,3
8,3_320x stock m270_4xobj_3_grid_r3_c4.png,2461,1,32,462,31.5,3
8,3_320x stock m270_4xobj_3_grid_r3_c4.png,2462,1,476,461,74.5,4
8,3_320x stock m270_4xobj_3_grid_r3_c4.png,2463,1,271,460,31.5,3
8,3_320x stock m270_4xobj_3_grid_r3_c4.png,2464,1,254,452,46.0,3
8,3_320x stock m270_4xobj_3_grid_r3_c4.png,2465,1,316,450,31.5,3
8,3_320x stock m270_4xobj_3_grid_r3_c4.png,2466,1,245,445,31.5,3
8,3_320x stock m270_4xobj_3_grid_r3_c4.png,2467,1,175,443,31.5,3
8,3_320x stock m270_4xobj_3_grid_r3_c4.png,2468,1,98,442,46.0,3
8,3_320x stock m270_4xobj_3_grid_r3_c4.png,2469,1,468,439,31.5,3
8,3_320x stock m270_4xobj_3_grid_r3_c4.png,2470,1,444,439,46.0,3
8,3_320x stock m270_4xobj_3_grid_r3_c4.png,2471,1,505,418,46.0,3
8,3_320x stock m270_4xobj_3_grid_r3_c4.png,2472,1,293,416,74.5,4
8,3_320x stock m270_4xobj_3_grid_r3_c4.png,2473,1,323,414,46.0,3
8,3_320x stock m270_4xobj_3_grid_r3_c4.png,2474,1,457,409,74.5,4
8,3_320x stock m270_4xobj_3_grid_r3_c4.png,2475,1,161,403,46.0,3
8,3_320x stock m270_4xobj_3_grid_r3_c4.png,2476,1,318,400,46.0,3
8,3_320x stock m270_4xobj_3_grid_r3_c4.png,2477,1,99,392,46.0,3
8,3_320x stock m270_4xobj_3_grid_r3_c4.png,2478,1,300,391,46.0,3
8,3_320x stock m270_4xobj_3_grid_r3_c4.png,2479,1,210,383,46.0,3
8,3_320x stock m270_4xobj_3_grid_r3_c4.png,2480,1,37,381,46.0,3
8,3_320x stock m270_4xobj_3_grid_r3_c4.png,2481,1,328,375,46.0,3
8,3_320x stock m270_4xobj_3_grid_r3_c4.png,2482,1,342,366,46.0,3
8,3_320x stock m270_4xobj_3_grid_r3_c4.png,2483,1,18,365,31.5,3
8,3_320x stock m270_4xobj_3_grid_r3_c4.png,2484,1,282,362,46.0,3
8,3_320x stock m270_4xobj_3_grid_r3_c4.png,2485,1,447,358,46.0,3
8,3_320x stock m270_4xobj_3_grid_r3_c4.png,2486,1,217,357,46.0,3
8,3_320x stock m270_4xobj_3_grid_r3_c4.png,2487,1,139,356,46.0,3
8,3_320x stock m270_4xobj_3_grid_r3_c4.png,2488,1,52,352,46.0,3
8,3_320x stock m270_4xobj_3_grid_r3_c4.png,2489,1,310,339,46.0,3
8,3_320x stock m270_4xobj_3_grid_r3_c4.png,2490,1,204,339,46.0,3
8,3_320x stock m270_4xobj_3_grid_r3_c4.png,2491,1,91,339,46.0,3
8,3_320x stock m270_4xobj_3_grid_r3_c4.png,2492,1,275,312,46.0,3
8,3_320x stock m270_4xobj_3_grid_r3_c4.png,2493,1,71,304,46.0,3
8,3_320x stock m270_4xobj_3_grid_r3_c4.png,2494,1,408,302,74.5,4
8,3_320x stock m270_4xobj_3_grid_r3_c4.png,2495,1,157,298,46.0,3
8,3_320x stock m270_4xobj_3_grid_r3_c4.png,2496,1,172,278,74.5,4
8,3_320x stock m270_4xobj_3_grid_r3_c4.png,2497,1,17,275,46.0,3
8,3_320x stock m270_4xobj_3_grid_r3_c4.png,2498,1,172,261,46.0,3
8,3_320x stock m270_4xobj_3_grid_r3_c4.png,2499,1,107,256,46.0,3
8,3_320x stock m270_4xobj_3_grid_r3_c4.png,2500,1,48,246,46.0,3
8,3_320x stock m270_4xobj_3_grid_r3_c4.png,2501,1,320,238,74.5,4
8,3_320x stock m270_4xobj_3_grid_r3_c4.png,2502,1,22,229,46.0,3
8,3_320x stock m270_4xobj_3_grid_r3_c4.png,2503,1,101,219,46.0,3
8,3_320x stock m270_4xobj_3_grid_r3_c4.png,2504,1,4,200,31.5,3
8,3_320x stock m270_4xobj_3_grid_r3_c4.png,2505,1,75,192,74.5,4
8,3_320x stock m270_4xobj_3_grid_r3_c4.png,2506,1,133,185,46.0,3
8,3_320x stock m270_4xobj_3_grid_r3_c4.png,2507,1,92,174,46.0,3
8,3_320x stock m270_4xobj_3_grid_r3_c4.png,2508,1,373,175,46.0,3
8,3_320x stock m270_4xobj_3_grid_r3_c4.png,2509,1,48,166,74.5,4
8,3_320x stock m270_4xobj_3_grid_r3_c4.png,2510,1,387,163,46.0,3
8,3_320x stock m270_4xobj_3_grid_r3_c4.png,2511,1,287,156,46.0,3
8,3_320x stock m270_4xobj_3_grid_r3_c4.png,2512,1,117,121,74.5,4
8,3_320x stock m270_4xobj_3_grid_r3_c4.png,2513,1,5,11,31.5,3
8,3_320x stock m270_4xobj_3_grid_r3_c4.png,2514,1,7,497,31.5,3
8,3_320x stock m270_4xobj_3_grid_r3_c4.png,2515,1,81,487,46.0,3
8,3_320x stock m270_4xobj_3_grid_r3_c4.png,2516,1,432,486,46.0,3
8,3_320x stock m270_4xobj_3_grid_r3_c4.png,2517,1,32,485,46.0,3
8,3_320x stock m270_4xobj_3_grid_r3_c4.png,2518,1,123,484,46.0,3
8,3_320x stock m270_4xobj_3_grid_r3_c4.png,2519,1,154,479,31.5,3
8,3_320x stock m270_4xobj_3_grid_r3_c4.png,2520,1,190,476,46.0,3
8,3_320x stock m270_4xobj_3_grid_r3_c4.png,2521,1,23,475,46.0,3
8,3_320x stock m270_4xobj_3_grid_r3_c4.png,2522,1,275,474,74.5,4
8,3_320x stock m270_4xobj_3_grid_r3_c4.png,2523,1,111,465,46.0,3
8,3_320x stock m270_4xobj_3_grid_r3_c4.png,2524,1,144,462,46.0,3
8,3_320x stock m270_4xobj_3_grid_r3_c4.png,2525,1,186,460,46.0,3
8,3_320x stock m270_4xobj_3_grid_r3_c4.png,2526,1,44,445,46.0,3
8,3_320x stock m270_4xobj_3_grid_r3_c4.png,2527,1,193,443,46.0,3
8,3_320x stock m270_4xobj_3_grid_r3_c4.png,2528,1,107,434,31.5,3
8,3_320x stock m270_4xobj_3_grid_r3_c4.png,2529,1,149,432,46.0,3
8,3_320x stock m270_4xobj_3_grid_r3_c4.png,2530,1,208,419,46.0,3
8,3_320x stock m270_4xobj_3_grid_r3_c4.png,2531,1,157,418,46.0,3
8,3_320x stock m270_4xobj_3_grid_r3_c4.png,2532,1,255,410,74.5,4
8,3_320x stock m270_4xobj_3_grid_r3_c4.png,2533,1,45,406,46.0,3
8,3_320x stock m270_4xobj_3_grid_r3_c4.png,2534,1,82,402,31.5,3
8,3_320x stock m270_4xobj_3_grid_r3_c4.png,2535,1,162,381,74.5,4
8,3_320x stock m270_4xobj_3_grid_r3_c4.png,2536,1,60,371,46.0,3
8,3_320x stock m270_4xobj_3_grid_r3_c4.png,2537,1,80,370,46.0,3
8,3_320x stock m270_4xobj_3_grid_r3_c4.png,2538,1,98,367,147.5,6
8,3_320x stock m270_4xobj_3_grid_r3_c4.png,2539,1,375,332,104.0,5
8,3_320x stock m270_4xobj_3_grid_r3_c4.png,2540,1,84,308,46.0,3
8,3_320x stock m270_4xobj_3_grid_r3_c4.png,2541,1,62,295,46.0,3
8,3_320x stock m270_4xobj_3_grid_r3_c4.png,2542,1,91,195,46.0,3
8,3_320x stock m270_4xobj_3_grid_r3_c4.png,2543,1,271,179,74.5,4
8,3_320x stock m270_4xobj_3_grid_r3_c4.png,2544,1,81,156,74.5,4
8,3_320x stock m270_4xobj_3_grid_r3_c4.png,2545,1,308,470,104.0,5
8,3_320x stock m270_4xobj_3_grid_r3_c4.png,2546,1,353,454,46.0,3
8,3_320x stock m270_4xobj_3_grid_r3_c4.png,2547,1,25,447,147.5,6
8,3_320x stock m270_4xobj_3_grid_r3_c4.png,2548,1,3,415,31.5,3
9,3_320x stock m270_4xobj_3_grid_r3_c5.png,2549,1,385,228,46.0,3
9,3_320x stock m270_4xobj_3_grid_r3_c5.png,2550,1,497,205,31.5,3
9,3_320x stock m270_4xobj_3_grid_r3_c5.png,2551,1,375,175,31.5,3
9,3_320x stock m270_4xobj_3_grid_r3_c5.png,2552,1,448,6,46.0,3
9,3_320x stock m270_4xobj_3_grid_r3_c5.png,2553,1,83,507,31.5,3
9,3_320x stock m270_4xobj_3_grid_r3_c5.png,2554,1,204,275,31.5,3
9,3_320x stock m270_4xobj_3_grid_r3_c5.png,2555,1,90,34,46.0,3
9,3_320x stock m270_4xobj_3_grid_r3_c5.png,2556,1,119,7,104.0,5
9,3_320x stock m270_4xobj_3_grid_r3_c5.png,2557,1,446,414,31.5,3
9,3_320x stock m270_4xobj_3_grid_r3_c5.png,2558,1,84,275,31.5,3
9,3_320x stock m270_4xobj_3_grid_r3_c5.png,2559,1,380,247,46.0,3
9,3_320x stock m270_4xobj_3_grid_r3_c5.png,2560,1,304,229,31.5,3
9,3_320x stock m270_4xobj_3_grid_r3_c5.png,2561,1,467,219,31.5,3
9,3_320x stock m270_4xobj_3_grid_r3_c5.png,2562,1,348,181,104.0,5
9,3_320x stock m270_4xobj_3_grid_r3_c5.png,2563,1,28,112,74.5,4
9,3_320x stock m270_4xobj_3_grid_r3_c5.png,2564,1,336,109,74.5,4
9,3_320x stock m270_4xobj_3_grid_r3_c5.png,2565,1,200,22,31.5,3
9,3_320x stock m270_4xobj_3_grid_r3_c5.png,2566,1,435,490,31.5,3
9,3_320x stock m270_4xobj_3_grid_r3_c5.png,2567,1,88,479,31.5,3
9,3_320x stock m270_4xobj_3_grid_r3_c5.png,2568,1,181,369,74.5,4
9,3_320x stock m270_4xobj_3_grid_r3_c5.png,2569,1,51,332,104.0,5
9,3_320x stock m270_4xobj_3_grid_r3_c5.png,2570,1,311,246,74.5,4
9,3_320x stock m270_4xobj_3_grid_r3_c5.png,2571,1,504,239,74.5,4
9,3_320x stock m270_4xobj_3_grid_r3_c5.png,2572,1,65,205,46.0,3
9,3_320x stock m270_4xobj_3_grid_r3_c5.png,2573,1,52,200,104.0,5
9,3_320x stock m270_4xobj_3_grid_r3_c5.png,2574,1,447,191,104.0,5
9,3_320x stock m270_4xobj_3_grid_r3_c5.png,2575,1,15,98,74.5,4
9,3_320x stock m270_4xobj_3_grid_r3_c5.png,2576,1,202,60,104.0,5
9,3_320x stock m270_4xobj_3_grid_r3_c5.png,2577,1,286,56,74.5,4
9,3_320x stock m270_4xobj_3_grid_r3_c5.png,2578,1,248,37,74.5,4
9,3_320x stock m270_4xobj_3_grid_r3_c5.png,2579,1,183,10,74.5,4
9,3_320x stock m270_4xobj_3_grid_r3_c5.png,2580,1,375,7,74.5,4
9,3_320x stock m270_4xobj_3_grid_r3_c5.png,2581,1,465,494,46.0,3
9,3_320x stock m270_4xobj_3_grid_r3_c5.png,2582,1,335,479,74.5,4
9,3_320x stock m270_4xobj_3_grid_r3_c5.png,2583,1,147,369,104.0,5
9,3_320x stock m270_4xobj_3_grid_r3_c5.png,2584,1,354,267,147.5,6
9,3_320x stock m270_4xobj_3_grid_r3_c5.png,2585,1,427,189,31.5,3
9,3_320x stock m270_4xobj_3_grid_r3_c5.png,2586,1,446,161,31.5,3
9,3_320x stock m270_4xobj_3_grid_r3_c5.png,2587,1,207,131,147.5,6
9,3_320x stock m270_4xobj_3_grid_r3_c5.png,2588,1,28,84,31.5,3
9,3_320x stock m270_4xobj_3_grid_r3_c5.png,2589,1,428,77,46.0,3
9,3_320x stock m270_4xobj_3_grid_r3_c5.png,2590,1,469,74,31.5,3
9,3_320x stock m270_4xobj_3_grid_r3_c5.png,2591,1,501,60,147.5,6
9,3_320x stock m270_4xobj_3_grid_r3_c5.png,2592,1,317,36,31.5,3
9,3_320x stock m270_4xobj_3_grid_r3_c5.png,2593,1,59,471,31.5,3
9,3_320x stock m270_4xobj_3_grid_r3_c5.png,2594,1,269,398,31.5,3
9,3_320x stock m270_4xobj_3_grid_r3_c5.png,2595,1,431,320,31.5,3
9,3_320x stock m270_4xobj_3_grid_r3_c5.png,2596,1,333,243,31.5,3
9,3_320x stock m270_4xobj_3_grid_r3_c5.png,2597,1,367,242,46.0,3
9,3_320x stock m270_4xobj_3_grid_r3_c5.png,2598,1,317,209,31.5,3
9,3_320x stock m270_4xobj_3_grid_r3_c5.png,2599,1,434,180,31.5,3
9,3_320x stock m270_4xobj_3_grid_r3_c5.png,2600,1,435,167,31.5,3
9,3_320x stock m270_4xobj_3_grid_r3_c5.png,2601,1,448,144,31.5,3
9,3_320x stock m270_4xobj_3_grid_r3_c5.png,2602,1,187,133,31.5,3
9,3_320x stock m270_4xobj_3_grid_r3_c5.png,2603,1,147,131,31.5,3
9,3_320x stock m270_4xobj_3_grid_r3_c5.png,2604,1,312,80,31.5,3
9,3_320x stock m270_4xobj_3_grid_r3_c5.png,2605,1,385,70,31.5,3
9,3_320x stock m270_4xobj_3_grid_r3_c5.png,2606,1,120,52,31.5,3
9,3_320x stock m270_4xobj_3_grid_r3_c5.png,2607,1,434,38,31.5,3
9,3_320x stock m270_4xobj_3_grid_r3_c5.png,2608,1,177,38,46.0,3
9,3_320x stock m270_4xobj_3_grid_r3_c5.png,2609,1,125,37,31.5,3
9,3_320x stock m270_4xobj_3_grid_r3_c5.png,2610,1,268,24,31.5,3
9,3_320x stock m270_4xobj_3_grid_r3_c5.png,2611,1,389,14,74.5,4
9,3_320x stock m270_4xobj_3_grid_r3_c5.png,2612,1,402,3,31.5,3
9,3_320x stock m270_4xobj_3_grid_r3_c5.png,2613,1,61,493,46.0,3
9,3_320x stock m270_4xobj_3_grid_r3_c5.png,2614,1,15,466,104.0,5
9,3_320x stock m270_4xobj_3_grid_r3_c5.png,2615,1,370,406,31.5,3
9,3_320x stock m270_4xobj_3_grid_r3_c5.png,2616,1,378,406,31.5,3
9,3_320x stock m270_4xobj_3_grid_r3_c5.png,2617,1,481,358,46.0,3
9,3_320x stock m270_4xobj_3_grid_r3_c5.png,2618,1,127,322,74.5,4
9,3_320x stock m270_4xobj_3_grid_r3_c5.png,2619,1,338,295,46.0,3
9,3_320x stock m270_4xobj_3_grid_r3_c5.png,2620,1,486,279,46.0,3
9,3_320x stock m270_4xobj_3_grid_r3_c5.png,2621,1,98,275,31.5,3
9,3_320x stock m270_4xobj_3_grid_r3_c5.png,2622,1,441,245,46.0,3
9,3_320x stock m270_4xobj_3_grid_r3_c5.png,2623,1,29,246,74.5,4
9,3_320x stock m270_4xobj_3_grid_r3_c5.png,2624,1,113,242,46.0,3
9,3_320x stock m270_4xobj_3_grid_r3_c5.png,2625,1,446,234,31.5,3
9,3_320x stock m270_4xobj_3_grid_r3_c5.png,2626,1,359,231,46.0,3
9,3_320x stock m270_4xobj_3_grid_r3_c5.png,2627,1,343,206,31.5,3
9,3_320x stock m270_4xobj_3_grid_r3_c5.png,2628,1,262,203,46.0,3
9,3_320x stock m270_4xobj_3_grid_r3_c5.png,2629,1,485,198,46.0,3
9,3_320x stock m270_4xobj_3_grid_r3_c5.png,2630,1,174,191,31.5,3
9,3_320x stock m270_4xobj_3_grid_r3_c5.png,2631,1,392,189,31.5,3
9,3_320x stock m270_4xobj_3_grid_r3_c5.png,2632,1,489,183,31.5,3
9,3_320x stock m270_4xobj_3_grid_r3_c5.png,2633,1,332,184,31.5,3
9,3_320x stock m270_4xobj_3_grid_r3_c5.png,2634,1,399,182,46.0,3
9,3_320x stock m270_4xobj_3_grid_r3_c5.png,2635,1,326,175,31.5,3
9,3_320x stock m270_4xobj_3_grid_r3_c5.png,2636,1,363,173,31.5,3
9,3_320x stock m270_4xobj_3_grid_r3_c5.png,2637,1,488,157,31.5,3
9,3_320x stock m270_4xobj_3_grid_r3_c5.png,2638,1,428,157,31.5,3
9,3_320x stock m270_4xobj_3_grid_r3_c5.png,2639,1,276,155,31.5,3
9,3_320x stock m270_4xobj_3_grid_r3_c5.png,2640,1,445,128,46.0,3
9,3_320x stock m270_4xobj_3_grid_r3_c5.png,2641,1,144,122,31.5,3
9,3_320x stock m270_4xobj_3_grid_r3_c5.png,2642,1,61,120,46.0,3
9,3_320x stock m270_4xobj_3_grid_r3_c5.png,2643,1,464,113,46.0,3
9,3_320x stock m270_4xobj_3_grid_r3_c5.png,2644,1,270,114,31.5,3
9,3_320x stock m270_4xobj_3_grid_r3_c5.png,2645,1,288,106,31.5,3
9,3_320x stock m270_4xobj_3_grid_r3_c5.png,2646,1,240,84,31.5,3
9,3_320x stock m270_4xobj_3_grid_r3_c5.png,2647,1,232,77,31.5,3
9,3_320x stock m270_4xobj_3_grid_r3_c5.png,2648,1,443,74,31.5,3
9,3_320x stock m270_4xobj_3_grid_r3_c5.png,2649,1,378,66,46.0,3
9,3_320x stock m270_4xobj_3_grid_r3_c5.png,2650,1,400,52,46.0,3
9,3_320x stock m270_4xobj_3_grid_r3_c5.png,2651,1,170,45,46.0,3
9,3_320x stock m270_4xobj_3_grid_r3_c5.png,2652,1,264,45,46.0,3
9,3_320x stock m270_4xobj_3_grid_r3_c5.png,2653,1,498,38,31.5,3
9,3_320x stock m270_4xobj_3_grid_r3_c5.png,2654,1,472,34,46.0,3
9,3_320x stock m270_4xobj_3_grid_r3_c5.png,2655,1,183,27,31.5,3
9,3_320x stock m270_4xobj_3_grid_r3_c5.png,2656,1,144,26,46.0,3
9,3_320x stock m270_4xobj_3_grid_r3_c5.png,2657,1,67,22,31.5,3
9,3_320x stock m270_4xobj_3_grid_r3_c5.png,2658,1,454,21,74.5,4
9,3_320x stock m270_4xobj_3_grid_r3_c5.png,2659,1,87,21,31.5,3
9,3_320x stock m270_4xobj_3_grid_r3_c5.png,2660,1,158,474,31.5,3
9,3_320x stock m270_4xobj_3_grid_r3_c5.png,2661,1,146,457,31.5,3
9,3_320x stock m270_4xobj_3_grid_r3_c5.png,2662,1,483,424,31.5,3
9,3_320x stock m270_4xobj_3_grid_r3_c5.png,2663,1,421,420,46.0,3
9,3_320x stock m270_4xobj_3_grid_r3_c5.png,2664,1,165,389,31.5,3
9,3_320x stock m270_4xobj_3_grid_r3_c5.png,2665,1,476,380,46.0,3
9,3_320x stock m270_4xobj_3_grid_r3_c5.png,2666,1,349,377,31.5,3
9,3_320x stock m270_4xobj_3_grid_r3_c5.png,2667,1,334,375,46.0,3
9,3_320x stock m270_4xobj_3_grid_r3_c5.png,2668,1,206,376,46.0,3
9,3_320x stock m270_4xobj_3_grid_r3_c5.png,2669,1,124,368,31.5,3
9,3_320x stock m270_4xobj_3_grid_r3_c5.png,2670,1,204,364,31.5,3
9,3_320x stock m270_4xobj_3_grid_r3_c5.png,2671,1,427,356,31.5,3
9,3_320x stock m270_4xobj_3_grid_r3_c5.png,2672,1,403,352,31.5,3
9,3_320x stock m270_4xobj_3_grid_r3_c5.png,2673,1,236,324,46.0,3
9,3_320x stock m270_4xobj_3_grid_r3_c5.png,2674,1,274,320,46.0,3
9,3_320x stock m270_4xobj_3_grid_r3_c5.png,2675,1,160,317,46.0,3
9,3_320x stock m270_4xobj_3_grid_r3_c5.png,2676,1,317,312,31.5,3
9,3_320x stock m270_4xobj_3_grid_r3_c5.png,2677,1,146,311,31.5,3
9,3_320x stock m270_4xobj_3_grid_r3_c5.png,2678,1,402,309,31.5,3
9,3_320x stock m270_4xobj_3_grid_r3_c5.png,2679,1,306,299,31.5,3
9,3_320x stock m270_4xobj_3_grid_r3_c5.png,2680,1,405,291,31.5,3
9,3_320x stock m270_4xobj_3_grid_r3_c5.png,2681,1,344,286,46.0,3
9,3_320x stock m270_4xobj_3_grid_r3_c5.png,2682,1,41,280,31.5,3
9,3_320x stock m270_4xobj_3_grid_r3_c5.png,2683,1,138,271,31.5,3
9,3_320x stock m270_4xobj_3_grid_r3_c5.png,2684,1,130,264,31.5,3
9,3_320x stock m270_4xobj_3_grid_r3_c5.png,2685,1,246,261,31.5,3
9,3_320x stock m270_4xobj_3_grid_r3_c5.png,2686,1,434,259,31.5,3
9,3_320x stock m270_4xobj_3_grid_r3_c5.png,2687,1,188,256,46.0,3
9,3_320x stock m270_4xobj_3_grid_r3_c5.png,2688,1,472,255,46.0,3
9,3_320x stock m270_4xobj_3_grid_r3_c5.png,2689,1,462,248,31.5,3
9,3_320x stock m270_4xobj_3_grid_r3_c5.png,2690,1,217,248,46.0,3
9,3_320x stock m270_4xobj_3_grid_r3_c5.png,2691,1,43,243,46.0,3
9,3_320x stock m270_4xobj_3_grid_r3_c5.png,2692,1,491,237,31.5,3
9,3_320x stock m270_4xobj_3_grid_r3_c5.png,2693,1,128,232,46.0,3
9,3_320x stock m270_4xobj_3_grid_r3_c5.png,2694,1,106,229,31.5,3
9,3_320x stock m270_4xobj_3_grid_r3_c5.png,2695,1,208,231,104.0,5
9,3_320x stock m270_4xobj_3_grid_r3_c5.png,2696,1,120,222,31.5,3
9,3_320x stock m270_4xobj_3_grid_r3_c5.png,2697,1,130,218,31.5,3
9,3_320x stock m270_4xobj_3_grid_r3_c5.png,2698,1,453,210,31.5,3
9,3_320x stock m270_4xobj_3_grid_r3_c5.png,2699,1,190,204,46.0,3
9,3_320x stock m270_4xobj_3_grid_r3_c5.png,2700,1,295,193,31.5,3
9,3_320x stock m270_4xobj_3_grid_r3_c5.png,2701,1,196,182,46.0,3
9,3_320x stock m270_4xobj_3_grid_r3_c5.png,2702,1,309,177,46.0,3
9,3_320x stock m270_4xobj_3_grid_r3_c5.png,2703,1,413,174,31.5,3
9,3_320x stock m270_4xobj_3_grid_r3_c5.png,2704,1,227,165,46.0,3
9,3_320x stock m270_4xobj_3_grid_r3_c5.png,2705,1,108,164,31.5,3
9,3_320x stock m270_4xobj_3_grid_r3_c5.png,2706,1,339,154,31.5,3
9,3_320x stock m270_4xobj_3_grid_r3_c5.png,2707,1,365,152,46.0,3
9,3_320x stock m270_4xobj_3_grid_r3_c5.png,2708,1,130,146,46.0,3
9,3_320x stock m270_4xobj_3_grid_r3_c5.png,2709,1,116,147,46.0,3
9,3_320x stock m270_4xobj_3_grid_r3_c5.png,2710,1,350,147,46.0,3
9,3_320x stock m270_4xobj_3_grid_r3_c5.png,2711,1,471,135,46.0,3
9,3_320x stock m270_4xobj_3_grid_r3_c5.png,2712,1,403,135,46.0,3
9,3_320x stock m270_4xobj_3_grid_r3_c5.png,2713,1,228,129,74.5,4
9,3_320x stock m270_4xobj_3_grid_r3_c5.png,2714,1,385,125,46.0,3
9,3_320x stock m270_4xobj_3_grid_r3_c5.png,2715,1,425,121,31.5,3
9,3_320x stock m270_4xobj_3_grid_r3_c5.png,2716,1,81,114,46.0,3
9,3_320x stock m270_4xobj_3_grid_r3_c5.png,2717,1,164,110,46.0,3
9,3_320x stock m270_4xobj_3_grid_r3_c5.png,2718,1,371,110,46.0,3
9,3_320x stock m270_4xobj_3_grid_r3_c5.png,2719,1,248,105,46.0,3
9,3_320x stock m270_4xobj_3_grid_r3_c5.png,2720,1,431,102,74.5,4
9,3_320x stock m270_4xobj_3_grid_r3_c5.png,2721,1,179,99,31.5,3
9,3_320x stock m270_4xobj_3_grid_r3_c5.png,2722,1,277,97,46.0,3
9,3_320x stock m270_4xobj_3_grid_r3_c5.png,2723,1,35,94,31.5,3
9,3_320x stock m270_4xobj_3_grid_r3_c5.png,2724,1,54,93,31.5,3
9,3_320x stock m270_4xobj_3_grid_r3_c5.png,2725,1,130,88,46.0,3
9,3_320x stock m270_4xobj_3_grid_r3_c5.png,2726,1,154,90,46.0,3
9,3_320x stock m270_4xobj_3_grid_r3_c5.png,2727,1,219,87,74.5,4
9,3_320x stock m270_4xobj_3_grid_r3_c5.png,2728,1,419,84,31.5,3
9,3_320x stock m270_4xobj_3_grid_r3_c5.png,2729,1,193,79,46.0,3
9,3_320x stock m270_4xobj_3_grid_r3_c5.png,2730,1,14,78,31.5,3
9,3_320x stock m270_4xobj_3_grid_r3_c5.png,2731,1,335,72,46.0,3
9,3_320x stock m270_4xobj_3_grid_r3_c5.png,2732,1,268,72,31.5,3
9,3_320x stock m270_4xobj_3_grid_r3_c5.png,2733,1,22,67,31.5,3
9,3_320x stock m270_4xobj_3_grid_r3_c5.png,2734,1,236,63,46.0,3
9,3_320x stock m270_4xobj_3_grid_r3_c5.png,2735,1,35,63,31.5,3
9,3_320x stock m270_4xobj_3_grid_r3_c5.png,2736,1,386,54,46.0,3
9,3_320x stock m270_4xobj_3_grid_r3_c5.png,2737,1,12,54,46.0,3
9,3_320x stock m270_4xobj_3_grid_r3_c5.png,2738,1,4,47,31.5,3
9,3_320x stock m270_4xobj_3_grid_r3_c5.png,2739,1,15,32,46.0,3
9,3_320x stock m270_4xobj_3_grid_r3_c5.png,2740,1,28,28,31.5,3
9,3_320x stock m270_4xobj_3_grid_r3_c5.png,2741,1,249,21,46.0,3
9,3_320x stock m270_4xobj_3_grid_r3_c5.png,2742,1,263,15,31.5,3
9,3_320x stock m270_4xobj_3_grid_r3_c5.png,2743,1,72,10,46.0,3
9,3_320x stock m270_4xobj_3_grid_r3_c5.png,2744,1,166,504,31.5,3
9,3_320x stock m270_4xobj_3_grid_r3_c5.png,2745,1,272,502,31.5,3
9,3_320x stock m270_4xobj_3_grid_r3_c5.png,2746,1,70,477,46.0,3
9,3_320x stock m270_4xobj_3_grid_r3_c5.png,2747,1,402,473,31.5,3
9,3_320x stock m270_4xobj_3_grid_r3_c5.png,2748,1,370,467,46.0,3
9,3_320x stock m270_4xobj_3_grid_r3_c5.png,2749,1,100,452,8.0,1
9,3_320x stock m270_4xobj_3_grid_r3_c5.png,2750,1,317,450,46.0,3
9,3_320x stock m270_4xobj_3_grid_r3_c5.png,2751,1,227,450,46.0,3
9,3_320x stock m270_4xobj_3_grid_r3_c5.png,2752,1,380,446,74.5,4
9,3_320x stock m270_4xobj_3_grid_r3_c5.png,2753,1,367,435,31.5,3
9,3_320x stock m270_4xobj_3_grid_r3_c5.png,2754,1,97,434,46.0,3
9,3_320x stock m270_4xobj_3_grid_r3_c5.png,2755,1,105,429,31.5,3
9,3_320x stock m270_4xobj_3_grid_r3_c5.png,2756,1,148,422,46.0,3
9,3_320x stock m270_4xobj_3_grid_r3_c5.png,2757,1,6,417,46.0,3
9,3_320x stock m270_4xobj_3_grid_r3_c5.png,2758,1,323,410,46.0,3
9,3_320x stock m270_4xobj_3_grid_r3_c5.png,2759,1,273,410,31.5,3
9,3_320x stock m270_4xobj_3_grid_r3_c5.png,2760,1,237,410,46.0,3
9,3_320x stock m270_4xobj_3_grid_r3_c5.png,2761,1,177,397,46.0,3
9,3_320x stock m270_4xobj_3_grid_r3_c5.png,2762,1,357,393,46.0,3
9,3_320x stock m270_4xobj_3_grid_r3_c5.png,2763,1,459,389,31.5,3
9,3_320x stock m270_4xobj_3_grid_r3_c5.png,2764,1,71,389,31.5,3
9,3_320x stock m270_4xobj_3_grid_r3_c5.png,2765,1,448,387,31.5,3
9,3_320x stock m270_4xobj_3_grid_r3_c5.png,2766,1,373,371,46.0,3
9,3_320x stock m270_4xobj_3_grid_r3_c5.png,2767,1,114,373,46.0,3
9,3_320x stock m270_4xobj_3_grid_r3_c5.png,2768,1,503,368,46.0,3
9,3_320x stock m270_4xobj_3_grid_r3_c5.png,2769,1,224,363,46.0,3
9,3_320x stock m270_4xobj_3_grid_r3_c5.png,2770,1,69,352,46.0,3
9,3_320x stock m270_4xobj_3_grid_r3_c5.png,2771,1,178,349,31.5,3
9,3_320x stock m270_4xobj_3_grid_r3_c5.png,2772,1,199,346,46.0,3
9,3_320x stock m270_4xobj_3_grid_r3_c5.png,2773,1,489,344,46.0,3
9,3_320x stock m270_4xobj_3_grid_r3_c5.png,2774,1,347,344,74.5,4
9,3_320x stock m270_4xobj_3_grid_r3_c5.png,2775,1,477,340,31.5,3
9,3_320x stock m270_4xobj_3_grid_r3_c5.png,2776,1,32,338,31.5,3
9,3_320x stock m270_4xobj_3_grid_r3_c5.png,2777,1,173,327,74.5,4
9,3_320x stock m270_4xobj_3_grid_r3_c5.png,2778,1,207,323,46.0,3
9,3_320x stock m270_4xobj_3_grid_r3_c5.png,2779,1,224,306,46.0,3
9,3_320x stock m270_4xobj_3_grid_r3_c5.png,2780,1,139,303,46.0,3
9,3_320x stock m270_4xobj_3_grid_r3_c5.png,2781,1,208,303,46.0,3
9,3_320x stock m270_4xobj_3_grid_r3_c5.png,2782,1,96,294,104.0,5
9,3_320x stock m270_4xobj_3_grid_r3_c5.png,2783,1,496,287,46.0,3
9,3_320x stock m270_4xobj_3_grid_r3_c5.png,2784,1,291,275,147.5,6
9,3_320x stock m270_4xobj_3_grid_r3_c5.png,2785,1,222,271,46.0,3
9,3_320x stock m270_4xobj_3_grid_r3_c5.png,2786,1,277,264,46.0,3
9,3_320x stock m270_4xobj_3_grid_r3_c5.png,2787,1,418,260,46.0,3
9,3_320x stock m270_4xobj_3_grid_r3_c5.png,2788,1,21,259,31.5,3
9,3_320x stock m270_4xobj_3_grid_r3_c5.png,2789,1,48,259,46.0,3
9,3_320x stock m270_4xobj_3_grid_r3_c5.png,2790,1,290,254,46.0,3
9,3_320x stock m270_4xobj_3_grid_r3_c5.png,2791,1,19,246,46.0,3
9,3_320x stock m270_4xobj_3_grid_r3_c5.png,2792,1,429,244,46.0,3
9,3_320x stock m270_4xobj_3_grid_r3_c5.png,2793,1,36,223,31.5,3
9,3_320x stock m270_4xobj_3_grid_r3_c5.png,2794,1,431,216,46.0,3
9,3_320x stock m270_4xobj_3_grid_r3_c5.png,2795,1,378,208,46.0,3
9,3_320x stock m270_4xobj_3_grid_r3_c5.png,2796,1,84,191,31.5,3
9,3_320x stock m270_4xobj_3_grid_r3_c5.png,2797,1,3,189,43.0,3
9,3_320x stock m270_4xobj_3_grid_r3_c5.png,2798,1,168,170,46.0,3
9,3_320x stock m270_4xobj_3_grid_r3_c5.png,2799,1,187,165,31.5,3
9,3_320x stock m270_4xobj_3_grid_r3_c5.png,2800,1,16,163,46.0,3
9,3_320x stock m270_4xobj_3_grid_r3_c5.png,2801,1,44,160,74.5,4
9,3_320x stock m270_4xobj_3_grid_r3_c5.png,2802,1,233,146,46.0,3
9,3_320x stock m270_4xobj_3_grid_r3_c5.png,2803,1,119,121,31.5,3
9,3_320x stock m270_4xobj_3_grid_r3_c5.png,2804,1,17,120,46.0,3
9,3_320x stock m270_4xobj_3_grid_r3_c5.png,2805,1,225,116,74.5,4
9,3_320x stock m270_4xobj_3_grid_r3_c5.png,2806,1,51,106,31.5,3
9,3_320x stock m270_4xobj_3_grid_r3_c5.png,2807,1,203,90,46.0,3
9,3_320x stock m270_4xobj_3_grid_r3_c5.png,2808,1,67,80,46.0,3
9,3_320x stock m270_4xobj_3_grid_r3_c5.png,2809,1,338,51,46.0,3
9,3_320x stock m270_4xobj_3_grid_r3_c5.png,2810,1,56,25,46.0,3
9,3_320x stock m270_4xobj_3_grid_r3_c5.png,2811,1,301,15,74.5,4
9,3_320x stock m270_4xobj_3_grid_r3_c5.png,2812,1,327,12,74.5,4
9,3_320x stock m270_4xobj_3_grid_r3_c5.png,2813,1,140,9,46.0,3
9,3_320x stock m270_4xobj_3_grid_r3_c5.png,2814,1,38,8,46.0,3
9,3_320x stock m270_4xobj_3_grid_r3_c5.png,2815,1,460,506,74.5,4
9,3_320x stock m270_4xobj_3_grid_r3_c5.png,2816,1,245,495,46.0,3
9,3_320x stock m270_4xobj_3_grid_r3_c5.png,2817,1,419,494,46.0,3
9,3_320x stock m270_4xobj_3_grid_r3_c5.png,2818,1,347,487,46.0,3
9,3_320x stock m270_4xobj_3_grid_r3_c5.png,2819,1,318,487,46.0,3
9,3_320x stock m270_4xobj_3_grid_r3_c5.png,2820,1,172,484,31.5,3
9,3_320x stock m270_4xobj_3_grid_r3_c5.png,2821,1,186,482,46.0,3
9,3_320x stock m270_4xobj_3_grid_r3_c5.png,2822,1,235,475,74.5,4
9,3_320x stock m270_4xobj_3_grid_r3_c5.png,2823,1,84,467,46.0,3
9,3_320x stock m270_4xobj_3_grid_r3_c5.png,2824,1,360,465,31.5,3
9,3_320x stock m270_4xobj_3_grid_r3_c5.png,2825,1,344,464,74.5,4
9,3_320x stock m270_4xobj_3_grid_r3_c5.png,2826,1,280,462,46.0,3
9,3_320x stock m270_4xobj_3_grid_r3_c5.png,2827,1,447,453,46.0,3
9,3_320x stock m270_4xobj_3_grid_r3_c5.png,2828,1,90,448,46.0,3
9,3_320x stock m270_4xobj_3_grid_r3_c5.png,2829,1,35,447,46.0,3
9,3_320x stock m270_4xobj_3_grid_r3_c5.png,2830,1,5,442,46.0,3
9,3_320x stock m270_4xobj_3_grid_r3_c5.png,2831,1,7,432,46.0,3
9,3_320x stock m270_4xobj_3_grid_r3_c5.png,2832,1,264,425,46.0,3
9,3_320x stock m270_4xobj_3_grid_r3_c5.png,2833,1,468,419,31.5,3
9,3_320x stock m270_4xobj_3_grid_r3_c5.png,2834,1,477,410,46.0,3
9,3_320x stock m270_4xobj_3_grid_r3_c5.png,2835,1,205,405,46.0,3
9,3_320x stock m270_4xobj_3_grid_r3_c5.png,2836,1,59,395,46.0,3
9,3_320x stock m270_4xobj_3_grid_r3_c5.png,2837,1,384,393,74.5,4
9,3_320x stock m270_4xobj_3_grid_r3_c5.png,2838,1,35,388,31.5,3
9,3_320x stock m270_4xobj_3_grid_r3_c5.png,2839,1,6,379,46.0,3
9,3_320x stock m270_4xobj_3_grid_r3_c5.png,2840,1,452,368,46.0,3
9,3_320x stock m270_4xobj_3_grid_r3_c5.png,2841,1,463,359,46.0,3
9,3_320x stock m270_4xobj_3_grid_r3_c5.png,2842,1,249,358,46.0,3
9,3_320x stock m270_4xobj_3_grid_r3_c5.png,2843,1,271,356,46.0,3
9,3_320x stock m270_4xobj_3_grid_r3_c5.png,2844,1,299,350,74.5,4
9,3_320x stock m270_4xobj_3_grid_r3_c5.png,2845,1,455,340,46.0,3
9,3_320x stock m270_4xobj_3_grid_r3_c5.png,2846,1,16,329,46.0,3
9,3_320x stock m270_4xobj_3_grid_r3_c5.png,2847,1,361,320,46.0,3
9,3_320x stock m270_4xobj_3_grid_r3_c5.png,2848,1,11,315,46.0,3
9,3_320x stock m270_4xobj_3_grid_r3_c5.png,2849,1,457,312,74.5,4
9,3_320x stock m270_4xobj_3_grid_r3_c5.png,2850,1,117,294,46.0,3
9,3_320x stock m270_4xobj_3_grid_r3_c5.png,2851,1,17,294,46.0,3
9,3_320x stock m270_4xobj_3_grid_r3_c5.png,2852,1,120,250,31.5,3
9,3_320x stock m270_4xobj_3_grid_r3_c5.png,2853,1,157,219,46.0,3
9,3_320x stock m270_4xobj_3_grid_r3_c5.png,2854,1,47,218,46.0,3
9,3_320x stock m270_4xobj_3_grid_r3_c5.png,2855,1,83,204,46.0,3
9,3_320x stock m270_4xobj_3_grid_r3_c5.png,2856,1,19,189,104.0,5
9,3_320x stock m270_4xobj_3_grid_r3_c5.png,2857,1,90,49,46.0,3
9,3_320x stock m270_4xobj_3_grid_r3_c5.png,2858,1,39,31,74.5,4
9,3_320x stock m270_4xobj_3_grid_r3_c5.png,2859,1,279,16,74.5,4
9,3_320x stock m270_4xobj_3_grid_r3_c5.png,2860,1,363,506,46.0,3
9,3_320x stock m270_4xobj_3_grid_r3_c5.png,2861,1,24,507,43.0,3
9,3_320x stock m270_4xobj_3_grid_r3_c5.png,2862,1,304,490,46.0,3
9,3_320x stock m270_4xobj_3_grid_r3_c5.png,2863,1,23,489,46.0,3
9,3_320x stock m270_4xobj_3_grid_r3_c5.png,2864,1,118,485,46.0,3
9,3_320x stock m270_4xobj_3_grid_r3_c5.png,2865,1,124,464,46.0,3
9,3_320x stock m270_4xobj_3_grid_r3_c5.png,2866,1,429,463,46.0,3
9,3_320x stock m270_4xobj_3_grid_r3_c5.png,2867,1,130,445,74.5,4
9,3_320x stock m270_4xobj_3_grid_r3_c5.png,2868,1,30,418,74.5,4
9,3_320x stock m270_4xobj_3_grid_r3_c5.png,2869,1,112,400,46.0,3
9,3_320x stock m270_4xobj_3_grid_r3_c5.png,2870,1,43,397,31.5,3
9,3_320x stock m270_4xobj_3_grid_r3_c5.png,2871,1,142,392,46.0,3
9,3_320x stock m270_4xobj_3_grid_r3_c5.png,2872,1,101,373,46.0,3
9,3_320x stock m270_4xobj_3_grid_r3_c5.png,2873,1,308,339,74.5,4
9,3_320x stock m270_4xobj_3_grid_r3_c5.png,2874,1,236,232,31.5,3
9,3_320x stock m270_4xobj_3_grid_r3_c5.png,2875,1,394,496,104.0,5
9,3_320x stock m270_4xobj_3_grid_r3_c5.png,2876,1,277,486,104.0,5
9,3_320x stock m270_4xobj_3_grid_r3_c5.png,2877,1,264,367,74.5,4
9,3_320x stock m270_4xobj_3_grid_r3_c5.png,2878,1,317,139,74.5,4
9,3_320x stock m270_4xobj_3_grid_r3_c5.png,2879,1,413,401,104.0,5
10,3_320x stock m270_4xobj_3_grid_r3_c6.png,2880,1,495,355,104.0,5
10,3_320x stock m270_4xobj_3_grid_r3_c6.png,2881,1,411,352,31.5,3
10,3_320x stock m270_4xobj_3_grid_r3_c6.png,2882,1,495,319,31.5,3
10,3_320x stock m270_4xobj_3_grid_r3_c6.png,2883,1,409,216,31.5,3
10,3_320x stock m270_4xobj_3_grid_r3_c6.png,2884,1,178,127,190.0,7
10,3_320x stock m270_4xobj_3_grid_r3_c6.png,2885,1,147,121,46.0,3
10,3_320x stock m270_4xobj_3_grid_r3_c6.png,2886,1,495,489,31.5,3
10,3_320x stock m270_4xobj_3_grid_r3_c6.png,2887,1,415,480,46.0,3
10,3_320x stock m270_4xobj_3_grid_r3_c6.png,2888,1,459,366,31.5,3
10,3_320x stock m270_4xobj_3_grid_r3_c6.png,2889,1,442,242,104.0,5
10,3_320x stock m270_4xobj_3_grid_r3_c6.png,2890,1,416,108,31.5,3
10,3_320x stock m270_4xobj_3_grid_r3_c6.png,2891,1,316,391,31.5,3
10,3_320x stock m270_4xobj_3_grid_r3_c6.png,2892,1,134,323,46.0,3
10,3_320x stock m270_4xobj_3_grid_r3_c6.png,2893,1,447,211,104.0,5
10,3_320x stock m270_4xobj_3_grid_r3_c6.png,2894,1,417,437,31.5,3
10,3_320x stock m270_4xobj_3_grid_r3_c6.png,2895,1,417,398,46.0,3
10,3_320x stock m270_4xobj_3_grid_r3_c6.png,2896,1,506,372,46.0,3
10,3_320x stock m270_4xobj_3_grid_r3_c6.png,2897,1,369,243,190.0,7
10,3_320x stock m270_4xobj_3_grid_r3_c6.png,2898,1,109,207,46.0,3
10,3_320x stock m270_4xobj_3_grid_r3_c6.png,2899,1,144,138,31.5,3
10,3_320x stock m270_4xobj_3_grid_r3_c6.png,2900,1,392,36,74.5,4
10,3_320x stock m270_4xobj_3_grid_r3_c6.png,2901,1,165,10,46.0,3
10,3_320x stock m270_4xobj_3_grid_r3_c6.png,2902,1,313,6,46.0,3
10,3_320x stock m270_4xobj_3_grid_r3_c6.png,2903,1,474,385,46.0,3
10,3_320x stock m270_4xobj_3_grid_r3_c6.png,2904,1,461,274,74.5,4
10,3_320x stock m270_4xobj_3_grid_r3_c6.png,2905,1,113,226,74.5,4
10,3_320x stock m270_4xobj_3_grid_r3_c6.png,2906,1,401,207,74.5,4
10,3_320x stock m270_4xobj_3_grid_r3_c6.png,2907,1,350,36,46.0,3
10,3_320x stock m270_4xobj_3_grid_r3_c6.png,2908,1,173,378,74.5,4
10,3_320x stock m270_4xobj_3_grid_r3_c6.png,2909,1,188,375,104.0,5
10,3_320x stock m270_4xobj_3_grid_r3_c6.png,2910,1,261,339,31.5,3
10,3_320x stock m270_4xobj_3_grid_r3_c6.png,2911,1,508,320,27.5,2
10,3_320x stock m270_4xobj_3_grid_r3_c6.png,2912,1,116,248,74.5,4
10,3_320x stock m270_4xobj_3_grid_r3_c6.png,2913,1,29,240,74.5,4
10,3_320x stock m270_4xobj_3_grid_r3_c6.png,2914,1,457,234,31.5,3
10,3_320x stock m270_4xobj_3_grid_r3_c6.png,2915,1,308,202,31.5,3
10,3_320x stock m270_4xobj_3_grid_r3_c6.png,2916,1,325,197,8.0,1
10,3_320x stock m270_4xobj_3_grid_r3_c6.png,2917,1,68,162,31.5,3
10,3_320x stock m270_4xobj_3_grid_r3_c6.png,2918,1,391,159,74.5,4
10,3_320x stock m270_4xobj_3_grid_r3_c6.png,2919,1,28,121,31.5,3
10,3_320x stock m270_4xobj_3_grid_r3_c6.png,2920,1,24,58,31.5,3
10,3_320x stock m270_4xobj_3_grid_r3_c6.png,2921,1,492,30,31.5,3
10,3_320x stock m270_4xobj_3_grid_r3_c6.png,2922,1,367,25,31.5,3
10,3_320x stock m270_4xobj_3_grid_r3_c6.png,2923,1,421,21,46.0,3
10,3_320x stock m270_4xobj_3_grid_r3_c6.png,2924,1,496,458,31.5,3
10,3_320x stock m270_4xobj_3_grid_r3_c6.png,2925,1,355,444,74.5,4
10,3_320x stock m270_4xobj_3_grid_r3_c6.png,2926,1,51,369,46.0,3
10,3_320x stock m270_4xobj_3_grid_r3_c6.png,2927,1,254,365,104.0,5
10,3_320x stock m270_4xobj_3_grid_r3_c6.png,2928,1,360,351,46.0,3
10,3_320x stock m270_4xobj_3_grid_r3_c6.png,2929,1,187,348,74.5,4
10,3_320x stock m270_4xobj_3_grid_r3_c6.png,2930,1,61,301,74.5,4
10,3_320x stock m270_4xobj_3_grid_r3_c6.png,2931,1,386,261,46.0,3
10,3_320x stock m270_4xobj_3_grid_r3_c6.png,2932,1,448,260,31.5,3
10,3_320x stock m270_4xobj_3_grid_r3_c6.png,2933,1,446,226,46.0,3
10,3_320x stock m270_4xobj_3_grid_r3_c6.png,2934,1,496,220,31.5,3
10,3_320x stock m270_4xobj_3_grid_r3_c6.png,2935,1,466,200,74.5,4
10,3_320x stock m270_4xobj_3_grid_r3_c6.png,2936,1,435,187,31.5,3
10,3_320x stock m270_4xobj_3_grid_r3_c6.png,2937,1,274,181,74.5,4
10,3_320x stock m270_4xobj_3_grid_r3_c6.png,2938,1,503,165,46.0,3
10,3_320x stock m270_4xobj_3_grid_r3_c6.png,2939,1,76,146,74.5,4
10,3_320x stock m270_4xobj_3_grid_r3_c6.png,2940,1,358,127,31.5,3
10,3_320x stock m270_4xobj_3_grid_r3_c6.png,2941,1,439,117,31.5,3
10,3_320x stock m270_4xobj_3_grid_r3_c6.png,2942,1,465,100,31.5,3
10,3_320x stock m270_4xobj_3_grid_r3_c6.png,2943,1,439,93,46.0,3
10,3_320x stock m270_4xobj_3_grid_r3_c6.png,2944,1,133,89,31.5,3
10,3_320x stock m270_4xobj_3_grid_r3_c6.png,2945,1,191,87,46.0,3
10,3_320x stock m270_4xobj_3_grid_r3_c6.png,2946,1,507,79,31.5,3
10,3_320x stock m270_4xobj_3_grid_r3_c6.png,2947,1,435,76,46.0,3
10,3_320x stock m270_4xobj_3_grid_r3_c6.png,2948,1,399,74,46.0,3
10,3_320x stock m270_4xobj_3_grid_r3_c6.png,2949,1,61,70,31.5,3
10,3_320x stock m270_4xobj_3_grid_r3_c6.png,2950,1,366,70,46.0,3
10,3_320x stock m270_4xobj_3_grid_r3_c6.png,2951,1,205,69,31.5,3
10,3_320x stock m270_4xobj_3_grid_r3_c6.png,2952,1,386,65,31.5,3
10,3_320x stock m270_4xobj_3_grid_r3_c6.png,2953,1,251,60,31.5,3
10,3_320x stock m270_4xobj_3_grid_r3_c6.png,2954,1,341,60,31.5,3
10,3_320x stock m270_4xobj_3_grid_r3_c6.png,2955,1,171,50,46.0,3
10,3_320x stock m270_4xobj_3_grid_r3_c6.png,2956,1,82,35,31.5,3
10,3_320x stock m270_4xobj_3_grid_r3_c6.png,2957,1,288,32,46.0,3
10,3_320x stock m270_4xobj_3_grid_r3_c6.png,2958,1,249,30,31.5,3
10,3_320x stock m270_4xobj_3_grid_r3_c6.png,2959,1,389,15,31.5,3
10,3_320x stock m270_4xobj_3_grid_r3_c6.png,2960,1,293,15,46.0,3
10,3_320x stock m270_4xobj_3_grid_r3_c6.png,2961,1,241,15,31.5,3
10,3_320x stock m270_4xobj_3_grid_r3_c6.png,2962,1,487,5,46.0,3
10,3_320x stock m270_4xobj_3_grid_r3_c6.png,2963,1,402,507,31.5,3
10,3_320x stock m270_4xobj_3_grid_r3_c6.png,2964,1,66,484,31.5,3
10,3_320x stock m270_4xobj_3_grid_r3_c6.png,2965,1,370,469,104.0,5
10,3_320x stock m270_4xobj_3_grid_r3_c6.png,2966,1,288,438,31.5,3
10,3_320x stock m270_4xobj_3_grid_r3_c6.png,2967,1,158,406,31.5,3
10,3_320x stock m270_4xobj_3_grid_r3_c6.png,2968,1,370,416,31.5,3
10,3_320x stock m270_4xobj_3_grid_r3_c6.png,2969,1,341,384,46.0,3
10,3_320x stock m270_4xobj_3_grid_r3_c6.png,2970,1,490,382,31.5,3
10,3_320x stock m270_4xobj_3_grid_r3_c6.png,2971,1,76,372,31.5,3
10,3_320x stock m270_4xobj_3_grid_r3_c6.png,2972,1,420,343,46.0,3
10,3_320x stock m270_4xobj_3_grid_r3_c6.png,2973,1,290,344,31.5,3
10,3_320x stock m270_4xobj_3_grid_r3_c6.png,2974,1,130,336,31.5,3
10,3_320x stock m270_4xobj_3_grid_r3_c6.png,2975,1,340,334,46.0,3
10,3_320x stock m270_4xobj_3_grid_r3_c6.png,2976,1,474,321,31.5,3
10,3_320x stock m270_4xobj_3_grid_r3_c6.png,2977,1,459,314,46.0,3
10,3_320x stock m270_4xobj_3_grid_r3_c6.png,2978,1,442,304,46.0,3
10,3_320x stock m270_4xobj_3_grid_r3_c6.png,2979,1,217,274,104.0,5
10,3_320x stock m270_4xobj_3_grid_r3_c6.png,2980,1,353,259,46.0,3
10,3_320x stock m270_4xobj_3_grid_r3_c6.png,2981,1,209,254,31.5,3
10,3_320x stock m270_4xobj_3_grid_r3_c6.png,2982,1,175,240,31.5,3
10,3_320x stock m270_4xobj_3_grid_r3_c6.png,2983,1,308,217,46.0,3
10,3_320x stock m270_4xobj_3_grid_r3_c6.png,2984,1,70,206,46.0,3
10,3_320x stock m270_4xobj_3_grid_r3_c6.png,2985,1,382,201,46.0,3
10,3_320x stock m270_4xobj_3_grid_r3_c6.png,2986,1,505,198,31.5,3
10,3_320x stock m270_4xobj_3_grid_r3_c6.png,2987,1,10,198,46.0,3
10,3_320x stock m270_4xobj_3_grid_r3_c6.png,2988,1,338,193,46.0,3
10,3_320x stock m270_4xobj_3_grid_r3_c6.png,2989,1,394,191,31.5,3
10,3_320x stock m270_4xobj_3_grid_r3_c6.png,2990,1,384,180,31.5,3
10,3_320x stock m270_4xobj_3_grid_r3_c6.png,2991,1,338,176,46.0,3
10,3_320x stock m270_4xobj_3_grid_r3_c6.png,2992,1,454,165,46.0,3
10,3_320x stock m270_4xobj_3_grid_r3_c6.png,2993,1,367,164,46.0,3
10,3_320x stock m270_4xobj_3_grid_r3_c6.png,2994,1,122,159,46.0,3
10,3_320x stock m270_4xobj_3_grid_r3_c6.png,2995,1,357,158,31.5,3
10,3_320x stock m270_4xobj_3_grid_r3_c6.png,2996,1,244,131,46.0,3
10,3_320x stock m270_4xobj_3_grid_r3_c6.png,2997,1,266,126,31.5,3
10,3_320x stock m270_4xobj_3_grid_r3_c6.png,2998,1,175,106,31.5,3
10,3_320x stock m270_4xobj_3_grid_r3_c6.png,2999,1,125,102,46.0,3
10,3_320x stock m270_4xobj_3_grid_r3_c6.png,3000,1,486,101,46.0,3
10,3_320x stock m270_4xobj_3_grid_r3_c6.png,3001,1,392,99,46.0,3
10,3_320x stock m270_4xobj_3_grid_r3_c6.png,3002,1,272,96,31.5,3
10,3_320x stock m270_4xobj_3_grid_r3_c6.png,3003,1,228,90,46.0,3
10,3_320x stock m270_4xobj_3_grid_r3_c6.png,3004,1,52,89,46.0,3
10,3_320x stock m270_4xobj_3_grid_r3_c6.png,3005,1,456,86,46.0,3
10,3_320x stock m270_4xobj_3_grid_r3_c6.png,3006,1,104,82,46.0,3
10,3_320x stock m270_4xobj_3_grid_r3_c6.png,3007,1,184,68,46.0,3
10,3_320x stock m270_4xobj_3_grid_r3_c6.png,3008,1,275,62,46.0,3
10,3_320x stock m270_4xobj_3_grid_r3_c6.png,3009,1,361,57,31.5,3
10,3_320x stock m270_4xobj_3_grid_r3_c6.png,3010,1,303,50,31.5,3
10,3_320x stock m270_4xobj_3_grid_r3_c6.png,3011,1,132,50,74.5,4
10,3_320x stock m270_4xobj_3_grid_r3_c6.png,3012,1,422,43,46.0,3
10,3_320x stock m270_4xobj_3_grid_r3_c6.png,3013,1,103,40,46.0,3
10,3_320x stock m270_4xobj_3_grid_r3_c6.png,3014,1,195,39,46.0,3
10,3_320x stock m270_4xobj_3_grid_r3_c6.png,3015,1,141,32,74.5,4
10,3_320x stock m270_4xobj_3_grid_r3_c6.png,3016,1,270,29,46.0,3
10,3_320x stock m270_4xobj_3_grid_r3_c6.png,3017,1,168,28,46.0,3
10,3_320x stock m270_4xobj_3_grid_r3_c6.png,3018,1,408,23,46.0,3
10,3_320x stock m270_4xobj_3_grid_r3_c6.png,3019,1,335,22,46.0,3
10,3_320x stock m270_4xobj_3_grid_r3_c6.png,3020,1,195,12,46.0,3
10,3_320x stock m270_4xobj_3_grid_r3_c6.png,3021,1,338,6,31.5,3
10,3_320x stock m270_4xobj_3_grid_r3_c6.png,3022,1,403,3,31.5,3
10,3_320x stock m270_4xobj_3_grid_r3_c6.png,3023,1,147,3,38.0,3
10,3_320x stock m270_4xobj_3_grid_r3_c6.png,3024,1,438,497,46.0,3
10,3_320x stock m270_4xobj_3_grid_r3_c6.png,3025,1,449,479,46.0,3
10,3_320x stock m270_4xobj_3_grid_r3_c6.png,3026,1,280,475,74.5,4
10,3_320x stock m270_4xobj_3_grid_r3_c6.png,3027,1,393,457,31.5,3
10,3_320x stock m270_4xobj_3_grid_r3_c6.png,3028,1,441,452,31.5,3
10,3_320x stock m270_4xobj_3_grid_r3_c6.png,3029,1,472,450,31.5,3
10,3_320x stock m270_4xobj_3_grid_r3_c6.png,3030,1,328,434,31.5,3
10,3_320x stock m270_4xobj_3_grid_r3_c6.png,3031,1,8,424,46.0,3
10,3_320x stock m270_4xobj_3_grid_r3_c6.png,3032,1,240,416,31.5,3
10,3_320x stock m270_4xobj_3_grid_r3_c6.png,3033,1,232,405,31.5,3
10,3_320x stock m270_4xobj_3_grid_r3_c6.png,3034,1,225,396,31.5,3
10,3_320x stock m270_4xobj_3_grid_r3_c6.png,3035,1,329,385,46.0,3
10,3_320x stock m270_4xobj_3_grid_r3_c6.png,3036,1,396,379,46.0,3
10,3_320x stock m270_4xobj_3_grid_r3_c6.png,3037,1,261,377,31.5,3
10,3_320x stock m270_4xobj_3_grid_r3_c6.png,3038,1,6,358,46.0,3
10,3_320x stock m270_4xobj_3_grid_r3_c6.png,3039,1,389,334,31.5,3
10,3_320x stock m270_4xobj_3_grid_r3_c6.png,3040,1,83,318,31.5,3
10,3_320x stock m270_4xobj_3_grid_r3_c6.png,3041,1,395,309,46.0,3
10,3_320x stock m270_4xobj_3_grid_r3_c6.png,3042,1,340,307,74.5,4
10,3_320x stock m270_4xobj_3_grid_r3_c6.png,3043,1,188,291,31.5,3
10,3_320x stock m270_4xobj_3_grid_r3_c6.png,3044,1,357,287,46.0,3
10,3_320x stock m270_4xobj_3_grid_r3_c6.png,3045,1,301,285,46.0,3
10,3_320x stock m270_4xobj_3_grid_r3_c6.png,3046,1,175,283,31.5,3
10,3_320x stock m270_4xobj_3_grid_r3_c6.png,3047,1,434,279,31.5,3
10,3_320x stock m270_4xobj_3_grid_r3_c6.png,3048,1,11,279,46.0,3
10,3_320x stock m270_4xobj_3_grid_r3_c6.png,3049,1,342,269,31.5,3
10,3_320x stock m270_4xobj_3_grid_r3_c6.png,3050,1,265,268,31.5,3
10,3_320x stock m270_4xobj_3_grid_r3_c6.png,3051,1,298,266,31.5,3
10,3_320x stock m270_4xobj_3_grid_r3_c6.png,3052,1,318,264,46.0,3
10,3_320x stock m270_4xobj_3_grid_r3_c6.png,3053,1,183,262,46.0,3
10,3_320x stock m270_4xobj_3_grid_r3_c6.png,3054,1,166,263,46.0,3
10,3_320x stock m270_4xobj_3_grid_r3_c6.png,3055,1,121,259,46.0,3
10,3_320x stock m270_4xobj_3_grid_r3_c6.png,3056,1,70,255,46.0,3
10,3_320x stock m270_4xobj_3_grid_r3_c6.png,3057,1,161,250,46.0,3
10,3_320x stock m270_4xobj_3_grid_r3_c6.png,3058,1,349,246,46.0,3
10,3_320x stock m270_4xobj_3_grid_r3_c6.png,3059,1,102,238,31.5,3
10,3_320x stock m270_4xobj_3_grid_r3_c6.png,3060,1,293,238,74.5,4
10,3_320x stock m270_4xobj_3_grid_r3_c6.png,3061,1,254,237,46.0,3
10,3_320x stock m270_4xobj_3_grid_r3_c6.png,3062,1,163,222,46.0,3
10,3_320x stock m270_4xobj_3_grid_r3_c6.png,3063,1,102,220,46.0,3
10,3_320x stock m270_4xobj_3_grid_r3_c6.png,3064,1,178,217,31.5,3
10,3_320x stock m270_4xobj_3_grid_r3_c6.png,3065,1,133,216,31.5,3
10,3_320x stock m270_4xobj_3_grid_r3_c6.png,3066,1,278,214,46.0,3
10,3_320x stock m270_4xobj_3_grid_r3_c6.png,3067,1,264,211,31.5,3
10,3_320x stock m270_4xobj_3_grid_r3_c6.png,3068,1,425,192,46.0,3
10,3_320x stock m270_4xobj_3_grid_r3_c6.png,3069,1,159,185,46.0,3
10,3_320x stock m270_4xobj_3_grid_r3_c6.png,3070,1,128,184,46.0,3
10,3_320x stock m270_4xobj_3_grid_r3_c6.png,3071,1,14,183,46.0,3
10,3_320x stock m270_4xobj_3_grid_r3_c6.png,3072,1,83,176,46.0,3
10,3_320x stock m270_4xobj_3_grid_r3_c6.png,3073,1,287,171,74.5,4
10,3_320x stock m270_4xobj_3_grid_r3_c6.png,3074,1,188,169,46.0,3
10,3_320x stock m270_4xobj_3_grid_r3_c6.png,3075,1,261,166,46.0,3
10,3_320x stock m270_4xobj_3_grid_r3_c6.png,3076,1,176,160,74.5,4
10,3_320x stock m270_4xobj_3_grid_r3_c6.png,3077,1,54,157,46.0,3
10,3_320x stock m270_4xobj_3_grid_r3_c6.png,3078,1,14,157,31.5,3
10,3_320x stock m270_4xobj_3_grid_r3_c6.png,3079,1,194,141,74.5,4
10,3_320x stock m270_4xobj_3_grid_r3_c6.png,3080,1,123,135,74.5,4
10,3_320x stock m270_4xobj_3_grid_r3_c6.png,3081,1,338,132,46.0,3
10,3_320x stock m270_4xobj_3_grid_r3_c6.png,3082,1,7,120,104.0,5
10,3_320x stock m270_4xobj_3_grid_r3_c6.png,3083,1,119,117,46.0,3
10,3_320x stock m270_4xobj_3_grid_r3_c6.png,3084,1,424,93,104.0,5
10,3_320x stock m270_4xobj_3_grid_r3_c6.png,3085,1,74,87,46.0,3
10,3_320x stock m270_4xobj_3_grid_r3_c6.png,3086,1,43,83,46.0,3
10,3_320x stock m270_4xobj_3_grid_r3_c6.png,3087,1,412,74,46.0,3
10,3_320x stock m270_4xobj_3_grid_r3_c6.png,3088,1,440,56,46.0,3
10,3_320x stock m270_4xobj_3_grid_r3_c6.png,3089,1,37,25,74.5,4
10,3_320x stock m270_4xobj_3_grid_r3_c6.png,3090,1,261,7,31.5,3
10,3_320x stock m270_4xobj_3_grid_r3_c6.png,3091,1,475,508,31.5,3
10,3_320x stock m270_4xobj_3_grid_r3_c6.png,3092,1,256,486,31.5,3
10,3_320x stock m270_4xobj_3_grid_r3_c6.png,3093,1,74,467,31.5,3
10,3_320x stock m270_4xobj_3_grid_r3_c6.png,3094,1,324,458,74.5,4
10,3_320x stock m270_4xobj_3_grid_r3_c6.png,3095,1,193,456,31.5,3
10,3_320x stock m270_4xobj_3_grid_r3_c6.png,3096,1,372,450,31.5,3
10,3_320x stock m270_4xobj_3_grid_r3_c6.png,3097,1,174,436,46.0,3
10,3_320x stock m270_4xobj_3_grid_r3_c6.png,3098,1,313,435,46.0,3
10,3_320x stock m270_4xobj_3_grid_r3_c6.png,3099,1,94,429,46.0,3
10,3_320x stock m270_4xobj_3_grid_r3_c6.png,3100,1,459,423,74.5,4
10,3_320x stock m270_4xobj_3_grid_r3_c6.png,3101,1,10,403,74.5,4
10,3_320x stock m270_4xobj_3_grid_r3_c6.png,3102,1,184,398,31.5,3
10,3_320x stock m270_4xobj_3_grid_r3_c6.png,3103,1,376,396,31.5,3
10,3_320x stock m270_4xobj_3_grid_r3_c6.png,3104,1,284,395,31.5,3
10,3_320x stock m270_4xobj_3_grid_r3_c6.png,3105,1,336,373,31.5,3
10,3_320x stock m270_4xobj_3_grid_r3_c6.png,3106,1,14,344,46.0,3
10,3_320x stock m270_4xobj_3_grid_r3_c6.png,3107,1,2,340,27.0,2
10,3_320x stock m270_4xobj_3_grid_r3_c6.png,3108,1,155,328,31.5,3
10,3_320x stock m270_4xobj_3_grid_r3_c6.png,3109,1,215,326,74.5,4
10,3_320x stock m270_4xobj_3_grid_r3_c6.png,3110,1,51,308,31.5,3
10,3_320x stock m270_4xobj_3_grid_r3_c6.png,3111,1,465,300,46.0,3
10,3_320x stock m270_4xobj_3_grid_r3_c6.png,3112,1,431,299,46.0,3
10,3_320x stock m270_4xobj_3_grid_r3_c6.png,3113,1,288,299,46.0,3
10,3_320x stock m270_4xobj_3_grid_r3_c6.png,3114,1,21,288,31.5,3
10,3_320x stock m270_4xobj_3_grid_r3_c6.png,3115,1,124,287,74.5,4
10,3_320x stock m270_4xobj_3_grid_r3_c6.png,3116,1,290,280,46.0,3
10,3_320x stock m270_4xobj_3_grid_r3_c6.png,3117,1,82,277,46.0,3
10,3_320x stock m270_4xobj_3_grid_r3_c6.png,3118,1,58,276,46.0,3
10,3_320x stock m270_4xobj_3_grid_r3_c6.png,3119,1,48,263,46.0,3
10,3_320x stock m270_4xobj_3_grid_r3_c6.png,3120,1,94,247,46.0,3
10,3_320x stock m270_4xobj_3_grid_r3_c6.png,3121,1,16,237,46.0,3
10,3_320x stock m270_4xobj_3_grid_r3_c6.png,3122,1,84,218,46.0,3
10,3_320x stock m270_4xobj_3_grid_r3_c6.png,3123,1,95,201,46.0,3
10,3_320x stock m270_4xobj_3_grid_r3_c6.png,3124,1,199,191,46.0,3
10,3_320x stock m270_4xobj_3_grid_r3_c6.png,3125,1,253,190,74.5,4
10,3_320x stock m270_4xobj_3_grid_r3_c6.png,3126,1,60,184,46.0,3
10,3_320x stock m270_4xobj_3_grid_r3_c6.png,3127,1,47,172,74.5,4
10,3_320x stock m270_4xobj_3_grid_r3_c6.png,3128,1,259,147,74.5,4
10,3_320x stock m270_4xobj_3_grid_r3_c6.png,3129,1,298,74,104.0,5
10,3_320x stock m270_4xobj_3_grid_r3_c6.png,3130,1,82,505,31.5,3
10,3_320x stock m270_4xobj_3_grid_r3_c6.png,3131,1,202,492,104.0,5
10,3_320x stock m270_4xobj_3_grid_r3_c6.png,3132,1,102,475,46.0,3
10,3_320x stock m270_4xobj_3_grid_r3_c6.png,3133,1,224,473,31.5,3
10,3_320x stock m270_4xobj_3_grid_r3_c6.png,3134,1,114,470,31.5,3
10,3_320x stock m270_4xobj_3_grid_r3_c6.png,3135,1,5,457,31.5,3
10,3_320x stock m270_4xobj_3_grid_r3_c6.png,3136,1,91,439,46.0,3
10,3_320x stock m270_4xobj_3_grid_r3_c6.png,3137,1,75,437,74.5,4
10,3_320x stock m270_4xobj_3_grid_r3_c6.png,3138,1,226,427,74.5,4
10,3_320x stock m270_4xobj_3_grid_r3_c6.png,3139,1,143,427,74.5,4
10,3_320x stock m270_4xobj_3_grid_r3_c6.png,3140,1,499,405,46.0,3
10,3_320x stock m270_4xobj_3_grid_r3_c6.png,3141,1,36,383,46.0,3
10,3_320x stock m270_4xobj_3_grid_r3_c6.png,3142,1,119,378,31.5,3
10,3_320x stock m270_4xobj_3_grid_r3_c6.png,3143,1,28,368,46.0,3
10,3_320x stock m270_4xobj_3_grid_r3_c6.png,3144,1,199,357,74.5,4
10,3_320x stock m270_4xobj_3_grid_r3_c6.png,3145,1,156,352,46.0,3
10,3_320x stock m270_4xobj_3_grid_r3_c6.png,3146,1,95,335,74.5,4
10,3_320x stock m270_4xobj_3_grid_r3_c6.png,3147,1,35,318,104.0,5
10,3_320x stock m270_4xobj_3_grid_r3_c6.png,3148,1,446,290,74.5,4
10,3_320x stock m270_4xobj_3_grid_r3_c6.png,3149,1,213,189,104.0,5
10,3_320x stock m270_4xobj_3_grid_r3_c6.png,3150,1,457,140,104.0,5
10,3_320x stock m270_4xobj_3_grid_r3_c6.png,3151,1,300,503,74.5,4
10,3_320x stock m270_4xobj_3_grid_r3_c6.png,3152,1,215,499,46.0,3
10,3_320x stock m270_4xobj_3_grid_r3_c6.png,3153,1,125,493,46.0,3
10,3_320x stock m270_4xobj_3_grid_r3_c6.png,3154,1,44,467,46.0,3
10,3_320x stock m270_4xobj_3_grid_r3_c6.png,3155,1,112,418,46.0,3
10,3_320x stock m270_4xobj_3_grid_r3_c6.png,3156,1,360,376,74.5,4
10,3_320x stock m270_4xobj_3_grid_r3_c6.png,3157,1,134,305,74.5,4
10,3_320x stock m270_4xobj_3_grid_r3_c6.png,3158,1,150,227,74.5,4
10,3_320x stock m270_4xobj_3_grid_r3_c6.png,3159,1,57,115,190.0,7
10,3_320x stock m270_4xobj_3_grid_r3_c6.png,3160,1,357,479,104.0,5
10,3_320x stock m270_4xobj_3_grid_r3_c6.png,3161,1,167,478,46.0,3
10,3_320x stock m270_4xobj_3_grid_r3_c6.png,3162,1,115,395,74.5,4
10,3_320x stock m270_4xobj_3_grid_r3_c6.png,3163,1,67,319,104.0,5
10,3_320x stock m270_4xobj_3_grid_r3_c6.png,3164,1,240,487,104.0,5
10,3_320x stock m270_4xobj_3_grid_r3_c6.png,3165,1,320,229,31.5,3
10,3_320x stock m270_4xobj_3_grid_r3_c6.png,3166,1,31,195,8.0,1
11,4_640x stock m270_4xobj_2_grid_r3_c0.png,3167,1,419,425,74.5,4
11,4_640x stock m270_4xobj_2_grid_r3_c0.png,3168,1,244,213,74.5,4
11,4_640x stock m270_4xobj_2_grid_r3_c0.png,3169,1,294,199,74.5,4
11,4_640x stock m270_4xobj_2_grid_r3_c0.png,3170,1,477,120,74.5,4
11,4_640x stock m270_4xobj_2_grid_r3_c0.png,3171,1,492,62,31.5,3
11,4_640x stock m270_4xobj_2_grid_r3_c0.png,3172,1,454,49,31.5,3
11,4_640x stock m270_4xobj_2_grid_r3_c0.png,3173,1,422,243,31.5,3
11,4_640x stock m270_4xobj_2_grid_r3_c0.png,3174,1,449,118,46.0,3
11,4_640x stock m270_4xobj_2_grid_r3_c0.png,3175,1,355,109,31.5,3
11,4_640x stock m270_4xobj_2_grid_r3_c0.png,3176,1,436,82,31.5,3
11,4_640x stock m270_4xobj_2_grid_r3_c0.png,3177,1,262,35,31.5,3
11,4_640x stock m270_4xobj_2_grid_r3_c0.png,3178,1,303,12,46.0,3
11,4_640x stock m270_4xobj_2_grid_r3_c0.png,3179,1,304,277,31.5,3
11,4_640x stock m270_4xobj_2_grid_r3_c0.png,3180,1,508,269,31.5,3
11,4_640x stock m270_4xobj_2_grid_r3_c0.png,3181,1,219,268,46.0,3
11,4_640x stock m270_4xobj_2_grid_r3_c0.png,3182,1,434,265,46.0,3
11,4_640x stock m270_4xobj_2_grid_r3_c0.png,3183,1,418,257,46.0,3
11,4_640x stock m270_4xobj_2_grid_r3_c0.png,3184,1,479,254,46.0,3
11,4_640x stock m270_4xobj_2_grid_r3_c0.png,3185,1,387,244,46.0,3
11,4_640x stock m270_4xobj_2_grid_r3_c0.png,3186,1,394,225,46.0,3
11,4_640x stock m270_4xobj_2_grid_r3_c0.png,3187,1,494,193,46.0,3
11,4_640x stock m270_4xobj_2_grid_r3_c0.png,3188,1,389,179,46.0,3
11,4_640x stock m270_4xobj_2_grid_r3_c0.png,3189,1,372,169,46.0,3
11,4_640x stock m270_4xobj_2_grid_r3_c0.png,3190,1,333,156,46.0,3
11,4_640x stock m270_4xobj_2_grid_r3_c0.png,3191,1,349,146,46.0,3
11,4_640x stock m270_4xobj_2_grid_r3_c0.png,3192,1,247,126,46.0,3
11,4_640x stock m270_4xobj_2_grid_r3_c0.png,3193,1,318,125,46.0,3
11,4_640x stock m270_4xobj_2_grid_r3_c0.png,3194,1,485,114,31.5,3
11,4_640x stock m270_4xobj_2_grid_r3_c0.png,3195,1,420,114,46.0,3
11,4_640x stock m270_4xobj_2_grid_r3_c0.png,3196,1,340,113,46.0,3
11,4_640x stock m270_4xobj_2_grid_r3_c0.png,3197,1,365,111,31.5,3
11,4_640x stock m270_4xobj_2_grid_r3_c0.png,3198,1,243,108,46.0,3
11,4_640x stock m270_4xobj_2_grid_r3_c0.png,3199,1,458,106,46.0,3
11,4_640x stock m270_4xobj_2_grid_r3_c0.png,3200,1,204,92,46.0,3
11,4_640x stock m270_4xobj_2_grid_r3_c0.png,3201,1,349,91,74.5,4
11,4_640x stock m270_4xobj_2_grid_r3_c0.png,3202,1,288,76,46.0,3
11,4_640x stock m270_4xobj_2_grid_r3_c0.png,3203,1,246,77,147.5,6
11,4_640x stock m270_4xobj_2_grid_r3_c0.png,3204,1,241,33,46.0,3
11,4_640x stock m270_4xobj_2_grid_r3_c0.png,3205,1,235,20,46.0,3
11,4_640x stock m270_4xobj_2_grid_r3_c0.png,3206,1,228,11,31.5,3
11,4_640x stock m270_4xobj_2_grid_r3_c0.png,3207,1,273,384,147.5,6
11,4_640x stock m270_4xobj_2_grid_r3_c0.png,3208,1,489,367,46.0,3
11,4_640x stock m270_4xobj_2_grid_r3_c0.png,3209,1,442,344,31.5,3
11,4_640x stock m270_4xobj_2_grid_r3_c0.png,3210,1,373,339,46.0,3
11,4_640x stock m270_4xobj_2_grid_r3_c0.png,3211,1,308,327,46.0,3
11,4_640x stock m270_4xobj_2_grid_r3_c0.png,3212,1,457,325,46.0,3
11,4_640x stock m270_4xobj_2_grid_r3_c0.png,3213,1,138,298,31.5,3
11,4_640x stock m270_4xobj_2_grid_r3_c0.png,3214,1,239,264,31.5,3
11,4_640x stock m270_4xobj_2_grid_r3_c0.png,3215,1,351,248,46.0,3
11,4_640x stock m270_4xobj_2_grid_r3_c0.png,3216,1,272,234,46.0,3
11,4_640x stock m270_4xobj_2_grid_r3_c0.png,3217,1,223,223,46.0,3
11,4_640x stock m270_4xobj_2_grid_r3_c0.png,3218,1,331,213,46.0,3
11,4_640x stock m270_4xobj_2_grid_r3_c0.png,3219,1,317,193,46.0,3
11,4_640x stock m270_4xobj_2_grid_r3_c0.png,3220,1,136,191,31.5,3
11,4_640x stock m270_4xobj_2_grid_r3_c0.png,3221,1,475,189,46.0,3
11,4_640x stock m270_4xobj_2_grid_r3_c0.png,3222,1,401,155,31.5,3
11,4_640x stock m270_4xobj_2_grid_r3_c0.png,3223,1,286,139,31.5,3
11,4_640x stock m270_4xobj_2_grid_r3_c0.png,3224,1,266,127,31.5,3
11,4_640x stock m270_4xobj_2_grid_r3_c0.png,3225,1,307,103,46.0,3
11,4_640x stock m270_4xobj_2_grid_r3_c0.png,3226,1,219,100,46.0,3
11,4_640x stock m270_4xobj_2_grid_r3_c0.png,3227,1,218,77,46.0,3
11,4_640x stock m270_4xobj_2_grid_r3_c0.png,3228,1,128,76,31.5,3
11,4_640x stock m270_4xobj_2_grid_r3_c0.png,3229,1,85,76,31.5,3
11,4_640x stock m270_4xobj_2_grid_r3_c0.png,3230,1,321,73,46.0,3
11,4_640x stock m270_4xobj_2_grid_r3_c0.png,3231,1,209,65,46.0,3
11,4_640x stock m270_4xobj_2_grid_r3_c0.png,3232,1,163,63,31.5,3
11,4_640x stock m270_4xobj_2_grid_r3_c0.png,3233,1,194,14,46.0,3
11,4_640x stock m270_4xobj_2_grid_r3_c0.png,3234,1,31,10,46.0,3
11,4_640x stock m270_4xobj_2_grid_r3_c0.png,3235,1,297,435,46.0,3
11,4_640x stock m270_4xobj_2_grid_r3_c0.png,3236,1,469,416,46.0,3
11,4_640x stock m270_4xobj_2_grid_r3_c0.png,3237,1,394,410,74.5,4
11,4_640x stock m270_4xobj_2_grid_r3_c0.png,3238,1,278,358,46.0,3
11,4_640x stock m270_4xobj_2_grid_r3_c0.png,3239,1,177,353,31.5,3
11,4_640x stock m270_4xobj_2_grid_r3_c0.png,3240,1,119,344,31.5,3
11,4_640x stock m270_4xobj_2_grid_r3_c0.png,3241,1,264,331,31.5,3
11,4_640x stock m270_4xobj_2_grid_r3_c0.png,3242,1,154,324,46.0,3
11,4_640x stock m270_4xobj_2_grid_r3_c0.png,3243,1,423,316,46.0,3
11,4_640x stock m270_4xobj_2_grid_r3_c0.png,3244,1,223,311,46.0,3
11,4_640x stock m270_4xobj_2_grid_r3_c0.png,3245,1,355,311,74.5,4
11,4_640x stock m270_4xobj_2_grid_r3_c0.png,3246,1,215,306,31.5,3
11,4_640x stock m270_4xobj_2_grid_r3_c0.png,3247,1,180,278,31.5,3
11,4_640x stock m270_4xobj_2_grid_r3_c0.png,3248,1,191,273,31.5,3
11,4_640x stock m270_4xobj_2_grid_r3_c0.png,3249,1,342,261,31.5,3
11,4_640x stock m270_4xobj_2_grid_r3_c0.png,3250,1,229,255,46.0,3
11,4_640x stock m270_4xobj_2_grid_r3_c0.png,3251,1,37,246,74.5,4
11,4_640x stock m270_4xobj_2_grid_r3_c0.png,3252,1,353,230,31.5,3
11,4_640x stock m270_4xobj_2_grid_r3_c0.png,3253,1,166,216,46.0,3
11,4_640x stock m270_4xobj_2_grid_r3_c0.png,3254,1,153,198,46.0,3
11,4_640x stock m270_4xobj_2_grid_r3_c0.png,3255,1,121,197,31.5,3
11,4_640x stock m270_4xobj_2_grid_r3_c0.png,3256,1,197,159,46.0,3
11,4_640x stock m270_4xobj_2_grid_r3_c0.png,3257,1,218,153,31.5,3
11,4_640x stock m270_4xobj_2_grid_r3_c0.png,3258,1,257,138,46.0,3
11,4_640x stock m270_4xobj_2_grid_r3_c0.png,3259,1,196,136,46.0,3
11,4_640x stock m270_4xobj_2_grid_r3_c0.png,3260,1,78,116,31.5,3
11,4_640x stock m270_4xobj_2_grid_r3_c0.png,3261,1,9,97,46.0,3
11,4_640x stock m270_4xobj_2_grid_r3_c0.png,3262,1,98,94,31.5,3
11,4_640x stock m270_4xobj_2_grid_r3_c0.png,3263,1,95,80,31.5,3
11,4_640x stock m270_4xobj_2_grid_r3_c0.png,3264,1,75,68,46.0,3
11,4_640x stock m270_4xobj_2_grid_r3_c0.png,3265,1,55,17,74.5,4
11,4_640x stock m270_4xobj_2_grid_r3_c0.png,3266,1,106,12,74.5,4
11,4_640x stock m270_4xobj_2_grid_r3_c0.png,3267,1,494,477,46.0,3
11,4_640x stock m270_4xobj_2_grid_r3_c0.png,3268,1,476,476,46.0,3
11,4_640x stock m270_4xobj_2_grid_r3_c0.png,3269,1,441,450,46.0,3
11,4_640x stock m270_4xobj_2_grid_r3_c0.png,3270,1,74,441,46.0,3
11,4_640x stock m270_4xobj_2_grid_r3_c0.png,3271,1,95,438,46.0,3
11,4_640x stock m270_4xobj_2_grid_r3_c0.png,3272,1,7,438,46.0,3
11,4_640x stock m270_4xobj_2_grid_r3_c0.png,3273,1,224,428,74.5,4
11,4_640x stock m270_4xobj_2_grid_r3_c0.png,3274,1,296,421,46.0,3
11,4_640x stock m270_4xobj_2_grid_r3_c0.png,3275,1,200,411,46.0,3
11,4_640x stock m270_4xobj_2_grid_r3_c0.png,3276,1,206,400,46.0,3
11,4_640x stock m270_4xobj_2_grid_r3_c0.png,3277,1,194,387,46.0,3
11,4_640x stock m270_4xobj_2_grid_r3_c0.png,3278,1,59,379,46.0,3
11,4_640x stock m270_4xobj_2_grid_r3_c0.png,3279,1,244,376,46.0,3
11,4_640x stock m270_4xobj_2_grid_r3_c0.png,3280,1,108,372,46.0,3
11,4_640x stock m270_4xobj_2_grid_r3_c0.png,3281,1,166,357,46.0,3
11,4_640x stock m270_4xobj_2_grid_r3_c0.png,3282,1,38,356,46.0,3
11,4_640x stock m270_4xobj_2_grid_r3_c0.png,3283,1,61,354,46.0,3
11,4_640x stock m270_4xobj_2_grid_r3_c0.png,3284,1,66,344,31.5,3
11,4_640x stock m270_4xobj_2_grid_r3_c0.png,3285,1,216,333,46.0,3
11,4_640x stock m270_4xobj_2_grid_r3_c0.png,3286,1,138,329,31.5,3
11,4_640x stock m270_4xobj_2_grid_r3_c0.png,3287,1,43,325,74.5,4
11,4_640x stock m270_4xobj_2_grid_r3_c0.png,3288,1,255,309,46.0,3
11,4_640x stock m270_4xobj_2_grid_r3_c0.png,3289,1,58,289,46.0,3
11,4_640x stock m270_4xobj_2_grid_r3_c0.png,3290,1,48,235,46.0,3
11,4_640x stock m270_4xobj_2_grid_r3_c0.png,3291,1,97,204,46.0,3
11,4_640x stock m270_4xobj_2_grid_r3_c0.png,3292,1,18,198,46.0,3
11,4_640x stock m270_4xobj_2_grid_r3_c0.png,3293,1,83,183,74.5,4
11,4_640x stock m270_4xobj_2_grid_r3_c0.png,3294,1,29,179,46.0,3
11,4_640x stock m270_4xobj_2_grid_r3_c0.png,3295,1,23,159,46.0,3
11,4_640x stock m270_4xobj_2_grid_r3_c0.png,3296,1,86,157,74.5,4
11,4_640x stock m270_4xobj_2_grid_r3_c0.png,3297,1,4,144,31.5,3
11,4_640x stock m270_4xobj_2_grid_r3_c0.png,3298,1,16,126,46.0,3
11,4_640x stock m270_4xobj_2_grid_r3_c0.png,3299,1,94,500,46.0,3
11,4_640x stock m270_4xobj_2_grid_r3_c0.png,3300,1,260,481,46.0,3
11,4_640x stock m270_4xobj_2_grid_r3_c0.png,3301,1,143,475,46.0,3
11,4_640x stock m270_4xobj_2_grid_r3_c0.png,3302,1,61,462,46.0,3
11,4_640x stock m270_4xobj_2_grid_r3_c0.png,3303,1,44,458,46.0,3
11,4_640x stock m270_4xobj_2_grid_r3_c0.png,3304,1,207,457,46.0,3
11,4_640x stock m270_4xobj_2_grid_r3_c0.png,3305,1,99,450,46.0,3
11,4_640x stock m270_4xobj_2_grid_r3_c0.png,3306,1,249,439,46.0,3
11,4_640x stock m270_4xobj_2_grid_r3_c0.png,3307,1,93,407,46.0,3
11,4_640x stock m270_4xobj_2_grid_r3_c0.png,3308,1,55,400,46.0,3
11,4_640x stock m270_4xobj_2_grid_r3_c0.png,3309,1,25,352,46.0,3
11,4_640x stock m270_4xobj_2_grid_r3_c0.png,3310,1,92,331,46.0,3
11,4_640x stock m270_4xobj_2_grid_r3_c0.png,3311,1,42,310,46.0,3
11,4_640x stock m270_4xobj_2_grid_r3_c0.png,3312,1,112,296,46.0,3
11,4_640x stock m270_4xobj_2_grid_r3_c0.png,3313,1,136,265,46.0,3
11,4_640x stock m270_4xobj_2_grid_r3_c0.png,3314,1,54,169,46.0,3
11,4_640x stock m270_4xobj_2_grid_r3_c0.png,3315,1,118,74,31.5,3
11,4_640x stock m270_4xobj_2_grid_r3_c0.png,3316,1,184,496,46.0,3
11,4_640x stock m270_4xobj_2_grid_r3_c0.png,3317,1,279,476,46.0,3
11,4_640x stock m270_4xobj_2_grid_r3_c0.png,3318,1,193,463,46.0,3
11,4_640x stock m270_4xobj_2_grid_r3_c0.png,3319,1,111,424,46.0,3
11,4_640x stock m270_4xobj_2_grid_r3_c0.png,3320,1,349,219,104.0,5
11,4_640x stock m270_4xobj_2_grid_r3_c0.png,3321,1,58,437,46.0,3
11,4_640x stock m270_4xobj_2_grid_r3_c0.png,3322,1,12,417,74.5,4
12,4_640x stock m270_4xobj_2_grid_r3_c1.png,3323,1,225,45,74.5,4
12,4_640x stock m270_4xobj_2_grid_r3_c1.png,3324,1,47,137,74.5,4
12,4_640x stock m270_4xobj_2_grid_r3_c1.png,3325,1,493,121,74.5,4
12,4_640x stock m270_4xobj_2_grid_r3_c1.png,3326,1,139,178,46.0,3
12,4_640x stock m270_4xobj_2_grid_r3_c1.png,3327,1,126,74,74.5,4
12,4_640x stock m270_4xobj_2_grid_r3_c1.png,3328,1,392,456,46.0,3
12,4_640x stock m270_4xobj_2_grid_r3_c1.png,3329,1,308,308,104.0,5
12,4_640x stock m270_4xobj_2_grid_r3_c1.png,3330,1,463,212,104.0,5
12,4_640x stock m270_4xobj_2_grid_r3_c1.png,3331,1,83,205,190.0,7
12,4_640x stock m270_4xobj_2_grid_r3_c1.png,3332,1,247,175,74.5,4
12,4_640x stock m270_4xobj_2_grid_r3_c1.png,3333,1,462,142,31.5,3
12,4_640x stock m270_4xobj_2_grid_r3_c1.png,3334,1,279,96,46.0,3
12,4_640x stock m270_4xobj_2_grid_r3_c1.png,3335,1,49,81,46.0,3
12,4_640x stock m270_4xobj_2_grid_r3_c1.png,3336,1,348,78,46.0,3
12,4_640x stock m270_4xobj_2_grid_r3_c1.png,3337,1,477,72,46.0,3
12,4_640x stock m270_4xobj_2_grid_r3_c1.png,3338,1,178,62,46.0,3
12,4_640x stock m270_4xobj_2_grid_r3_c1.png,3339,1,355,58,46.0,3
12,4_640x stock m270_4xobj_2_grid_r3_c1.png,3340,1,210,55,46.0,3
12,4_640x stock m270_4xobj_2_grid_r3_c1.png,3341,1,208,19,46.0,3
12,4_640x stock m270_4xobj_2_grid_r3_c1.png,3342,1,76,13,46.0,3
12,4_640x stock m270_4xobj_2_grid_r3_c1.png,3343,1,357,12,31.5,3
12,4_640x stock m270_4xobj_2_grid_r3_c1.png,3344,1,172,6,46.0,3
12,4_640x stock m270_4xobj_2_grid_r3_c1.png,3345,1,283,5,46.0,3
12,4_640x stock m270_4xobj_2_grid_r3_c1.png,3346,1,337,196,31.5,3
12,4_640x stock m270_4xobj_2_grid_r3_c1.png,3347,1,73,172,46.0,3
12,4_640x stock m270_4xobj_2_grid_r3_c1.png,3348,1,346,165,46.0,3
12,4_640x stock m270_4xobj_2_grid_r3_c1.png,3349,1,358,155,46.0,3
12,4_640x stock m270_4xobj_2_grid_r3_c1.png,3350,1,268,150,46.0,3
12,4_640x stock m270_4xobj_2_grid_r3_c1.png,3351,1,105,136,46.0,3
12,4_640x stock m270_4xobj_2_grid_r3_c1.png,3352,1,175,102,46.0,3
12,4_640x stock m270_4xobj_2_grid_r3_c1.png,3353,1,129,101,46.0,3
12,4_640x stock m270_4xobj_2_grid_r3_c1.png,3354,1,214,90,46.0,3
12,4_640x stock m270_4xobj_2_grid_r3_c1.png,3355,1,101,74,46.0,3
12,4_640x stock m270_4xobj_2_grid_r3_c1.png,3356,1,17,62,46.0,3
12,4_640x stock m270_4xobj_2_grid_r3_c1.png,3357,1,44,37,46.0,3
12,4_640x stock m270_4xobj_2_grid_r3_c1.png,3358,1,198,6,46.0,3
12,4_640x stock m270_4xobj_2_grid_r3_c1.png,3359,1,262,494,104.0,5
12,4_640x stock m270_4xobj_2_grid_r3_c1.png,3360,1,491,456,46.0,3
12,4_640x stock m270_4xobj_2_grid_r3_c1.png,3361,1,479,308,31.5,3
12,4_640x stock m270_4xobj_2_grid_r3_c1.png,3362,1,107,310,74.5,4
12,4_640x stock m270_4xobj_2_grid_r3_c1.png,3363,1,256,302,46.0,3
12,4_640x stock m270_4xobj_2_grid_r3_c1.png,3364,1,57,275,46.0,3
12,4_640x stock m270_4xobj_2_grid_r3_c1.png,3365,1,213,262,46.0,3
12,4_640x stock m270_4xobj_2_grid_r3_c1.png,3366,1,377,237,31.5,3
12,4_640x stock m270_4xobj_2_grid_r3_c1.png,3367,1,308,225,46.0,3
12,4_640x stock m270_4xobj_2_grid_r3_c1.png,3368,1,412,217,46.0,3
12,4_640x stock m270_4xobj_2_grid_r3_c1.png,3369,1,116,188,46.0,3
12,4_640x stock m270_4xobj_2_grid_r3_c1.png,3370,1,418,177,74.5,4
12,4_640x stock m270_4xobj_2_grid_r3_c1.png,3371,1,411,157,46.0,3
12,4_640x stock m270_4xobj_2_grid_r3_c1.png,3372,1,490,154,46.0,3
12,4_640x stock m270_4xobj_2_grid_r3_c1.png,3373,1,231,144,46.0,3
12,4_640x stock m270_4xobj_2_grid_r3_c1.png,3374,1,249,136,46.0,3
12,4_640x stock m270_4xobj_2_grid_r3_c1.png,3375,1,334,121,46.0,3
12,4_640x stock m270_4xobj_2_grid_r3_c1.png,3376,1,168,117,46.0,3
12,4_640x stock m270_4xobj_2_grid_r3_c1.png,3377,1,156,111,46.0,3
12,4_640x stock m270_4xobj_2_grid_r3_c1.png,3378,1,63,93,31.5,3
12,4_640x stock m270_4xobj_2_grid_r3_c1.png,3379,1,74,89,46.0,3
12,4_640x stock m270_4xobj_2_grid_r3_c1.png,3380,1,307,75,46.0,3
12,4_640x stock m270_4xobj_2_grid_r3_c1.png,3381,1,418,28,46.0,3
12,4_640x stock m270_4xobj_2_grid_r3_c1.png,3382,1,436,496,46.0,3
12,4_640x stock m270_4xobj_2_grid_r3_c1.png,3383,1,427,474,46.0,3
12,4_640x stock m270_4xobj_2_grid_r3_c1.png,3384,1,304,445,147.5,6
12,4_640x stock m270_4xobj_2_grid_r3_c1.png,3385,1,457,441,46.0,3
12,4_640x stock m270_4xobj_2_grid_r3_c1.png,3386,1,415,418,46.0,3
12,4_640x stock m270_4xobj_2_grid_r3_c1.png,3387,1,165,338,46.0,3
12,4_640x stock m270_4xobj_2_grid_r3_c1.png,3388,1,121,335,31.5,3
12,4_640x stock m270_4xobj_2_grid_r3_c1.png,3389,1,352,325,46.0,3
12,4_640x stock m270_4xobj_2_grid_r3_c1.png,3390,1,60,320,31.5,3
12,4_640x stock m270_4xobj_2_grid_r3_c1.png,3391,1,452,315,46.0,3
12,4_640x stock m270_4xobj_2_grid_r3_c1.png,3392,1,278,314,46.0,3
12,4_640x stock m270_4xobj_2_grid_r3_c1.png,3393,1,53,306,46.0,3
12,4_640x stock m270_4xobj_2_grid_r3_c1.png,3394,1,390,302,46.0,3
12,4_640x stock m270_4xobj_2_grid_r3_c1.png,3395,1,388,275,46.0,3
12,4_640x stock m270_4xobj_2_grid_r3_c1.png,3396,1,223,273,46.0,3
12,4_640x stock m270_4xobj_2_grid_r3_c1.png,3397,1,180,264,46.0,3
12,4_640x stock m270_4xobj_2_grid_r3_c1.png,3398,1,333,261,46.0,3
12,4_640x stock m270_4xobj_2_grid_r3_c1.png,3399,1,415,259,46.0,3
12,4_640x stock m270_4xobj_2_grid_r3_c1.png,3400,1,4,253,46.0,3
12,4_640x stock m270_4xobj_2_grid_r3_c1.png,3401,1,256,243,74.5,4
12,4_640x stock m270_4xobj_2_grid_r3_c1.png,3402,1,169,235,31.5,3
12,4_640x stock m270_4xobj_2_grid_r3_c1.png,3403,1,114,233,46.0,3
12,4_640x stock m270_4xobj_2_grid_r3_c1.png,3404,1,178,212,46.0,3
12,4_640x stock m270_4xobj_2_grid_r3_c1.png,3405,1,254,194,31.5,3
12,4_640x stock m270_4xobj_2_grid_r3_c1.png,3406,1,19,193,46.0,3
12,4_640x stock m270_4xobj_2_grid_r3_c1.png,3407,1,141,163,46.0,3
12,4_640x stock m270_4xobj_2_grid_r3_c1.png,3408,1,79,119,31.5,3
12,4_640x stock m270_4xobj_2_grid_r3_c1.png,3409,1,388,489,46.0,3
12,4_640x stock m270_4xobj_2_grid_r3_c1.png,3410,1,72,477,147.5,6
12,4_640x stock m270_4xobj_2_grid_r3_c1.png,3411,1,422,463,46.0,3
12,4_640x stock m270_4xobj_2_grid_r3_c1.png,3412,1,317,458,46.0,3
12,4_640x stock m270_4xobj_2_grid_r3_c1.png,3413,1,59,446,31.5,3
12,4_640x stock m270_4xobj_2_grid_r3_c1.png,3414,1,373,439,46.0,3
12,4_640x stock m270_4xobj_2_grid_r3_c1.png,3415,1,244,437,46.0,3
12,4_640x stock m270_4xobj_2_grid_r3_c1.png,3416,1,173,434,31.5,3
12,4_640x stock m270_4xobj_2_grid_r3_c1.png,3417,1,357,434,46.0,3
12,4_640x stock m270_4xobj_2_grid_r3_c1.png,3418,1,292,433,46.0,3
12,4_640x stock m270_4xobj_2_grid_r3_c1.png,3419,1,461,416,74.5,4
12,4_640x stock m270_4xobj_2_grid_r3_c1.png,3420,1,358,394,46.0,3
12,4_640x stock m270_4xobj_2_grid_r3_c1.png,3421,1,432,392,46.0,3
12,4_640x stock m270_4xobj_2_grid_r3_c1.png,3422,1,220,382,46.0,3
12,4_640x stock m270_4xobj_2_grid_r3_c1.png,3423,1,388,375,46.0,3
12,4_640x stock m270_4xobj_2_grid_r3_c1.png,3424,1,271,373,46.0,3
12,4_640x stock m270_4xobj_2_grid_r3_c1.png,3425,1,14,367,46.0,3
12,4_640x stock m270_4xobj_2_grid_r3_c1.png,3426,1,432,363,46.0,3
12,4_640x stock m270_4xobj_2_grid_r3_c1.png,3427,1,136,361,46.0,3
12,4_640x stock m270_4xobj_2_grid_r3_c1.png,3428,1,314,357,46.0,3
12,4_640x stock m270_4xobj_2_grid_r3_c1.png,3429,1,409,330,74.5,4
12,4_640x stock m270_4xobj_2_grid_r3_c1.png,3430,1,191,302,31.5,3
12,4_640x stock m270_4xobj_2_grid_r3_c1.png,3431,1,101,290,46.0,3
12,4_640x stock m270_4xobj_2_grid_r3_c1.png,3432,1,221,284,31.5,3
12,4_640x stock m270_4xobj_2_grid_r3_c1.png,3433,1,353,277,147.5,6
12,4_640x stock m270_4xobj_2_grid_r3_c1.png,3434,1,34,269,46.0,3
12,4_640x stock m270_4xobj_2_grid_r3_c1.png,3435,1,93,261,46.0,3
12,4_640x stock m270_4xobj_2_grid_r3_c1.png,3436,1,125,247,46.0,3
12,4_640x stock m270_4xobj_2_grid_r3_c1.png,3437,1,162,214,104.0,5
12,4_640x stock m270_4xobj_2_grid_r3_c1.png,3438,1,187,498,46.0,3
12,4_640x stock m270_4xobj_2_grid_r3_c1.png,3439,1,283,495,46.0,3
12,4_640x stock m270_4xobj_2_grid_r3_c1.png,3440,1,84,490,46.0,3
12,4_640x stock m270_4xobj_2_grid_r3_c1.png,3441,1,98,486,46.0,3
12,4_640x stock m270_4xobj_2_grid_r3_c1.png,3442,1,188,454,46.0,3
12,4_640x stock m270_4xobj_2_grid_r3_c1.png,3443,1,223,451,46.0,3
12,4_640x stock m270_4xobj_2_grid_r3_c1.png,3444,1,120,437,46.0,3
12,4_640x stock m270_4xobj_2_grid_r3_c1.png,3445,1,271,436,46.0,3
12,4_640x stock m270_4xobj_2_grid_r3_c1.png,3446,1,60,424,46.0,3
12,4_640x stock m270_4xobj_2_grid_r3_c1.png,3447,1,128,406,46.0,3
12,4_640x stock m270_4xobj_2_grid_r3_c1.png,3448,1,40,394,46.0,3
12,4_640x stock m270_4xobj_2_grid_r3_c1.png,3449,1,274,390,46.0,3
12,4_640x stock m270_4xobj_2_grid_r3_c1.png,3450,1,228,390,46.0,3
12,4_640x stock m270_4xobj_2_grid_r3_c1.png,3451,1,210,369,46.0,3
12,4_640x stock m270_4xobj_2_grid_r3_c1.png,3452,1,50,330,31.5,3
12,4_640x stock m270_4xobj_2_grid_r3_c1.png,3453,1,155,324,46.0,3
12,4_640x stock m270_4xobj_2_grid_r3_c1.png,3454,1,42,253,46.0,3
12,4_640x stock m270_4xobj_2_grid_r3_c1.png,3455,1,19,477,46.0,3
12,4_640x stock m270_4xobj_2_grid_r3_c1.png,3456,1,93,381,46.0,3
12,4_640x stock m270_4xobj_2_grid_r3_c1.png,3457,1,116,480,74.5,4
12,4_640x stock m270_4xobj_2_grid_r3_c1.png,3458,1,198,337,31.5,3
13,4_640x stock m270_4xobj_2_grid_r3_c2.png,3459,1,206,502,74.5,4
13,4_640x stock m270_4xobj_2_grid_r3_c2.png,3460,1,466,303,74.5,4
13,4_640x stock m270_4xobj_2_grid_r3_c2.png,3461,1,276,182,46.0,3
13,4_640x stock m270_4xobj_2_grid_r3_c2.png,3462,1,192,308,74.5,4
13,4_640x stock m270_4xobj_2_grid_r3_c2.png,3463,1,507,176,46.0,3
13,4_640x stock m270_4xobj_2_grid_r3_c2.png,3464,1,502,134,46.0,3
13,4_640x stock m270_4xobj_2_grid_r3_c2.png,3465,1,18,121,74.5,4
13,4_640x stock m270_4xobj_2_grid_r3_c2.png,3466,1,453,271,46.0,3
13,4_640x stock m270_4xobj_2_grid_r3_c2.png,3467,1,470,208,31.5,3
13,4_640x stock m270_4xobj_2_grid_r3_c2.png,3468,1,459,207,46.0,3
13,4_640x stock m270_4xobj_2_grid_r3_c2.png,3469,1,474,128,46.0,3
13,4_640x stock m270_4xobj_2_grid_r3_c2.png,3470,1,389,112,46.0,3
13,4_640x stock m270_4xobj_2_grid_r3_c2.png,3471,1,415,111,46.0,3
13,4_640x stock m270_4xobj_2_grid_r3_c2.png,3472,1,298,11,46.0,3
13,4_640x stock m270_4xobj_2_grid_r3_c2.png,3473,1,482,447,46.0,3
13,4_640x stock m270_4xobj_2_grid_r3_c2.png,3474,1,465,417,46.0,3
13,4_640x stock m270_4xobj_2_grid_r3_c2.png,3475,1,472,342,46.0,3
13,4_640x stock m270_4xobj_2_grid_r3_c2.png,3476,1,482,281,46.0,3
13,4_640x stock m270_4xobj_2_grid_r3_c2.png,3477,1,438,254,46.0,3
13,4_640x stock m270_4xobj_2_grid_r3_c2.png,3478,1,487,237,74.5,4
13,4_640x stock m270_4xobj_2_grid_r3_c2.png,3479,1,449,235,46.0,3
13,4_640x stock m270_4xobj_2_grid_r3_c2.png,3480,1,374,234,46.0,3
13,4_640x stock m270_4xobj_2_grid_r3_c2.png,3481,1,340,207,46.0,3
13,4_640x stock m270_4xobj_2_grid_r3_c2.png,3482,1,229,96,46.0,3
13,4_640x stock m270_4xobj_2_grid_r3_c2.png,3483,1,58,72,46.0,3
13,4_640x stock m270_4xobj_2_grid_r3_c2.png,3484,1,411,71,46.0,3
13,4_640x stock m270_4xobj_2_grid_r3_c2.png,3485,1,86,71,46.0,3
13,4_640x stock m270_4xobj_2_grid_r3_c2.png,3486,1,207,68,46.0,3
13,4_640x stock m270_4xobj_2_grid_r3_c2.png,3487,1,87,37,46.0,3
13,4_640x stock m270_4xobj_2_grid_r3_c2.png,3488,1,318,36,46.0,3
13,4_640x stock m270_4xobj_2_grid_r3_c2.png,3489,1,230,16,46.0,3
13,4_640x stock m270_4xobj_2_grid_r3_c2.png,3490,1,98,15,46.0,3
13,4_640x stock m270_4xobj_2_grid_r3_c2.png,3491,1,394,3,31.5,3
13,4_640x stock m270_4xobj_2_grid_r3_c2.png,3492,1,389,424,74.5,4
13,4_640x stock m270_4xobj_2_grid_r3_c2.png,3493,1,461,401,46.0,3
13,4_640x stock m270_4xobj_2_grid_r3_c2.png,3494,1,335,398,46.0,3
13,4_640x stock m270_4xobj_2_grid_r3_c2.png,3495,1,403,386,46.0,3
13,4_640x stock m270_4xobj_2_grid_r3_c2.png,3496,1,265,325,31.5,3
13,4_640x stock m270_4xobj_2_grid_r3_c2.png,3497,1,309,321,46.0,3
13,4_640x stock m270_4xobj_2_grid_r3_c2.png,3498,1,271,310,46.0,3
13,4_640x stock m270_4xobj_2_grid_r3_c2.png,3499,1,254,304,46.0,3
13,4_640x stock m270_4xobj_2_grid_r3_c2.png,3500,1,280,285,46.0,3
13,4_640x stock m270_4xobj_2_grid_r3_c2.png,3501,1,228,264,46.0,3
13,4_640x stock m270_4xobj_2_grid_r3_c2.png,3502,1,172,260,46.0,3
13,4_640x stock m270_4xobj_2_grid_r3_c2.png,3503,1,211,228,46.0,3
13,4_640x stock m270_4xobj_2_grid_r3_c2.png,3504,1,141,210,31.5,3
13,4_640x stock m270_4xobj_2_grid_r3_c2.png,3505,1,173,194,31.5,3
13,4_640x stock m270_4xobj_2_grid_r3_c2.png,3506,1,186,154,46.0,3
13,4_640x stock m270_4xobj_2_grid_r3_c2.png,3507,1,242,135,46.0,3
13,4_640x stock m270_4xobj_2_grid_r3_c2.png,3508,1,107,113,46.0,3
13,4_640x stock m270_4xobj_2_grid_r3_c2.png,3509,1,154,91,46.0,3
13,4_640x stock m270_4xobj_2_grid_r3_c2.png,3510,1,143,43,46.0,3
13,4_640x stock m270_4xobj_2_grid_r3_c2.png,3511,1,201,41,46.0,3
13,4_640x stock m270_4xobj_2_grid_r3_c2.png,3512,1,60,36,46.0,3
13,4_640x stock m270_4xobj_2_grid_r3_c2.png,3513,1,171,22,46.0,3
13,4_640x stock m270_4xobj_2_grid_r3_c2.png,3514,1,149,18,31.5,3
13,4_640x stock m270_4xobj_2_grid_r3_c2.png,3515,1,449,498,74.5,4
13,4_640x stock m270_4xobj_2_grid_r3_c2.png,3516,1,319,467,31.5,3
13,4_640x stock m270_4xobj_2_grid_r3_c2.png,3517,1,241,461,31.5,3
13,4_640x stock m270_4xobj_2_grid_r3_c2.png,3518,1,257,435,46.0,3
13,4_640x stock m270_4xobj_2_grid_r3_c2.png,3519,1,321,411,74.5,4
13,4_640x stock m270_4xobj_2_grid_r3_c2.png,3520,1,430,401,46.0,3
13,4_640x stock m270_4xobj_2_grid_r3_c2.png,3521,1,304,393,46.0,3
13,4_640x stock m270_4xobj_2_grid_r3_c2.png,3522,1,213,378,46.0,3
13,4_640x stock m270_4xobj_2_grid_r3_c2.png,3523,1,274,371,46.0,3
13,4_640x stock m270_4xobj_2_grid_r3_c2.png,3524,1,208,330,46.0,3
13,4_640x stock m270_4xobj_2_grid_r3_c2.png,3525,1,237,325,46.0,3
13,4_640x stock m270_4xobj_2_grid_r3_c2.png,3526,1,235,303,31.5,3
13,4_640x stock m270_4xobj_2_grid_r3_c2.png,3527,1,255,270,46.0,3
13,4_640x stock m270_4xobj_2_grid_r3_c2.png,3528,1,187,202,31.5,3
13,4_640x stock m270_4xobj_2_grid_r3_c2.png,3529,1,307,189,46.0,3
13,4_640x stock m270_4xobj_2_grid_r3_c2.png,3530,1,233,187,46.0,3
13,4_640x stock m270_4xobj_2_grid_r3_c2.png,3531,1,92,175,46.0,3
13,4_640x stock m270_4xobj_2_grid_r3_c2.png,3532,1,115,169,46.0,3
13,4_640x stock m270_4xobj_2_grid_r3_c2.png,3533,1,159,169,46.0,3
13,4_640x stock m270_4xobj_2_grid_r3_c2.png,3534,1,202,127,46.0,3
13,4_640x stock m270_4xobj_2_grid_r3_c2.png,3535,1,40,73,46.0,3
13,4_640x stock m270_4xobj_2_grid_r3_c2.png,3536,1,166,46,46.0,3
13,4_640x stock m270_4xobj_2_grid_r3_c2.png,3537,1,425,9,46.0,3
13,4_640x stock m270_4xobj_2_grid_r3_c2.png,3538,1,176,491,46.0,3
13,4_640x stock m270_4xobj_2_grid_r3_c2.png,3539,1,299,460,46.0,3
13,4_640x stock m270_4xobj_2_grid_r3_c2.png,3540,1,99,459,46.0,3
13,4_640x stock m270_4xobj_2_grid_r3_c2.png,3541,1,215,444,46.0,3
13,4_640x stock m270_4xobj_2_grid_r3_c2.png,3542,1,75,422,46.0,3
13,4_640x stock m270_4xobj_2_grid_r3_c2.png,3543,1,239,401,74.5,4
13,4_640x stock m270_4xobj_2_grid_r3_c2.png,3544,1,99,387,31.5,3
13,4_640x stock m270_4xobj_2_grid_r3_c2.png,3545,1,117,377,46.0,3
13,4_640x stock m270_4xobj_2_grid_r3_c2.png,3546,1,97,374,46.0,3
13,4_640x stock m270_4xobj_2_grid_r3_c2.png,3547,1,99,347,31.5,3
13,4_640x stock m270_4xobj_2_grid_r3_c2.png,3548,1,277,335,31.5,3
13,4_640x stock m270_4xobj_2_grid_r3_c2.png,3549,1,4,308,31.5,3
13,4_640x stock m270_4xobj_2_grid_r3_c2.png,3550,1,70,303,31.5,3
13,4_640x stock m270_4xobj_2_grid_r3_c2.png,3551,1,185,295,46.0,3
13,4_640x stock m270_4xobj_2_grid_r3_c2.png,3552,1,232,240,46.0,3
13,4_640x stock m270_4xobj_2_grid_r3_c2.png,3553,1,96,232,46.0,3
13,4_640x stock m270_4xobj_2_grid_r3_c2.png,3554,1,93,216,46.0,3
13,4_640x stock m270_4xobj_2_grid_r3_c2.png,3555,1,73,194,46.0,3
13,4_640x stock m270_4xobj_2_grid_r3_c2.png,3556,1,15,154,46.0,3
13,4_640x stock m270_4xobj_2_grid_r3_c2.png,3557,1,185,498,46.0,3
13,4_640x stock m270_4xobj_2_grid_r3_c2.png,3558,1,160,484,46.0,3
13,4_640x stock m270_4xobj_2_grid_r3_c2.png,3559,1,16,457,46.0,3
14,4_640x stock m270_4xobj_2_grid_r3_c3.png,3560,1,158,488,74.5,4
14,4_640x stock m270_4xobj_2_grid_r3_c3.png,3561,1,467,274,104.0,5
14,4_640x stock m270_4xobj_2_grid_r3_c3.png,3562,1,388,21,74.5,4
14,4_640x stock m270_4xobj_2_grid_r3_c3.png,3563,1,190,205,74.5,4
14,4_640x stock m270_4xobj_2_grid_r3_c3.png,3564,1,466,53,31.5,3
14,4_640x stock m270_4xobj_2_grid_r3_c3.png,3565,1,466,37,31.5,3
14,4_640x stock m270_4xobj_2_grid_r3_c3.png,3566,1,410,35,46.0,3
14,4_640x stock m270_4xobj_2_grid_r3_c3.png,3567,1,480,21,46.0,3
14,4_640x stock m270_4xobj_2_grid_r3_c3.png,3568,1,457,375,46.0,3
14,4_640x stock m270_4xobj_2_grid_r3_c3.png,3569,1,417,331,31.5,3
14,4_640x stock m270_4xobj_2_grid_r3_c3.png,3570,1,481,134,46.0,3
14,4_640x stock m270_4xobj_2_grid_r3_c3.png,3571,1,491,112,46.0,3
14,4_640x stock m270_4xobj_2_grid_r3_c3.png,3572,1,299,76,46.0,3
14,4_640x stock m270_4xobj_2_grid_r3_c3.png,3573,1,403,54,46.0,3
14,4_640x stock m270_4xobj_2_grid_r3_c3.png,3574,1,369,47,46.0,3
14,4_640x stock m270_4xobj_2_grid_r3_c3.png,3575,1,413,14,46.0,3
14,4_640x stock m270_4xobj_2_grid_r3_c3.png,3576,1,468,4,46.0,3
14,4_640x stock m270_4xobj_2_grid_r3_c3.png,3577,1,484,328,46.0,3
14,4_640x stock m270_4xobj_2_grid_r3_c3.png,3578,1,412,322,31.5,3
14,4_640x stock m270_4xobj_2_grid_r3_c3.png,3579,1,424,321,31.5,3
14,4_640x stock m270_4xobj_2_grid_r3_c3.png,3580,1,428,305,46.0,3
14,4_640x stock m270_4xobj_2_grid_r3_c3.png,3581,1,507,304,46.0,3
14,4_640x stock m270_4xobj_2_grid_r3_c3.png,3582,1,213,300,31.5,3
14,4_640x stock m270_4xobj_2_grid_r3_c3.png,3583,1,300,299,46.0,3
14,4_640x stock m270_4xobj_2_grid_r3_c3.png,3584,1,332,284,46.0,3
14,4_640x stock m270_4xobj_2_grid_r3_c3.png,3585,1,292,267,46.0,3
14,4_640x stock m270_4xobj_2_grid_r3_c3.png,3586,1,269,250,46.0,3
14,4_640x stock m270_4xobj_2_grid_r3_c3.png,3587,1,385,248,46.0,3
14,4_640x stock m270_4xobj_2_grid_r3_c3.png,3588,1,316,240,46.0,3
14,4_640x stock m270_4xobj_2_grid_r3_c3.png,3589,1,424,237,104.0,5
14,4_640x stock m270_4xobj_2_grid_r3_c3.png,3590,1,282,230,46.0,3
14,4_640x stock m270_4xobj_2_grid_r3_c3.png,3591,1,394,210,74.5,4
14,4_640x stock m270_4xobj_2_grid_r3_c3.png,3592,1,499,198,46.0,3
14,4_640x stock m270_4xobj_2_grid_r3_c3.png,3593,1,444,195,46.0,3
14,4_640x stock m270_4xobj_2_grid_r3_c3.png,3594,1,305,181,46.0,3
14,4_640x stock m270_4xobj_2_grid_r3_c3.png,3595,1,316,180,31.5,3
14,4_640x stock m270_4xobj_2_grid_r3_c3.png,3596,1,366,152,46.0,3
14,4_640x stock m270_4xobj_2_grid_r3_c3.png,3597,1,303,149,46.0,3
14,4_640x stock m270_4xobj_2_grid_r3_c3.png,3598,1,405,142,46.0,3
14,4_640x stock m270_4xobj_2_grid_r3_c3.png,3599,1,366,130,46.0,3
14,4_640x stock m270_4xobj_2_grid_r3_c3.png,3600,1,217,125,46.0,3
14,4_640x stock m270_4xobj_2_grid_r3_c3.png,3601,1,83,123,31.5,3
14,4_640x stock m270_4xobj_2_grid_r3_c3.png,3602,1,88,117,31.5,3
14,4_640x stock m270_4xobj_2_grid_r3_c3.png,3603,1,290,100,46.0,3
14,4_640x stock m270_4xobj_2_grid_r3_c3.png,3604,1,357,65,46.0,3
14,4_640x stock m270_4xobj_2_grid_r3_c3.png,3605,1,304,50,46.0,3
14,4_640x stock m270_4xobj_2_grid_r3_c3.png,3606,1,162,44,46.0,3
14,4_640x stock m270_4xobj_2_grid_r3_c3.png,3607,1,273,8,46.0,3
14,4_640x stock m270_4xobj_2_grid_r3_c3.png,3608,1,363,502,46.0,3
14,4_640x stock m270_4xobj_2_grid_r3_c3.png,3609,1,498,462,46.0,3
14,4_640x stock m270_4xobj_2_grid_r3_c3.png,3610,1,330,439,46.0,3
14,4_640x stock m270_4xobj_2_grid_r3_c3.png,3611,1,381,433,46.0,3
14,4_640x stock m270_4xobj_2_grid_r3_c3.png,3612,1,426,421,104.0,5
14,4_640x stock m270_4xobj_2_grid_r3_c3.png,3613,1,230,391,46.0,3
14,4_640x stock m270_4xobj_2_grid_r3_c3.png,3614,1,380,368,46.0,3
14,4_640x stock m270_4xobj_2_grid_r3_c3.png,3615,1,471,362,46.0,3
14,4_640x stock m270_4xobj_2_grid_r3_c3.png,3616,1,340,322,74.5,4
14,4_640x stock m270_4xobj_2_grid_r3_c3.png,3617,1,215,279,46.0,3
14,4_640x stock m270_4xobj_2_grid_r3_c3.png,3618,1,373,269,46.0,3
14,4_640x stock m270_4xobj_2_grid_r3_c3.png,3619,1,305,260,46.0,3
14,4_640x stock m270_4xobj_2_grid_r3_c3.png,3620,1,492,258,31.5,3
14,4_640x stock m270_4xobj_2_grid_r3_c3.png,3621,1,254,254,46.0,3
14,4_640x stock m270_4xobj_2_grid_r3_c3.png,3622,1,334,252,46.0,3
14,4_640x stock m270_4xobj_2_grid_r3_c3.png,3623,1,221,244,46.0,3
14,4_640x stock m270_4xobj_2_grid_r3_c3.png,3624,1,204,230,31.5,3
14,4_640x stock m270_4xobj_2_grid_r3_c3.png,3625,1,95,222,46.0,3
14,4_640x stock m270_4xobj_2_grid_r3_c3.png,3626,1,145,204,46.0,3
14,4_640x stock m270_4xobj_2_grid_r3_c3.png,3627,1,225,203,31.5,3
14,4_640x stock m270_4xobj_2_grid_r3_c3.png,3628,1,179,149,46.0,3
14,4_640x stock m270_4xobj_2_grid_r3_c3.png,3629,1,338,131,74.5,4
14,4_640x stock m270_4xobj_2_grid_r3_c3.png,3630,1,298,127,46.0,3
14,4_640x stock m270_4xobj_2_grid_r3_c3.png,3631,1,139,94,46.0,3
14,4_640x stock m270_4xobj_2_grid_r3_c3.png,3632,1,165,22,46.0,3
14,4_640x stock m270_4xobj_2_grid_r3_c3.png,3633,1,248,503,46.0,3
14,4_640x stock m270_4xobj_2_grid_r3_c3.png,3634,1,432,459,46.0,3
14,4_640x stock m270_4xobj_2_grid_r3_c3.png,3635,1,444,451,46.0,3
14,4_640x stock m270_4xobj_2_grid_r3_c3.png,3636,1,328,420,74.5,4
14,4_640x stock m270_4xobj_2_grid_r3_c3.png,3637,1,281,413,46.0,3
14,4_640x stock m270_4xobj_2_grid_r3_c3.png,3638,1,195,410,46.0,3
14,4_640x stock m270_4xobj_2_grid_r3_c3.png,3639,1,238,363,31.5,3
14,4_640x stock m270_4xobj_2_grid_r3_c3.png,3640,1,156,352,46.0,3
14,4_640x stock m270_4xobj_2_grid_r3_c3.png,3641,1,74,353,46.0,3
14,4_640x stock m270_4xobj_2_grid_r3_c3.png,3642,1,214,333,74.5,4
14,4_640x stock m270_4xobj_2_grid_r3_c3.png,3643,1,96,325,31.5,3
14,4_640x stock m270_4xobj_2_grid_r3_c3.png,3644,1,201,284,46.0,3
14,4_640x stock m270_4xobj_2_grid_r3_c3.png,3645,1,123,264,46.0,3
14,4_640x stock m270_4xobj_2_grid_r3_c3.png,3646,1,12,237,46.0,3
14,4_640x stock m270_4xobj_2_grid_r3_c3.png,3647,1,101,234,46.0,3
14,4_640x stock m270_4xobj_2_grid_r3_c3.png,3648,1,32,176,46.0,3
14,4_640x stock m270_4xobj_2_grid_r3_c3.png,3649,1,45,173,46.0,3
14,4_640x stock m270_4xobj_2_grid_r3_c3.png,3650,1,27,134,46.0,3
14,4_640x stock m270_4xobj_2_grid_r3_c3.png,3651,1,114,37,46.0,3
14,4_640x stock m270_4xobj_2_grid_r3_c3.png,3652,1,165,508,31.5,3
14,4_640x stock m270_4xobj_2_grid_r3_c3.png,3653,1,113,496,31.5,3
14,4_640x stock m270_4xobj_2_grid_r3_c3.png,3654,1,6,447,46.0,3
14,4_640x stock m270_4xobj_2_grid_r3_c3.png,3655,1,206,391,46.0,3
14,4_640x stock m270_4xobj_2_grid_r3_c3.png,3656,1,150,387,46.0,3
14,4_640x stock m270_4xobj_2_grid_r3_c3.png,3657,1,7,281,46.0,3
14,4_640x stock m270_4xobj_2_grid_r3_c3.png,3658,1,318,219,46.0,3
14,4_640x stock m270_4xobj_2_grid_r3_c3.png,3659,1,35,507,31.5,3
14,4_640x stock m270_4xobj_2_grid_r3_c3.png,3660,1,77,500,46.0,3
14,4_640x stock m270_4xobj_2_grid_r3_c3.png,3661,1,137,499,46.0,3
14,4_640x stock m270_4xobj_2_grid_r3_c3.png,3662,1,90,454,46.0,3
14,4_640x stock m270_4xobj_2_grid_r3_c3.png,3663,1,277,452,46.0,3
14,4_640x stock m270_4xobj_2_grid_r3_c3.png,3664,1,84,432,46.0,3
14,4_640x stock m270_4xobj_2_grid_r3_c3.png,3665,1,90,404,46.0,3
14,4_640x stock m270_4xobj_2_grid_r3_c3.png,3666,1,56,116,74.5,4
15,4_640x stock m270_4xobj_2_grid_r3_c4.png,3667,1,158,246,104.0,5
15,4_640x stock m270_4xobj_2_grid_r3_c4.png,3668,1,390,159,74.5,4
15,4_640x stock m270_4xobj_2_grid_r3_c4.png,3669,1,499,115,31.5,3
15,4_640x stock m270_4xobj_2_grid_r3_c4.png,3670,1,451,87,46.0,3
15,4_640x stock m270_4xobj_2_grid_r3_c4.png,3671,1,188,69,46.0,3
15,4_640x stock m270_4xobj_2_grid_r3_c4.png,3672,1,173,55,31.5,3
15,4_640x stock m270_4xobj_2_grid_r3_c4.png,3673,1,480,38,46.0,3
15,4_640x stock m270_4xobj_2_grid_r3_c4.png,3674,1,441,30,46.0,3
15,4_640x stock m270_4xobj_2_grid_r3_c4.png,3675,1,253,25,31.5,3
15,4_640x stock m270_4xobj_2_grid_r3_c4.png,3676,1,337,24,46.0,3
15,4_640x stock m270_4xobj_2_grid_r3_c4.png,3677,1,387,18,46.0,3
15,4_640x stock m270_4xobj_2_grid_r3_c4.png,3678,1,400,6,46.0,3
15,4_640x stock m270_4xobj_2_grid_r3_c4.png,3679,1,351,352,31.5,3
15,4_640x stock m270_4xobj_2_grid_r3_c4.png,3680,1,329,173,46.0,3
15,4_640x stock m270_4xobj_2_grid_r3_c4.png,3681,1,358,172,46.0,3
15,4_640x stock m270_4xobj_2_grid_r3_c4.png,3682,1,225,166,46.0,3
15,4_640x stock m270_4xobj_2_grid_r3_c4.png,3683,1,176,155,46.0,3
15,4_640x stock m270_4xobj_2_grid_r3_c4.png,3684,1,468,147,46.0,3
15,4_640x stock m270_4xobj_2_grid_r3_c4.png,3685,1,438,147,46.0,3
15,4_640x stock m270_4xobj_2_grid_r3_c4.png,3686,1,187,145,31.5,3
15,4_640x stock m270_4xobj_2_grid_r3_c4.png,3687,1,295,143,46.0,3
15,4_640x stock m270_4xobj_2_grid_r3_c4.png,3688,1,246,136,46.0,3
15,4_640x stock m270_4xobj_2_grid_r3_c4.png,3689,1,503,88,46.0,3
15,4_640x stock m270_4xobj_2_grid_r3_c4.png,3690,1,238,85,46.0,3
15,4_640x stock m270_4xobj_2_grid_r3_c4.png,3691,1,127,78,46.0,3
15,4_640x stock m270_4xobj_2_grid_r3_c4.png,3692,1,227,72,46.0,3
15,4_640x stock m270_4xobj_2_grid_r3_c4.png,3693,1,75,65,46.0,3
15,4_640x stock m270_4xobj_2_grid_r3_c4.png,3694,1,102,58,46.0,3
15,4_640x stock m270_4xobj_2_grid_r3_c4.png,3695,1,37,57,46.0,3
15,4_640x stock m270_4xobj_2_grid_r3_c4.png,3696,1,291,54,46.0,3
15,4_640x stock m270_4xobj_2_grid_r3_c4.png,3697,1,459,51,46.0,3
15,4_640x stock m270_4xobj_2_grid_r3_c4.png,3698,1,323,43,46.0,3
15,4_640x stock m270_4xobj_2_grid_r3_c4.png,3699,1,261,43,46.0,3
15,4_640x stock m270_4xobj_2_grid_r3_c4.png,3700,1,446,15,46.0,3
15,4_640x stock m270_4xobj_2_grid_r3_c4.png,3701,1,239,419,46.0,3
15,4_640x stock m270_4xobj_2_grid_r3_c4.png,3702,1,210,386,46.0,3
15,4_640x stock m270_4xobj_2_grid_r3_c4.png,3703,1,400,365,46.0,3
15,4_640x stock m270_4xobj_2_grid_r3_c4.png,3704,1,375,356,46.0,3
15,4_640x stock m270_4xobj_2_grid_r3_c4.png,3705,1,396,352,46.0,3
15,4_640x stock m270_4xobj_2_grid_r3_c4.png,3706,1,365,337,74.5,4
15,4_640x stock m270_4xobj_2_grid_r3_c4.png,3707,1,314,325,46.0,3
15,4_640x stock m270_4xobj_2_grid_r3_c4.png,3708,1,485,312,46.0,3
15,4_640x stock m270_4xobj_2_grid_r3_c4.png,3709,1,265,309,74.5,4
15,4_640x stock m270_4xobj_2_grid_r3_c4.png,3710,1,437,300,46.0,3
15,4_640x stock m270_4xobj_2_grid_r3_c4.png,3711,1,220,291,46.0,3
15,4_640x stock m270_4xobj_2_grid_r3_c4.png,3712,1,112,280,31.5,3
15,4_640x stock m270_4xobj_2_grid_r3_c4.png,3713,1,179,268,46.0,3
15,4_640x stock m270_4xobj_2_grid_r3_c4.png,3714,1,419,254,46.0,3
15,4_640x stock m270_4xobj_2_grid_r3_c4.png,3715,1,101,252,46.0,3
15,4_640x stock m270_4xobj_2_grid_r3_c4.png,3716,1,132,251,46.0,3
15,4_640x stock m270_4xobj_2_grid_r3_c4.png,3717,1,68,223,46.0,3
15,4_640x stock m270_4xobj_2_grid_r3_c4.png,3718,1,489,203,46.0,3
15,4_640x stock m270_4xobj_2_grid_r3_c4.png,3719,1,392,198,46.0,3
15,4_640x stock m270_4xobj_2_grid_r3_c4.png,3720,1,353,195,46.0,3
15,4_640x stock m270_4xobj_2_grid_r3_c4.png,3721,1,180,178,104.0,5
15,4_640x stock m270_4xobj_2_grid_r3_c4.png,3722,1,283,174,46.0,3
15,4_640x stock m270_4xobj_2_grid_r3_c4.png,3723,1,163,170,46.0,3
15,4_640x stock m270_4xobj_2_grid_r3_c4.png,3724,1,6,134,46.0,3
15,4_640x stock m270_4xobj_2_grid_r3_c4.png,3725,1,16,112,46.0,3
15,4_640x stock m270_4xobj_2_grid_r3_c4.png,3726,1,352,107,31.5,3
15,4_640x stock m270_4xobj_2_grid_r3_c4.png,3727,1,91,100,46.0,3
15,4_640x stock m270_4xobj_2_grid_r3_c4.png,3728,1,133,97,46.0,3
15,4_640x stock m270_4xobj_2_grid_r3_c4.png,3729,1,116,72,46.0,3
15,4_640x stock m270_4xobj_2_grid_r3_c4.png,3730,1,463,69,46.0,3
15,4_640x stock m270_4xobj_2_grid_r3_c4.png,3731,1,377,64,46.0,3
15,4_640x stock m270_4xobj_2_grid_r3_c4.png,3732,1,474,56,46.0,3
15,4_640x stock m270_4xobj_2_grid_r3_c4.png,3733,1,335,48,46.0,3
15,4_640x stock m270_4xobj_2_grid_r3_c4.png,3734,1,5,21,46.0,3
15,4_640x stock m270_4xobj_2_grid_r3_c4.png,3735,1,500,501,46.0,3
15,4_640x stock m270_4xobj_2_grid_r3_c4.png,3736,1,445,494,31.5,3
15,4_640x stock m270_4xobj_2_grid_r3_c4.png,3737,1,396,492,31.5,3
15,4_640x stock m270_4xobj_2_grid_r3_c4.png,3738,1,226,472,46.0,3
15,4_640x stock m270_4xobj_2_grid_r3_c4.png,3739,1,282,467,46.0,3
15,4_640x stock m270_4xobj_2_grid_r3_c4.png,3740,1,444,455,74.5,4
15,4_640x stock m270_4xobj_2_grid_r3_c4.png,3741,1,235,405,31.5,3
15,4_640x stock m270_4xobj_2_grid_r3_c4.png,3742,1,44,380,46.0,3
15,4_640x stock m270_4xobj_2_grid_r3_c4.png,3743,1,89,378,46.0,3
15,4_640x stock m270_4xobj_2_grid_r3_c4.png,3744,1,445,376,46.0,3
15,4_640x stock m270_4xobj_2_grid_r3_c4.png,3745,1,357,368,31.5,3
15,4_640x stock m270_4xobj_2_grid_r3_c4.png,3746,1,186,375,31.5,3
15,4_640x stock m270_4xobj_2_grid_r3_c4.png,3747,1,340,360,31.5,3
15,4_640x stock m270_4xobj_2_grid_r3_c4.png,3748,1,100,358,46.0,3
15,4_640x stock m270_4xobj_2_grid_r3_c4.png,3749,1,487,337,46.0,3
15,4_640x stock m270_4xobj_2_grid_r3_c4.png,3750,1,450,328,46.0,3
15,4_640x stock m270_4xobj_2_grid_r3_c4.png,3751,1,32,304,46.0,3
15,4_640x stock m270_4xobj_2_grid_r3_c4.png,3752,1,45,303,46.0,3
15,4_640x stock m270_4xobj_2_grid_r3_c4.png,3753,1,453,300,31.5,3
15,4_640x stock m270_4xobj_2_grid_r3_c4.png,3754,1,406,284,46.0,3
15,4_640x stock m270_4xobj_2_grid_r3_c4.png,3755,1,322,274,46.0,3
15,4_640x stock m270_4xobj_2_grid_r3_c4.png,3756,1,211,265,46.0,3
15,4_640x stock m270_4xobj_2_grid_r3_c4.png,3757,1,219,245,46.0,3
15,4_640x stock m270_4xobj_2_grid_r3_c4.png,3758,1,109,238,46.0,3
15,4_640x stock m270_4xobj_2_grid_r3_c4.png,3759,1,122,224,46.0,3
15,4_640x stock m270_4xobj_2_grid_r3_c4.png,3760,1,107,220,46.0,3
15,4_640x stock m270_4xobj_2_grid_r3_c4.png,3761,1,83,198,46.0,3
15,4_640x stock m270_4xobj_2_grid_r3_c4.png,3762,1,24,198,46.0,3
15,4_640x stock m270_4xobj_2_grid_r3_c4.png,3763,1,38,194,46.0,3
15,4_640x stock m270_4xobj_2_grid_r3_c4.png,3764,1,92,162,46.0,3
15,4_640x stock m270_4xobj_2_grid_r3_c4.png,3765,1,63,146,46.0,3
15,4_640x stock m270_4xobj_2_grid_r3_c4.png,3766,1,119,3,31.5,3
15,4_640x stock m270_4xobj_2_grid_r3_c4.png,3767,1,266,504,46.0,3
15,4_640x stock m270_4xobj_2_grid_r3_c4.png,3768,1,283,503,31.5,3
15,4_640x stock m270_4xobj_2_grid_r3_c4.png,3769,1,85,503,31.5,3
15,4_640x stock m270_4xobj_2_grid_r3_c4.png,3770,1,124,483,46.0,3
15,4_640x stock m270_4xobj_2_grid_r3_c4.png,3771,1,287,452,74.5,4
15,4_640x stock m270_4xobj_2_grid_r3_c4.png,3772,1,85,440,46.0,3
15,4_640x stock m270_4xobj_2_grid_r3_c4.png,3773,1,447,434,46.0,3
15,4_640x stock m270_4xobj_2_grid_r3_c4.png,3774,1,227,419,46.0,3
15,4_640x stock m270_4xobj_2_grid_r3_c4.png,3775,1,136,415,46.0,3
15,4_640x stock m270_4xobj_2_grid_r3_c4.png,3776,1,495,413,46.0,3
15,4_640x stock m270_4xobj_2_grid_r3_c4.png,3777,1,253,406,46.0,3
15,4_640x stock m270_4xobj_2_grid_r3_c4.png,3778,1,72,354,46.0,3
15,4_640x stock m270_4xobj_2_grid_r3_c4.png,3779,1,211,353,74.5,4
15,4_640x stock m270_4xobj_2_grid_r3_c4.png,3780,1,399,336,46.0,3
15,4_640x stock m270_4xobj_2_grid_r3_c4.png,3781,1,9,328,46.0,3
15,4_640x stock m270_4xobj_2_grid_r3_c4.png,3782,1,185,313,46.0,3
15,4_640x stock m270_4xobj_2_grid_r3_c4.png,3783,1,364,292,46.0,3
15,4_640x stock m270_4xobj_2_grid_r3_c4.png,3784,1,72,261,46.0,3
15,4_640x stock m270_4xobj_2_grid_r3_c4.png,3785,1,113,261,46.0,3
15,4_640x stock m270_4xobj_2_grid_r3_c4.png,3786,1,17,258,31.5,3
15,4_640x stock m270_4xobj_2_grid_r3_c4.png,3787,1,44,236,31.5,3
15,4_640x stock m270_4xobj_2_grid_r3_c4.png,3788,1,367,494,74.5,4
15,4_640x stock m270_4xobj_2_grid_r3_c4.png,3789,1,23,462,46.0,3
15,4_640x stock m270_4xobj_2_grid_r3_c4.png,3790,1,61,458,31.5,3
15,4_640x stock m270_4xobj_2_grid_r3_c4.png,3791,1,345,443,74.5,4
15,4_640x stock m270_4xobj_2_grid_r3_c4.png,3792,1,136,432,46.0,3
15,4_640x stock m270_4xobj_2_grid_r3_c4.png,3793,1,94,411,31.5,3
15,4_640x stock m270_4xobj_2_grid_r3_c4.png,3794,1,470,217,46.0,3
15,4_640x stock m270_4xobj_2_grid_r3_c4.png,3795,1,109,494,46.0,3
16,4_640x stock m270_4xobj_3_grid_r2_c2.png,3796,1,439,256,74.5,4
16,4_640x stock m270_4xobj_3_grid_r2_c2.png,3797,1,9,205,74.5,4
16,4_640x stock m270_4xobj_3_grid_r2_c2.png,3798,1,382,339,46.0,3
16,4_640x stock m270_4xobj_3_grid_r2_c2.png,3799,1,48,252,104.0,5
16,4_640x stock m270_4xobj_3_grid_r2_c2.png,3800,1,95,213,74.5,4
16,4_640x stock m270_4xobj_3_grid_r2_c2.png,3801,1,310,95,74.5,4
16,4_640x stock m270_4xobj_3_grid_r2_c2.png,3802,1,158,353,46.0,3
16,4_640x stock m270_4xobj_3_grid_r2_c2.png,3803,1,275,221,8.0,1
16,4_640x stock m270_4xobj_3_grid_r2_c2.png,3804,1,379,145,46.0,3
16,4_640x stock m270_4xobj_3_grid_r2_c2.png,3805,1,160,134,147.5,6
16,4_640x stock m270_4xobj_3_grid_r2_c2.png,3806,1,493,113,74.5,4
16,4_640x stock m270_4xobj_3_grid_r2_c2.png,3807,1,474,79,31.5,3
16,4_640x stock m270_4xobj_3_grid_r2_c2.png,3808,1,222,5,46.0,3
16,4_640x stock m270_4xobj_3_grid_r2_c2.png,3809,1,300,477,74.5,4
16,4_640x stock m270_4xobj_3_grid_r2_c2.png,3810,1,233,381,46.0,3
16,4_640x stock m270_4xobj_3_grid_r2_c2.png,3811,1,275,356,8.0,1
16,4_640x stock m270_4xobj_3_grid_r2_c2.png,3812,1,461,81,46.0,3
16,4_640x stock m270_4xobj_3_grid_r2_c2.png,3813,1,249,67,104.0,5
16,4_640x stock m270_4xobj_3_grid_r2_c2.png,3814,1,465,51,46.0,3
16,4_640x stock m270_4xobj_3_grid_r2_c2.png,3815,1,391,21,31.5,3
16,4_640x stock m270_4xobj_3_grid_r2_c2.png,3816,1,432,6,46.0,3
16,4_640x stock m270_4xobj_3_grid_r2_c2.png,3817,1,350,469,147.5,6
16,4_640x stock m270_4xobj_3_grid_r2_c2.png,3818,1,165,263,74.5,4
16,4_640x stock m270_4xobj_3_grid_r2_c2.png,3819,1,87,249,46.0,3
16,4_640x stock m270_4xobj_3_grid_r2_c2.png,3820,1,223,250,31.5,3
16,4_640x stock m270_4xobj_3_grid_r2_c2.png,3821,1,104,233,104.0,5
16,4_640x stock m270_4xobj_3_grid_r2_c2.png,3822,1,433,223,104.0,5
16,4_640x stock m270_4xobj_3_grid_r2_c2.png,3823,1,255,213,46.0,3
16,4_640x stock m270_4xobj_3_grid_r2_c2.png,3824,1,383,198,46.0,3
16,4_640x stock m270_4xobj_3_grid_r2_c2.png,3825,1,425,186,46.0,3
16,4_640x stock m270_4xobj_3_grid_r2_c2.png,3826,1,476,182,46.0,3
16,4_640x stock m270_4xobj_3_grid_r2_c2.png,3827,1,375,158,31.5,3
16,4_640x stock m270_4xobj_3_grid_r2_c2.png,3828,1,376,146,31.5,3
16,4_640x stock m270_4xobj_3_grid_r2_c2.png,3829,1,504,141,74.5,4
16,4_640x stock m270_4xobj_3_grid_r2_c2.png,3830,1,317,137,31.5,3
16,4_640x stock m270_4xobj_3_grid_r2_c2.png,3831,1,344,136,31.5,3
16,4_640x stock m270_4xobj_3_grid_r2_c2.png,3832,1,478,125,46.0,3
16,4_640x stock m270_4xobj_3_grid_r2_c2.png,3833,1,382,109,46.0,3
16,4_640x stock m270_4xobj_3_grid_r2_c2.png,3834,1,470,94,46.0,3
16,4_640x stock m270_4xobj_3_grid_r2_c2.png,3835,1,371,82,31.5,3
16,4_640x stock m270_4xobj_3_grid_r2_c2.png,3836,1,203,83,31.5,3
16,4_640x stock m270_4xobj_3_grid_r2_c2.png,3837,1,328,80,46.0,3
16,4_640x stock m270_4xobj_3_grid_r2_c2.png,3838,1,441,51,46.0,3
16,4_640x stock m270_4xobj_3_grid_r2_c2.png,3839,1,252,35,31.5,3
16,4_640x stock m270_4xobj_3_grid_r2_c2.png,3840,1,474,32,31.5,3
16,4_640x stock m270_4xobj_3_grid_r2_c2.png,3841,1,417,26,74.5,4
16,4_640x stock m270_4xobj_3_grid_r2_c2.png,3842,1,381,25,31.5,3
16,4_640x stock m270_4xobj_3_grid_r2_c2.png,3843,1,495,25,104.0,5
16,4_640x stock m270_4xobj_3_grid_r2_c2.png,3844,1,256,25,46.0,3
16,4_640x stock m270_4xobj_3_grid_r2_c2.png,3845,1,106,22,31.5,3
16,4_640x stock m270_4xobj_3_grid_r2_c2.png,3846,1,168,19,46.0,3
16,4_640x stock m270_4xobj_3_grid_r2_c2.png,3847,1,249,16,31.5,3
16,4_640x stock m270_4xobj_3_grid_r2_c2.png,3848,1,287,502,74.5,4
16,4_640x stock m270_4xobj_3_grid_r2_c2.png,3849,1,402,453,104.0,5
16,4_640x stock m270_4xobj_3_grid_r2_c2.png,3850,1,432,295,31.5,3
16,4_640x stock m270_4xobj_3_grid_r2_c2.png,3851,1,434,280,46.0,3
16,4_640x stock m270_4xobj_3_grid_r2_c2.png,3852,1,484,271,46.0,3
16,4_640x stock m270_4xobj_3_grid_r2_c2.png,3853,1,340,268,46.0,3
16,4_640x stock m270_4xobj_3_grid_r2_c2.png,3854,1,355,261,46.0,3
16,4_640x stock m270_4xobj_3_grid_r2_c2.png,3855,1,89,247,31.5,3
16,4_640x stock m270_4xobj_3_grid_r2_c2.png,3856,1,351,245,31.5,3
16,4_640x stock m270_4xobj_3_grid_r2_c2.png,3857,1,314,239,46.0,3
16,4_640x stock m270_4xobj_3_grid_r2_c2.png,3858,1,360,238,46.0,3
16,4_640x stock m270_4xobj_3_grid_r2_c2.png,3859,1,457,237,46.0,3
16,4_640x stock m270_4xobj_3_grid_r2_c2.png,3860,1,401,223,46.0,3
16,4_640x stock m270_4xobj_3_grid_r2_c2.png,3861,1,487,217,46.0,3
16,4_640x stock m270_4xobj_3_grid_r2_c2.png,3862,1,268,203,46.0,3
16,4_640x stock m270_4xobj_3_grid_r2_c2.png,3863,1,130,204,46.0,3
16,4_640x stock m270_4xobj_3_grid_r2_c2.png,3864,1,496,203,46.0,3
16,4_640x stock m270_4xobj_3_grid_r2_c2.png,3865,1,392,184,46.0,3
16,4_640x stock m270_4xobj_3_grid_r2_c2.png,3866,1,237,184,46.0,3
16,4_640x stock m270_4xobj_3_grid_r2_c2.png,3867,1,384,174,46.0,3
16,4_640x stock m270_4xobj_3_grid_r2_c2.png,3868,1,338,174,46.0,3
16,4_640x stock m270_4xobj_3_grid_r2_c2.png,3869,1,82,158,31.5,3
16,4_640x stock m270_4xobj_3_grid_r2_c2.png,3870,1,400,124,46.0,3
16,4_640x stock m270_4xobj_3_grid_r2_c2.png,3871,1,219,117,46.0,3
16,4_640x stock m270_4xobj_3_grid_r2_c2.png,3872,1,198,117,46.0,3
16,4_640x stock m270_4xobj_3_grid_r2_c2.png,3873,1,448,100,46.0,3
16,4_640x stock m270_4xobj_3_grid_r2_c2.png,3874,1,250,98,46.0,3
16,4_640x stock m270_4xobj_3_grid_r2_c2.png,3875,1,264,96,46.0,3
16,4_640x stock m270_4xobj_3_grid_r2_c2.png,3876,1,344,95,46.0,3
16,4_640x stock m270_4xobj_3_grid_r2_c2.png,3877,1,143,88,46.0,3
16,4_640x stock m270_4xobj_3_grid_r2_c2.png,3878,1,297,84,46.0,3
16,4_640x stock m270_4xobj_3_grid_r2_c2.png,3879,1,75,84,46.0,3
16,4_640x stock m270_4xobj_3_grid_r2_c2.png,3880,1,502,80,46.0,3
16,4_640x stock m270_4xobj_3_grid_r2_c2.png,3881,1,215,73,46.0,3
16,4_640x stock m270_4xobj_3_grid_r2_c2.png,3882,1,190,70,46.0,3
16,4_640x stock m270_4xobj_3_grid_r2_c2.png,3883,1,473,63,31.5,3
16,4_640x stock m270_4xobj_3_grid_r2_c2.png,3884,1,87,60,31.5,3
16,4_640x stock m270_4xobj_3_grid_r2_c2.png,3885,1,276,56,46.0,3
16,4_640x stock m270_4xobj_3_grid_r2_c2.png,3886,1,171,53,46.0,3
16,4_640x stock m270_4xobj_3_grid_r2_c2.png,3887,1,303,50,46.0,3
16,4_640x stock m270_4xobj_3_grid_r2_c2.png,3888,1,196,48,46.0,3
16,4_640x stock m270_4xobj_3_grid_r2_c2.png,3889,1,8,37,46.0,3
16,4_640x stock m270_4xobj_3_grid_r2_c2.png,3890,1,267,30,46.0,3
16,4_640x stock m270_4xobj_3_grid_r2_c2.png,3891,1,336,20,46.0,3
16,4_640x stock m270_4xobj_3_grid_r2_c2.png,3892,1,70,16,46.0,3
16,4_640x stock m270_4xobj_3_grid_r2_c2.png,3893,1,120,12,31.5,3
16,4_640x stock m270_4xobj_3_grid_r2_c2.png,3894,1,304,9,46.0,3
16,4_640x stock m270_4xobj_3_grid_r2_c2.png,3895,1,154,5,46.0,3
16,4_640x stock m270_4xobj_3_grid_r2_c2.png,3896,1,336,499,31.5,3
16,4_640x stock m270_4xobj_3_grid_r2_c2.png,3897,1,297,490,46.0,3
16,4_640x stock m270_4xobj_3_grid_r2_c2.png,3898,1,368,475,31.5,3
16,4_640x stock m270_4xobj_3_grid_r2_c2.png,3899,1,418,472,74.5,4
16,4_640x stock m270_4xobj_3_grid_r2_c2.png,3900,1,508,448,31.5,3
16,4_640x stock m270_4xobj_3_grid_r2_c2.png,3901,1,373,412,46.0,3
16,4_640x stock m270_4xobj_3_grid_r2_c2.png,3902,1,165,412,46.0,3
16,4_640x stock m270_4xobj_3_grid_r2_c2.png,3903,1,334,410,147.5,6
16,4_640x stock m270_4xobj_3_grid_r2_c2.png,3904,1,426,408,46.0,3
16,4_640x stock m270_4xobj_3_grid_r2_c2.png,3905,1,503,408,46.0,3
16,4_640x stock m270_4xobj_3_grid_r2_c2.png,3906,1,322,397,46.0,3
16,4_640x stock m270_4xobj_3_grid_r2_c2.png,3907,1,370,368,46.0,3
16,4_640x stock m270_4xobj_3_grid_r2_c2.png,3908,1,278,368,31.5,3
16,4_640x stock m270_4xobj_3_grid_r2_c2.png,3909,1,188,343,46.0,3
16,4_640x stock m270_4xobj_3_grid_r2_c2.png,3910,1,434,341,46.0,3
16,4_640x stock m270_4xobj_3_grid_r2_c2.png,3911,1,162,330,46.0,3
16,4_640x stock m270_4xobj_3_grid_r2_c2.png,3912,1,423,329,46.0,3
16,4_640x stock m270_4xobj_3_grid_r2_c2.png,3913,1,348,322,46.0,3
16,4_640x stock m270_4xobj_3_grid_r2_c2.png,3914,1,473,318,46.0,3
16,4_640x stock m270_4xobj_3_grid_r2_c2.png,3915,1,189,309,46.0,3
16,4_640x stock m270_4xobj_3_grid_r2_c2.png,3916,1,337,304,31.5,3
16,4_640x stock m270_4xobj_3_grid_r2_c2.png,3917,1,276,301,31.5,3
16,4_640x stock m270_4xobj_3_grid_r2_c2.png,3918,1,142,301,46.0,3
16,4_640x stock m270_4xobj_3_grid_r2_c2.png,3919,1,324,285,31.5,3
16,4_640x stock m270_4xobj_3_grid_r2_c2.png,3920,1,409,284,46.0,3
16,4_640x stock m270_4xobj_3_grid_r2_c2.png,3921,1,176,271,46.0,3
16,4_640x stock m270_4xobj_3_grid_r2_c2.png,3922,1,401,265,46.0,3
16,4_640x stock m270_4xobj_3_grid_r2_c2.png,3923,1,280,265,46.0,3
16,4_640x stock m270_4xobj_3_grid_r2_c2.png,3924,1,146,263,46.0,3
16,4_640x stock m270_4xobj_3_grid_r2_c2.png,3925,1,135,256,31.5,3
16,4_640x stock m270_4xobj_3_grid_r2_c2.png,3926,1,181,250,46.0,3
16,4_640x stock m270_4xobj_3_grid_r2_c2.png,3927,1,401,240,46.0,3
16,4_640x stock m270_4xobj_3_grid_r2_c2.png,3928,1,171,237,46.0,3
16,4_640x stock m270_4xobj_3_grid_r2_c2.png,3929,1,61,235,46.0,3
16,4_640x stock m270_4xobj_3_grid_r2_c2.png,3930,1,192,221,46.0,3
16,4_640x stock m270_4xobj_3_grid_r2_c2.png,3931,1,340,220,46.0,3
16,4_640x stock m270_4xobj_3_grid_r2_c2.png,3932,1,177,218,46.0,3
16,4_640x stock m270_4xobj_3_grid_r2_c2.png,3933,1,25,216,46.0,3
16,4_640x stock m270_4xobj_3_grid_r2_c2.png,3934,1,152,212,46.0,3
16,4_640x stock m270_4xobj_3_grid_r2_c2.png,3935,1,327,211,46.0,3
16,4_640x stock m270_4xobj_3_grid_r2_c2.png,3936,1,243,209,46.0,3
16,4_640x stock m270_4xobj_3_grid_r2_c2.png,3937,1,407,201,46.0,3
16,4_640x stock m270_4xobj_3_grid_r2_c2.png,3938,1,95,195,46.0,3
16,4_640x stock m270_4xobj_3_grid_r2_c2.png,3939,1,22,194,46.0,3
16,4_640x stock m270_4xobj_3_grid_r2_c2.png,3940,1,174,189,31.5,3
16,4_640x stock m270_4xobj_3_grid_r2_c2.png,3941,1,413,181,46.0,3
16,4_640x stock m270_4xobj_3_grid_r2_c2.png,3942,1,171,179,31.5,3
16,4_640x stock m270_4xobj_3_grid_r2_c2.png,3943,1,206,173,46.0,3
16,4_640x stock m270_4xobj_3_grid_r2_c2.png,3944,1,95,164,31.5,3
16,4_640x stock m270_4xobj_3_grid_r2_c2.png,3945,1,6,140,46.0,3
16,4_640x stock m270_4xobj_3_grid_r2_c2.png,3946,1,66,137,46.0,3
16,4_640x stock m270_4xobj_3_grid_r2_c2.png,3947,1,50,124,31.5,3
16,4_640x stock m270_4xobj_3_grid_r2_c2.png,3948,1,74,123,46.0,3
16,4_640x stock m270_4xobj_3_grid_r2_c2.png,3949,1,106,121,46.0,3
16,4_640x stock m270_4xobj_3_grid_r2_c2.png,3950,1,117,78,46.0,3
16,4_640x stock m270_4xobj_3_grid_r2_c2.png,3951,1,93,74,46.0,3
16,4_640x stock m270_4xobj_3_grid_r2_c2.png,3952,1,16,64,46.0,3
16,4_640x stock m270_4xobj_3_grid_r2_c2.png,3953,1,108,57,46.0,3
16,4_640x stock m270_4xobj_3_grid_r2_c2.png,3954,1,148,54,46.0,3
16,4_640x stock m270_4xobj_3_grid_r2_c2.png,3955,1,78,42,46.0,3
16,4_640x stock m270_4xobj_3_grid_r2_c2.png,3956,1,28,36,46.0,3
16,4_640x stock m270_4xobj_3_grid_r2_c2.png,3957,1,130,30,46.0,3
16,4_640x stock m270_4xobj_3_grid_r2_c2.png,3958,1,198,27,74.5,4
16,4_640x stock m270_4xobj_3_grid_r2_c2.png,3959,1,58,493,46.0,3
16,4_640x stock m270_4xobj_3_grid_r2_c2.png,3960,1,207,487,46.0,3
16,4_640x stock m270_4xobj_3_grid_r2_c2.png,3961,1,60,477,46.0,3
16,4_640x stock m270_4xobj_3_grid_r2_c2.png,3962,1,468,473,46.0,3
16,4_640x stock m270_4xobj_3_grid_r2_c2.png,3963,1,427,459,46.0,3
16,4_640x stock m270_4xobj_3_grid_r2_c2.png,3964,1,222,461,74.5,4
16,4_640x stock m270_4xobj_3_grid_r2_c2.png,3965,1,285,456,46.0,3
16,4_640x stock m270_4xobj_3_grid_r2_c2.png,3966,1,232,451,46.0,3
16,4_640x stock m270_4xobj_3_grid_r2_c2.png,3967,1,245,450,46.0,3
16,4_640x stock m270_4xobj_3_grid_r2_c2.png,3968,1,156,446,46.0,3
16,4_640x stock m270_4xobj_3_grid_r2_c2.png,3969,1,214,443,46.0,3
16,4_640x stock m270_4xobj_3_grid_r2_c2.png,3970,1,44,443,31.5,3
16,4_640x stock m270_4xobj_3_grid_r2_c2.png,3971,1,284,432,46.0,3
16,4_640x stock m270_4xobj_3_grid_r2_c2.png,3972,1,496,426,46.0,3
16,4_640x stock m270_4xobj_3_grid_r2_c2.png,3973,1,448,421,46.0,3
16,4_640x stock m270_4xobj_3_grid_r2_c2.png,3974,1,85,419,31.5,3
16,4_640x stock m270_4xobj_3_grid_r2_c2.png,3975,1,134,415,46.0,3
16,4_640x stock m270_4xobj_3_grid_r2_c2.png,3976,1,253,410,46.0,3
16,4_640x stock m270_4xobj_3_grid_r2_c2.png,3977,1,394,411,147.5,6
16,4_640x stock m270_4xobj_3_grid_r2_c2.png,3978,1,272,406,46.0,3
16,4_640x stock m270_4xobj_3_grid_r2_c2.png,3979,1,383,392,190.0,7
16,4_640x stock m270_4xobj_3_grid_r2_c2.png,3980,1,339,381,46.0,3
16,4_640x stock m270_4xobj_3_grid_r2_c2.png,3981,1,428,380,46.0,3
16,4_640x stock m270_4xobj_3_grid_r2_c2.png,3982,1,471,371,74.5,4
16,4_640x stock m270_4xobj_3_grid_r2_c2.png,3983,1,322,368,46.0,3
16,4_640x stock m270_4xobj_3_grid_r2_c2.png,3984,1,253,369,46.0,3
16,4_640x stock m270_4xobj_3_grid_r2_c2.png,3985,1,120,362,46.0,3
16,4_640x stock m270_4xobj_3_grid_r2_c2.png,3986,1,369,352,31.5,3
16,4_640x stock m270_4xobj_3_grid_r2_c2.png,3987,1,207,341,46.0,3
16,4_640x stock m270_4xobj_3_grid_r2_c2.png,3988,1,172,341,31.5,3
16,4_640x stock m270_4xobj_3_grid_r2_c2.png,3989,1,310,321,46.0,3
16,4_640x stock m270_4xobj_3_grid_r2_c2.png,3990,1,329,318,46.0,3
16,4_640x stock m270_4xobj_3_grid_r2_c2.png,3991,1,54,298,31.5,3
16,4_640x stock m270_4xobj_3_grid_r2_c2.png,3992,1,320,296,31.5,3
16,4_640x stock m270_4xobj_3_grid_r2_c2.png,3993,1,31,296,46.0,3
16,4_640x stock m270_4xobj_3_grid_r2_c2.png,3994,1,183,279,46.0,3
16,4_640x stock m270_4xobj_3_grid_r2_c2.png,3995,1,79,274,46.0,3
16,4_640x stock m270_4xobj_3_grid_r2_c2.png,3996,1,135,267,46.0,3
16,4_640x stock m270_4xobj_3_grid_r2_c2.png,3997,1,28,266,46.0,3
16,4_640x stock m270_4xobj_3_grid_r2_c2.png,3998,1,212,241,46.0,3
16,4_640x stock m270_4xobj_3_grid_r2_c2.png,3999,1,117,240,46.0,3
16,4_640x stock m270_4xobj_3_grid_r2_c2.png,4000,1,446,230,74.5,4
16,4_640x stock m270_4xobj_3_grid_r2_c2.png,4001,1,152,229,46.0,3
16,4_640x stock m270_4xobj_3_grid_r2_c2.png,4002,1,148,162,46.0,3
16,4_640x stock m270_4xobj_3_grid_r2_c2.png,4003,1,23,144,46.0,3
16,4_640x stock m270_4xobj_3_grid_r2_c2.png,4004,1,77,112,46.0,3
16,4_640x stock m270_4xobj_3_grid_r2_c2.png,4005,1,207,507,31.5,3
16,4_640x stock m270_4xobj_3_grid_r2_c2.png,4006,1,478,495,46.0,3
16,4_640x stock m270_4xobj_3_grid_r2_c2.png,4007,1,321,491,46.0,3
16,4_640x stock m270_4xobj_3_grid_r2_c2.png,4008,1,218,488,46.0,3
16,4_640x stock m270_4xobj_3_grid_r2_c2.png,4009,1,6,488,46.0,3
16,4_640x stock m270_4xobj_3_grid_r2_c2.png,4010,1,90,478,46.0,3
16,4_640x stock m270_4xobj_3_grid_r2_c2.png,4011,1,67,460,46.0,3
16,4_640x stock m270_4xobj_3_grid_r2_c2.png,4012,1,172,455,46.0,3
16,4_640x stock m270_4xobj_3_grid_r2_c2.png,4013,1,44,453,31.5,3
16,4_640x stock m270_4xobj_3_grid_r2_c2.png,4014,1,347,441,46.0,3
16,4_640x stock m270_4xobj_3_grid_r2_c2.png,4015,1,300,439,46.0,3
16,4_640x stock m270_4xobj_3_grid_r2_c2.png,4016,1,73,436,46.0,3
16,4_640x stock m270_4xobj_3_grid_r2_c2.png,4017,1,22,435,46.0,3
16,4_640x stock m270_4xobj_3_grid_r2_c2.png,4018,1,92,432,74.5,4
16,4_640x stock m270_4xobj_3_grid_r2_c2.png,4019,1,316,422,46.0,3
16,4_640x stock m270_4xobj_3_grid_r2_c2.png,4020,1,293,416,190.0,7
16,4_640x stock m270_4xobj_3_grid_r2_c2.png,4021,1,249,394,46.0,3
16,4_640x stock m270_4xobj_3_grid_r2_c2.png,4022,1,39,380,46.0,3
16,4_640x stock m270_4xobj_3_grid_r2_c2.png,4023,1,21,373,46.0,3
16,4_640x stock m270_4xobj_3_grid_r2_c2.png,4024,1,25,346,46.0,3
16,4_640x stock m270_4xobj_3_grid_r2_c2.png,4025,1,262,330,74.5,4
16,4_640x stock m270_4xobj_3_grid_r2_c2.png,4026,1,91,326,46.0,3
16,4_640x stock m270_4xobj_3_grid_r2_c2.png,4027,1,150,317,74.5,4
16,4_640x stock m270_4xobj_3_grid_r2_c2.png,4028,1,235,309,46.0,3
16,4_640x stock m270_4xobj_3_grid_r2_c2.png,4029,1,14,305,46.0,3
16,4_640x stock m270_4xobj_3_grid_r2_c2.png,4030,1,97,297,46.0,3
16,4_640x stock m270_4xobj_3_grid_r2_c2.png,4031,1,228,271,46.0,3
16,4_640x stock m270_4xobj_3_grid_r2_c2.png,4032,1,11,262,147.5,6
16,4_640x stock m270_4xobj_3_grid_r2_c2.png,4033,1,287,227,31.5,3
16,4_640x stock m270_4xobj_3_grid_r2_c2.png,4034,1,38,223,46.0,3
16,4_640x stock m270_4xobj_3_grid_r2_c2.png,4035,1,46,182,46.0,3
16,4_640x stock m270_4xobj_3_grid_r2_c2.png,4036,1,18,175,46.0,3
16,4_640x stock m270_4xobj_3_grid_r2_c2.png,4037,1,95,508,31.5,3
16,4_640x stock m270_4xobj_3_grid_r2_c2.png,4038,1,68,501,46.0,3
16,4_640x stock m270_4xobj_3_grid_r2_c2.png,4039,1,126,492,46.0,3
16,4_640x stock m270_4xobj_3_grid_r2_c2.png,4040,1,148,480,46.0,3
16,4_640x stock m270_4xobj_3_grid_r2_c2.png,4041,1,114,478,46.0,3
16,4_640x stock m270_4xobj_3_grid_r2_c2.png,4042,1,119,458,46.0,3
16,4_640x stock m270_4xobj_3_grid_r2_c2.png,4043,1,139,453,31.5,3
16,4_640x stock m270_4xobj_3_grid_r2_c2.png,4044,1,30,416,46.0,3
16,4_640x stock m270_4xobj_3_grid_r2_c2.png,4045,1,42,414,46.0,3
16,4_640x stock m270_4xobj_3_grid_r2_c2.png,4046,1,13,414,31.5,3
16,4_640x stock m270_4xobj_3_grid_r2_c2.png,4047,1,158,388,46.0,3
16,4_640x stock m270_4xobj_3_grid_r2_c2.png,4048,1,142,202,31.5,3
16,4_640x stock m270_4xobj_3_grid_r2_c2.png,4049,1,139,500,46.0,3
16,4_640x stock m270_4xobj_3_grid_r2_c2.png,4050,1,57,455,46.0,3
16,4_640x stock m270_4xobj_3_grid_r2_c2.png,4051,1,269,437,147.5,6
16,4_640x stock m270_4xobj_3_grid_r2_c2.png,4052,1,107,412,74.5,4
16,4_640x stock m270_4xobj_3_grid_r2_c2.png,4053,1,30,121,46.0,3
17,4_640x stock m270_4xobj_3_grid_r2_c3.png,4054,1,293,400,46.0,3
17,4_640x stock m270_4xobj_3_grid_r2_c3.png,4055,1,427,6,74.5,4
17,4_640x stock m270_4xobj_3_grid_r2_c3.png,4056,1,87,3,31.5,3
17,4_640x stock m270_4xobj_3_grid_r2_c3.png,4057,1,225,466,31.5,3
17,4_640x stock m270_4xobj_3_grid_r2_c3.png,4058,1,89,387,31.5,3
17,4_640x stock m270_4xobj_3_grid_r2_c3.png,4059,1,274,356,74.5,4
17,4_640x stock m270_4xobj_3_grid_r2_c3.png,4060,1,314,352,74.5,4
17,4_640x stock m270_4xobj_3_grid_r2_c3.png,4061,1,160,434,74.5,4
17,4_640x stock m270_4xobj_3_grid_r2_c3.png,4062,1,376,435,74.5,4
17,4_640x stock m270_4xobj_3_grid_r2_c3.png,4063,1,381,247,74.5,4
17,4_640x stock m270_4xobj_3_grid_r2_c3.png,4064,1,425,142,74.5,4
17,4_640x stock m270_4xobj_3_grid_r2_c3.png,4065,1,230,86,104.0,5
17,4_640x stock m270_4xobj_3_grid_r2_c3.png,4066,1,255,22,31.5,3
17,4_640x stock m270_4xobj_3_grid_r2_c3.png,4067,1,140,2,38.0,3
17,4_640x stock m270_4xobj_3_grid_r2_c3.png,4068,1,358,294,31.5,3
17,4_640x stock m270_4xobj_3_grid_r2_c3.png,4069,1,431,220,31.5,3
17,4_640x stock m270_4xobj_3_grid_r2_c3.png,4070,1,291,150,31.5,3
17,4_640x stock m270_4xobj_3_grid_r2_c3.png,4071,1,424,130,31.5,3
17,4_640x stock m270_4xobj_3_grid_r2_c3.png,4072,1,125,115,31.5,3
17,4_640x stock m270_4xobj_3_grid_r2_c3.png,4073,1,18,113,74.5,4
17,4_640x stock m270_4xobj_3_grid_r2_c3.png,4074,1,366,95,31.5,3
17,4_640x stock m270_4xobj_3_grid_r2_c3.png,4075,1,412,84,31.5,3
17,4_640x stock m270_4xobj_3_grid_r2_c3.png,4076,1,127,85,31.5,3
17,4_640x stock m270_4xobj_3_grid_r2_c3.png,4077,1,415,75,31.5,3
17,4_640x stock m270_4xobj_3_grid_r2_c3.png,4078,1,416,57,46.0,3
17,4_640x stock m270_4xobj_3_grid_r2_c3.png,4079,1,376,45,46.0,3
17,4_640x stock m270_4xobj_3_grid_r2_c3.png,4080,1,409,38,46.0,3
17,4_640x stock m270_4xobj_3_grid_r2_c3.png,4081,1,500,37,46.0,3
17,4_640x stock m270_4xobj_3_grid_r2_c3.png,4082,1,256,38,74.5,4
17,4_640x stock m270_4xobj_3_grid_r2_c3.png,4083,1,395,32,46.0,3
17,4_640x stock m270_4xobj_3_grid_r2_c3.png,4084,1,335,15,46.0,3
17,4_640x stock m270_4xobj_3_grid_r2_c3.png,4085,1,62,3,31.5,3
17,4_640x stock m270_4xobj_3_grid_r2_c3.png,4086,1,498,500,31.5,3
17,4_640x stock m270_4xobj_3_grid_r2_c3.png,4087,1,485,496,31.5,3
17,4_640x stock m270_4xobj_3_grid_r2_c3.png,4088,1,499,467,46.0,3
17,4_640x stock m270_4xobj_3_grid_r2_c3.png,4089,1,281,399,31.5,3
17,4_640x stock m270_4xobj_3_grid_r2_c3.png,4090,1,472,315,46.0,3
17,4_640x stock m270_4xobj_3_grid_r2_c3.png,4091,1,284,296,31.5,3
17,4_640x stock m270_4xobj_3_grid_r2_c3.png,4092,1,497,280,31.5,3
17,4_640x stock m270_4xobj_3_grid_r2_c3.png,4093,1,437,270,46.0,3
17,4_640x stock m270_4xobj_3_grid_r2_c3.png,4094,1,338,268,31.5,3
17,4_640x stock m270_4xobj_3_grid_r2_c3.png,4095,1,483,255,46.0,3
17,4_640x stock m270_4xobj_3_grid_r2_c3.png,4096,1,506,231,46.0,3
17,4_640x stock m270_4xobj_3_grid_r2_c3.png,4097,1,491,231,46.0,3
17,4_640x stock m270_4xobj_3_grid_r2_c3.png,4098,1,328,217,31.5,3
17,4_640x stock m270_4xobj_3_grid_r2_c3.png,4099,1,342,206,31.5,3
17,4_640x stock m270_4xobj_3_grid_r2_c3.png,4100,1,80,192,31.5,3
17,4_640x stock m270_4xobj_3_grid_r2_c3.png,4101,1,329,191,31.5,3
17,4_640x stock m270_4xobj_3_grid_r2_c3.png,4102,1,404,172,46.0,3
17,4_640x stock m270_4xobj_3_grid_r2_c3.png,4103,1,352,171,74.5,4
17,4_640x stock m270_4xobj_3_grid_r2_c3.png,4104,1,315,171,46.0,3
17,4_640x stock m270_4xobj_3_grid_r2_c3.png,4105,1,245,162,31.5,3
17,4_640x stock m270_4xobj_3_grid_r2_c3.png,4106,1,413,161,46.0,3
17,4_640x stock m270_4xobj_3_grid_r2_c3.png,4107,1,482,158,46.0,3
17,4_640x stock m270_4xobj_3_grid_r2_c3.png,4108,1,289,162,74.5,4
17,4_640x stock m270_4xobj_3_grid_r2_c3.png,4109,1,326,155,46.0,3
17,4_640x stock m270_4xobj_3_grid_r2_c3.png,4110,1,452,150,147.5,6
17,4_640x stock m270_4xobj_3_grid_r2_c3.png,4111,1,404,126,31.5,3
17,4_640x stock m270_4xobj_3_grid_r2_c3.png,4112,1,134,125,31.5,3
17,4_640x stock m270_4xobj_3_grid_r2_c3.png,4113,1,410,116,31.5,3
17,4_640x stock m270_4xobj_3_grid_r2_c3.png,4114,1,353,112,46.0,3
17,4_640x stock m270_4xobj_3_grid_r2_c3.png,4115,1,228,112,31.5,3
17,4_640x stock m270_4xobj_3_grid_r2_c3.png,4116,1,93,107,31.5,3
17,4_640x stock m270_4xobj_3_grid_r2_c3.png,4117,1,508,101,31.5,3
17,4_640x stock m270_4xobj_3_grid_r2_c3.png,4118,1,471,97,46.0,3
17,4_640x stock m270_4xobj_3_grid_r2_c3.png,4119,1,506,86,46.0,3
17,4_640x stock m270_4xobj_3_grid_r2_c3.png,4120,1,388,86,46.0,3
17,4_640x stock m270_4xobj_3_grid_r2_c3.png,4121,1,3,83,31.5,3
17,4_640x stock m270_4xobj_3_grid_r2_c3.png,4122,1,475,81,31.5,3
17,4_640x stock m270_4xobj_3_grid_r2_c3.png,4123,1,442,80,46.0,3
17,4_640x stock m270_4xobj_3_grid_r2_c3.png,4124,1,372,78,46.0,3
17,4_640x stock m270_4xobj_3_grid_r2_c3.png,4125,1,305,76,46.0,3
17,4_640x stock m270_4xobj_3_grid_r2_c3.png,4126,1,183,75,46.0,3
17,4_640x stock m270_4xobj_3_grid_r2_c3.png,4127,1,157,70,46.0,3
17,4_640x stock m270_4xobj_3_grid_r2_c3.png,4128,1,465,55,46.0,3
17,4_640x stock m270_4xobj_3_grid_r2_c3.png,4129,1,182,49,46.0,3
17,4_640x stock m270_4xobj_3_grid_r2_c3.png,4130,1,321,48,31.5,3
17,4_640x stock m270_4xobj_3_grid_r2_c3.png,4131,1,163,41,46.0,3
17,4_640x stock m270_4xobj_3_grid_r2_c3.png,4132,1,275,32,31.5,3
17,4_640x stock m270_4xobj_3_grid_r2_c3.png,4133,1,193,31,46.0,3
17,4_640x stock m270_4xobj_3_grid_r2_c3.png,4134,1,348,24,74.5,4
17,4_640x stock m270_4xobj_3_grid_r2_c3.png,4135,1,160,18,31.5,3
17,4_640x stock m270_4xobj_3_grid_r2_c3.png,4136,1,105,17,46.0,3
17,4_640x stock m270_4xobj_3_grid_r2_c3.png,4137,1,62,18,46.0,3
17,4_640x stock m270_4xobj_3_grid_r2_c3.png,4138,1,495,487,31.5,3
17,4_640x stock m270_4xobj_3_grid_r2_c3.png,4139,1,438,449,46.0,3
17,4_640x stock m270_4xobj_3_grid_r2_c3.png,4140,1,458,445,31.5,3
17,4_640x stock m270_4xobj_3_grid_r2_c3.png,4141,1,424,417,31.5,3
17,4_640x stock m270_4xobj_3_grid_r2_c3.png,4142,1,189,404,46.0,3
17,4_640x stock m270_4xobj_3_grid_r2_c3.png,4143,1,394,402,31.5,3
17,4_640x stock m270_4xobj_3_grid_r2_c3.png,4144,1,329,398,46.0,3
17,4_640x stock m270_4xobj_3_grid_r2_c3.png,4145,1,355,380,31.5,3
17,4_640x stock m270_4xobj_3_grid_r2_c3.png,4146,1,175,366,31.5,3
17,4_640x stock m270_4xobj_3_grid_r2_c3.png,4147,1,357,370,31.5,3
17,4_640x stock m270_4xobj_3_grid_r2_c3.png,4148,1,481,362,46.0,3
17,4_640x stock m270_4xobj_3_grid_r2_c3.png,4149,1,413,351,46.0,3
17,4_640x stock m270_4xobj_3_grid_r2_c3.png,4150,1,433,340,46.0,3
17,4_640x stock m270_4xobj_3_grid_r2_c3.png,4151,1,388,338,46.0,3
17,4_640x stock m270_4xobj_3_grid_r2_c3.png,4152,1,261,338,31.5,3
17,4_640x stock m270_4xobj_3_grid_r2_c3.png,4153,1,479,334,46.0,3
17,4_640x stock m270_4xobj_3_grid_r2_c3.png,4154,1,326,333,46.0,3
17,4_640x stock m270_4xobj_3_grid_r2_c3.png,4155,1,465,323,31.5,3
17,4_640x stock m270_4xobj_3_grid_r2_c3.png,4156,1,197,321,8.0,1
17,4_640x stock m270_4xobj_3_grid_r2_c3.png,4157,1,493,305,46.0,3
17,4_640x stock m270_4xobj_3_grid_r2_c3.png,4158,1,262,305,46.0,3
17,4_640x stock m270_4xobj_3_grid_r2_c3.png,4159,1,366,296,31.5,3
17,4_640x stock m270_4xobj_3_grid_r2_c3.png,4160,1,93,292,46.0,3
17,4_640x stock m270_4xobj_3_grid_r2_c3.png,4161,1,237,291,31.5,3
17,4_640x stock m270_4xobj_3_grid_r2_c3.png,4162,1,393,290,46.0,3
17,4_640x stock m270_4xobj_3_grid_r2_c3.png,4163,1,294,289,46.0,3
17,4_640x stock m270_4xobj_3_grid_r2_c3.png,4164,1,103,288,31.5,3
17,4_640x stock m270_4xobj_3_grid_r2_c3.png,4165,1,88,282,31.5,3
17,4_640x stock m270_4xobj_3_grid_r2_c3.png,4166,1,142,274,46.0,3
17,4_640x stock m270_4xobj_3_grid_r2_c3.png,4167,1,328,267,31.5,3
17,4_640x stock m270_4xobj_3_grid_r2_c3.png,4168,1,415,258,46.0,3
17,4_640x stock m270_4xobj_3_grid_r2_c3.png,4169,1,313,253,46.0,3
17,4_640x stock m270_4xobj_3_grid_r2_c3.png,4170,1,54,251,31.5,3
17,4_640x stock m270_4xobj_3_grid_r2_c3.png,4171,1,93,244,46.0,3
17,4_640x stock m270_4xobj_3_grid_r2_c3.png,4172,1,344,239,31.5,3
17,4_640x stock m270_4xobj_3_grid_r2_c3.png,4173,1,474,227,46.0,3
17,4_640x stock m270_4xobj_3_grid_r2_c3.png,4174,1,357,228,46.0,3
17,4_640x stock m270_4xobj_3_grid_r2_c3.png,4175,1,127,226,31.5,3
17,4_640x stock m270_4xobj_3_grid_r2_c3.png,4176,1,339,225,46.0,3
17,4_640x stock m270_4xobj_3_grid_r2_c3.png,4177,1,372,224,46.0,3
17,4_640x stock m270_4xobj_3_grid_r2_c3.png,4178,1,420,213,31.5,3
17,4_640x stock m270_4xobj_3_grid_r2_c3.png,4179,1,335,214,46.0,3
17,4_640x stock m270_4xobj_3_grid_r2_c3.png,4180,1,192,208,46.0,3
17,4_640x stock m270_4xobj_3_grid_r2_c3.png,4181,1,393,200,74.5,4
17,4_640x stock m270_4xobj_3_grid_r2_c3.png,4182,1,95,195,46.0,3
17,4_640x stock m270_4xobj_3_grid_r2_c3.png,4183,1,179,194,46.0,3
17,4_640x stock m270_4xobj_3_grid_r2_c3.png,4184,1,265,184,46.0,3
17,4_640x stock m270_4xobj_3_grid_r2_c3.png,4185,1,129,179,46.0,3
17,4_640x stock m270_4xobj_3_grid_r2_c3.png,4186,1,163,176,46.0,3
17,4_640x stock m270_4xobj_3_grid_r2_c3.png,4187,1,450,174,46.0,3
17,4_640x stock m270_4xobj_3_grid_r2_c3.png,4188,1,54,168,46.0,3
17,4_640x stock m270_4xobj_3_grid_r2_c3.png,4189,1,383,166,74.5,4
17,4_640x stock m270_4xobj_3_grid_r2_c3.png,4190,1,186,157,46.0,3
17,4_640x stock m270_4xobj_3_grid_r2_c3.png,4191,1,92,154,46.0,3
17,4_640x stock m270_4xobj_3_grid_r2_c3.png,4192,1,53,152,74.5,4
17,4_640x stock m270_4xobj_3_grid_r2_c3.png,4193,1,342,148,46.0,3
17,4_640x stock m270_4xobj_3_grid_r2_c3.png,4194,1,362,144,46.0,3
17,4_640x stock m270_4xobj_3_grid_r2_c3.png,4195,1,188,144,31.5,3
17,4_640x stock m270_4xobj_3_grid_r2_c3.png,4196,1,29,141,104.0,5
17,4_640x stock m270_4xobj_3_grid_r2_c3.png,4197,1,3,125,31.5,3
17,4_640x stock m270_4xobj_3_grid_r2_c3.png,4198,1,181,120,46.0,3
17,4_640x stock m270_4xobj_3_grid_r2_c3.png,4199,1,299,119,46.0,3
17,4_640x stock m270_4xobj_3_grid_r2_c3.png,4200,1,141,102,46.0,3
17,4_640x stock m270_4xobj_3_grid_r2_c3.png,4201,1,173,99,46.0,3
17,4_640x stock m270_4xobj_3_grid_r2_c3.png,4202,1,58,98,46.0,3
17,4_640x stock m270_4xobj_3_grid_r2_c3.png,4203,1,100,96,46.0,3
17,4_640x stock m270_4xobj_3_grid_r2_c3.png,4204,1,27,80,31.5,3
17,4_640x stock m270_4xobj_3_grid_r2_c3.png,4205,1,72,79,46.0,3
17,4_640x stock m270_4xobj_3_grid_r2_c3.png,4206,1,360,79,46.0,3
17,4_640x stock m270_4xobj_3_grid_r2_c3.png,4207,1,139,63,46.0,3
17,4_640x stock m270_4xobj_3_grid_r2_c3.png,4208,1,125,60,46.0,3
17,4_640x stock m270_4xobj_3_grid_r2_c3.png,4209,1,219,56,46.0,3
17,4_640x stock m270_4xobj_3_grid_r2_c3.png,4210,1,89,50,46.0,3
17,4_640x stock m270_4xobj_3_grid_r2_c3.png,4211,1,75,48,46.0,3
17,4_640x stock m270_4xobj_3_grid_r2_c3.png,4212,1,80,34,46.0,3
17,4_640x stock m270_4xobj_3_grid_r2_c3.png,4213,1,20,25,104.0,5
17,4_640x stock m270_4xobj_3_grid_r2_c3.png,4214,1,368,21,31.5,3
17,4_640x stock m270_4xobj_3_grid_r2_c3.png,4215,1,42,19,46.0,3
17,4_640x stock m270_4xobj_3_grid_r2_c3.png,4216,1,435,501,46.0,3
17,4_640x stock m270_4xobj_3_grid_r2_c3.png,4217,1,295,496,46.0,3
17,4_640x stock m270_4xobj_3_grid_r2_c3.png,4218,1,413,495,46.0,3
17,4_640x stock m270_4xobj_3_grid_r2_c3.png,4219,1,253,491,46.0,3
17,4_640x stock m270_4xobj_3_grid_r2_c3.png,4220,1,365,485,46.0,3
17,4_640x stock m270_4xobj_3_grid_r2_c3.png,4221,1,432,485,46.0,3
17,4_640x stock m270_4xobj_3_grid_r2_c3.png,4222,1,233,476,46.0,3
17,4_640x stock m270_4xobj_3_grid_r2_c3.png,4223,1,49,472,46.0,3
17,4_640x stock m270_4xobj_3_grid_r2_c3.png,4224,1,276,461,31.5,3
17,4_640x stock m270_4xobj_3_grid_r2_c3.png,4225,1,211,456,46.0,3
17,4_640x stock m270_4xobj_3_grid_r2_c3.png,4226,1,422,445,74.5,4
17,4_640x stock m270_4xobj_3_grid_r2_c3.png,4227,1,70,423,46.0,3
17,4_640x stock m270_4xobj_3_grid_r2_c3.png,4228,1,435,418,31.5,3
17,4_640x stock m270_4xobj_3_grid_r2_c3.png,4229,1,365,414,46.0,3
17,4_640x stock m270_4xobj_3_grid_r2_c3.png,4230,1,380,411,147.5,6
17,4_640x stock m270_4xobj_3_grid_r2_c3.png,4231,1,312,398,46.0,3
17,4_640x stock m270_4xobj_3_grid_r2_c3.png,4232,1,62,391,46.0,3
17,4_640x stock m270_4xobj_3_grid_r2_c3.png,4233,1,474,380,74.5,4
17,4_640x stock m270_4xobj_3_grid_r2_c3.png,4234,1,77,374,31.5,3
17,4_640x stock m270_4xobj_3_grid_r2_c3.png,4235,1,127,368,46.0,3
17,4_640x stock m270_4xobj_3_grid_r2_c3.png,4236,1,101,353,46.0,3
17,4_640x stock m270_4xobj_3_grid_r2_c3.png,4237,1,353,337,31.5,3
17,4_640x stock m270_4xobj_3_grid_r2_c3.png,4238,1,37,319,46.0,3
17,4_640x stock m270_4xobj_3_grid_r2_c3.png,4239,1,68,315,46.0,3
17,4_640x stock m270_4xobj_3_grid_r2_c3.png,4240,1,93,306,46.0,3
17,4_640x stock m270_4xobj_3_grid_r2_c3.png,4241,1,123,279,46.0,3
17,4_640x stock m270_4xobj_3_grid_r2_c3.png,4242,1,9,271,46.0,3
17,4_640x stock m270_4xobj_3_grid_r2_c3.png,4243,1,89,269,46.0,3
17,4_640x stock m270_4xobj_3_grid_r2_c3.png,4244,1,102,260,46.0,3
17,4_640x stock m270_4xobj_3_grid_r2_c3.png,4245,1,173,258,46.0,3
17,4_640x stock m270_4xobj_3_grid_r2_c3.png,4246,1,158,258,46.0,3
17,4_640x stock m270_4xobj_3_grid_r2_c3.png,4247,1,498,245,46.0,3
17,4_640x stock m270_4xobj_3_grid_r2_c3.png,4248,1,291,242,46.0,3
17,4_640x stock m270_4xobj_3_grid_r2_c3.png,4249,1,12,217,46.0,3
17,4_640x stock m270_4xobj_3_grid_r2_c3.png,4250,1,21,203,46.0,3
17,4_640x stock m270_4xobj_3_grid_r2_c3.png,4251,1,54,184,46.0,3
17,4_640x stock m270_4xobj_3_grid_r2_c3.png,4252,1,367,162,31.5,3
17,4_640x stock m270_4xobj_3_grid_r2_c3.png,4253,1,61,117,46.0,3
17,4_640x stock m270_4xobj_3_grid_r2_c3.png,4254,1,89,81,31.5,3
17,4_640x stock m270_4xobj_3_grid_r2_c3.png,4255,1,77,505,46.0,3
17,4_640x stock m270_4xobj_3_grid_r2_c3.png,4256,1,182,497,46.0,3
17,4_640x stock m270_4xobj_3_grid_r2_c3.png,4257,1,152,490,46.0,3
17,4_640x stock m270_4xobj_3_grid_r2_c3.png,4258,1,248,466,46.0,3
17,4_640x stock m270_4xobj_3_grid_r2_c3.png,4259,1,171,466,46.0,3
17,4_640x stock m270_4xobj_3_grid_r2_c3.png,4260,1,293,459,31.5,3
17,4_640x stock m270_4xobj_3_grid_r2_c3.png,4261,1,336,453,46.0,3
17,4_640x stock m270_4xobj_3_grid_r2_c3.png,4262,1,33,448,31.5,3
17,4_640x stock m270_4xobj_3_grid_r2_c3.png,4263,1,174,447,46.0,3
17,4_640x stock m270_4xobj_3_grid_r2_c3.png,4264,1,210,440,46.0,3
17,4_640x stock m270_4xobj_3_grid_r2_c3.png,4265,1,68,438,31.5,3
17,4_640x stock m270_4xobj_3_grid_r2_c3.png,4266,1,173,430,46.0,3
17,4_640x stock m270_4xobj_3_grid_r2_c3.png,4267,1,162,415,31.5,3
17,4_640x stock m270_4xobj_3_grid_r2_c3.png,4268,1,80,411,46.0,3
17,4_640x stock m270_4xobj_3_grid_r2_c3.png,4269,1,28,408,46.0,3
17,4_640x stock m270_4xobj_3_grid_r2_c3.png,4270,1,35,398,31.5,3
17,4_640x stock m270_4xobj_3_grid_r2_c3.png,4271,1,221,391,46.0,3
17,4_640x stock m270_4xobj_3_grid_r2_c3.png,4272,1,167,389,46.0,3
17,4_640x stock m270_4xobj_3_grid_r2_c3.png,4273,1,462,366,46.0,3
17,4_640x stock m270_4xobj_3_grid_r2_c3.png,4274,1,173,350,31.5,3
17,4_640x stock m270_4xobj_3_grid_r2_c3.png,4275,1,395,273,46.0,3
17,4_640x stock m270_4xobj_3_grid_r2_c3.png,4276,1,47,214,46.0,3
17,4_640x stock m270_4xobj_3_grid_r2_c3.png,4277,1,229,194,74.5,4
17,4_640x stock m270_4xobj_3_grid_r2_c3.png,4278,1,117,195,46.0,3
17,4_640x stock m270_4xobj_3_grid_r2_c3.png,4279,1,319,58,31.5,3
17,4_640x stock m270_4xobj_3_grid_r2_c3.png,4280,1,57,493,46.0,3
17,4_640x stock m270_4xobj_3_grid_r2_c3.png,4281,1,130,477,31.5,3
17,4_640x stock m270_4xobj_3_grid_r2_c3.png,4282,1,56,436,74.5,4
17,4_640x stock m270_4xobj_3_grid_r2_c3.png,4283,1,21,426,46.0,3
17,4_640x stock m270_4xobj_3_grid_r2_c3.png,4284,1,236,279,46.0,3
17,4_640x stock m270_4xobj_3_grid_r2_c3.png,4285,1,4,495,31.5,3
17,4_640x stock m270_4xobj_3_grid_r2_c3.png,4286,1,392,305,46.0,3
17,4_640x stock m270_4xobj_3_grid_r2_c3.png,4287,1,39,336,147.5,6
17,4_640x stock m270_4xobj_3_grid_r2_c3.png,4288,1,248,93,74.5,4
17,4_640x stock m270_4xobj_3_grid_r2_c3.png,4289,1,323,102,31.5,3
18,4_640x stock m270_4xobj_3_grid_r2_c4.png,4290,1,490,450,46.0,3
18,4_640x stock m270_4xobj_3_grid_r2_c4.png,4291,1,279,212,104.0,5
18,4_640x stock m270_4xobj_3_grid_r2_c4.png,4292,1,225,177,104.0,5
18,4_640x stock m270_4xobj_3_grid_r2_c4.png,4293,1,217,115,74.5,4
18,4_640x stock m270_4xobj_3_grid_r2_c4.png,4294,1,278,96,190.0,7
18,4_640x stock m270_4xobj_3_grid_r2_c4.png,4295,1,83,83,46.0,3
18,4_640x stock m270_4xobj_3_grid_r2_c4.png,4296,1,45,496,74.5,4
18,4_640x stock m270_4xobj_3_grid_r2_c4.png,4297,1,100,462,74.5,4
18,4_640x stock m270_4xobj_3_grid_r2_c4.png,4298,1,470,411,147.5,6
18,4_640x stock m270_4xobj_3_grid_r2_c4.png,4299,1,301,400,74.5,4
18,4_640x stock m270_4xobj_3_grid_r2_c4.png,4300,1,364,333,74.5,4
18,4_640x stock m270_4xobj_3_grid_r2_c4.png,4301,1,484,237,46.0,3
18,4_640x stock m270_4xobj_3_grid_r2_c4.png,4302,1,205,126,74.5,4
18,4_640x stock m270_4xobj_3_grid_r2_c4.png,4303,1,374,26,104.0,5
18,4_640x stock m270_4xobj_3_grid_r2_c4.png,4304,1,140,13,31.5,3
18,4_640x stock m270_4xobj_3_grid_r2_c4.png,4305,1,446,331,31.5,3
18,4_640x stock m270_4xobj_3_grid_r2_c4.png,4306,1,478,223,31.5,3
18,4_640x stock m270_4xobj_3_grid_r2_c4.png,4307,1,401,197,31.5,3
18,4_640x stock m270_4xobj_3_grid_r2_c4.png,4308,1,491,194,46.0,3
18,4_640x stock m270_4xobj_3_grid_r2_c4.png,4309,1,468,99,104.0,5
18,4_640x stock m270_4xobj_3_grid_r2_c4.png,4310,1,163,74,46.0,3
18,4_640x stock m270_4xobj_3_grid_r2_c4.png,4311,1,433,26,31.5,3
18,4_640x stock m270_4xobj_3_grid_r2_c4.png,4312,1,452,20,31.5,3
18,4_640x stock m270_4xobj_3_grid_r2_c4.png,4313,1,324,10,31.5,3
18,4_640x stock m270_4xobj_3_grid_r2_c4.png,4314,1,443,2,28.0,2
18,4_640x stock m270_4xobj_3_grid_r2_c4.png,4315,1,123,481,31.5,3
18,4_640x stock m270_4xobj_3_grid_r2_c4.png,4316,1,508,379,31.5,3
18,4_640x stock m270_4xobj_3_grid_r2_c4.png,4317,1,373,320,31.5,3
18,4_640x stock m270_4xobj_3_grid_r2_c4.png,4318,1,480,314,46.0,3
18,4_640x stock m270_4xobj_3_grid_r2_c4.png,4319,1,447,305,31.5,3
18,4_640x stock m270_4xobj_3_grid_r2_c4.png,4320,1,294,305,46.0,3
18,4_640x stock m270_4xobj_3_grid_r2_c4.png,4321,1,473,304,46.0,3
18,4_640x stock m270_4xobj_3_grid_r2_c4.png,4322,1,157,297,31.5,3
18,4_640x stock m270_4xobj_3_grid_r2_c4.png,4323,1,326,295,104.0,5
18,4_640x stock m270_4xobj_3_grid_r2_c4.png,4324,1,484,265,46.0,3
18,4_640x stock m270_4xobj_3_grid_r2_c4.png,4325,1,346,249,46.0,3
18,4_640x stock m270_4xobj_3_grid_r2_c4.png,4326,1,360,234,46.0,3
18,4_640x stock m270_4xobj_3_grid_r2_c4.png,4327,1,257,226,46.0,3
18,4_640x stock m270_4xobj_3_grid_r2_c4.png,4328,1,233,200,46.0,3
18,4_640x stock m270_4xobj_3_grid_r2_c4.png,4329,1,287,200,46.0,3
18,4_640x stock m270_4xobj_3_grid_r2_c4.png,4330,1,361,181,46.0,3
18,4_640x stock m270_4xobj_3_grid_r2_c4.png,4331,1,433,177,46.0,3
18,4_640x stock m270_4xobj_3_grid_r2_c4.png,4332,1,506,172,46.0,3
18,4_640x stock m270_4xobj_3_grid_r2_c4.png,4333,1,465,165,46.0,3
18,4_640x stock m270_4xobj_3_grid_r2_c4.png,4334,1,389,158,31.5,3
18,4_640x stock m270_4xobj_3_grid_r2_c4.png,4335,1,363,148,46.0,3
18,4_640x stock m270_4xobj_3_grid_r2_c4.png,4336,1,476,136,46.0,3
18,4_640x stock m270_4xobj_3_grid_r2_c4.png,4337,1,284,134,46.0,3
18,4_640x stock m270_4xobj_3_grid_r2_c4.png,4338,1,192,120,31.5,3
18,4_640x stock m270_4xobj_3_grid_r2_c4.png,4339,1,149,119,46.0,3
18,4_640x stock m270_4xobj_3_grid_r2_c4.png,4340,1,497,118,46.0,3
18,4_640x stock m270_4xobj_3_grid_r2_c4.png,4341,1,203,109,46.0,3
18,4_640x stock m270_4xobj_3_grid_r2_c4.png,4342,1,459,107,31.5,3
18,4_640x stock m270_4xobj_3_grid_r2_c4.png,4343,1,448,102,31.5,3
18,4_640x stock m270_4xobj_3_grid_r2_c4.png,4344,1,355,93,46.0,3
18,4_640x stock m270_4xobj_3_grid_r2_c4.png,4345,1,505,90,46.0,3
18,4_640x stock m270_4xobj_3_grid_r2_c4.png,4346,1,391,81,46.0,3
18,4_640x stock m270_4xobj_3_grid_r2_c4.png,4347,1,295,75,46.0,3
18,4_640x stock m270_4xobj_3_grid_r2_c4.png,4348,1,212,68,46.0,3
18,4_640x stock m270_4xobj_3_grid_r2_c4.png,4349,1,236,60,46.0,3
18,4_640x stock m270_4xobj_3_grid_r2_c4.png,4350,1,290,55,31.5,3
18,4_640x stock m270_4xobj_3_grid_r2_c4.png,4351,1,335,54,46.0,3
18,4_640x stock m270_4xobj_3_grid_r2_c4.png,4352,1,393,38,46.0,3
18,4_640x stock m270_4xobj_3_grid_r2_c4.png,4353,1,25,37,31.5,3
18,4_640x stock m270_4xobj_3_grid_r2_c4.png,4354,1,213,34,46.0,3
18,4_640x stock m270_4xobj_3_grid_r2_c4.png,4355,1,273,32,46.0,3
18,4_640x stock m270_4xobj_3_grid_r2_c4.png,4356,1,143,29,46.0,3
18,4_640x stock m270_4xobj_3_grid_r2_c4.png,4357,1,389,22,46.0,3
18,4_640x stock m270_4xobj_3_grid_r2_c4.png,4358,1,466,17,46.0,3
18,4_640x stock m270_4xobj_3_grid_r2_c4.png,4359,1,392,7,46.0,3
18,4_640x stock m270_4xobj_3_grid_r2_c4.png,4360,1,210,5,46.0,3
18,4_640x stock m270_4xobj_3_grid_r2_c4.png,4361,1,190,503,31.5,3
18,4_640x stock m270_4xobj_3_grid_r2_c4.png,4362,1,402,487,31.5,3
18,4_640x stock m270_4xobj_3_grid_r2_c4.png,4363,1,406,477,31.5,3
18,4_640x stock m270_4xobj_3_grid_r2_c4.png,4364,1,429,452,46.0,3
18,4_640x stock m270_4xobj_3_grid_r2_c4.png,4365,1,194,437,31.5,3
18,4_640x stock m270_4xobj_3_grid_r2_c4.png,4366,1,468,434,46.0,3
18,4_640x stock m270_4xobj_3_grid_r2_c4.png,4367,1,280,420,46.0,3
18,4_640x stock m270_4xobj_3_grid_r2_c4.png,4368,1,218,360,46.0,3
18,4_640x stock m270_4xobj_3_grid_r2_c4.png,4369,1,470,354,46.0,3
18,4_640x stock m270_4xobj_3_grid_r2_c4.png,4370,1,82,353,46.0,3
18,4_640x stock m270_4xobj_3_grid_r2_c4.png,4371,1,280,342,31.5,3
18,4_640x stock m270_4xobj_3_grid_r2_c4.png,4372,1,237,340,46.0,3
18,4_640x stock m270_4xobj_3_grid_r2_c4.png,4373,1,481,332,46.0,3
18,4_640x stock m270_4xobj_3_grid_r2_c4.png,4374,1,352,331,46.0,3
18,4_640x stock m270_4xobj_3_grid_r2_c4.png,4375,1,459,326,46.0,3
18,4_640x stock m270_4xobj_3_grid_r2_c4.png,4376,1,383,324,74.5,4
18,4_640x stock m270_4xobj_3_grid_r2_c4.png,4377,1,437,320,74.5,4
18,4_640x stock m270_4xobj_3_grid_r2_c4.png,4378,1,405,310,46.0,3
18,4_640x stock m270_4xobj_3_grid_r2_c4.png,4379,1,389,286,46.0,3
18,4_640x stock m270_4xobj_3_grid_r2_c4.png,4380,1,425,280,46.0,3
18,4_640x stock m270_4xobj_3_grid_r2_c4.png,4381,1,325,278,31.5,3
18,4_640x stock m270_4xobj_3_grid_r2_c4.png,4382,1,283,270,46.0,3
18,4_640x stock m270_4xobj_3_grid_r2_c4.png,4383,1,417,262,46.0,3
18,4_640x stock m270_4xobj_3_grid_r2_c4.png,4384,1,399,254,46.0,3
18,4_640x stock m270_4xobj_3_grid_r2_c4.png,4385,1,156,253,46.0,3
18,4_640x stock m270_4xobj_3_grid_r2_c4.png,4386,1,274,251,46.0,3
18,4_640x stock m270_4xobj_3_grid_r2_c4.png,4387,1,408,236,74.5,4
18,4_640x stock m270_4xobj_3_grid_r2_c4.png,4388,1,346,223,46.0,3
18,4_640x stock m270_4xobj_3_grid_r2_c4.png,4389,1,148,219,31.5,3
18,4_640x stock m270_4xobj_3_grid_r2_c4.png,4390,1,104,216,46.0,3
18,4_640x stock m270_4xobj_3_grid_r2_c4.png,4391,1,338,213,46.0,3
18,4_640x stock m270_4xobj_3_grid_r2_c4.png,4392,1,257,212,46.0,3
18,4_640x stock m270_4xobj_3_grid_r2_c4.png,4393,1,293,210,31.5,3
18,4_640x stock m270_4xobj_3_grid_r2_c4.png,4394,1,50,208,46.0,3
18,4_640x stock m270_4xobj_3_grid_r2_c4.png,4395,1,166,198,31.5,3
18,4_640x stock m270_4xobj_3_grid_r2_c4.png,4396,1,386,197,46.0,3
18,4_640x stock m270_4xobj_3_grid_r2_c4.png,4397,1,279,194,46.0,3
18,4_640x stock m270_4xobj_3_grid_r2_c4.png,4398,1,424,193,46.0,3
18,4_640x stock m270_4xobj_3_grid_r2_c4.png,4399,1,488,180,46.0,3
18,4_640x stock m270_4xobj_3_grid_r2_c4.png,4400,1,55,175,46.0,3
18,4_640x stock m270_4xobj_3_grid_r2_c4.png,4401,1,197,172,46.0,3
18,4_640x stock m270_4xobj_3_grid_r2_c4.png,4402,1,439,152,46.0,3
18,4_640x stock m270_4xobj_3_grid_r2_c4.png,4403,1,502,146,31.5,3
18,4_640x stock m270_4xobj_3_grid_r2_c4.png,4404,1,128,144,46.0,3
18,4_640x stock m270_4xobj_3_grid_r2_c4.png,4405,1,262,140,31.5,3
18,4_640x stock m270_4xobj_3_grid_r2_c4.png,4406,1,62,137,31.5,3
18,4_640x stock m270_4xobj_3_grid_r2_c4.png,4407,1,261,129,31.5,3
18,4_640x stock m270_4xobj_3_grid_r2_c4.png,4408,1,426,126,46.0,3
18,4_640x stock m270_4xobj_3_grid_r2_c4.png,4409,1,238,127,46.0,3
18,4_640x stock m270_4xobj_3_grid_r2_c4.png,4410,1,314,125,46.0,3
18,4_640x stock m270_4xobj_3_grid_r2_c4.png,4411,1,244,109,46.0,3
18,4_640x stock m270_4xobj_3_grid_r2_c4.png,4412,1,134,108,46.0,3
18,4_640x stock m270_4xobj_3_grid_r2_c4.png,4413,1,184,85,31.5,3
18,4_640x stock m270_4xobj_3_grid_r2_c4.png,4414,1,97,84,31.5,3
18,4_640x stock m270_4xobj_3_grid_r2_c4.png,4415,1,110,79,31.5,3
18,4_640x stock m270_4xobj_3_grid_r2_c4.png,4416,1,142,74,46.0,3
18,4_640x stock m270_4xobj_3_grid_r2_c4.png,4417,1,119,73,46.0,3
18,4_640x stock m270_4xobj_3_grid_r2_c4.png,4418,1,183,68,46.0,3
18,4_640x stock m270_4xobj_3_grid_r2_c4.png,4419,1,369,67,46.0,3
18,4_640x stock m270_4xobj_3_grid_r2_c4.png,4420,1,37,64,46.0,3
18,4_640x stock m270_4xobj_3_grid_r2_c4.png,4421,1,402,49,31.5,3
18,4_640x stock m270_4xobj_3_grid_r2_c4.png,4422,1,59,49,46.0,3
18,4_640x stock m270_4xobj_3_grid_r2_c4.png,4423,1,239,36,46.0,3
18,4_640x stock m270_4xobj_3_grid_r2_c4.png,4424,1,481,34,46.0,3
18,4_640x stock m270_4xobj_3_grid_r2_c4.png,4425,1,463,33,46.0,3
18,4_640x stock m270_4xobj_3_grid_r2_c4.png,4426,1,46,26,31.5,3
18,4_640x stock m270_4xobj_3_grid_r2_c4.png,4427,1,358,8,46.0,3
18,4_640x stock m270_4xobj_3_grid_r2_c4.png,4428,1,157,7,46.0,3
18,4_640x stock m270_4xobj_3_grid_r2_c4.png,4429,1,21,499,31.5,3
18,4_640x stock m270_4xobj_3_grid_r2_c4.png,4430,1,15,492,31.5,3
18,4_640x stock m270_4xobj_3_grid_r2_c4.png,4431,1,367,490,46.0,3
18,4_640x stock m270_4xobj_3_grid_r2_c4.png,4432,1,462,481,46.0,3
18,4_640x stock m270_4xobj_3_grid_r2_c4.png,4433,1,345,471,46.0,3
18,4_640x stock m270_4xobj_3_grid_r2_c4.png,4434,1,24,467,46.0,3
18,4_640x stock m270_4xobj_3_grid_r2_c4.png,4435,1,421,460,46.0,3
18,4_640x stock m270_4xobj_3_grid_r2_c4.png,4436,1,121,459,31.5,3
18,4_640x stock m270_4xobj_3_grid_r2_c4.png,4437,1,399,455,31.5,3
18,4_640x stock m270_4xobj_3_grid_r2_c4.png,4438,1,301,444,46.0,3
18,4_640x stock m270_4xobj_3_grid_r2_c4.png,4439,1,378,417,46.0,3
18,4_640x stock m270_4xobj_3_grid_r2_c4.png,4440,1,247,410,31.5,3
18,4_640x stock m270_4xobj_3_grid_r2_c4.png,4441,1,417,404,46.0,3
18,4_640x stock m270_4xobj_3_grid_r2_c4.png,4442,1,79,395,46.0,3
18,4_640x stock m270_4xobj_3_grid_r2_c4.png,4443,1,466,388,31.5,3
18,4_640x stock m270_4xobj_3_grid_r2_c4.png,4444,1,396,384,31.5,3
18,4_640x stock m270_4xobj_3_grid_r2_c4.png,4445,1,309,382,74.5,4
18,4_640x stock m270_4xobj_3_grid_r2_c4.png,4446,1,269,381,31.5,3
18,4_640x stock m270_4xobj_3_grid_r2_c4.png,4447,1,126,379,46.0,3
18,4_640x stock m270_4xobj_3_grid_r2_c4.png,4448,1,260,374,46.0,3
18,4_640x stock m270_4xobj_3_grid_r2_c4.png,4449,1,295,372,46.0,3
18,4_640x stock m270_4xobj_3_grid_r2_c4.png,4450,1,347,367,46.0,3
18,4_640x stock m270_4xobj_3_grid_r2_c4.png,4451,1,354,353,31.5,3
18,4_640x stock m270_4xobj_3_grid_r2_c4.png,4452,1,110,332,46.0,3
18,4_640x stock m270_4xobj_3_grid_r2_c4.png,4453,1,257,330,46.0,3
18,4_640x stock m270_4xobj_3_grid_r2_c4.png,4454,1,423,327,46.0,3
18,4_640x stock m270_4xobj_3_grid_r2_c4.png,4455,1,141,319,31.5,3
18,4_640x stock m270_4xobj_3_grid_r2_c4.png,4456,1,472,320,31.5,3
18,4_640x stock m270_4xobj_3_grid_r2_c4.png,4457,1,65,308,46.0,3
18,4_640x stock m270_4xobj_3_grid_r2_c4.png,4458,1,185,306,46.0,3
18,4_640x stock m270_4xobj_3_grid_r2_c4.png,4459,1,198,295,46.0,3
18,4_640x stock m270_4xobj_3_grid_r2_c4.png,4460,1,185,285,46.0,3
18,4_640x stock m270_4xobj_3_grid_r2_c4.png,4461,1,108,280,46.0,3
18,4_640x stock m270_4xobj_3_grid_r2_c4.png,4462,1,22,280,46.0,3
18,4_640x stock m270_4xobj_3_grid_r2_c4.png,4463,1,273,278,46.0,3
18,4_640x stock m270_4xobj_3_grid_r2_c4.png,4464,1,380,276,46.0,3
18,4_640x stock m270_4xobj_3_grid_r2_c4.png,4465,1,314,271,46.0,3
18,4_640x stock m270_4xobj_3_grid_r2_c4.png,4466,1,70,271,104.0,5
18,4_640x stock m270_4xobj_3_grid_r2_c4.png,4467,1,117,258,61.0,4
18,4_640x stock m270_4xobj_3_grid_r2_c4.png,4468,1,8,255,46.0,3
18,4_640x stock m270_4xobj_3_grid_r2_c4.png,4469,1,388,247,46.0,3
18,4_640x stock m270_4xobj_3_grid_r2_c4.png,4470,1,91,246,46.0,3
18,4_640x stock m270_4xobj_3_grid_r2_c4.png,4471,1,115,233,46.0,3
18,4_640x stock m270_4xobj_3_grid_r2_c4.png,4472,1,31,231,46.0,3
18,4_640x stock m270_4xobj_3_grid_r2_c4.png,4473,1,16,231,46.0,3
18,4_640x stock m270_4xobj_3_grid_r2_c4.png,4474,1,97,227,31.5,3
18,4_640x stock m270_4xobj_3_grid_r2_c4.png,4475,1,317,227,46.0,3
18,4_640x stock m270_4xobj_3_grid_r2_c4.png,4476,1,53,219,46.0,3
18,4_640x stock m270_4xobj_3_grid_r2_c4.png,4477,1,217,217,46.0,3
18,4_640x stock m270_4xobj_3_grid_r2_c4.png,4478,1,70,208,31.5,3
18,4_640x stock m270_4xobj_3_grid_r2_c4.png,4479,1,93,201,46.0,3
18,4_640x stock m270_4xobj_3_grid_r2_c4.png,4480,1,215,185,46.0,3
18,4_640x stock m270_4xobj_3_grid_r2_c4.png,4481,1,67,179,46.0,3
18,4_640x stock m270_4xobj_3_grid_r2_c4.png,4482,1,327,172,46.0,3
18,4_640x stock m270_4xobj_3_grid_r2_c4.png,4483,1,480,162,46.0,3
18,4_640x stock m270_4xobj_3_grid_r2_c4.png,4484,1,200,159,46.0,3
18,4_640x stock m270_4xobj_3_grid_r2_c4.png,4485,1,7,158,31.5,3
18,4_640x stock m270_4xobj_3_grid_r2_c4.png,4486,1,51,152,46.0,3
18,4_640x stock m270_4xobj_3_grid_r2_c4.png,4487,1,151,136,46.0,3
18,4_640x stock m270_4xobj_3_grid_r2_c4.png,4488,1,97,134,46.0,3
18,4_640x stock m270_4xobj_3_grid_r2_c4.png,4489,1,436,114,46.0,3
18,4_640x stock m270_4xobj_3_grid_r2_c4.png,4490,1,67,112,46.0,3
18,4_640x stock m270_4xobj_3_grid_r2_c4.png,4491,1,34,101,46.0,3
18,4_640x stock m270_4xobj_3_grid_r2_c4.png,4492,1,31,86,46.0,3
18,4_640x stock m270_4xobj_3_grid_r2_c4.png,4493,1,226,75,46.0,3
18,4_640x stock m270_4xobj_3_grid_r2_c4.png,4494,1,35,48,46.0,3
18,4_640x stock m270_4xobj_3_grid_r2_c4.png,4495,1,325,503,46.0,3
18,4_640x stock m270_4xobj_3_grid_r2_c4.png,4496,1,66,502,46.0,3
18,4_640x stock m270_4xobj_3_grid_r2_c4.png,4497,1,459,500,46.0,3
18,4_640x stock m270_4xobj_3_grid_r2_c4.png,4498,1,162,494,46.0,3
18,4_640x stock m270_4xobj_3_grid_r2_c4.png,4499,1,502,480,46.0,3
18,4_640x stock m270_4xobj_3_grid_r2_c4.png,4500,1,52,474,46.0,3
18,4_640x stock m270_4xobj_3_grid_r2_c4.png,4501,1,358,442,31.5,3
18,4_640x stock m270_4xobj_3_grid_r2_c4.png,4502,1,107,427,46.0,3
18,4_640x stock m270_4xobj_3_grid_r2_c4.png,4503,1,363,411,104.0,5
18,4_640x stock m270_4xobj_3_grid_r2_c4.png,4504,1,439,387,74.5,4
18,4_640x stock m270_4xobj_3_grid_r2_c4.png,4505,1,358,385,46.0,3
18,4_640x stock m270_4xobj_3_grid_r2_c4.png,4506,1,65,371,46.0,3
18,4_640x stock m270_4xobj_3_grid_r2_c4.png,4507,1,6,362,46.0,3
18,4_640x stock m270_4xobj_3_grid_r2_c4.png,4508,1,120,347,74.5,4
18,4_640x stock m270_4xobj_3_grid_r2_c4.png,4509,1,83,308,46.0,3
18,4_640x stock m270_4xobj_3_grid_r2_c4.png,4510,1,18,305,46.0,3
18,4_640x stock m270_4xobj_3_grid_r2_c4.png,4511,1,52,291,46.0,3
18,4_640x stock m270_4xobj_3_grid_r2_c4.png,4512,1,502,291,104.0,5
18,4_640x stock m270_4xobj_3_grid_r2_c4.png,4513,1,230,271,74.5,4
18,4_640x stock m270_4xobj_3_grid_r2_c4.png,4514,1,54,250,104.0,5
18,4_640x stock m270_4xobj_3_grid_r2_c4.png,4515,1,199,229,74.5,4
18,4_640x stock m270_4xobj_3_grid_r2_c4.png,4516,1,89,499,46.0,3
18,4_640x stock m270_4xobj_3_grid_r2_c4.png,4517,1,305,488,46.0,3
18,4_640x stock m270_4xobj_3_grid_r2_c4.png,4518,1,48,434,74.5,4
18,4_640x stock m270_4xobj_3_grid_r2_c4.png,4519,1,105,378,31.5,3
18,4_640x stock m270_4xobj_3_grid_r2_c4.png,4520,1,228,352,46.0,3
18,4_640x stock m270_4xobj_3_grid_r2_c4.png,4521,1,50,346,147.5,6
18,4_640x stock m270_4xobj_3_grid_r2_c4.png,4522,1,4,334,31.5,3
18,4_640x stock m270_4xobj_3_grid_r2_c4.png,4523,1,291,294,31.5,3
18,4_640x stock m270_4xobj_3_grid_r2_c4.png,4524,1,74,250,74.5,4
18,4_640x stock m270_4xobj_3_grid_r2_c4.png,4525,1,23,245,46.0,3
18,4_640x stock m270_4xobj_3_grid_r2_c4.png,4526,1,416,434,147.5,6
18,4_640x stock m270_4xobj_3_grid_r2_c4.png,4527,1,132,304,46.0,3
18,4_640x stock m270_4xobj_3_grid_r2_c4.png,4528,1,360,258,147.5,6
18,4_640x stock m270_4xobj_3_grid_r2_c4.png,4529,1,84,6,46.0,3
18,4_640x stock m270_4xobj_3_grid_r2_c4.png,4530,1,231,405,46.0,3
18,4_640x stock m270_4xobj_3_grid_r2_c4.png,4531,1,11,106,31.5,3
19,4_640x stock m270_4xobj_3_grid_r2_c5.png,4532,1,433,506,46.0,3
19,4_640x stock m270_4xobj_3_grid_r2_c5.png,4533,1,396,478,46.0,3
19,4_640x stock m270_4xobj_3_grid_r2_c5.png,4534,1,281,213,74.5,4
19,4_640x stock m270_4xobj_3_grid_r2_c5.png,4535,1,325,440,31.5,3
19,4_640x stock m270_4xobj_3_grid_r2_c5.png,4536,1,436,224,46.0,3
19,4_640x stock m270_4xobj_3_grid_r2_c5.png,4537,1,277,100,104.0,5
19,4_640x stock m270_4xobj_3_grid_r2_c5.png,4538,1,144,58,74.5,4
19,4_640x stock m270_4xobj_3_grid_r2_c5.png,4539,1,312,53,104.0,5
19,4_640x stock m270_4xobj_3_grid_r2_c5.png,4540,1,291,504,31.5,3
19,4_640x stock m270_4xobj_3_grid_r2_c5.png,4541,1,15,450,74.5,4
19,4_640x stock m270_4xobj_3_grid_r2_c5.png,4542,1,463,155,74.5,4
19,4_640x stock m270_4xobj_3_grid_r2_c5.png,4543,1,78,37,31.5,3
19,4_640x stock m270_4xobj_3_grid_r2_c5.png,4544,1,299,485,74.5,4
19,4_640x stock m270_4xobj_3_grid_r2_c5.png,4545,1,473,421,46.0,3
19,4_640x stock m270_4xobj_3_grid_r2_c5.png,4546,1,484,352,46.0,3
19,4_640x stock m270_4xobj_3_grid_r2_c5.png,4547,1,9,237,46.0,3
19,4_640x stock m270_4xobj_3_grid_r2_c5.png,4548,1,432,129,104.0,5
19,4_640x stock m270_4xobj_3_grid_r2_c5.png,4549,1,488,114,31.5,3
19,4_640x stock m270_4xobj_3_grid_r2_c5.png,4550,1,484,101,31.5,3
19,4_640x stock m270_4xobj_3_grid_r2_c5.png,4551,1,47,68,31.5,3
19,4_640x stock m270_4xobj_3_grid_r2_c5.png,4552,1,307,10,31.5,3
19,4_640x stock m270_4xobj_3_grid_r2_c5.png,4553,1,87,4,31.5,3
19,4_640x stock m270_4xobj_3_grid_r2_c5.png,4554,1,190,450,248.5,8
19,4_640x stock m270_4xobj_3_grid_r2_c5.png,4555,1,335,443,31.5,3
19,4_640x stock m270_4xobj_3_grid_r2_c5.png,4556,1,432,418,31.5,3
19,4_640x stock m270_4xobj_3_grid_r2_c5.png,4557,1,152,349,74.5,4
19,4_640x stock m270_4xobj_3_grid_r2_c5.png,4558,1,483,341,31.5,3
19,4_640x stock m270_4xobj_3_grid_r2_c5.png,4559,1,493,311,31.5,3
19,4_640x stock m270_4xobj_3_grid_r2_c5.png,4560,1,205,310,46.0,3
19,4_640x stock m270_4xobj_3_grid_r2_c5.png,4561,1,493,303,46.0,3
19,4_640x stock m270_4xobj_3_grid_r2_c5.png,4562,1,435,267,31.5,3
19,4_640x stock m270_4xobj_3_grid_r2_c5.png,4563,1,398,267,74.5,4
19,4_640x stock m270_4xobj_3_grid_r2_c5.png,4564,1,458,239,46.0,3
19,4_640x stock m270_4xobj_3_grid_r2_c5.png,4565,1,43,240,46.0,3
19,4_640x stock m270_4xobj_3_grid_r2_c5.png,4566,1,490,235,46.0,3
19,4_640x stock m270_4xobj_3_grid_r2_c5.png,4567,1,53,197,31.5,3
19,4_640x stock m270_4xobj_3_grid_r2_c5.png,4568,1,178,195,46.0,3
19,4_640x stock m270_4xobj_3_grid_r2_c5.png,4569,1,14,195,46.0,3
19,4_640x stock m270_4xobj_3_grid_r2_c5.png,4570,1,493,163,46.0,3
19,4_640x stock m270_4xobj_3_grid_r2_c5.png,4571,1,393,150,104.0,5
19,4_640x stock m270_4xobj_3_grid_r2_c5.png,4572,1,508,142,31.5,3
19,4_640x stock m270_4xobj_3_grid_r2_c5.png,4573,1,121,132,46.0,3
19,4_640x stock m270_4xobj_3_grid_r2_c5.png,4574,1,224,120,31.5,3
19,4_640x stock m270_4xobj_3_grid_r2_c5.png,4575,1,366,118,31.5,3
19,4_640x stock m270_4xobj_3_grid_r2_c5.png,4576,1,189,119,31.5,3
19,4_640x stock m270_4xobj_3_grid_r2_c5.png,4577,1,360,110,46.0,3
19,4_640x stock m270_4xobj_3_grid_r2_c5.png,4578,1,464,110,46.0,3
19,4_640x stock m270_4xobj_3_grid_r2_c5.png,4579,1,85,100,31.5,3
19,4_640x stock m270_4xobj_3_grid_r2_c5.png,4580,1,48,99,31.5,3
19,4_640x stock m270_4xobj_3_grid_r2_c5.png,4581,1,30,90,46.0,3
19,4_640x stock m270_4xobj_3_grid_r2_c5.png,4582,1,497,88,31.5,3
19,4_640x stock m270_4xobj_3_grid_r2_c5.png,4583,1,199,79,46.0,3
19,4_640x stock m270_4xobj_3_grid_r2_c5.png,4584,1,498,78,46.0,3
19,4_640x stock m270_4xobj_3_grid_r2_c5.png,4585,1,57,74,31.5,3
19,4_640x stock m270_4xobj_3_grid_r2_c5.png,4586,1,347,68,104.0,5
19,4_640x stock m270_4xobj_3_grid_r2_c5.png,4587,1,466,64,46.0,3
19,4_640x stock m270_4xobj_3_grid_r2_c5.png,4588,1,103,48,46.0,3
19,4_640x stock m270_4xobj_3_grid_r2_c5.png,4589,1,420,44,31.5,3
19,4_640x stock m270_4xobj_3_grid_r2_c5.png,4590,1,344,29,46.0,3
19,4_640x stock m270_4xobj_3_grid_r2_c5.png,4591,1,313,23,46.0,3
19,4_640x stock m270_4xobj_3_grid_r2_c5.png,4592,1,43,12,46.0,3
19,4_640x stock m270_4xobj_3_grid_r2_c5.png,4593,1,458,503,46.0,3
19,4_640x stock m270_4xobj_3_grid_r2_c5.png,4594,1,361,478,46.0,3
19,4_640x stock m270_4xobj_3_grid_r2_c5.png,4595,1,486,461,31.5,3
19,4_640x stock m270_4xobj_3_grid_r2_c5.png,4596,1,488,430,46.0,3
19,4_640x stock m270_4xobj_3_grid_r2_c5.png,4597,1,256,426,31.5,3
19,4_640x stock m270_4xobj_3_grid_r2_c5.png,4598,1,372,421,31.5,3
19,4_640x stock m270_4xobj_3_grid_r2_c5.png,4599,1,36,379,31.5,3
19,4_640x stock m270_4xobj_3_grid_r2_c5.png,4600,1,407,377,31.5,3
19,4_640x stock m270_4xobj_3_grid_r2_c5.png,4601,1,149,374,46.0,3
19,4_640x stock m270_4xobj_3_grid_r2_c5.png,4602,1,461,373,46.0,3
19,4_640x stock m270_4xobj_3_grid_r2_c5.png,4603,1,437,363,46.0,3
19,4_640x stock m270_4xobj_3_grid_r2_c5.png,4604,1,409,362,31.5,3
19,4_640x stock m270_4xobj_3_grid_r2_c5.png,4605,1,198,362,46.0,3
19,4_640x stock m270_4xobj_3_grid_r2_c5.png,4606,1,182,362,46.0,3
19,4_640x stock m270_4xobj_3_grid_r2_c5.png,4607,1,125,355,46.0,3
19,4_640x stock m270_4xobj_3_grid_r2_c5.png,4608,1,459,353,46.0,3
19,4_640x stock m270_4xobj_3_grid_r2_c5.png,4609,1,318,331,46.0,3
19,4_640x stock m270_4xobj_3_grid_r2_c5.png,4610,1,358,317,31.5,3
19,4_640x stock m270_4xobj_3_grid_r2_c5.png,4611,1,306,316,46.0,3
19,4_640x stock m270_4xobj_3_grid_r2_c5.png,4612,1,177,314,46.0,3
19,4_640x stock m270_4xobj_3_grid_r2_c5.png,4613,1,5,314,46.0,3
19,4_640x stock m270_4xobj_3_grid_r2_c5.png,4614,1,453,303,31.5,3
19,4_640x stock m270_4xobj_3_grid_r2_c5.png,4615,1,328,303,104.0,5
19,4_640x stock m270_4xobj_3_grid_r2_c5.png,4616,1,452,291,46.0,3
19,4_640x stock m270_4xobj_3_grid_r2_c5.png,4617,1,426,289,46.0,3
19,4_640x stock m270_4xobj_3_grid_r2_c5.png,4618,1,473,285,46.0,3
19,4_640x stock m270_4xobj_3_grid_r2_c5.png,4619,1,353,284,46.0,3
19,4_640x stock m270_4xobj_3_grid_r2_c5.png,4620,1,138,284,46.0,3
19,4_640x stock m270_4xobj_3_grid_r2_c5.png,4621,1,418,279,31.5,3
19,4_640x stock m270_4xobj_3_grid_r2_c5.png,4622,1,408,277,31.5,3
19,4_640x stock m270_4xobj_3_grid_r2_c5.png,4623,1,130,274,46.0,3
19,4_640x stock m270_4xobj_3_grid_r2_c5.png,4624,1,36,269,46.0,3
19,4_640x stock m270_4xobj_3_grid_r2_c5.png,4625,1,9,264,46.0,3
19,4_640x stock m270_4xobj_3_grid_r2_c5.png,4626,1,280,253,46.0,3
19,4_640x stock m270_4xobj_3_grid_r2_c5.png,4627,1,410,244,46.0,3
19,4_640x stock m270_4xobj_3_grid_r2_c5.png,4628,1,138,244,31.5,3
19,4_640x stock m270_4xobj_3_grid_r2_c5.png,4629,1,165,244,46.0,3
19,4_640x stock m270_4xobj_3_grid_r2_c5.png,4630,1,99,239,74.5,4
19,4_640x stock m270_4xobj_3_grid_r2_c5.png,4631,1,478,233,31.5,3
19,4_640x stock m270_4xobj_3_grid_r2_c5.png,4632,1,262,233,46.0,3
19,4_640x stock m270_4xobj_3_grid_r2_c5.png,4633,1,358,222,31.5,3
19,4_640x stock m270_4xobj_3_grid_r2_c5.png,4634,1,483,222,31.5,3
19,4_640x stock m270_4xobj_3_grid_r2_c5.png,4635,1,422,221,46.0,3
19,4_640x stock m270_4xobj_3_grid_r2_c5.png,4636,1,395,213,31.5,3
19,4_640x stock m270_4xobj_3_grid_r2_c5.png,4637,1,188,207,46.0,3
19,4_640x stock m270_4xobj_3_grid_r2_c5.png,4638,1,393,195,46.0,3
19,4_640x stock m270_4xobj_3_grid_r2_c5.png,4639,1,472,193,31.5,3
19,4_640x stock m270_4xobj_3_grid_r2_c5.png,4640,1,179,180,31.5,3
19,4_640x stock m270_4xobj_3_grid_r2_c5.png,4641,1,31,172,46.0,3
19,4_640x stock m270_4xobj_3_grid_r2_c5.png,4642,1,171,168,46.0,3
19,4_640x stock m270_4xobj_3_grid_r2_c5.png,4643,1,75,168,46.0,3
19,4_640x stock m270_4xobj_3_grid_r2_c5.png,4644,1,434,165,46.0,3
19,4_640x stock m270_4xobj_3_grid_r2_c5.png,4645,1,56,156,46.0,3
19,4_640x stock m270_4xobj_3_grid_r2_c5.png,4646,1,335,157,74.5,4
19,4_640x stock m270_4xobj_3_grid_r2_c5.png,4647,1,182,156,31.5,3
19,4_640x stock m270_4xobj_3_grid_r2_c5.png,4648,1,34,156,46.0,3
19,4_640x stock m270_4xobj_3_grid_r2_c5.png,4649,1,93,152,46.0,3
19,4_640x stock m270_4xobj_3_grid_r2_c5.png,4650,1,215,151,46.0,3
19,4_640x stock m270_4xobj_3_grid_r2_c5.png,4651,1,114,149,46.0,3
19,4_640x stock m270_4xobj_3_grid_r2_c5.png,4652,1,27,146,31.5,3
19,4_640x stock m270_4xobj_3_grid_r2_c5.png,4653,1,281,139,46.0,3
19,4_640x stock m270_4xobj_3_grid_r2_c5.png,4654,1,194,137,46.0,3
19,4_640x stock m270_4xobj_3_grid_r2_c5.png,4655,1,246,129,46.0,3
19,4_640x stock m270_4xobj_3_grid_r2_c5.png,4656,1,111,119,46.0,3
19,4_640x stock m270_4xobj_3_grid_r2_c5.png,4657,1,22,118,46.0,3
19,4_640x stock m270_4xobj_3_grid_r2_c5.png,4658,1,220,109,46.0,3
19,4_640x stock m270_4xobj_3_grid_r2_c5.png,4659,1,193,108,46.0,3
19,4_640x stock m270_4xobj_3_grid_r2_c5.png,4660,1,391,106,46.0,3
19,4_640x stock m270_4xobj_3_grid_r2_c5.png,4661,1,101,104,46.0,3
19,4_640x stock m270_4xobj_3_grid_r2_c5.png,4662,1,470,92,46.0,3
19,4_640x stock m270_4xobj_3_grid_r2_c5.png,4663,1,188,66,46.0,3
19,4_640x stock m270_4xobj_3_grid_r2_c5.png,4664,1,164,65,46.0,3
19,4_640x stock m270_4xobj_3_grid_r2_c5.png,4665,1,85,61,31.5,3
19,4_640x stock m270_4xobj_3_grid_r2_c5.png,4666,1,254,60,46.0,3
19,4_640x stock m270_4xobj_3_grid_r2_c5.png,4667,1,492,57,74.5,4
19,4_640x stock m270_4xobj_3_grid_r2_c5.png,4668,1,403,56,46.0,3
19,4_640x stock m270_4xobj_3_grid_r2_c5.png,4669,1,233,43,46.0,3
19,4_640x stock m270_4xobj_3_grid_r2_c5.png,4670,1,118,42,31.5,3
19,4_640x stock m270_4xobj_3_grid_r2_c5.png,4671,1,422,16,31.5,3
19,4_640x stock m270_4xobj_3_grid_r2_c5.png,4672,1,154,7,46.0,3
19,4_640x stock m270_4xobj_3_grid_r2_c5.png,4673,1,350,495,46.0,3
19,4_640x stock m270_4xobj_3_grid_r2_c5.png,4674,1,92,489,74.5,4
19,4_640x stock m270_4xobj_3_grid_r2_c5.png,4675,1,354,471,31.5,3
19,4_640x stock m270_4xobj_3_grid_r2_c5.png,4676,1,174,459,31.5,3
19,4_640x stock m270_4xobj_3_grid_r2_c5.png,4677,1,450,456,46.0,3
19,4_640x stock m270_4xobj_3_grid_r2_c5.png,4678,1,207,452,46.0,3
19,4_640x stock m270_4xobj_3_grid_r2_c5.png,4679,1,374,448,46.0,3
19,4_640x stock m270_4xobj_3_grid_r2_c5.png,4680,1,206,439,46.0,3
19,4_640x stock m270_4xobj_3_grid_r2_c5.png,4681,1,176,431,46.0,3
19,4_640x stock m270_4xobj_3_grid_r2_c5.png,4682,1,336,424,46.0,3
19,4_640x stock m270_4xobj_3_grid_r2_c5.png,4683,1,206,421,46.0,3
19,4_640x stock m270_4xobj_3_grid_r2_c5.png,4684,1,54,412,46.0,3
19,4_640x stock m270_4xobj_3_grid_r2_c5.png,4685,1,123,407,46.0,3
19,4_640x stock m270_4xobj_3_grid_r2_c5.png,4686,1,260,400,46.0,3
19,4_640x stock m270_4xobj_3_grid_r2_c5.png,4687,1,113,388,46.0,3
19,4_640x stock m270_4xobj_3_grid_r2_c5.png,4688,1,71,384,46.0,3
19,4_640x stock m270_4xobj_3_grid_r2_c5.png,4689,1,285,363,46.0,3
19,4_640x stock m270_4xobj_3_grid_r2_c5.png,4690,1,71,364,74.5,4
19,4_640x stock m270_4xobj_3_grid_r2_c5.png,4691,1,108,355,74.5,4
19,4_640x stock m270_4xobj_3_grid_r2_c5.png,4692,1,315,355,46.0,3
19,4_640x stock m270_4xobj_3_grid_r2_c5.png,4693,1,236,352,46.0,3
19,4_640x stock m270_4xobj_3_grid_r2_c5.png,4694,1,39,348,46.0,3
19,4_640x stock m270_4xobj_3_grid_r2_c5.png,4695,1,451,344,31.5,3
19,4_640x stock m270_4xobj_3_grid_r2_c5.png,4696,1,119,336,46.0,3
19,4_640x stock m270_4xobj_3_grid_r2_c5.png,4697,1,147,334,46.0,3
19,4_640x stock m270_4xobj_3_grid_r2_c5.png,4698,1,6,332,31.5,3
19,4_640x stock m270_4xobj_3_grid_r2_c5.png,4699,1,150,317,46.0,3
19,4_640x stock m270_4xobj_3_grid_r2_c5.png,4700,1,248,313,147.5,6
19,4_640x stock m270_4xobj_3_grid_r2_c5.png,4701,1,83,310,46.0,3
19,4_640x stock m270_4xobj_3_grid_r2_c5.png,4702,1,167,306,31.5,3
19,4_640x stock m270_4xobj_3_grid_r2_c5.png,4703,1,191,303,46.0,3
19,4_640x stock m270_4xobj_3_grid_r2_c5.png,4704,1,180,301,46.0,3
19,4_640x stock m270_4xobj_3_grid_r2_c5.png,4705,1,115,297,46.0,3
19,4_640x stock m270_4xobj_3_grid_r2_c5.png,4706,1,257,287,46.0,3
19,4_640x stock m270_4xobj_3_grid_r2_c5.png,4707,1,383,285,74.5,4
19,4_640x stock m270_4xobj_3_grid_r2_c5.png,4708,1,209,282,31.5,3
19,4_640x stock m270_4xobj_3_grid_r2_c5.png,4709,1,314,282,31.5,3
19,4_640x stock m270_4xobj_3_grid_r2_c5.png,4710,1,267,273,46.0,3
19,4_640x stock m270_4xobj_3_grid_r2_c5.png,4711,1,421,260,31.5,3
19,4_640x stock m270_4xobj_3_grid_r2_c5.png,4712,1,156,253,46.0,3
19,4_640x stock m270_4xobj_3_grid_r2_c5.png,4713,1,429,251,46.0,3
19,4_640x stock m270_4xobj_3_grid_r2_c5.png,4714,1,61,246,46.0,3
19,4_640x stock m270_4xobj_3_grid_r2_c5.png,4715,1,352,235,104.0,5
19,4_640x stock m270_4xobj_3_grid_r2_c5.png,4716,1,73,226,46.0,3
19,4_640x stock m270_4xobj_3_grid_r2_c5.png,4717,1,298,218,46.0,3
19,4_640x stock m270_4xobj_3_grid_r2_c5.png,4718,1,221,219,46.0,3
19,4_640x stock m270_4xobj_3_grid_r2_c5.png,4719,1,145,214,46.0,3
19,4_640x stock m270_4xobj_3_grid_r2_c5.png,4720,1,416,203,46.0,3
19,4_640x stock m270_4xobj_3_grid_r2_c5.png,4721,1,68,199,46.0,3
19,4_640x stock m270_4xobj_3_grid_r2_c5.png,4722,1,226,198,46.0,3
19,4_640x stock m270_4xobj_3_grid_r2_c5.png,4723,1,141,194,31.5,3
19,4_640x stock m270_4xobj_3_grid_r2_c5.png,4724,1,375,190,46.0,3
19,4_640x stock m270_4xobj_3_grid_r2_c5.png,4725,1,103,188,46.0,3
19,4_640x stock m270_4xobj_3_grid_r2_c5.png,4726,1,482,180,46.0,3
19,4_640x stock m270_4xobj_3_grid_r2_c5.png,4727,1,13,180,46.0,3
19,4_640x stock m270_4xobj_3_grid_r2_c5.png,4728,1,72,149,46.0,3
19,4_640x stock m270_4xobj_3_grid_r2_c5.png,4729,1,430,142,46.0,3
19,4_640x stock m270_4xobj_3_grid_r2_c5.png,4730,1,104,134,46.0,3
19,4_640x stock m270_4xobj_3_grid_r2_c5.png,4731,1,448,131,74.5,4
19,4_640x stock m270_4xobj_3_grid_r2_c5.png,4732,1,400,125,74.5,4
19,4_640x stock m270_4xobj_3_grid_r2_c5.png,4733,1,343,117,46.0,3
19,4_640x stock m270_4xobj_3_grid_r2_c5.png,4734,1,238,96,74.5,4
19,4_640x stock m270_4xobj_3_grid_r2_c5.png,4735,1,170,78,46.0,3
19,4_640x stock m270_4xobj_3_grid_r2_c5.png,4736,1,114,74,46.0,3
19,4_640x stock m270_4xobj_3_grid_r2_c5.png,4737,1,266,52,74.5,4
19,4_640x stock m270_4xobj_3_grid_r2_c5.png,4738,1,6,34,46.0,3
19,4_640x stock m270_4xobj_3_grid_r2_c5.png,4739,1,26,508,26.5,2
19,4_640x stock m270_4xobj_3_grid_r2_c5.png,4740,1,430,484,46.0,3
19,4_640x stock m270_4xobj_3_grid_r2_c5.png,4741,1,339,482,46.0,3
19,4_640x stock m270_4xobj_3_grid_r2_c5.png,4742,1,27,480,31.5,3
19,4_640x stock m270_4xobj_3_grid_r2_c5.png,4743,1,470,468,147.5,6
19,4_640x stock m270_4xobj_3_grid_r2_c5.png,4744,1,232,463,46.0,3
19,4_640x stock m270_4xobj_3_grid_r2_c5.png,4745,1,53,444,46.0,3
19,4_640x stock m270_4xobj_3_grid_r2_c5.png,4746,1,221,437,46.0,3
19,4_640x stock m270_4xobj_3_grid_r2_c5.png,4747,1,296,432,74.5,4
19,4_640x stock m270_4xobj_3_grid_r2_c5.png,4748,1,363,432,46.0,3
19,4_640x stock m270_4xobj_3_grid_r2_c5.png,4749,1,92,425,74.5,4
19,4_640x stock m270_4xobj_3_grid_r2_c5.png,4750,1,299,414,46.0,3
19,4_640x stock m270_4xobj_3_grid_r2_c5.png,4751,1,394,379,46.0,3
19,4_640x stock m270_4xobj_3_grid_r2_c5.png,4752,1,87,359,46.0,3
19,4_640x stock m270_4xobj_3_grid_r2_c5.png,4753,1,195,348,46.0,3
19,4_640x stock m270_4xobj_3_grid_r2_c5.png,4754,1,50,333,147.5,6
19,4_640x stock m270_4xobj_3_grid_r2_c5.png,4755,1,154,303,74.5,4
19,4_640x stock m270_4xobj_3_grid_r2_c5.png,4756,1,169,287,74.5,4
19,4_640x stock m270_4xobj_3_grid_r2_c5.png,4757,1,472,258,74.5,4
19,4_640x stock m270_4xobj_3_grid_r2_c5.png,4758,1,42,258,46.0,3
19,4_640x stock m270_4xobj_3_grid_r2_c5.png,4759,1,340,258,46.0,3
19,4_640x stock m270_4xobj_3_grid_r2_c5.png,4760,1,84,246,46.0,3
19,4_640x stock m270_4xobj_3_grid_r2_c5.png,4761,1,446,215,74.5,4
19,4_640x stock m270_4xobj_3_grid_r2_c5.png,4762,1,5,162,46.0,3
19,4_640x stock m270_4xobj_3_grid_r2_c5.png,4763,1,452,104,74.5,4
19,4_640x stock m270_4xobj_3_grid_r2_c5.png,4764,1,294,31,74.5,4
19,4_640x stock m270_4xobj_3_grid_r2_c5.png,4765,1,411,106,74.5,4
19,4_640x stock m270_4xobj_3_grid_r2_c5.png,4766,1,480,40,74.5,4
19,4_640x stock m270_4xobj_3_grid_r2_c5.png,4767,1,411,149,8.0,1
20,4_640x stock m270_4xobj_3_grid_r2_c6.png,4768,1,77,432,31.5,3
20,4_640x stock m270_4xobj_3_grid_r2_c6.png,4769,1,485,237,74.5,4
20,4_640x stock m270_4xobj_3_grid_r2_c6.png,4770,1,306,93,31.5,3
20,4_640x stock m270_4xobj_3_grid_r2_c6.png,4771,1,316,66,74.5,4
20,4_640x stock m270_4xobj_3_grid_r2_c6.png,4772,1,317,390,46.0,3
20,4_640x stock m270_4xobj_3_grid_r2_c6.png,4773,1,356,361,74.5,4
20,4_640x stock m270_4xobj_3_grid_r2_c6.png,4774,1,469,314,31.5,3
20,4_640x stock m270_4xobj_3_grid_r2_c6.png,4775,1,248,299,31.5,3
20,4_640x stock m270_4xobj_3_grid_r2_c6.png,4776,1,119,259,46.0,3
20,4_640x stock m270_4xobj_3_grid_r2_c6.png,4777,1,486,141,31.5,3
20,4_640x stock m270_4xobj_3_grid_r2_c6.png,4778,1,421,29,74.5,4
20,4_640x stock m270_4xobj_3_grid_r2_c6.png,4779,1,362,450,31.5,3
20,4_640x stock m270_4xobj_3_grid_r2_c6.png,4780,1,450,371,147.5,6
20,4_640x stock m270_4xobj_3_grid_r2_c6.png,4781,1,388,276,74.5,4
20,4_640x stock m270_4xobj_3_grid_r2_c6.png,4782,1,477,6,46.0,3
20,4_640x stock m270_4xobj_3_grid_r2_c6.png,4783,1,462,409,74.5,4
20,4_640x stock m270_4xobj_3_grid_r2_c6.png,4784,1,277,278,31.5,3
20,4_640x stock m270_4xobj_3_grid_r2_c6.png,4785,1,368,221,8.0,1
20,4_640x stock m270_4xobj_3_grid_r2_c6.png,4786,1,102,214,31.5,3
20,4_640x stock m270_4xobj_3_grid_r2_c6.png,4787,1,193,203,31.5,3
20,4_640x stock m270_4xobj_3_grid_r2_c6.png,4788,1,191,186,8.0,1
20,4_640x stock m270_4xobj_3_grid_r2_c6.png,4789,1,437,182,31.5,3
20,4_640x stock m270_4xobj_3_grid_r2_c6.png,4790,1,365,157,46.0,3
20,4_640x stock m270_4xobj_3_grid_r2_c6.png,4791,1,147,149,31.5,3
20,4_640x stock m270_4xobj_3_grid_r2_c6.png,4792,1,381,143,74.5,4
20,4_640x stock m270_4xobj_3_grid_r2_c6.png,4793,1,250,131,46.0,3
20,4_640x stock m270_4xobj_3_grid_r2_c6.png,4794,1,488,127,31.5,3
20,4_640x stock m270_4xobj_3_grid_r2_c6.png,4795,1,450,56,31.5,3
20,4_640x stock m270_4xobj_3_grid_r2_c6.png,4796,1,456,47,46.0,3
20,4_640x stock m270_4xobj_3_grid_r2_c6.png,4797,1,308,45,46.0,3
20,4_640x stock m270_4xobj_3_grid_r2_c6.png,4798,1,253,30,31.5,3
20,4_640x stock m270_4xobj_3_grid_r2_c6.png,4799,1,506,426,31.5,3
20,4_640x stock m270_4xobj_3_grid_r2_c6.png,4800,1,503,407,46.0,3
20,4_640x stock m270_4xobj_3_grid_r2_c6.png,4801,1,491,361,46.0,3
20,4_640x stock m270_4xobj_3_grid_r2_c6.png,4802,1,8,352,46.0,3
20,4_640x stock m270_4xobj_3_grid_r2_c6.png,4803,1,108,334,104.0,5
20,4_640x stock m270_4xobj_3_grid_r2_c6.png,4804,1,411,322,31.5,3
20,4_640x stock m270_4xobj_3_grid_r2_c6.png,4805,1,484,302,31.5,3
20,4_640x stock m270_4xobj_3_grid_r2_c6.png,4806,1,357,302,46.0,3
20,4_640x stock m270_4xobj_3_grid_r2_c6.png,4807,1,390,296,74.5,4
20,4_640x stock m270_4xobj_3_grid_r2_c6.png,4808,1,163,267,46.0,3
20,4_640x stock m270_4xobj_3_grid_r2_c6.png,4809,1,467,262,31.5,3
20,4_640x stock m270_4xobj_3_grid_r2_c6.png,4810,1,506,241,46.0,3
20,4_640x stock m270_4xobj_3_grid_r2_c6.png,4811,1,296,234,46.0,3
20,4_640x stock m270_4xobj_3_grid_r2_c6.png,4812,1,47,231,104.0,5
20,4_640x stock m270_4xobj_3_grid_r2_c6.png,4813,1,170,218,46.0,3
20,4_640x stock m270_4xobj_3_grid_r2_c6.png,4814,1,427,206,31.5,3
20,4_640x stock m270_4xobj_3_grid_r2_c6.png,4815,1,449,201,46.0,3
20,4_640x stock m270_4xobj_3_grid_r2_c6.png,4816,1,363,199,31.5,3
20,4_640x stock m270_4xobj_3_grid_r2_c6.png,4817,1,414,192,46.0,3
20,4_640x stock m270_4xobj_3_grid_r2_c6.png,4818,1,49,190,74.5,4
20,4_640x stock m270_4xobj_3_grid_r2_c6.png,4819,1,313,166,8.0,1
20,4_640x stock m270_4xobj_3_grid_r2_c6.png,4820,1,488,162,74.5,4
20,4_640x stock m270_4xobj_3_grid_r2_c6.png,4821,1,407,160,46.0,3
20,4_640x stock m270_4xobj_3_grid_r2_c6.png,4822,1,394,161,46.0,3
20,4_640x stock m270_4xobj_3_grid_r2_c6.png,4823,1,165,153,46.0,3
20,4_640x stock m270_4xobj_3_grid_r2_c6.png,4824,1,333,142,31.5,3
20,4_640x stock m270_4xobj_3_grid_r2_c6.png,4825,1,419,138,31.5,3
20,4_640x stock m270_4xobj_3_grid_r2_c6.png,4826,1,455,128,46.0,3
20,4_640x stock m270_4xobj_3_grid_r2_c6.png,4827,1,335,127,31.5,3
20,4_640x stock m270_4xobj_3_grid_r2_c6.png,4828,1,258,119,46.0,3
20,4_640x stock m270_4xobj_3_grid_r2_c6.png,4829,1,386,115,46.0,3
20,4_640x stock m270_4xobj_3_grid_r2_c6.png,4830,1,144,110,46.0,3
20,4_640x stock m270_4xobj_3_grid_r2_c6.png,4831,1,14,111,46.0,3
20,4_640x stock m270_4xobj_3_grid_r2_c6.png,4832,1,261,107,31.5,3
20,4_640x stock m270_4xobj_3_grid_r2_c6.png,4833,1,9,101,31.5,3
20,4_640x stock m270_4xobj_3_grid_r2_c6.png,4834,1,234,98,31.5,3
20,4_640x stock m270_4xobj_3_grid_r2_c6.png,4835,1,22,88,31.5,3
20,4_640x stock m270_4xobj_3_grid_r2_c6.png,4836,1,55,87,46.0,3
20,4_640x stock m270_4xobj_3_grid_r2_c6.png,4837,1,297,52,31.5,3
20,4_640x stock m270_4xobj_3_grid_r2_c6.png,4838,1,103,47,31.5,3
20,4_640x stock m270_4xobj_3_grid_r2_c6.png,4839,1,440,33,31.5,3
20,4_640x stock m270_4xobj_3_grid_r2_c6.png,4840,1,244,23,46.0,3
20,4_640x stock m270_4xobj_3_grid_r2_c6.png,4841,1,447,20,46.0,3
20,4_640x stock m270_4xobj_3_grid_r2_c6.png,4842,1,250,10,46.0,3
20,4_640x stock m270_4xobj_3_grid_r2_c6.png,4843,1,434,5,46.0,3
20,4_640x stock m270_4xobj_3_grid_r2_c6.png,4844,1,372,474,31.5,3
20,4_640x stock m270_4xobj_3_grid_r2_c6.png,4845,1,495,469,147.5,6
20,4_640x stock m270_4xobj_3_grid_r2_c6.png,4846,1,336,440,31.5,3
20,4_640x stock m270_4xobj_3_grid_r2_c6.png,4847,1,394,430,31.5,3
20,4_640x stock m270_4xobj_3_grid_r2_c6.png,4848,1,316,411,31.5,3
20,4_640x stock m270_4xobj_3_grid_r2_c6.png,4849,1,254,401,31.5,3
20,4_640x stock m270_4xobj_3_grid_r2_c6.png,4850,1,483,394,46.0,3
20,4_640x stock m270_4xobj_3_grid_r2_c6.png,4851,1,211,388,31.5,3
20,4_640x stock m270_4xobj_3_grid_r2_c6.png,4852,1,409,367,46.0,3
20,4_640x stock m270_4xobj_3_grid_r2_c6.png,4853,1,232,351,46.0,3
20,4_640x stock m270_4xobj_3_grid_r2_c6.png,4854,1,200,351,31.5,3
20,4_640x stock m270_4xobj_3_grid_r2_c6.png,4855,1,8,341,46.0,3
20,4_640x stock m270_4xobj_3_grid_r2_c6.png,4856,1,316,323,31.5,3
20,4_640x stock m270_4xobj_3_grid_r2_c6.png,4857,1,269,321,31.5,3
20,4_640x stock m270_4xobj_3_grid_r2_c6.png,4858,1,18,311,31.5,3
20,4_640x stock m270_4xobj_3_grid_r2_c6.png,4859,1,86,311,46.0,3
20,4_640x stock m270_4xobj_3_grid_r2_c6.png,4860,1,329,293,46.0,3
20,4_640x stock m270_4xobj_3_grid_r2_c6.png,4861,1,476,290,31.5,3
20,4_640x stock m270_4xobj_3_grid_r2_c6.png,4862,1,104,287,31.5,3
20,4_640x stock m270_4xobj_3_grid_r2_c6.png,4863,1,107,276,31.5,3
20,4_640x stock m270_4xobj_3_grid_r2_c6.png,4864,1,236,270,46.0,3
20,4_640x stock m270_4xobj_3_grid_r2_c6.png,4865,1,390,261,31.5,3
20,4_640x stock m270_4xobj_3_grid_r2_c6.png,4866,1,50,260,74.5,4
20,4_640x stock m270_4xobj_3_grid_r2_c6.png,4867,1,135,259,46.0,3
20,4_640x stock m270_4xobj_3_grid_r2_c6.png,4868,1,436,238,46.0,3
20,4_640x stock m270_4xobj_3_grid_r2_c6.png,4869,1,315,237,31.5,3
20,4_640x stock m270_4xobj_3_grid_r2_c6.png,4870,1,15,235,46.0,3
20,4_640x stock m270_4xobj_3_grid_r2_c6.png,4871,1,267,230,46.0,3
20,4_640x stock m270_4xobj_3_grid_r2_c6.png,4872,1,257,222,46.0,3
20,4_640x stock m270_4xobj_3_grid_r2_c6.png,4873,1,119,217,31.5,3
20,4_640x stock m270_4xobj_3_grid_r2_c6.png,4874,1,331,215,31.5,3
20,4_640x stock m270_4xobj_3_grid_r2_c6.png,4875,1,276,215,31.5,3
20,4_640x stock m270_4xobj_3_grid_r2_c6.png,4876,1,209,209,46.0,3
20,4_640x stock m270_4xobj_3_grid_r2_c6.png,4877,1,137,206,31.5,3
20,4_640x stock m270_4xobj_3_grid_r2_c6.png,4878,1,469,195,46.0,3
20,4_640x stock m270_4xobj_3_grid_r2_c6.png,4879,1,185,195,31.5,3
20,4_640x stock m270_4xobj_3_grid_r2_c6.png,4880,1,147,193,31.5,3
20,4_640x stock m270_4xobj_3_grid_r2_c6.png,4881,1,393,187,46.0,3
20,4_640x stock m270_4xobj_3_grid_r2_c6.png,4882,1,213,177,74.5,4
20,4_640x stock m270_4xobj_3_grid_r2_c6.png,4883,1,55,178,46.0,3
20,4_640x stock m270_4xobj_3_grid_r2_c6.png,4884,1,249,174,46.0,3
20,4_640x stock m270_4xobj_3_grid_r2_c6.png,4885,1,379,167,46.0,3
20,4_640x stock m270_4xobj_3_grid_r2_c6.png,4886,1,167,166,31.5,3
20,4_640x stock m270_4xobj_3_grid_r2_c6.png,4887,1,341,163,31.5,3
20,4_640x stock m270_4xobj_3_grid_r2_c6.png,4888,1,18,163,46.0,3
20,4_640x stock m270_4xobj_3_grid_r2_c6.png,4889,1,182,160,46.0,3
20,4_640x stock m270_4xobj_3_grid_r2_c6.png,4890,1,350,152,46.0,3
20,4_640x stock m270_4xobj_3_grid_r2_c6.png,4891,1,325,149,31.5,3
20,4_640x stock m270_4xobj_3_grid_r2_c6.png,4892,1,136,149,31.5,3
20,4_640x stock m270_4xobj_3_grid_r2_c6.png,4893,1,301,148,46.0,3
20,4_640x stock m270_4xobj_3_grid_r2_c6.png,4894,1,189,146,46.0,3
20,4_640x stock m270_4xobj_3_grid_r2_c6.png,4895,1,291,144,31.5,3
20,4_640x stock m270_4xobj_3_grid_r2_c6.png,4896,1,218,120,46.0,3
20,4_640x stock m270_4xobj_3_grid_r2_c6.png,4897,1,89,124,104.0,5
20,4_640x stock m270_4xobj_3_grid_r2_c6.png,4898,1,89,88,46.0,3
20,4_640x stock m270_4xobj_3_grid_r2_c6.png,4899,1,272,82,31.5,3
20,4_640x stock m270_4xobj_3_grid_r2_c6.png,4900,1,23,78,46.0,3
20,4_640x stock m270_4xobj_3_grid_r2_c6.png,4901,1,389,77,46.0,3
20,4_640x stock m270_4xobj_3_grid_r2_c6.png,4902,1,286,75,46.0,3
20,4_640x stock m270_4xobj_3_grid_r2_c6.png,4903,1,341,72,46.0,3
20,4_640x stock m270_4xobj_3_grid_r2_c6.png,4904,1,112,69,46.0,3
20,4_640x stock m270_4xobj_3_grid_r2_c6.png,4905,1,142,68,46.0,3
20,4_640x stock m270_4xobj_3_grid_r2_c6.png,4906,1,379,50,46.0,3
20,4_640x stock m270_4xobj_3_grid_r2_c6.png,4907,1,173,30,46.0,3
20,4_640x stock m270_4xobj_3_grid_r2_c6.png,4908,1,277,27,46.0,3
20,4_640x stock m270_4xobj_3_grid_r2_c6.png,4909,1,233,26,46.0,3
20,4_640x stock m270_4xobj_3_grid_r2_c6.png,4910,1,102,18,46.0,3
20,4_640x stock m270_4xobj_3_grid_r2_c6.png,4911,1,41,3,43.0,3
20,4_640x stock m270_4xobj_3_grid_r2_c6.png,4912,1,386,508,31.5,3
20,4_640x stock m270_4xobj_3_grid_r2_c6.png,4913,1,294,504,46.0,3
20,4_640x stock m270_4xobj_3_grid_r2_c6.png,4914,1,246,490,31.5,3
20,4_640x stock m270_4xobj_3_grid_r2_c6.png,4915,1,301,488,46.0,3
20,4_640x stock m270_4xobj_3_grid_r2_c6.png,4916,1,57,475,46.0,3
20,4_640x stock m270_4xobj_3_grid_r2_c6.png,4917,1,353,463,31.5,3
20,4_640x stock m270_4xobj_3_grid_r2_c6.png,4918,1,377,461,46.0,3
20,4_640x stock m270_4xobj_3_grid_r2_c6.png,4919,1,211,461,74.5,4
20,4_640x stock m270_4xobj_3_grid_r2_c6.png,4920,1,10,461,31.5,3
20,4_640x stock m270_4xobj_3_grid_r2_c6.png,4921,1,338,450,31.5,3
20,4_640x stock m270_4xobj_3_grid_r2_c6.png,4922,1,415,448,31.5,3
20,4_640x stock m270_4xobj_3_grid_r2_c6.png,4923,1,261,442,31.5,3
20,4_640x stock m270_4xobj_3_grid_r2_c6.png,4924,1,149,440,46.0,3
20,4_640x stock m270_4xobj_3_grid_r2_c6.png,4925,1,243,437,31.5,3
20,4_640x stock m270_4xobj_3_grid_r2_c6.png,4926,1,13,430,46.0,3
20,4_640x stock m270_4xobj_3_grid_r2_c6.png,4927,1,147,416,31.5,3
20,4_640x stock m270_4xobj_3_grid_r2_c6.png,4928,1,390,410,31.5,3
20,4_640x stock m270_4xobj_3_grid_r2_c6.png,4929,1,479,408,46.0,3
20,4_640x stock m270_4xobj_3_grid_r2_c6.png,4930,1,151,404,31.5,3
20,4_640x stock m270_4xobj_3_grid_r2_c6.png,4931,1,404,403,46.0,3
20,4_640x stock m270_4xobj_3_grid_r2_c6.png,4932,1,403,389,31.5,3
20,4_640x stock m270_4xobj_3_grid_r2_c6.png,4933,1,367,374,46.0,3
20,4_640x stock m270_4xobj_3_grid_r2_c6.png,4934,1,173,373,46.0,3
20,4_640x stock m270_4xobj_3_grid_r2_c6.png,4935,1,238,363,46.0,3
20,4_640x stock m270_4xobj_3_grid_r2_c6.png,4936,1,121,362,31.5,3
20,4_640x stock m270_4xobj_3_grid_r2_c6.png,4937,1,494,328,46.0,3
20,4_640x stock m270_4xobj_3_grid_r2_c6.png,4938,1,340,320,46.0,3
20,4_640x stock m270_4xobj_3_grid_r2_c6.png,4939,1,168,318,46.0,3
20,4_640x stock m270_4xobj_3_grid_r2_c6.png,4940,1,266,310,31.5,3
20,4_640x stock m270_4xobj_3_grid_r2_c6.png,4941,1,224,309,46.0,3
20,4_640x stock m270_4xobj_3_grid_r2_c6.png,4942,1,420,295,74.5,4
20,4_640x stock m270_4xobj_3_grid_r2_c6.png,4943,1,375,293,46.0,3
20,4_640x stock m270_4xobj_3_grid_r2_c6.png,4944,1,345,288,46.0,3
20,4_640x stock m270_4xobj_3_grid_r2_c6.png,4945,1,452,282,46.0,3
20,4_640x stock m270_4xobj_3_grid_r2_c6.png,4946,1,196,283,46.0,3
20,4_640x stock m270_4xobj_3_grid_r2_c6.png,4947,1,138,278,46.0,3
20,4_640x stock m270_4xobj_3_grid_r2_c6.png,4948,1,212,276,46.0,3
20,4_640x stock m270_4xobj_3_grid_r2_c6.png,4949,1,154,258,46.0,3
20,4_640x stock m270_4xobj_3_grid_r2_c6.png,4950,1,265,246,46.0,3
20,4_640x stock m270_4xobj_3_grid_r2_c6.png,4951,1,181,244,46.0,3
20,4_640x stock m270_4xobj_3_grid_r2_c6.png,4952,1,3,233,31.5,3
20,4_640x stock m270_4xobj_3_grid_r2_c6.png,4953,1,394,229,74.5,4
20,4_640x stock m270_4xobj_3_grid_r2_c6.png,4954,1,8,222,46.0,3
20,4_640x stock m270_4xobj_3_grid_r2_c6.png,4955,1,62,216,74.5,4
20,4_640x stock m270_4xobj_3_grid_r2_c6.png,4956,1,158,199,46.0,3
20,4_640x stock m270_4xobj_3_grid_r2_c6.png,4957,1,261,192,46.0,3
20,4_640x stock m270_4xobj_3_grid_r2_c6.png,4958,1,231,190,46.0,3
20,4_640x stock m270_4xobj_3_grid_r2_c6.png,4959,1,323,188,46.0,3
20,4_640x stock m270_4xobj_3_grid_r2_c6.png,4960,1,7,180,31.5,3
20,4_640x stock m270_4xobj_3_grid_r2_c6.png,4961,1,139,172,74.5,4
20,4_640x stock m270_4xobj_3_grid_r2_c6.png,4962,1,325,169,46.0,3
20,4_640x stock m270_4xobj_3_grid_r2_c6.png,4963,1,122,162,46.0,3
20,4_640x stock m270_4xobj_3_grid_r2_c6.png,4964,1,33,142,46.0,3
20,4_640x stock m270_4xobj_3_grid_r2_c6.png,4965,1,229,138,104.0,5
20,4_640x stock m270_4xobj_3_grid_r2_c6.png,4966,1,267,127,46.0,3
20,4_640x stock m270_4xobj_3_grid_r2_c6.png,4967,1,82,109,46.0,3
20,4_640x stock m270_4xobj_3_grid_r2_c6.png,4968,1,48,102,46.0,3
20,4_640x stock m270_4xobj_3_grid_r2_c6.png,4969,1,222,79,46.0,3
20,4_640x stock m270_4xobj_3_grid_r2_c6.png,4970,1,256,73,31.5,3
20,4_640x stock m270_4xobj_3_grid_r2_c6.png,4971,1,18,57,74.5,4
20,4_640x stock m270_4xobj_3_grid_r2_c6.png,4972,1,156,44,46.0,3
20,4_640x stock m270_4xobj_3_grid_r2_c6.png,4973,1,167,13,46.0,3
20,4_640x stock m270_4xobj_3_grid_r2_c6.png,4974,1,144,503,31.5,3
20,4_640x stock m270_4xobj_3_grid_r2_c6.png,4975,1,250,503,46.0,3
20,4_640x stock m270_4xobj_3_grid_r2_c6.png,4976,1,37,503,46.0,3
20,4_640x stock m270_4xobj_3_grid_r2_c6.png,4977,1,392,495,104.0,5
20,4_640x stock m270_4xobj_3_grid_r2_c6.png,4978,1,218,493,46.0,3
20,4_640x stock m270_4xobj_3_grid_r2_c6.png,4979,1,176,481,46.0,3
20,4_640x stock m270_4xobj_3_grid_r2_c6.png,4980,1,476,480,46.0,3
20,4_640x stock m270_4xobj_3_grid_r2_c6.png,4981,1,149,473,74.5,4
20,4_640x stock m270_4xobj_3_grid_r2_c6.png,4982,1,202,468,46.0,3
20,4_640x stock m270_4xobj_3_grid_r2_c6.png,4983,1,66,455,46.0,3
20,4_640x stock m270_4xobj_3_grid_r2_c6.png,4984,1,98,449,46.0,3
20,4_640x stock m270_4xobj_3_grid_r2_c6.png,4985,1,347,414,46.0,3
20,4_640x stock m270_4xobj_3_grid_r2_c6.png,4986,1,41,401,46.0,3
20,4_640x stock m270_4xobj_3_grid_r2_c6.png,4987,1,226,394,31.5,3
20,4_640x stock m270_4xobj_3_grid_r2_c6.png,4988,1,169,392,74.5,4
20,4_640x stock m270_4xobj_3_grid_r2_c6.png,4989,1,428,364,46.0,3
20,4_640x stock m270_4xobj_3_grid_r2_c6.png,4990,1,304,345,74.5,4
20,4_640x stock m270_4xobj_3_grid_r2_c6.png,4991,1,143,342,46.0,3
20,4_640x stock m270_4xobj_3_grid_r2_c6.png,4992,1,343,336,74.5,4
20,4_640x stock m270_4xobj_3_grid_r2_c6.png,4993,1,43,334,46.0,3
20,4_640x stock m270_4xobj_3_grid_r2_c6.png,4994,1,205,318,31.5,3
20,4_640x stock m270_4xobj_3_grid_r2_c6.png,4995,1,195,298,46.0,3
20,4_640x stock m270_4xobj_3_grid_r2_c6.png,4996,1,161,294,31.5,3
20,4_640x stock m270_4xobj_3_grid_r2_c6.png,4997,1,264,292,31.5,3
20,4_640x stock m270_4xobj_3_grid_r2_c6.png,4998,1,301,274,46.0,3
20,4_640x stock m270_4xobj_3_grid_r2_c6.png,4999,1,95,270,46.0,3
20,4_640x stock m270_4xobj_3_grid_r2_c6.png,5000,1,41,244,31.5,3
20,4_640x stock m270_4xobj_3_grid_r2_c6.png,5001,1,242,221,147.5,6
20,4_640x stock m270_4xobj_3_grid_r2_c6.png,5002,1,440,214,74.5,4
20,4_640x stock m270_4xobj_3_grid_r2_c6.png,5003,1,418,80,74.5,4
20,4_640x stock m270_4xobj_3_grid_r2_c6.png,5004,1,176,70,74.5,4
20,4_640x stock m270_4xobj_3_grid_r2_c6.png,5005,1,84,505,31.5,3
20,4_640x stock m270_4xobj_3_grid_r2_c6.png,5006,1,236,496,46.0,3
20,4_640x stock m270_4xobj_3_grid_r2_c6.png,5007,1,117,491,46.0,3
20,4_640x stock m270_4xobj_3_grid_r2_c6.png,5008,1,56,307,46.0,3
20,4_640x stock m270_4xobj_3_grid_r2_c6.png,5009,1,296,304,46.0,3
20,4_640x stock m270_4xobj_3_grid_r2_c6.png,5010,1,130,224,104.0,5
20,4_640x stock m270_4xobj_3_grid_r2_c6.png,5011,1,156,173,74.5,4
20,4_640x stock m270_4xobj_3_grid_r2_c6.png,5012,1,199,131,74.5,4
20,4_640x stock m270_4xobj_3_grid_r2_c6.png,5013,1,36,83,74.5,4
20,4_640x stock m270_4xobj_3_grid_r2_c6.png,5014,1,5,40,74.5,4
21,5_1280x stock m270_4xobj_3_grid_r1_c7.png,5015,1,32,491,31.5,3
21,5_1280x stock m270_4xobj_3_grid_r1_c7.png,5016,1,219,197,46.0,3
21,5_1280x stock m270_4xobj_3_grid_r1_c7.png,5017,1,48,173,46.0,3
21,5_1280x stock m270_4xobj_3_grid_r1_c7.png,5018,1,48,80,31.5,3
21,5_1280x stock m270_4xobj_3_grid_r1_c7.png,5019,1,156,299,46.0,3
21,5_1280x stock m270_4xobj_3_grid_r1_c7.png,5020,1,473,138,46.0,3
21,5_1280x stock m270_4xobj_3_grid_r1_c7.png,5021,1,248,188,46.0,3
21,5_1280x stock m270_4xobj_3_grid_r1_c7.png,5022,1,454,150,31.5,3
21,5_1280x stock m270_4xobj_3_grid_r1_c7.png,5023,1,281,56,147.5,6
21,5_1280x stock m270_4xobj_3_grid_r1_c7.png,5024,1,474,472,8.0,1
21,5_1280x stock m270_4xobj_3_grid_r1_c7.png,5025,1,484,384,46.0,3
21,5_1280x stock m270_4xobj_3_grid_r1_c7.png,5026,1,447,252,31.5,3
21,5_1280x stock m270_4xobj_3_grid_r1_c7.png,5027,1,394,224,31.5,3
21,5_1280x stock m270_4xobj_3_grid_r1_c7.png,5028,1,414,190,46.0,3
21,5_1280x stock m270_4xobj_3_grid_r1_c7.png,5029,1,317,144,31.5,3
21,5_1280x stock m270_4xobj_3_grid_r1_c7.png,5030,1,400,105,46.0,3
21,5_1280x stock m270_4xobj_3_grid_r1_c7.png,5031,1,319,75,46.0,3
21,5_1280x stock m270_4xobj_3_grid_r1_c7.png,5032,1,42,73,31.5,3
21,5_1280x stock m270_4xobj_3_grid_r1_c7.png,5033,1,421,42,46.0,3
21,5_1280x stock m270_4xobj_3_grid_r1_c7.png,5034,1,447,472,46.0,3
21,5_1280x stock m270_4xobj_3_grid_r1_c7.png,5035,1,496,454,46.0,3
21,5_1280x stock m270_4xobj_3_grid_r1_c7.png,5036,1,331,413,31.5,3
21,5_1280x stock m270_4xobj_3_grid_r1_c7.png,5037,1,397,343,31.5,3
21,5_1280x stock m270_4xobj_3_grid_r1_c7.png,5038,1,235,309,31.5,3
21,5_1280x stock m270_4xobj_3_grid_r1_c7.png,5039,1,203,238,31.5,3
21,5_1280x stock m270_4xobj_3_grid_r1_c7.png,5040,1,455,232,31.5,3
21,5_1280x stock m270_4xobj_3_grid_r1_c7.png,5041,1,366,232,46.0,3
21,5_1280x stock m270_4xobj_3_grid_r1_c7.png,5042,1,379,215,46.0,3
21,5_1280x stock m270_4xobj_3_grid_r1_c7.png,5043,1,99,204,31.5,3
21,5_1280x stock m270_4xobj_3_grid_r1_c7.png,5044,1,108,195,31.5,3
21,5_1280x stock m270_4xobj_3_grid_r1_c7.png,5045,1,35,182,8.0,1
21,5_1280x stock m270_4xobj_3_grid_r1_c7.png,5046,1,271,163,46.0,3
21,5_1280x stock m270_4xobj_3_grid_r1_c7.png,5047,1,137,124,31.5,3
21,5_1280x stock m270_4xobj_3_grid_r1_c7.png,5048,1,209,67,46.0,3
21,5_1280x stock m270_4xobj_3_grid_r1_c7.png,5049,1,170,34,74.5,4
21,5_1280x stock m270_4xobj_3_grid_r1_c7.png,5050,1,75,16,46.0,3
21,5_1280x stock m270_4xobj_3_grid_r1_c7.png,5051,1,19,6,31.5,3
21,5_1280x stock m270_4xobj_3_grid_r1_c7.png,5052,1,337,3,43.0,3
21,5_1280x stock m270_4xobj_3_grid_r1_c7.png,5053,1,68,484,31.5,3
21,5_1280x stock m270_4xobj_3_grid_r1_c7.png,5054,1,425,471,46.0,3
21,5_1280x stock m270_4xobj_3_grid_r1_c7.png,5055,1,396,466,31.5,3
21,5_1280x stock m270_4xobj_3_grid_r1_c7.png,5056,1,81,464,46.0,3
21,5_1280x stock m270_4xobj_3_grid_r1_c7.png,5057,1,70,458,31.5,3
21,5_1280x stock m270_4xobj_3_grid_r1_c7.png,5058,1,180,447,74.5,4
21,5_1280x stock m270_4xobj_3_grid_r1_c7.png,5059,1,402,398,104.0,5
21,5_1280x stock m270_4xobj_3_grid_r1_c7.png,5060,1,342,365,31.5,3
21,5_1280x stock m270_4xobj_3_grid_r1_c7.png,5061,1,62,352,74.5,4
21,5_1280x stock m270_4xobj_3_grid_r1_c7.png,5062,1,278,331,31.5,3
21,5_1280x stock m270_4xobj_3_grid_r1_c7.png,5063,1,160,320,31.5,3
21,5_1280x stock m270_4xobj_3_grid_r1_c7.png,5064,1,181,303,46.0,3
21,5_1280x stock m270_4xobj_3_grid_r1_c7.png,5065,1,341,283,46.0,3
21,5_1280x stock m270_4xobj_3_grid_r1_c7.png,5066,1,204,278,46.0,3
21,5_1280x stock m270_4xobj_3_grid_r1_c7.png,5067,1,486,234,74.5,4
21,5_1280x stock m270_4xobj_3_grid_r1_c7.png,5068,1,154,216,46.0,3
21,5_1280x stock m270_4xobj_3_grid_r1_c7.png,5069,1,171,172,46.0,3
21,5_1280x stock m270_4xobj_3_grid_r1_c7.png,5070,1,51,155,74.5,4
21,5_1280x stock m270_4xobj_3_grid_r1_c7.png,5071,1,72,60,46.0,3
21,5_1280x stock m270_4xobj_3_grid_r1_c7.png,5072,1,270,43,31.5,3
21,5_1280x stock m270_4xobj_3_grid_r1_c7.png,5073,1,75,40,46.0,3
21,5_1280x stock m270_4xobj_3_grid_r1_c7.png,5074,1,355,499,31.5,3
21,5_1280x stock m270_4xobj_3_grid_r1_c7.png,5075,1,200,449,31.5,3
21,5_1280x stock m270_4xobj_3_grid_r1_c7.png,5076,1,331,444,104.0,5
21,5_1280x stock m270_4xobj_3_grid_r1_c7.png,5077,1,84,433,46.0,3
21,5_1280x stock m270_4xobj_3_grid_r1_c7.png,5078,1,324,422,31.5,3
21,5_1280x stock m270_4xobj_3_grid_r1_c7.png,5079,1,55,397,46.0,3
21,5_1280x stock m270_4xobj_3_grid_r1_c7.png,5080,1,273,386,46.0,3
21,5_1280x stock m270_4xobj_3_grid_r1_c7.png,5081,1,185,374,46.0,3
21,5_1280x stock m270_4xobj_3_grid_r1_c7.png,5082,1,122,342,31.5,3
21,5_1280x stock m270_4xobj_3_grid_r1_c7.png,5083,1,93,291,74.5,4
21,5_1280x stock m270_4xobj_3_grid_r1_c7.png,5084,1,174,210,46.0,3
21,5_1280x stock m270_4xobj_3_grid_r1_c7.png,5085,1,181,194,46.0,3
21,5_1280x stock m270_4xobj_3_grid_r1_c7.png,5086,1,93,122,46.0,3
21,5_1280x stock m270_4xobj_3_grid_r1_c7.png,5087,1,88,65,74.5,4
21,5_1280x stock m270_4xobj_3_grid_r1_c7.png,5088,1,12,25,46.0,3
21,5_1280x stock m270_4xobj_3_grid_r1_c7.png,5089,1,124,507,46.0,3
21,5_1280x stock m270_4xobj_3_grid_r1_c7.png,5090,1,31,507,43.0,3
21,5_1280x stock m270_4xobj_3_grid_r1_c7.png,5091,1,140,485,46.0,3
21,5_1280x stock m270_4xobj_3_grid_r1_c7.png,5092,1,87,443,46.0,3
21,5_1280x stock m270_4xobj_3_grid_r1_c7.png,5093,1,166,435,46.0,3
21,5_1280x stock m270_4xobj_3_grid_r1_c7.png,5094,1,349,417,74.5,4
21,5_1280x stock m270_4xobj_3_grid_r1_c7.png,5095,1,173,355,46.0,3
21,5_1280x stock m270_4xobj_3_grid_r1_c7.png,5096,1,63,289,46.0,3
21,5_1280x stock m270_4xobj_3_grid_r1_c7.png,5097,1,346,251,74.5,4
21,5_1280x stock m270_4xobj_3_grid_r1_c7.png,5098,1,221,219,46.0,3
21,5_1280x stock m270_4xobj_3_grid_r1_c7.png,5099,1,484,97,8.0,1
21,5_1280x stock m270_4xobj_3_grid_r1_c7.png,5100,1,32,14,46.0,3
21,5_1280x stock m270_4xobj_3_grid_r1_c7.png,5101,1,135,378,46.0,3
21,5_1280x stock m270_4xobj_3_grid_r1_c7.png,5102,1,130,272,74.5,4
21,5_1280x stock m270_4xobj_3_grid_r1_c7.png,5103,1,31,263,46.0,3
21,5_1280x stock m270_4xobj_3_grid_r1_c7.png,5104,1,10,176,74.5,4
21,5_1280x stock m270_4xobj_3_grid_r1_c7.png,5105,1,412,55,8.0,1
21,5_1280x stock m270_4xobj_3_grid_r1_c7.png,5106,1,152,367,104.0,5
21,5_1280x stock m270_4xobj_3_grid_r1_c7.png,5107,1,393,56,31.5,3
21,5_1280x stock m270_4xobj_3_grid_r1_c7.png,5108,1,375,38,31.5,3
21,5_1280x stock m270_4xobj_3_grid_r1_c7.png,5109,1,461,386,31.5,3
21,5_1280x stock m270_4xobj_3_grid_r1_c7.png,5110,1,457,361,8.0,1
21,5_1280x stock m270_4xobj_3_grid_r1_c7.png,5111,1,441,301,8.0,1
21,5_1280x stock m270_4xobj_3_grid_r1_c7.png,5112,1,419,246,31.5,3
21,5_1280x stock m270_4xobj_3_grid_r1_c7.png,5113,1,364,144,8.0,1
21,5_1280x stock m270_4xobj_3_grid_r1_c7.png,5114,1,378,130,31.5,3
21,5_1280x stock m270_4xobj_3_grid_r1_c7.png,5115,1,373,117,31.5,3
21,5_1280x stock m270_4xobj_3_grid_r1_c7.png,5116,1,417,385,8.0,1
21,5_1280x stock m270_4xobj_3_grid_r1_c7.png,5117,1,343,144,31.5,3
21,5_1280x stock m270_4xobj_3_grid_r1_c7.png,5118,1,413,454,46.0,3
21,5_1280x stock m270_4xobj_3_grid_r1_c7.png,5119,1,388,405,31.5,3
21,5_1280x stock m270_4xobj_3_grid_r1_c7.png,5120,1,206,249,31.5,3
21,5_1280x stock m270_4xobj_3_grid_r1_c7.png,5121,1,49,379,31.5,3
21,5_1280x stock m270_4xobj_3_grid_r1_c7.png,5122,1,264,314,31.5,3
21,5_1280x stock m270_4xobj_3_grid_r1_c7.png,5123,1,32,205,31.5,3
21,5_1280x stock m270_4xobj_3_grid_r1_c7.png,5124,1,12,210,31.5,3
21,5_1280x stock m270_4xobj_3_grid_r1_c7.png,5125,1,16,197,46.0,3
21,5_1280x stock m270_4xobj_3_grid_r1_c7.png,5126,1,97,94,8.0,1
21,5_1280x stock m270_4xobj_3_grid_r1_c7.png,5127,1,264,495,31.5,3
21,5_1280x stock m270_4xobj_3_grid_r1_c7.png,5128,1,105,422,31.5,3
21,5_1280x stock m270_4xobj_3_grid_r1_c7.png,5129,1,177,416,8.0,1
21,5_1280x stock m270_4xobj_3_grid_r1_c7.png,5130,1,103,322,8.0,1
22,5_1280x stock m270_4xobj_3_grid_r2_c0.png,5131,1,448,415,74.5,4
22,5_1280x stock m270_4xobj_3_grid_r2_c0.png,5132,1,243,365,46.0,3
22,5_1280x stock m270_4xobj_3_grid_r2_c0.png,5133,1,159,212,74.5,4
22,5_1280x stock m270_4xobj_3_grid_r2_c0.png,5134,1,441,130,74.5,4
22,5_1280x stock m270_4xobj_3_grid_r2_c0.png,5135,1,29,471,74.5,4
22,5_1280x stock m270_4xobj_3_grid_r2_c0.png,5136,1,236,17,46.0,3
22,5_1280x stock m270_4xobj_3_grid_r2_c0.png,5137,1,506,428,46.0,3
22,5_1280x stock m270_4xobj_3_grid_r2_c0.png,5138,1,381,255,46.0,3
22,5_1280x stock m270_4xobj_3_grid_r2_c0.png,5139,1,400,232,31.5,3
22,5_1280x stock m270_4xobj_3_grid_r2_c0.png,5140,1,443,204,46.0,3
22,5_1280x stock m270_4xobj_3_grid_r2_c0.png,5141,1,138,171,46.0,3
22,5_1280x stock m270_4xobj_3_grid_r2_c0.png,5142,1,338,97,31.5,3
22,5_1280x stock m270_4xobj_3_grid_r2_c0.png,5143,1,222,95,46.0,3
22,5_1280x stock m270_4xobj_3_grid_r2_c0.png,5144,1,388,65,46.0,3
22,5_1280x stock m270_4xobj_3_grid_r2_c0.png,5145,1,406,55,31.5,3
22,5_1280x stock m270_4xobj_3_grid_r2_c0.png,5146,1,238,37,31.5,3
22,5_1280x stock m270_4xobj_3_grid_r2_c0.png,5147,1,456,34,46.0,3
22,5_1280x stock m270_4xobj_3_grid_r2_c0.png,5148,1,422,17,46.0,3
22,5_1280x stock m270_4xobj_3_grid_r2_c0.png,5149,1,388,8,46.0,3
22,5_1280x stock m270_4xobj_3_grid_r2_c0.png,5150,1,462,477,46.0,3
22,5_1280x stock m270_4xobj_3_grid_r2_c0.png,5151,1,495,381,31.5,3
22,5_1280x stock m270_4xobj_3_grid_r2_c0.png,5152,1,327,365,46.0,3
22,5_1280x stock m270_4xobj_3_grid_r2_c0.png,5153,1,492,363,46.0,3
22,5_1280x stock m270_4xobj_3_grid_r2_c0.png,5154,1,335,346,46.0,3
22,5_1280x stock m270_4xobj_3_grid_r2_c0.png,5155,1,463,328,46.0,3
22,5_1280x stock m270_4xobj_3_grid_r2_c0.png,5156,1,495,327,46.0,3
22,5_1280x stock m270_4xobj_3_grid_r2_c0.png,5157,1,150,317,46.0,3
22,5_1280x stock m270_4xobj_3_grid_r2_c0.png,5158,1,468,302,46.0,3
22,5_1280x stock m270_4xobj_3_grid_r2_c0.png,5159,1,376,282,46.0,3
22,5_1280x stock m270_4xobj_3_grid_r2_c0.png,5160,1,394,245,46.0,3
22,5_1280x stock m270_4xobj_3_grid_r2_c0.png,5161,1,443,229,46.0,3
22,5_1280x stock m270_4xobj_3_grid_r2_c0.png,5162,1,385,208,46.0,3
22,5_1280x stock m270_4xobj_3_grid_r2_c0.png,5163,1,504,205,46.0,3
22,5_1280x stock m270_4xobj_3_grid_r2_c0.png,5164,1,398,206,46.0,3
22,5_1280x stock m270_4xobj_3_grid_r2_c0.png,5165,1,347,196,74.5,4
22,5_1280x stock m270_4xobj_3_grid_r2_c0.png,5166,1,494,194,46.0,3
22,5_1280x stock m270_4xobj_3_grid_r2_c0.png,5167,1,498,166,74.5,4
22,5_1280x stock m270_4xobj_3_grid_r2_c0.png,5168,1,416,164,31.5,3
22,5_1280x stock m270_4xobj_3_grid_r2_c0.png,5169,1,151,149,31.5,3
22,5_1280x stock m270_4xobj_3_grid_r2_c0.png,5170,1,151,137,46.0,3
22,5_1280x stock m270_4xobj_3_grid_r2_c0.png,5171,1,294,132,46.0,3
22,5_1280x stock m270_4xobj_3_grid_r2_c0.png,5172,1,303,127,31.5,3
22,5_1280x stock m270_4xobj_3_grid_r2_c0.png,5173,1,465,122,31.5,3
22,5_1280x stock m270_4xobj_3_grid_r2_c0.png,5174,1,383,121,46.0,3
22,5_1280x stock m270_4xobj_3_grid_r2_c0.png,5175,1,167,96,46.0,3
22,5_1280x stock m270_4xobj_3_grid_r2_c0.png,5176,1,201,88,46.0,3
22,5_1280x stock m270_4xobj_3_grid_r2_c0.png,5177,1,269,86,31.5,3
22,5_1280x stock m270_4xobj_3_grid_r2_c0.png,5178,1,217,37,46.0,3
22,5_1280x stock m270_4xobj_3_grid_r2_c0.png,5179,1,198,35,46.0,3
22,5_1280x stock m270_4xobj_3_grid_r2_c0.png,5180,1,209,26,46.0,3
22,5_1280x stock m270_4xobj_3_grid_r2_c0.png,5181,1,407,21,46.0,3
22,5_1280x stock m270_4xobj_3_grid_r2_c0.png,5182,1,483,19,46.0,3
22,5_1280x stock m270_4xobj_3_grid_r2_c0.png,5183,1,143,17,46.0,3
22,5_1280x stock m270_4xobj_3_grid_r2_c0.png,5184,1,343,497,46.0,3
22,5_1280x stock m270_4xobj_3_grid_r2_c0.png,5185,1,408,495,46.0,3
22,5_1280x stock m270_4xobj_3_grid_r2_c0.png,5186,1,508,494,27.5,2
22,5_1280x stock m270_4xobj_3_grid_r2_c0.png,5187,1,154,473,31.5,3
22,5_1280x stock m270_4xobj_3_grid_r2_c0.png,5188,1,479,442,46.0,3
22,5_1280x stock m270_4xobj_3_grid_r2_c0.png,5189,1,423,431,46.0,3
22,5_1280x stock m270_4xobj_3_grid_r2_c0.png,5190,1,490,391,31.5,3
22,5_1280x stock m270_4xobj_3_grid_r2_c0.png,5191,1,263,379,31.5,3
22,5_1280x stock m270_4xobj_3_grid_r2_c0.png,5192,1,445,355,46.0,3
22,5_1280x stock m270_4xobj_3_grid_r2_c0.png,5193,1,217,352,31.5,3
22,5_1280x stock m270_4xobj_3_grid_r2_c0.png,5194,1,353,337,31.5,3
22,5_1280x stock m270_4xobj_3_grid_r2_c0.png,5195,1,382,336,46.0,3
22,5_1280x stock m270_4xobj_3_grid_r2_c0.png,5196,1,119,319,31.5,3
22,5_1280x stock m270_4xobj_3_grid_r2_c0.png,5197,1,189,311,46.0,3
22,5_1280x stock m270_4xobj_3_grid_r2_c0.png,5198,1,373,305,74.5,4
22,5_1280x stock m270_4xobj_3_grid_r2_c0.png,5199,1,444,298,46.0,3
22,5_1280x stock m270_4xobj_3_grid_r2_c0.png,5200,1,170,296,31.5,3
22,5_1280x stock m270_4xobj_3_grid_r2_c0.png,5201,1,202,295,46.0,3
22,5_1280x stock m270_4xobj_3_grid_r2_c0.png,5202,1,467,280,46.0,3
22,5_1280x stock m270_4xobj_3_grid_r2_c0.png,5203,1,356,265,46.0,3
22,5_1280x stock m270_4xobj_3_grid_r2_c0.png,5204,1,104,256,61.0,4
22,5_1280x stock m270_4xobj_3_grid_r2_c0.png,5205,1,119,253,46.0,3
22,5_1280x stock m270_4xobj_3_grid_r2_c0.png,5206,1,364,229,46.0,3
22,5_1280x stock m270_4xobj_3_grid_r2_c0.png,5207,1,304,216,46.0,3
22,5_1280x stock m270_4xobj_3_grid_r2_c0.png,5208,1,96,208,46.0,3
22,5_1280x stock m270_4xobj_3_grid_r2_c0.png,5209,1,207,193,46.0,3
22,5_1280x stock m270_4xobj_3_grid_r2_c0.png,5210,1,316,184,46.0,3
22,5_1280x stock m270_4xobj_3_grid_r2_c0.png,5211,1,144,180,31.5,3
22,5_1280x stock m270_4xobj_3_grid_r2_c0.png,5212,1,245,170,46.0,3
22,5_1280x stock m270_4xobj_3_grid_r2_c0.png,5213,1,69,167,46.0,3
22,5_1280x stock m270_4xobj_3_grid_r2_c0.png,5214,1,59,157,31.5,3
22,5_1280x stock m270_4xobj_3_grid_r2_c0.png,5215,1,25,123,147.5,6
22,5_1280x stock m270_4xobj_3_grid_r2_c0.png,5216,1,488,110,46.0,3
22,5_1280x stock m270_4xobj_3_grid_r2_c0.png,5217,1,133,102,46.0,3
22,5_1280x stock m270_4xobj_3_grid_r2_c0.png,5218,1,93,102,46.0,3
22,5_1280x stock m270_4xobj_3_grid_r2_c0.png,5219,1,138,86,46.0,3
22,5_1280x stock m270_4xobj_3_grid_r2_c0.png,5220,1,70,82,31.5,3
22,5_1280x stock m270_4xobj_3_grid_r2_c0.png,5221,1,46,74,46.0,3
22,5_1280x stock m270_4xobj_3_grid_r2_c0.png,5222,1,257,70,31.5,3
22,5_1280x stock m270_4xobj_3_grid_r2_c0.png,5223,1,80,65,46.0,3
22,5_1280x stock m270_4xobj_3_grid_r2_c0.png,5224,1,123,60,46.0,3
22,5_1280x stock m270_4xobj_3_grid_r2_c0.png,5225,1,83,51,46.0,3
22,5_1280x stock m270_4xobj_3_grid_r2_c0.png,5226,1,3,40,31.5,3
22,5_1280x stock m270_4xobj_3_grid_r2_c0.png,5227,1,302,484,46.0,3
22,5_1280x stock m270_4xobj_3_grid_r2_c0.png,5228,1,388,480,46.0,3
22,5_1280x stock m270_4xobj_3_grid_r2_c0.png,5229,1,369,480,46.0,3
22,5_1280x stock m270_4xobj_3_grid_r2_c0.png,5230,1,175,479,46.0,3
22,5_1280x stock m270_4xobj_3_grid_r2_c0.png,5231,1,446,447,46.0,3
22,5_1280x stock m270_4xobj_3_grid_r2_c0.png,5232,1,273,436,46.0,3
22,5_1280x stock m270_4xobj_3_grid_r2_c0.png,5233,1,69,425,46.0,3
22,5_1280x stock m270_4xobj_3_grid_r2_c0.png,5234,1,342,413,46.0,3
22,5_1280x stock m270_4xobj_3_grid_r2_c0.png,5235,1,205,412,46.0,3
22,5_1280x stock m270_4xobj_3_grid_r2_c0.png,5236,1,38,399,46.0,3
22,5_1280x stock m270_4xobj_3_grid_r2_c0.png,5237,1,332,389,46.0,3
22,5_1280x stock m270_4xobj_3_grid_r2_c0.png,5238,1,151,387,46.0,3
22,5_1280x stock m270_4xobj_3_grid_r2_c0.png,5239,1,192,371,46.0,3
22,5_1280x stock m270_4xobj_3_grid_r2_c0.png,5240,1,462,366,46.0,3
22,5_1280x stock m270_4xobj_3_grid_r2_c0.png,5241,1,177,365,46.0,3
22,5_1280x stock m270_4xobj_3_grid_r2_c0.png,5242,1,225,360,46.0,3
22,5_1280x stock m270_4xobj_3_grid_r2_c0.png,5243,1,306,355,46.0,3
22,5_1280x stock m270_4xobj_3_grid_r2_c0.png,5244,1,166,351,46.0,3
22,5_1280x stock m270_4xobj_3_grid_r2_c0.png,5245,1,70,329,46.0,3
22,5_1280x stock m270_4xobj_3_grid_r2_c0.png,5246,1,130,326,31.5,3
22,5_1280x stock m270_4xobj_3_grid_r2_c0.png,5247,1,401,324,46.0,3
22,5_1280x stock m270_4xobj_3_grid_r2_c0.png,5248,1,180,293,31.5,3
22,5_1280x stock m270_4xobj_3_grid_r2_c0.png,5249,1,82,272,46.0,3
22,5_1280x stock m270_4xobj_3_grid_r2_c0.png,5250,1,3,264,31.5,3
22,5_1280x stock m270_4xobj_3_grid_r2_c0.png,5251,1,171,222,46.0,3
22,5_1280x stock m270_4xobj_3_grid_r2_c0.png,5252,1,43,210,46.0,3
22,5_1280x stock m270_4xobj_3_grid_r2_c0.png,5253,1,110,193,46.0,3
22,5_1280x stock m270_4xobj_3_grid_r2_c0.png,5254,1,99,184,46.0,3
22,5_1280x stock m270_4xobj_3_grid_r2_c0.png,5255,1,74,113,74.5,4
22,5_1280x stock m270_4xobj_3_grid_r2_c0.png,5256,1,52,23,74.5,4
22,5_1280x stock m270_4xobj_3_grid_r2_c0.png,5257,1,394,496,104.0,5
22,5_1280x stock m270_4xobj_3_grid_r2_c0.png,5258,1,112,465,31.5,3
22,5_1280x stock m270_4xobj_3_grid_r2_c0.png,5259,1,225,452,31.5,3
22,5_1280x stock m270_4xobj_3_grid_r2_c0.png,5260,1,173,451,46.0,3
22,5_1280x stock m270_4xobj_3_grid_r2_c0.png,5261,1,34,437,46.0,3
22,5_1280x stock m270_4xobj_3_grid_r2_c0.png,5262,1,164,431,46.0,3
22,5_1280x stock m270_4xobj_3_grid_r2_c0.png,5263,1,189,423,46.0,3
22,5_1280x stock m270_4xobj_3_grid_r2_c0.png,5264,1,465,352,46.0,3
22,5_1280x stock m270_4xobj_3_grid_r2_c0.png,5265,1,62,349,31.5,3
22,5_1280x stock m270_4xobj_3_grid_r2_c0.png,5266,1,205,322,31.5,3
22,5_1280x stock m270_4xobj_3_grid_r2_c0.png,5267,1,67,296,46.0,3
22,5_1280x stock m270_4xobj_3_grid_r2_c0.png,5268,1,156,181,147.5,6
22,5_1280x stock m270_4xobj_3_grid_r2_c0.png,5269,1,453,87,104.0,5
22,5_1280x stock m270_4xobj_3_grid_r2_c0.png,5270,1,157,483,31.5,3
22,5_1280x stock m270_4xobj_3_grid_r2_c0.png,5271,1,109,324,46.0,3
22,5_1280x stock m270_4xobj_3_grid_r2_c0.png,5272,1,66,448,46.0,3
23,5_1280x stock m270_4xobj_3_grid_r2_c1.png,5273,1,147,29,74.5,4
23,5_1280x stock m270_4xobj_3_grid_r2_c1.png,5274,1,476,412,46.0,3
23,5_1280x stock m270_4xobj_3_grid_r2_c1.png,5275,1,341,335,46.0,3
23,5_1280x stock m270_4xobj_3_grid_r2_c1.png,5276,1,230,299,74.5,4
23,5_1280x stock m270_4xobj_3_grid_r2_c1.png,5277,1,447,208,74.5,4
23,5_1280x stock m270_4xobj_3_grid_r2_c1.png,5278,1,498,463,74.5,4
23,5_1280x stock m270_4xobj_3_grid_r2_c1.png,5279,1,397,383,104.0,5
23,5_1280x stock m270_4xobj_3_grid_r2_c1.png,5280,1,336,326,31.5,3
23,5_1280x stock m270_4xobj_3_grid_r2_c1.png,5281,1,407,137,46.0,3
23,5_1280x stock m270_4xobj_3_grid_r2_c1.png,5282,1,398,54,31.5,3
23,5_1280x stock m270_4xobj_3_grid_r2_c1.png,5283,1,507,20,31.5,3
23,5_1280x stock m270_4xobj_3_grid_r2_c1.png,5284,1,138,496,104.0,5
23,5_1280x stock m270_4xobj_3_grid_r2_c1.png,5285,1,440,394,8.0,1
23,5_1280x stock m270_4xobj_3_grid_r2_c1.png,5286,1,421,283,46.0,3
23,5_1280x stock m270_4xobj_3_grid_r2_c1.png,5287,1,117,162,31.5,3
23,5_1280x stock m270_4xobj_3_grid_r2_c1.png,5288,1,487,127,46.0,3
23,5_1280x stock m270_4xobj_3_grid_r2_c1.png,5289,1,166,116,46.0,3
23,5_1280x stock m270_4xobj_3_grid_r2_c1.png,5290,1,454,108,46.0,3
23,5_1280x stock m270_4xobj_3_grid_r2_c1.png,5291,1,288,92,46.0,3
23,5_1280x stock m270_4xobj_3_grid_r2_c1.png,5292,1,497,68,46.0,3
23,5_1280x stock m270_4xobj_3_grid_r2_c1.png,5293,1,429,65,46.0,3
23,5_1280x stock m270_4xobj_3_grid_r2_c1.png,5294,1,333,45,46.0,3
23,5_1280x stock m270_4xobj_3_grid_r2_c1.png,5295,1,350,40,46.0,3
23,5_1280x stock m270_4xobj_3_grid_r2_c1.png,5296,1,444,27,46.0,3
23,5_1280x stock m270_4xobj_3_grid_r2_c1.png,5297,1,90,25,31.5,3
23,5_1280x stock m270_4xobj_3_grid_r2_c1.png,5298,1,189,3,31.5,3
23,5_1280x stock m270_4xobj_3_grid_r2_c1.png,5299,1,31,428,74.5,4
23,5_1280x stock m270_4xobj_3_grid_r2_c1.png,5300,1,303,380,46.0,3
23,5_1280x stock m270_4xobj_3_grid_r2_c1.png,5301,1,414,348,46.0,3
23,5_1280x stock m270_4xobj_3_grid_r2_c1.png,5302,1,186,304,31.5,3
23,5_1280x stock m270_4xobj_3_grid_r2_c1.png,5303,1,204,278,31.5,3
23,5_1280x stock m270_4xobj_3_grid_r2_c1.png,5304,1,139,251,46.0,3
23,5_1280x stock m270_4xobj_3_grid_r2_c1.png,5305,1,473,250,46.0,3
23,5_1280x stock m270_4xobj_3_grid_r2_c1.png,5306,1,433,237,46.0,3
23,5_1280x stock m270_4xobj_3_grid_r2_c1.png,5307,1,168,237,46.0,3
23,5_1280x stock m270_4xobj_3_grid_r2_c1.png,5308,1,143,229,46.0,3
23,5_1280x stock m270_4xobj_3_grid_r2_c1.png,5309,1,211,225,46.0,3
23,5_1280x stock m270_4xobj_3_grid_r2_c1.png,5310,1,177,205,46.0,3
23,5_1280x stock m270_4xobj_3_grid_r2_c1.png,5311,1,474,182,46.0,3
23,5_1280x stock m270_4xobj_3_grid_r2_c1.png,5312,1,183,156,46.0,3
23,5_1280x stock m270_4xobj_3_grid_r2_c1.png,5313,1,258,150,46.0,3
23,5_1280x stock m270_4xobj_3_grid_r2_c1.png,5314,1,383,147,31.5,3
23,5_1280x stock m270_4xobj_3_grid_r2_c1.png,5315,1,180,142,46.0,3
23,5_1280x stock m270_4xobj_3_grid_r2_c1.png,5316,1,96,141,46.0,3
23,5_1280x stock m270_4xobj_3_grid_r2_c1.png,5317,1,140,104,46.0,3
23,5_1280x stock m270_4xobj_3_grid_r2_c1.png,5318,1,241,103,46.0,3
23,5_1280x stock m270_4xobj_3_grid_r2_c1.png,5319,1,239,90,46.0,3
23,5_1280x stock m270_4xobj_3_grid_r2_c1.png,5320,1,329,78,31.5,3
23,5_1280x stock m270_4xobj_3_grid_r2_c1.png,5321,1,269,56,46.0,3
23,5_1280x stock m270_4xobj_3_grid_r2_c1.png,5322,1,107,44,46.0,3
23,5_1280x stock m270_4xobj_3_grid_r2_c1.png,5323,1,175,40,31.5,3
23,5_1280x stock m270_4xobj_3_grid_r2_c1.png,5324,1,174,30,31.5,3
23,5_1280x stock m270_4xobj_3_grid_r2_c1.png,5325,1,478,10,46.0,3
23,5_1280x stock m270_4xobj_3_grid_r2_c1.png,5326,1,478,498,31.5,3
23,5_1280x stock m270_4xobj_3_grid_r2_c1.png,5327,1,467,488,46.0,3
23,5_1280x stock m270_4xobj_3_grid_r2_c1.png,5328,1,320,440,46.0,3
23,5_1280x stock m270_4xobj_3_grid_r2_c1.png,5329,1,241,437,46.0,3
23,5_1280x stock m270_4xobj_3_grid_r2_c1.png,5330,1,287,434,46.0,3
23,5_1280x stock m270_4xobj_3_grid_r2_c1.png,5331,1,170,419,46.0,3
23,5_1280x stock m270_4xobj_3_grid_r2_c1.png,5332,1,463,394,74.5,4
23,5_1280x stock m270_4xobj_3_grid_r2_c1.png,5333,1,20,381,31.5,3
23,5_1280x stock m270_4xobj_3_grid_r2_c1.png,5334,1,316,373,46.0,3
23,5_1280x stock m270_4xobj_3_grid_r2_c1.png,5335,1,430,369,46.0,3
23,5_1280x stock m270_4xobj_3_grid_r2_c1.png,5336,1,364,364,46.0,3
23,5_1280x stock m270_4xobj_3_grid_r2_c1.png,5337,1,224,355,31.5,3
23,5_1280x stock m270_4xobj_3_grid_r2_c1.png,5338,1,396,353,46.0,3
23,5_1280x stock m270_4xobj_3_grid_r2_c1.png,5339,1,440,338,46.0,3
23,5_1280x stock m270_4xobj_3_grid_r2_c1.png,5340,1,20,327,46.0,3
23,5_1280x stock m270_4xobj_3_grid_r2_c1.png,5341,1,35,318,46.0,3
23,5_1280x stock m270_4xobj_3_grid_r2_c1.png,5342,1,106,302,31.5,3
23,5_1280x stock m270_4xobj_3_grid_r2_c1.png,5343,1,241,300,31.5,3
23,5_1280x stock m270_4xobj_3_grid_r2_c1.png,5344,1,199,301,46.0,3
23,5_1280x stock m270_4xobj_3_grid_r2_c1.png,5345,1,143,296,46.0,3
23,5_1280x stock m270_4xobj_3_grid_r2_c1.png,5346,1,40,286,46.0,3
23,5_1280x stock m270_4xobj_3_grid_r2_c1.png,5347,1,121,269,46.0,3
23,5_1280x stock m270_4xobj_3_grid_r2_c1.png,5348,1,357,260,46.0,3
23,5_1280x stock m270_4xobj_3_grid_r2_c1.png,5349,1,236,257,46.0,3
23,5_1280x stock m270_4xobj_3_grid_r2_c1.png,5350,1,392,255,46.0,3
23,5_1280x stock m270_4xobj_3_grid_r2_c1.png,5351,1,190,253,31.5,3
23,5_1280x stock m270_4xobj_3_grid_r2_c1.png,5352,1,374,217,46.0,3
23,5_1280x stock m270_4xobj_3_grid_r2_c1.png,5353,1,48,216,46.0,3
23,5_1280x stock m270_4xobj_3_grid_r2_c1.png,5354,1,282,206,46.0,3
23,5_1280x stock m270_4xobj_3_grid_r2_c1.png,5355,1,30,205,46.0,3
23,5_1280x stock m270_4xobj_3_grid_r2_c1.png,5356,1,71,205,46.0,3
23,5_1280x stock m270_4xobj_3_grid_r2_c1.png,5357,1,19,194,46.0,3
23,5_1280x stock m270_4xobj_3_grid_r2_c1.png,5358,1,458,194,74.5,4
23,5_1280x stock m270_4xobj_3_grid_r2_c1.png,5359,1,97,188,46.0,3
23,5_1280x stock m270_4xobj_3_grid_r2_c1.png,5360,1,236,171,46.0,3
23,5_1280x stock m270_4xobj_3_grid_r2_c1.png,5361,1,23,166,46.0,3
23,5_1280x stock m270_4xobj_3_grid_r2_c1.png,5362,1,309,148,46.0,3
23,5_1280x stock m270_4xobj_3_grid_r2_c1.png,5363,1,35,146,46.0,3
23,5_1280x stock m270_4xobj_3_grid_r2_c1.png,5364,1,330,96,46.0,3
23,5_1280x stock m270_4xobj_3_grid_r2_c1.png,5365,1,415,500,74.5,4
23,5_1280x stock m270_4xobj_3_grid_r2_c1.png,5366,1,302,493,46.0,3
23,5_1280x stock m270_4xobj_3_grid_r2_c1.png,5367,1,34,494,46.0,3
23,5_1280x stock m270_4xobj_3_grid_r2_c1.png,5368,1,505,484,46.0,3
23,5_1280x stock m270_4xobj_3_grid_r2_c1.png,5369,1,463,470,46.0,3
23,5_1280x stock m270_4xobj_3_grid_r2_c1.png,5370,1,427,462,46.0,3
23,5_1280x stock m270_4xobj_3_grid_r2_c1.png,5371,1,217,451,46.0,3
23,5_1280x stock m270_4xobj_3_grid_r2_c1.png,5372,1,161,449,46.0,3
23,5_1280x stock m270_4xobj_3_grid_r2_c1.png,5373,1,100,433,31.5,3
23,5_1280x stock m270_4xobj_3_grid_r2_c1.png,5374,1,420,425,46.0,3
23,5_1280x stock m270_4xobj_3_grid_r2_c1.png,5375,1,106,421,31.5,3
23,5_1280x stock m270_4xobj_3_grid_r2_c1.png,5376,1,117,417,31.5,3
23,5_1280x stock m270_4xobj_3_grid_r2_c1.png,5377,1,304,404,46.0,3
23,5_1280x stock m270_4xobj_3_grid_r2_c1.png,5378,1,67,398,46.0,3
23,5_1280x stock m270_4xobj_3_grid_r2_c1.png,5379,1,15,391,31.5,3
23,5_1280x stock m270_4xobj_3_grid_r2_c1.png,5380,1,80,369,46.0,3
23,5_1280x stock m270_4xobj_3_grid_r2_c1.png,5381,1,185,367,46.0,3
23,5_1280x stock m270_4xobj_3_grid_r2_c1.png,5382,1,17,363,46.0,3
23,5_1280x stock m270_4xobj_3_grid_r2_c1.png,5383,1,193,355,46.0,3
23,5_1280x stock m270_4xobj_3_grid_r2_c1.png,5384,1,79,343,46.0,3
23,5_1280x stock m270_4xobj_3_grid_r2_c1.png,5385,1,105,338,31.5,3
23,5_1280x stock m270_4xobj_3_grid_r2_c1.png,5386,1,48,313,46.0,3
23,5_1280x stock m270_4xobj_3_grid_r2_c1.png,5387,1,124,296,46.0,3
23,5_1280x stock m270_4xobj_3_grid_r2_c1.png,5388,1,57,270,46.0,3
23,5_1280x stock m270_4xobj_3_grid_r2_c1.png,5389,1,162,254,46.0,3
23,5_1280x stock m270_4xobj_3_grid_r2_c1.png,5390,1,203,187,46.0,3
23,5_1280x stock m270_4xobj_3_grid_r2_c1.png,5391,1,51,132,46.0,3
23,5_1280x stock m270_4xobj_3_grid_r2_c1.png,5392,1,13,110,31.5,3
23,5_1280x stock m270_4xobj_3_grid_r2_c1.png,5393,1,196,507,31.5,3
23,5_1280x stock m270_4xobj_3_grid_r2_c1.png,5394,1,257,495,46.0,3
23,5_1280x stock m270_4xobj_3_grid_r2_c1.png,5395,1,340,438,46.0,3
23,5_1280x stock m270_4xobj_3_grid_r2_c1.png,5396,1,198,432,46.0,3
23,5_1280x stock m270_4xobj_3_grid_r2_c1.png,5397,1,266,419,46.0,3
23,5_1280x stock m270_4xobj_3_grid_r2_c1.png,5398,1,222,381,46.0,3
23,5_1280x stock m270_4xobj_3_grid_r2_c1.png,5399,1,66,319,46.0,3
23,5_1280x stock m270_4xobj_3_grid_r2_c1.png,5400,1,286,304,46.0,3
23,5_1280x stock m270_4xobj_3_grid_r2_c1.png,5401,1,497,216,46.0,3
23,5_1280x stock m270_4xobj_3_grid_r2_c1.png,5402,1,352,68,46.0,3
23,5_1280x stock m270_4xobj_3_grid_r2_c1.png,5403,1,8,19,46.0,3
23,5_1280x stock m270_4xobj_3_grid_r2_c1.png,5404,1,198,462,46.0,3
23,5_1280x stock m270_4xobj_3_grid_r2_c1.png,5405,1,4,442,46.0,3
23,5_1280x stock m270_4xobj_3_grid_r2_c1.png,5406,1,259,459,46.0,3
24,5_1280x stock m270_4xobj_3_grid_r2_c2.png,5407,1,148,383,74.5,4
24,5_1280x stock m270_4xobj_3_grid_r2_c2.png,5408,1,490,198,31.5,3
24,5_1280x stock m270_4xobj_3_grid_r2_c2.png,5409,1,506,66,46.0,3
24,5_1280x stock m270_4xobj_3_grid_r2_c2.png,5410,1,393,27,31.5,3
24,5_1280x stock m270_4xobj_3_grid_r2_c2.png,5411,1,318,20,46.0,3
24,5_1280x stock m270_4xobj_3_grid_r2_c2.png,5412,1,157,365,46.0,3
24,5_1280x stock m270_4xobj_3_grid_r2_c2.png,5413,1,497,243,31.5,3
24,5_1280x stock m270_4xobj_3_grid_r2_c2.png,5414,1,500,220,46.0,3
24,5_1280x stock m270_4xobj_3_grid_r2_c2.png,5415,1,491,176,46.0,3
24,5_1280x stock m270_4xobj_3_grid_r2_c2.png,5416,1,410,166,31.5,3
24,5_1280x stock m270_4xobj_3_grid_r2_c2.png,5417,1,105,126,104.0,5
24,5_1280x stock m270_4xobj_3_grid_r2_c2.png,5418,1,433,90,46.0,3
24,5_1280x stock m270_4xobj_3_grid_r2_c2.png,5419,1,382,27,46.0,3
24,5_1280x stock m270_4xobj_3_grid_r2_c2.png,5420,1,397,10,46.0,3
24,5_1280x stock m270_4xobj_3_grid_r2_c2.png,5421,1,346,6,46.0,3
24,5_1280x stock m270_4xobj_3_grid_r2_c2.png,5422,1,333,3,31.5,3
24,5_1280x stock m270_4xobj_3_grid_r2_c2.png,5423,1,267,249,46.0,3
24,5_1280x stock m270_4xobj_3_grid_r2_c2.png,5424,1,277,241,46.0,3
24,5_1280x stock m270_4xobj_3_grid_r2_c2.png,5425,1,179,198,46.0,3
24,5_1280x stock m270_4xobj_3_grid_r2_c2.png,5426,1,249,186,46.0,3
24,5_1280x stock m270_4xobj_3_grid_r2_c2.png,5427,1,359,184,46.0,3
24,5_1280x stock m270_4xobj_3_grid_r2_c2.png,5428,1,147,172,31.5,3
24,5_1280x stock m270_4xobj_3_grid_r2_c2.png,5429,1,193,167,46.0,3
24,5_1280x stock m270_4xobj_3_grid_r2_c2.png,5430,1,342,159,31.5,3
24,5_1280x stock m270_4xobj_3_grid_r2_c2.png,5431,1,399,157,46.0,3
24,5_1280x stock m270_4xobj_3_grid_r2_c2.png,5432,1,328,115,46.0,3
24,5_1280x stock m270_4xobj_3_grid_r2_c2.png,5433,1,298,90,46.0,3
24,5_1280x stock m270_4xobj_3_grid_r2_c2.png,5434,1,282,53,46.0,3
24,5_1280x stock m270_4xobj_3_grid_r2_c2.png,5435,1,303,22,46.0,3
24,5_1280x stock m270_4xobj_3_grid_r2_c2.png,5436,1,418,21,46.0,3
24,5_1280x stock m270_4xobj_3_grid_r2_c2.png,5437,1,23,463,104.0,5
24,5_1280x stock m270_4xobj_3_grid_r2_c2.png,5438,1,404,439,46.0,3
24,5_1280x stock m270_4xobj_3_grid_r2_c2.png,5439,1,154,430,104.0,5
24,5_1280x stock m270_4xobj_3_grid_r2_c2.png,5440,1,391,423,31.5,3
24,5_1280x stock m270_4xobj_3_grid_r2_c2.png,5441,1,493,371,46.0,3
24,5_1280x stock m270_4xobj_3_grid_r2_c2.png,5442,1,481,363,46.0,3
24,5_1280x stock m270_4xobj_3_grid_r2_c2.png,5443,1,357,361,31.5,3
24,5_1280x stock m270_4xobj_3_grid_r2_c2.png,5444,1,398,349,31.5,3
24,5_1280x stock m270_4xobj_3_grid_r2_c2.png,5445,1,332,328,46.0,3
24,5_1280x stock m270_4xobj_3_grid_r2_c2.png,5446,1,337,307,46.0,3
24,5_1280x stock m270_4xobj_3_grid_r2_c2.png,5447,1,295,298,31.5,3
24,5_1280x stock m270_4xobj_3_grid_r2_c2.png,5448,1,263,258,31.5,3
24,5_1280x stock m270_4xobj_3_grid_r2_c2.png,5449,1,80,241,46.0,3
24,5_1280x stock m270_4xobj_3_grid_r2_c2.png,5450,1,418,230,46.0,3
24,5_1280x stock m270_4xobj_3_grid_r2_c2.png,5451,1,262,219,31.5,3
24,5_1280x stock m270_4xobj_3_grid_r2_c2.png,5452,1,239,192,31.5,3
24,5_1280x stock m270_4xobj_3_grid_r2_c2.png,5453,1,374,183,46.0,3
24,5_1280x stock m270_4xobj_3_grid_r2_c2.png,5454,1,93,178,31.5,3
24,5_1280x stock m270_4xobj_3_grid_r2_c2.png,5455,1,297,178,46.0,3
24,5_1280x stock m270_4xobj_3_grid_r2_c2.png,5456,1,100,171,31.5,3
24,5_1280x stock m270_4xobj_3_grid_r2_c2.png,5457,1,63,150,46.0,3
24,5_1280x stock m270_4xobj_3_grid_r2_c2.png,5458,1,223,145,46.0,3
24,5_1280x stock m270_4xobj_3_grid_r2_c2.png,5459,1,231,101,74.5,4
24,5_1280x stock m270_4xobj_3_grid_r2_c2.png,5460,1,203,74,46.0,3
24,5_1280x stock m270_4xobj_3_grid_r2_c2.png,5461,1,22,68,46.0,3
24,5_1280x stock m270_4xobj_3_grid_r2_c2.png,5462,1,98,43,46.0,3
24,5_1280x stock m270_4xobj_3_grid_r2_c2.png,5463,1,164,37,46.0,3
24,5_1280x stock m270_4xobj_3_grid_r2_c2.png,5464,1,32,20,46.0,3
24,5_1280x stock m270_4xobj_3_grid_r2_c2.png,5465,1,434,498,46.0,3
24,5_1280x stock m270_4xobj_3_grid_r2_c2.png,5466,1,438,487,46.0,3
24,5_1280x stock m270_4xobj_3_grid_r2_c2.png,5467,1,446,441,46.0,3
24,5_1280x stock m270_4xobj_3_grid_r2_c2.png,5468,1,330,423,46.0,3
24,5_1280x stock m270_4xobj_3_grid_r2_c2.png,5469,1,312,397,46.0,3
24,5_1280x stock m270_4xobj_3_grid_r2_c2.png,5470,1,244,393,46.0,3
24,5_1280x stock m270_4xobj_3_grid_r2_c2.png,5471,1,343,362,46.0,3
24,5_1280x stock m270_4xobj_3_grid_r2_c2.png,5472,1,405,358,46.0,3
24,5_1280x stock m270_4xobj_3_grid_r2_c2.png,5473,1,220,337,46.0,3
24,5_1280x stock m270_4xobj_3_grid_r2_c2.png,5474,1,271,329,46.0,3
24,5_1280x stock m270_4xobj_3_grid_r2_c2.png,5475,1,149,325,46.0,3
24,5_1280x stock m270_4xobj_3_grid_r2_c2.png,5476,1,490,322,46.0,3
24,5_1280x stock m270_4xobj_3_grid_r2_c2.png,5477,1,446,322,46.0,3
24,5_1280x stock m270_4xobj_3_grid_r2_c2.png,5478,1,396,318,46.0,3
24,5_1280x stock m270_4xobj_3_grid_r2_c2.png,5479,1,214,314,46.0,3
24,5_1280x stock m270_4xobj_3_grid_r2_c2.png,5480,1,286,300,31.5,3
24,5_1280x stock m270_4xobj_3_grid_r2_c2.png,5481,1,316,272,46.0,3
24,5_1280x stock m270_4xobj_3_grid_r2_c2.png,5482,1,143,262,46.0,3
24,5_1280x stock m270_4xobj_3_grid_r2_c2.png,5483,1,122,260,46.0,3
24,5_1280x stock m270_4xobj_3_grid_r2_c2.png,5484,1,231,245,46.0,3
24,5_1280x stock m270_4xobj_3_grid_r2_c2.png,5485,1,149,232,46.0,3
24,5_1280x stock m270_4xobj_3_grid_r2_c2.png,5486,1,104,208,31.5,3
24,5_1280x stock m270_4xobj_3_grid_r2_c2.png,5487,1,149,207,46.0,3
24,5_1280x stock m270_4xobj_3_grid_r2_c2.png,5488,1,232,177,46.0,3
24,5_1280x stock m270_4xobj_3_grid_r2_c2.png,5489,1,242,152,104.0,5
24,5_1280x stock m270_4xobj_3_grid_r2_c2.png,5490,1,12,127,46.0,3
24,5_1280x stock m270_4xobj_3_grid_r2_c2.png,5491,1,191,69,46.0,3
24,5_1280x stock m270_4xobj_3_grid_r2_c2.png,5492,1,39,39,46.0,3
24,5_1280x stock m270_4xobj_3_grid_r2_c2.png,5493,1,3,10,31.5,3
24,5_1280x stock m270_4xobj_3_grid_r2_c2.png,5494,1,107,472,46.0,3
24,5_1280x stock m270_4xobj_3_grid_r2_c2.png,5495,1,422,437,46.0,3
24,5_1280x stock m270_4xobj_3_grid_r2_c2.png,5496,1,392,438,31.5,3
24,5_1280x stock m270_4xobj_3_grid_r2_c2.png,5497,1,223,435,31.5,3
24,5_1280x stock m270_4xobj_3_grid_r2_c2.png,5498,1,203,430,46.0,3
24,5_1280x stock m270_4xobj_3_grid_r2_c2.png,5499,1,183,430,46.0,3
24,5_1280x stock m270_4xobj_3_grid_r2_c2.png,5500,1,60,401,46.0,3
24,5_1280x stock m270_4xobj_3_grid_r2_c2.png,5501,1,54,387,46.0,3
24,5_1280x stock m270_4xobj_3_grid_r2_c2.png,5502,1,304,386,46.0,3
24,5_1280x stock m270_4xobj_3_grid_r2_c2.png,5503,1,241,362,46.0,3
24,5_1280x stock m270_4xobj_3_grid_r2_c2.png,5504,1,37,358,46.0,3
24,5_1280x stock m270_4xobj_3_grid_r2_c2.png,5505,1,148,341,46.0,3
24,5_1280x stock m270_4xobj_3_grid_r2_c2.png,5506,1,85,322,46.0,3
24,5_1280x stock m270_4xobj_3_grid_r2_c2.png,5507,1,198,314,46.0,3
24,5_1280x stock m270_4xobj_3_grid_r2_c2.png,5508,1,119,300,46.0,3
24,5_1280x stock m270_4xobj_3_grid_r2_c2.png,5509,1,320,287,46.0,3
24,5_1280x stock m270_4xobj_3_grid_r2_c2.png,5510,1,99,287,46.0,3
24,5_1280x stock m270_4xobj_3_grid_r2_c2.png,5511,1,6,500,31.5,3
24,5_1280x stock m270_4xobj_3_grid_r2_c2.png,5512,1,209,480,46.0,3
24,5_1280x stock m270_4xobj_3_grid_r2_c2.png,5513,1,195,476,46.0,3
24,5_1280x stock m270_4xobj_3_grid_r2_c2.png,5514,1,166,468,46.0,3
24,5_1280x stock m270_4xobj_3_grid_r2_c2.png,5515,1,140,461,46.0,3
24,5_1280x stock m270_4xobj_3_grid_r2_c2.png,5516,1,97,439,46.0,3
24,5_1280x stock m270_4xobj_3_grid_r2_c2.png,5517,1,189,360,31.5,3
24,5_1280x stock m270_4xobj_3_grid_r2_c2.png,5518,1,57,344,46.0,3
24,5_1280x stock m270_4xobj_3_grid_r2_c2.png,5519,1,160,277,46.0,3
24,5_1280x stock m270_4xobj_3_grid_r2_c2.png,5520,1,127,194,46.0,3
24,5_1280x stock m270_4xobj_3_grid_r2_c2.png,5521,1,67,494,46.0,3
24,5_1280x stock m270_4xobj_3_grid_r2_c2.png,5522,1,30,484,46.0,3
24,5_1280x stock m270_4xobj_3_grid_r2_c2.png,5523,1,22,216,46.0,3
25,5_1280x stock m270_4xobj_3_grid_r2_c3.png,5524,1,399,208,104.0,5
25,5_1280x stock m270_4xobj_3_grid_r2_c3.png,5525,1,187,347,104.0,5
25,5_1280x stock m270_4xobj_3_grid_r2_c3.png,5526,1,420,316,31.5,3
25,5_1280x stock m270_4xobj_3_grid_r2_c3.png,5527,1,226,192,31.5,3
25,5_1280x stock m270_4xobj_3_grid_r2_c3.png,5528,1,184,180,46.0,3
25,5_1280x stock m270_4xobj_3_grid_r2_c3.png,5529,1,435,161,46.0,3
25,5_1280x stock m270_4xobj_3_grid_r2_c3.png,5530,1,459,147,46.0,3
25,5_1280x stock m270_4xobj_3_grid_r2_c3.png,5531,1,421,88,46.0,3
25,5_1280x stock m270_4xobj_3_grid_r2_c3.png,5532,1,471,78,46.0,3
25,5_1280x stock m270_4xobj_3_grid_r2_c3.png,5533,1,65,76,46.0,3
25,5_1280x stock m270_4xobj_3_grid_r2_c3.png,5534,1,494,74,46.0,3
25,5_1280x stock m270_4xobj_3_grid_r2_c3.png,5535,1,30,66,46.0,3
25,5_1280x stock m270_4xobj_3_grid_r2_c3.png,5536,1,417,51,46.0,3
25,5_1280x stock m270_4xobj_3_grid_r2_c3.png,5537,1,191,52,46.0,3
25,5_1280x stock m270_4xobj_3_grid_r2_c3.png,5538,1,202,50,31.5,3
25,5_1280x stock m270_4xobj_3_grid_r2_c3.png,5539,1,155,24,31.5,3
25,5_1280x stock m270_4xobj_3_grid_r2_c3.png,5540,1,498,12,46.0,3
25,5_1280x stock m270_4xobj_3_grid_r2_c3.png,5541,1,469,504,46.0,3
25,5_1280x stock m270_4xobj_3_grid_r2_c3.png,5542,1,464,354,46.0,3
25,5_1280x stock m270_4xobj_3_grid_r2_c3.png,5543,1,420,279,46.0,3
25,5_1280x stock m270_4xobj_3_grid_r2_c3.png,5544,1,22,243,31.5,3
25,5_1280x stock m270_4xobj_3_grid_r2_c3.png,5545,1,306,237,46.0,3
25,5_1280x stock m270_4xobj_3_grid_r2_c3.png,5546,1,296,236,31.5,3
25,5_1280x stock m270_4xobj_3_grid_r2_c3.png,5547,1,25,220,46.0,3
25,5_1280x stock m270_4xobj_3_grid_r2_c3.png,5548,1,440,211,46.0,3
25,5_1280x stock m270_4xobj_3_grid_r2_c3.png,5549,1,47,204,31.5,3
25,5_1280x stock m270_4xobj_3_grid_r2_c3.png,5550,1,15,198,46.0,3
25,5_1280x stock m270_4xobj_3_grid_r2_c3.png,5551,1,276,189,46.0,3
25,5_1280x stock m270_4xobj_3_grid_r2_c3.png,5552,1,16,176,31.5,3
25,5_1280x stock m270_4xobj_3_grid_r2_c3.png,5553,1,360,139,46.0,3
25,5_1280x stock m270_4xobj_3_grid_r2_c3.png,5554,1,246,134,46.0,3
25,5_1280x stock m270_4xobj_3_grid_r2_c3.png,5555,1,390,131,46.0,3
25,5_1280x stock m270_4xobj_3_grid_r2_c3.png,5556,1,437,121,46.0,3
25,5_1280x stock m270_4xobj_3_grid_r2_c3.png,5557,1,417,107,46.0,3
25,5_1280x stock m270_4xobj_3_grid_r2_c3.png,5558,1,273,95,46.0,3
25,5_1280x stock m270_4xobj_3_grid_r2_c3.png,5559,1,52,92,46.0,3
25,5_1280x stock m270_4xobj_3_grid_r2_c3.png,5560,1,155,83,46.0,3
25,5_1280x stock m270_4xobj_3_grid_r2_c3.png,5561,1,359,31,46.0,3
25,5_1280x stock m270_4xobj_3_grid_r2_c3.png,5562,1,393,6,46.0,3
25,5_1280x stock m270_4xobj_3_grid_r2_c3.png,5563,1,458,495,46.0,3
25,5_1280x stock m270_4xobj_3_grid_r2_c3.png,5564,1,289,480,46.0,3
25,5_1280x stock m270_4xobj_3_grid_r2_c3.png,5565,1,403,480,46.0,3
25,5_1280x stock m270_4xobj_3_grid_r2_c3.png,5566,1,343,476,31.5,3
25,5_1280x stock m270_4xobj_3_grid_r2_c3.png,5567,1,355,474,31.5,3
25,5_1280x stock m270_4xobj_3_grid_r2_c3.png,5568,1,339,446,46.0,3
25,5_1280x stock m270_4xobj_3_grid_r2_c3.png,5569,1,425,409,46.0,3
25,5_1280x stock m270_4xobj_3_grid_r2_c3.png,5570,1,464,408,46.0,3
25,5_1280x stock m270_4xobj_3_grid_r2_c3.png,5571,1,299,371,46.0,3
25,5_1280x stock m270_4xobj_3_grid_r2_c3.png,5572,1,276,353,31.5,3
25,5_1280x stock m270_4xobj_3_grid_r2_c3.png,5573,1,118,270,46.0,3
25,5_1280x stock m270_4xobj_3_grid_r2_c3.png,5574,1,203,254,31.5,3
25,5_1280x stock m270_4xobj_3_grid_r2_c3.png,5575,1,469,242,46.0,3
25,5_1280x stock m270_4xobj_3_grid_r2_c3.png,5576,1,240,238,46.0,3
25,5_1280x stock m270_4xobj_3_grid_r2_c3.png,5577,1,270,237,46.0,3
25,5_1280x stock m270_4xobj_3_grid_r2_c3.png,5578,1,152,223,46.0,3
25,5_1280x stock m270_4xobj_3_grid_r2_c3.png,5579,1,262,179,46.0,3
25,5_1280x stock m270_4xobj_3_grid_r2_c3.png,5580,1,231,176,46.0,3
25,5_1280x stock m270_4xobj_3_grid_r2_c3.png,5581,1,129,175,46.0,3
25,5_1280x stock m270_4xobj_3_grid_r2_c3.png,5582,1,247,170,46.0,3
25,5_1280x stock m270_4xobj_3_grid_r2_c3.png,5583,1,374,114,46.0,3
25,5_1280x stock m270_4xobj_3_grid_r2_c3.png,5584,1,103,74,46.0,3
25,5_1280x stock m270_4xobj_3_grid_r2_c3.png,5585,1,44,63,46.0,3
25,5_1280x stock m270_4xobj_3_grid_r2_c3.png,5586,1,280,458,46.0,3
25,5_1280x stock m270_4xobj_3_grid_r2_c3.png,5587,1,246,450,46.0,3
25,5_1280x stock m270_4xobj_3_grid_r2_c3.png,5588,1,198,438,46.0,3
25,5_1280x stock m270_4xobj_3_grid_r2_c3.png,5589,1,247,428,46.0,3
25,5_1280x stock m270_4xobj_3_grid_r2_c3.png,5590,1,143,427,46.0,3
25,5_1280x stock m270_4xobj_3_grid_r2_c3.png,5591,1,52,412,46.0,3
25,5_1280x stock m270_4xobj_3_grid_r2_c3.png,5592,1,279,405,46.0,3
25,5_1280x stock m270_4xobj_3_grid_r2_c3.png,5593,1,380,397,46.0,3
25,5_1280x stock m270_4xobj_3_grid_r2_c3.png,5594,1,292,395,31.5,3
25,5_1280x stock m270_4xobj_3_grid_r2_c3.png,5595,1,131,372,46.0,3
25,5_1280x stock m270_4xobj_3_grid_r2_c3.png,5596,1,18,371,46.0,3
25,5_1280x stock m270_4xobj_3_grid_r2_c3.png,5597,1,146,370,46.0,3
25,5_1280x stock m270_4xobj_3_grid_r2_c3.png,5598,1,67,368,46.0,3
25,5_1280x stock m270_4xobj_3_grid_r2_c3.png,5599,1,62,355,31.5,3
25,5_1280x stock m270_4xobj_3_grid_r2_c3.png,5600,1,313,336,46.0,3
25,5_1280x stock m270_4xobj_3_grid_r2_c3.png,5601,1,66,295,46.0,3
25,5_1280x stock m270_4xobj_3_grid_r2_c3.png,5602,1,322,291,46.0,3
25,5_1280x stock m270_4xobj_3_grid_r2_c3.png,5603,1,56,236,46.0,3
25,5_1280x stock m270_4xobj_3_grid_r2_c3.png,5604,1,62,205,46.0,3
25,5_1280x stock m270_4xobj_3_grid_r2_c3.png,5605,1,147,448,46.0,3
25,5_1280x stock m270_4xobj_3_grid_r2_c3.png,5606,1,368,439,31.5,3
25,5_1280x stock m270_4xobj_3_grid_r2_c3.png,5607,1,194,408,147.5,6
25,5_1280x stock m270_4xobj_3_grid_r2_c3.png,5608,1,36,388,31.5,3
25,5_1280x stock m270_4xobj_3_grid_r2_c3.png,5609,1,170,382,46.0,3
25,5_1280x stock m270_4xobj_3_grid_r2_c3.png,5610,1,6,364,46.0,3
25,5_1280x stock m270_4xobj_3_grid_r2_c3.png,5611,1,214,216,31.5,3
25,5_1280x stock m270_4xobj_3_grid_r2_c3.png,5612,1,131,65,46.0,3
25,5_1280x stock m270_4xobj_3_grid_r2_c3.png,5613,1,150,503,31.5,3
25,5_1280x stock m270_4xobj_3_grid_r2_c3.png,5614,1,164,471,104.0,5
25,5_1280x stock m270_4xobj_3_grid_r2_c3.png,5615,1,46,448,46.0,3
25,5_1280x stock m270_4xobj_3_grid_r2_c3.png,5616,1,44,430,46.0,3
25,5_1280x stock m270_4xobj_3_grid_r2_c3.png,5617,1,94,358,104.0,5
25,5_1280x stock m270_4xobj_3_grid_r2_c3.png,5618,1,15,321,74.5,4
25,5_1280x stock m270_4xobj_3_grid_r2_c3.png,5619,1,68,230,46.0,3
25,5_1280x stock m270_4xobj_3_grid_r2_c3.png,5620,1,268,345,31.5,3
25,5_1280x stock m270_4xobj_3_grid_r2_c3.png,5621,1,83,344,31.5,3
25,5_1280x stock m270_4xobj_3_grid_r2_c3.png,5622,1,126,203,248.5,8
26,5_1280x stock m270_4xobj_4_grid_r0_c5.png,5623,1,499,287,104.0,5
26,5_1280x stock m270_4xobj_4_grid_r0_c5.png,5624,1,342,262,31.5,3
26,5_1280x stock m270_4xobj_4_grid_r0_c5.png,5625,1,18,57,104.0,5
26,5_1280x stock m270_4xobj_4_grid_r0_c5.png,5626,1,117,20,31.5,3
26,5_1280x stock m270_4xobj_4_grid_r0_c5.png,5627,1,422,282,31.5,3
26,5_1280x stock m270_4xobj_4_grid_r0_c5.png,5628,1,459,223,46.0,3
26,5_1280x stock m270_4xobj_4_grid_r0_c5.png,5629,1,344,221,46.0,3
26,5_1280x stock m270_4xobj_4_grid_r0_c5.png,5630,1,265,216,46.0,3
26,5_1280x stock m270_4xobj_4_grid_r0_c5.png,5631,1,318,192,46.0,3
26,5_1280x stock m270_4xobj_4_grid_r0_c5.png,5632,1,284,181,31.5,3
26,5_1280x stock m270_4xobj_4_grid_r0_c5.png,5633,1,474,179,31.5,3
26,5_1280x stock m270_4xobj_4_grid_r0_c5.png,5634,1,276,149,46.0,3
26,5_1280x stock m270_4xobj_4_grid_r0_c5.png,5635,1,270,69,31.5,3
26,5_1280x stock m270_4xobj_4_grid_r0_c5.png,5636,1,346,64,46.0,3
26,5_1280x stock m270_4xobj_4_grid_r0_c5.png,5637,1,101,64,31.5,3
26,5_1280x stock m270_4xobj_4_grid_r0_c5.png,5638,1,404,48,46.0,3
26,5_1280x stock m270_4xobj_4_grid_r0_c5.png,5639,1,58,47,74.5,4
26,5_1280x stock m270_4xobj_4_grid_r0_c5.png,5640,1,265,38,46.0,3
26,5_1280x stock m270_4xobj_4_grid_r0_c5.png,5641,1,86,32,31.5,3
26,5_1280x stock m270_4xobj_4_grid_r0_c5.png,5642,1,319,22,46.0,3
26,5_1280x stock m270_4xobj_4_grid_r0_c5.png,5643,1,46,14,46.0,3
26,5_1280x stock m270_4xobj_4_grid_r0_c5.png,5644,1,309,5,46.0,3
26,5_1280x stock m270_4xobj_4_grid_r0_c5.png,5645,1,41,444,31.5,3
26,5_1280x stock m270_4xobj_4_grid_r0_c5.png,5646,1,198,382,31.5,3
26,5_1280x stock m270_4xobj_4_grid_r0_c5.png,5647,1,487,314,46.0,3
26,5_1280x stock m270_4xobj_4_grid_r0_c5.png,5648,1,389,305,31.5,3
26,5_1280x stock m270_4xobj_4_grid_r0_c5.png,5649,1,203,295,31.5,3
26,5_1280x stock m270_4xobj_4_grid_r0_c5.png,5650,1,391,278,46.0,3
26,5_1280x stock m270_4xobj_4_grid_r0_c5.png,5651,1,264,279,74.5,4
26,5_1280x stock m270_4xobj_4_grid_r0_c5.png,5652,1,489,254,46.0,3
26,5_1280x stock m270_4xobj_4_grid_r0_c5.png,5653,1,239,227,46.0,3
26,5_1280x stock m270_4xobj_4_grid_r0_c5.png,5654,1,38,217,46.0,3
26,5_1280x stock m270_4xobj_4_grid_r0_c5.png,5655,1,21,198,46.0,3
26,5_1280x stock m270_4xobj_4_grid_r0_c5.png,5656,1,451,193,46.0,3
26,5_1280x stock m270_4xobj_4_grid_r0_c5.png,5657,1,341,179,46.0,3
26,5_1280x stock m270_4xobj_4_grid_r0_c5.png,5658,1,361,146,31.5,3
26,5_1280x stock m270_4xobj_4_grid_r0_c5.png,5659,1,337,141,46.0,3
26,5_1280x stock m270_4xobj_4_grid_r0_c5.png,5660,1,284,125,46.0,3
26,5_1280x stock m270_4xobj_4_grid_r0_c5.png,5661,1,410,116,74.5,4
26,5_1280x stock m270_4xobj_4_grid_r0_c5.png,5662,1,262,114,74.5,4
26,5_1280x stock m270_4xobj_4_grid_r0_c5.png,5663,1,341,110,46.0,3
26,5_1280x stock m270_4xobj_4_grid_r0_c5.png,5664,1,472,95,74.5,4
26,5_1280x stock m270_4xobj_4_grid_r0_c5.png,5665,1,130,83,74.5,4
26,5_1280x stock m270_4xobj_4_grid_r0_c5.png,5666,1,7,79,46.0,3
26,5_1280x stock m270_4xobj_4_grid_r0_c5.png,5667,1,124,65,31.5,3
26,5_1280x stock m270_4xobj_4_grid_r0_c5.png,5668,1,36,60,46.0,3
26,5_1280x stock m270_4xobj_4_grid_r0_c5.png,5669,1,362,52,46.0,3
26,5_1280x stock m270_4xobj_4_grid_r0_c5.png,5670,1,493,33,46.0,3
26,5_1280x stock m270_4xobj_4_grid_r0_c5.png,5671,1,52,26,46.0,3
26,5_1280x stock m270_4xobj_4_grid_r0_c5.png,5672,1,224,10,74.5,4
26,5_1280x stock m270_4xobj_4_grid_r0_c5.png,5673,1,261,5,46.0,3
26,5_1280x stock m270_4xobj_4_grid_r0_c5.png,5674,1,336,485,31.5,3
26,5_1280x stock m270_4xobj_4_grid_r0_c5.png,5675,1,50,451,46.0,3
26,5_1280x stock m270_4xobj_4_grid_r0_c5.png,5676,1,507,421,31.5,3
26,5_1280x stock m270_4xobj_4_grid_r0_c5.png,5677,1,407,399,31.5,3
26,5_1280x stock m270_4xobj_4_grid_r0_c5.png,5678,1,172,393,46.0,3
26,5_1280x stock m270_4xobj_4_grid_r0_c5.png,5679,1,203,392,31.5,3
26,5_1280x stock m270_4xobj_4_grid_r0_c5.png,5680,1,18,381,74.5,4
26,5_1280x stock m270_4xobj_4_grid_r0_c5.png,5681,1,294,379,46.0,3
26,5_1280x stock m270_4xobj_4_grid_r0_c5.png,5682,1,178,349,31.5,3
26,5_1280x stock m270_4xobj_4_grid_r0_c5.png,5683,1,382,347,46.0,3
26,5_1280x stock m270_4xobj_4_grid_r0_c5.png,5684,1,168,341,31.5,3
26,5_1280x stock m270_4xobj_4_grid_r0_c5.png,5685,1,286,328,46.0,3
26,5_1280x stock m270_4xobj_4_grid_r0_c5.png,5686,1,340,310,104.0,5
26,5_1280x stock m270_4xobj_4_grid_r0_c5.png,5687,1,323,307,46.0,3
26,5_1280x stock m270_4xobj_4_grid_r0_c5.png,5688,1,335,290,46.0,3
26,5_1280x stock m270_4xobj_4_grid_r0_c5.png,5689,1,471,250,46.0,3
26,5_1280x stock m270_4xobj_4_grid_r0_c5.png,5690,1,401,247,74.5,4
26,5_1280x stock m270_4xobj_4_grid_r0_c5.png,5691,1,16,242,46.0,3
26,5_1280x stock m270_4xobj_4_grid_r0_c5.png,5692,1,120,239,46.0,3
26,5_1280x stock m270_4xobj_4_grid_r0_c5.png,5693,1,328,233,46.0,3
26,5_1280x stock m270_4xobj_4_grid_r0_c5.png,5694,1,191,229,46.0,3
26,5_1280x stock m270_4xobj_4_grid_r0_c5.png,5695,1,118,169,46.0,3
26,5_1280x stock m270_4xobj_4_grid_r0_c5.png,5696,1,418,146,104.0,5
26,5_1280x stock m270_4xobj_4_grid_r0_c5.png,5697,1,250,131,46.0,3
26,5_1280x stock m270_4xobj_4_grid_r0_c5.png,5698,1,368,494,31.5,3
26,5_1280x stock m270_4xobj_4_grid_r0_c5.png,5699,1,290,489,46.0,3
26,5_1280x stock m270_4xobj_4_grid_r0_c5.png,5700,1,78,478,74.5,4
26,5_1280x stock m270_4xobj_4_grid_r0_c5.png,5701,1,319,453,31.5,3
26,5_1280x stock m270_4xobj_4_grid_r0_c5.png,5702,1,35,436,46.0,3
26,5_1280x stock m270_4xobj_4_grid_r0_c5.png,5703,1,72,412,46.0,3
26,5_1280x stock m270_4xobj_4_grid_r0_c5.png,5704,1,253,400,74.5,4
26,5_1280x stock m270_4xobj_4_grid_r0_c5.png,5705,1,185,369,46.0,3
26,5_1280x stock m270_4xobj_4_grid_r0_c5.png,5706,1,106,369,74.5,4
26,5_1280x stock m270_4xobj_4_grid_r0_c5.png,5707,1,58,339,46.0,3
26,5_1280x stock m270_4xobj_4_grid_r0_c5.png,5708,1,266,334,46.0,3
26,5_1280x stock m270_4xobj_4_grid_r0_c5.png,5709,1,478,327,31.5,3
26,5_1280x stock m270_4xobj_4_grid_r0_c5.png,5710,1,185,325,46.0,3
26,5_1280x stock m270_4xobj_4_grid_r0_c5.png,5711,1,9,304,46.0,3
26,5_1280x stock m270_4xobj_4_grid_r0_c5.png,5712,1,64,221,46.0,3
26,5_1280x stock m270_4xobj_4_grid_r0_c5.png,5713,1,50,162,46.0,3
26,5_1280x stock m270_4xobj_4_grid_r0_c5.png,5714,1,317,506,46.0,3
26,5_1280x stock m270_4xobj_4_grid_r0_c5.png,5715,1,170,489,46.0,3
26,5_1280x stock m270_4xobj_4_grid_r0_c5.png,5716,1,149,476,46.0,3
26,5_1280x stock m270_4xobj_4_grid_r0_c5.png,5717,1,480,438,74.5,4
26,5_1280x stock m270_4xobj_4_grid_r0_c5.png,5718,1,306,394,46.0,3
26,5_1280x stock m270_4xobj_4_grid_r0_c5.png,5719,1,280,295,46.0,3
26,5_1280x stock m270_4xobj_4_grid_r0_c5.png,5720,1,484,23,74.5,4
26,5_1280x stock m270_4xobj_4_grid_r0_c5.png,5721,1,125,383,46.0,3
26,5_1280x stock m270_4xobj_4_grid_r0_c5.png,5722,1,231,242,104.0,5
26,5_1280x stock m270_4xobj_4_grid_r0_c5.png,5723,1,143,238,104.0,5
26,5_1280x stock m270_4xobj_4_grid_r0_c5.png,5724,1,329,173,31.5,3
26,5_1280x stock m270_4xobj_4_grid_r0_c5.png,5725,1,73,357,104.0,5
26,5_1280x stock m270_4xobj_4_grid_r0_c5.png,5726,1,431,28,8.0,1
26,5_1280x stock m270_4xobj_4_grid_r0_c5.png,5727,1,409,138,31.5,3
26,5_1280x stock m270_4xobj_4_grid_r0_c5.png,5728,1,371,86,31.5,3
26,5_1280x stock m270_4xobj_4_grid_r0_c5.png,5729,1,228,65,31.5,3
26,5_1280x stock m270_4xobj_4_grid_r0_c5.png,5730,1,130,44,8.0,1
26,5_1280x stock m270_4xobj_4_grid_r0_c5.png,5731,1,500,386,8.0,1
26,5_1280x stock m270_4xobj_4_grid_r0_c5.png,5732,1,425,259,8.0,1
26,5_1280x stock m270_4xobj_4_grid_r0_c5.png,5733,1,380,177,8.0,1
26,5_1280x stock m270_4xobj_4_grid_r0_c5.png,5734,1,78,148,31.5,3
26,5_1280x stock m270_4xobj_4_grid_r0_c5.png,5735,1,321,134,31.5,3
26,5_1280x stock m270_4xobj_4_grid_r0_c5.png,5736,1,401,373,31.5,3
26,5_1280x stock m270_4xobj_4_grid_r0_c5.png,5737,1,396,356,31.5,3
26,5_1280x stock m270_4xobj_4_grid_r0_c5.png,5738,1,382,330,31.5,3
26,5_1280x stock m270_4xobj_4_grid_r0_c5.png,5739,1,420,316,31.5,3
26,5_1280x stock m270_4xobj_4_grid_r0_c5.png,5740,1,274,309,8.0,1
26,5_1280x stock m270_4xobj_4_grid_r0_c5.png,5741,1,89,201,8.0,1
26,5_1280x stock m270_4xobj_4_grid_r0_c5.png,5742,1,87,177,8.0,1
26,5_1280x stock m270_4xobj_4_grid_r0_c5.png,5743,1,311,495,31.5,3
26,5_1280x stock m270_4xobj_4_grid_r0_c5.png,5744,1,378,470,8.0,1
26,5_1280x stock m270_4xobj_4_grid_r0_c5.png,5745,1,273,448,46.0,3
26,5_1280x stock m270_4xobj_4_grid_r0_c5.png,5746,1,227,425,8.0,1
26,5_1280x stock m270_4xobj_4_grid_r0_c5.png,5747,1,261,378,31.5,3
27,5_1280x stock m270_4xobj_4_grid_r0_c6.png,5748,1,219,197,74.5,4
27,5_1280x stock m270_4xobj_4_grid_r0_c6.png,5749,1,308,274,31.5,3
27,5_1280x stock m270_4xobj_4_grid_r0_c6.png,5750,1,496,251,31.5,3
27,5_1280x stock m270_4xobj_4_grid_r0_c6.png,5751,1,399,235,46.0,3
27,5_1280x stock m270_4xobj_4_grid_r0_c6.png,5752,1,365,186,46.0,3
27,5_1280x stock m270_4xobj_4_grid_r0_c6.png,5753,1,456,181,46.0,3
27,5_1280x stock m270_4xobj_4_grid_r0_c6.png,5754,1,339,54,46.0,3
27,5_1280x stock m270_4xobj_4_grid_r0_c6.png,5755,1,175,364,46.0,3
27,5_1280x stock m270_4xobj_4_grid_r0_c6.png,5756,1,450,347,74.5,4
27,5_1280x stock m270_4xobj_4_grid_r0_c6.png,5757,1,414,340,46.0,3
27,5_1280x stock m270_4xobj_4_grid_r0_c6.png,5758,1,336,336,46.0,3
27,5_1280x stock m270_4xobj_4_grid_r0_c6.png,5759,1,306,310,46.0,3
27,5_1280x stock m270_4xobj_4_grid_r0_c6.png,5760,1,197,287,46.0,3
27,5_1280x stock m270_4xobj_4_grid_r0_c6.png,5761,1,24,288,104.0,5
27,5_1280x stock m270_4xobj_4_grid_r0_c6.png,5762,1,429,280,46.0,3
27,5_1280x stock m270_4xobj_4_grid_r0_c6.png,5763,1,185,267,31.5,3
27,5_1280x stock m270_4xobj_4_grid_r0_c6.png,5764,1,297,244,46.0,3
27,5_1280x stock m270_4xobj_4_grid_r0_c6.png,5765,1,302,225,46.0,3
27,5_1280x stock m270_4xobj_4_grid_r0_c6.png,5766,1,407,218,104.0,5
27,5_1280x stock m270_4xobj_4_grid_r0_c6.png,5767,1,279,202,31.5,3
27,5_1280x stock m270_4xobj_4_grid_r0_c6.png,5768,1,460,201,74.5,4
27,5_1280x stock m270_4xobj_4_grid_r0_c6.png,5769,1,181,186,46.0,3
27,5_1280x stock m270_4xobj_4_grid_r0_c6.png,5770,1,300,179,31.5,3
27,5_1280x stock m270_4xobj_4_grid_r0_c6.png,5771,1,165,170,31.5,3
27,5_1280x stock m270_4xobj_4_grid_r0_c6.png,5772,1,461,162,46.0,3
27,5_1280x stock m270_4xobj_4_grid_r0_c6.png,5773,1,508,162,27.5,2
27,5_1280x stock m270_4xobj_4_grid_r0_c6.png,5774,1,193,157,46.0,3
27,5_1280x stock m270_4xobj_4_grid_r0_c6.png,5775,1,439,156,46.0,3
27,5_1280x stock m270_4xobj_4_grid_r0_c6.png,5776,1,315,143,46.0,3
27,5_1280x stock m270_4xobj_4_grid_r0_c6.png,5777,1,263,135,31.5,3
27,5_1280x stock m270_4xobj_4_grid_r0_c6.png,5778,1,502,118,46.0,3
27,5_1280x stock m270_4xobj_4_grid_r0_c6.png,5779,1,234,100,46.0,3
27,5_1280x stock m270_4xobj_4_grid_r0_c6.png,5780,1,438,93,31.5,3
27,5_1280x stock m270_4xobj_4_grid_r0_c6.png,5781,1,304,81,46.0,3
27,5_1280x stock m270_4xobj_4_grid_r0_c6.png,5782,1,493,81,46.0,3
27,5_1280x stock m270_4xobj_4_grid_r0_c6.png,5783,1,348,63,74.5,4
27,5_1280x stock m270_4xobj_4_grid_r0_c6.png,5784,1,486,57,31.5,3
27,5_1280x stock m270_4xobj_4_grid_r0_c6.png,5785,1,246,52,46.0,3
27,5_1280x stock m270_4xobj_4_grid_r0_c6.png,5786,1,125,51,46.0,3
27,5_1280x stock m270_4xobj_4_grid_r0_c6.png,5787,1,329,45,31.5,3
27,5_1280x stock m270_4xobj_4_grid_r0_c6.png,5788,1,470,39,46.0,3
27,5_1280x stock m270_4xobj_4_grid_r0_c6.png,5789,1,287,37,46.0,3
27,5_1280x stock m270_4xobj_4_grid_r0_c6.png,5790,1,19,33,46.0,3
27,5_1280x stock m270_4xobj_4_grid_r0_c6.png,5791,1,50,4,46.0,3
27,5_1280x stock m270_4xobj_4_grid_r0_c6.png,5792,1,265,505,31.5,3
27,5_1280x stock m270_4xobj_4_grid_r0_c6.png,5793,1,499,489,46.0,3
27,5_1280x stock m270_4xobj_4_grid_r0_c6.png,5794,1,170,487,31.5,3
27,5_1280x stock m270_4xobj_4_grid_r0_c6.png,5795,1,447,429,46.0,3
27,5_1280x stock m270_4xobj_4_grid_r0_c6.png,5796,1,261,425,46.0,3
27,5_1280x stock m270_4xobj_4_grid_r0_c6.png,5797,1,447,405,46.0,3
27,5_1280x stock m270_4xobj_4_grid_r0_c6.png,5798,1,156,397,31.5,3
27,5_1280x stock m270_4xobj_4_grid_r0_c6.png,5799,1,271,383,46.0,3
27,5_1280x stock m270_4xobj_4_grid_r0_c6.png,5800,1,377,342,31.5,3
27,5_1280x stock m270_4xobj_4_grid_r0_c6.png,5801,1,318,336,31.5,3
27,5_1280x stock m270_4xobj_4_grid_r0_c6.png,5802,1,12,314,46.0,3
27,5_1280x stock m270_4xobj_4_grid_r0_c6.png,5803,1,357,297,31.5,3
27,5_1280x stock m270_4xobj_4_grid_r0_c6.png,5804,1,295,289,74.5,4
27,5_1280x stock m270_4xobj_4_grid_r0_c6.png,5805,1,413,285,46.0,3
27,5_1280x stock m270_4xobj_4_grid_r0_c6.png,5806,1,71,277,46.0,3
27,5_1280x stock m270_4xobj_4_grid_r0_c6.png,5807,1,483,270,46.0,3
27,5_1280x stock m270_4xobj_4_grid_r0_c6.png,5808,1,14,254,46.0,3
27,5_1280x stock m270_4xobj_4_grid_r0_c6.png,5809,1,79,254,46.0,3
27,5_1280x stock m270_4xobj_4_grid_r0_c6.png,5810,1,374,237,46.0,3
27,5_1280x stock m270_4xobj_4_grid_r0_c6.png,5811,1,309,234,46.0,3
27,5_1280x stock m270_4xobj_4_grid_r0_c6.png,5812,1,217,234,74.5,4
27,5_1280x stock m270_4xobj_4_grid_r0_c6.png,5813,1,156,193,46.0,3
27,5_1280x stock m270_4xobj_4_grid_r0_c6.png,5814,1,49,175,46.0,3
27,5_1280x stock m270_4xobj_4_grid_r0_c6.png,5815,1,383,169,74.5,4
27,5_1280x stock m270_4xobj_4_grid_r0_c6.png,5816,1,378,117,46.0,3
27,5_1280x stock m270_4xobj_4_grid_r0_c6.png,5817,1,73,99,31.5,3
27,5_1280x stock m270_4xobj_4_grid_r0_c6.png,5818,1,275,97,46.0,3
27,5_1280x stock m270_4xobj_4_grid_r0_c6.png,5819,1,68,78,46.0,3
27,5_1280x stock m270_4xobj_4_grid_r0_c6.png,5820,1,251,40,31.5,3
27,5_1280x stock m270_4xobj_4_grid_r0_c6.png,5821,1,349,494,46.0,3
27,5_1280x stock m270_4xobj_4_grid_r0_c6.png,5822,1,152,459,46.0,3
27,5_1280x stock m270_4xobj_4_grid_r0_c6.png,5823,1,272,452,46.0,3
27,5_1280x stock m270_4xobj_4_grid_r0_c6.png,5824,1,254,441,46.0,3
27,5_1280x stock m270_4xobj_4_grid_r0_c6.png,5825,1,317,428,46.0,3
27,5_1280x stock m270_4xobj_4_grid_r0_c6.png,5826,1,32,421,31.5,3
27,5_1280x stock m270_4xobj_4_grid_r0_c6.png,5827,1,106,412,46.0,3
27,5_1280x stock m270_4xobj_4_grid_r0_c6.png,5828,1,312,408,46.0,3
27,5_1280x stock m270_4xobj_4_grid_r0_c6.png,5829,1,250,406,31.5,3
27,5_1280x stock m270_4xobj_4_grid_r0_c6.png,5830,1,263,402,74.5,4
27,5_1280x stock m270_4xobj_4_grid_r0_c6.png,5831,1,183,395,46.0,3
27,5_1280x stock m270_4xobj_4_grid_r0_c6.png,5832,1,308,363,46.0,3
27,5_1280x stock m270_4xobj_4_grid_r0_c6.png,5833,1,111,352,46.0,3
27,5_1280x stock m270_4xobj_4_grid_r0_c6.png,5834,1,111,295,46.0,3
27,5_1280x stock m270_4xobj_4_grid_r0_c6.png,5835,1,78,270,46.0,3
27,5_1280x stock m270_4xobj_4_grid_r0_c6.png,5836,1,165,262,46.0,3
27,5_1280x stock m270_4xobj_4_grid_r0_c6.png,5837,1,202,226,46.0,3
27,5_1280x stock m270_4xobj_4_grid_r0_c6.png,5838,1,141,147,46.0,3
27,5_1280x stock m270_4xobj_4_grid_r0_c6.png,5839,1,223,116,74.5,4
27,5_1280x stock m270_4xobj_4_grid_r0_c6.png,5840,1,362,77,46.0,3
27,5_1280x stock m270_4xobj_4_grid_r0_c6.png,5841,1,120,480,31.5,3
27,5_1280x stock m270_4xobj_4_grid_r0_c6.png,5842,1,175,467,46.0,3
27,5_1280x stock m270_4xobj_4_grid_r0_c6.png,5843,1,81,449,46.0,3
27,5_1280x stock m270_4xobj_4_grid_r0_c6.png,5844,1,163,442,31.5,3
27,5_1280x stock m270_4xobj_4_grid_r0_c6.png,5845,1,68,435,74.5,4
27,5_1280x stock m270_4xobj_4_grid_r0_c6.png,5846,1,173,428,31.5,3
27,5_1280x stock m270_4xobj_4_grid_r0_c6.png,5847,1,395,246,74.5,4
27,5_1280x stock m270_4xobj_4_grid_r0_c6.png,5848,1,9,23,74.5,4
27,5_1280x stock m270_4xobj_4_grid_r0_c6.png,5849,1,152,506,46.0,3
27,5_1280x stock m270_4xobj_4_grid_r0_c6.png,5850,1,181,506,46.0,3
27,5_1280x stock m270_4xobj_4_grid_r0_c6.png,5851,1,55,444,74.5,4
27,5_1280x stock m270_4xobj_4_grid_r0_c6.png,5852,1,5,438,46.0,3
27,5_1280x stock m270_4xobj_4_grid_r0_c6.png,5853,1,305,396,46.0,3
27,5_1280x stock m270_4xobj_4_grid_r0_c6.png,5854,1,88,106,74.5,4
27,5_1280x stock m270_4xobj_4_grid_r0_c6.png,5855,1,67,329,74.5,4
27,5_1280x stock m270_4xobj_4_grid_r0_c6.png,5856,1,451,124,31.5,3
27,5_1280x stock m270_4xobj_4_grid_r0_c6.png,5857,1,490,98,8.0,1
27,5_1280x stock m270_4xobj_4_grid_r0_c6.png,5858,1,505,93,31.5,3
27,5_1280x stock m270_4xobj_4_grid_r0_c6.png,5859,1,466,75,31.5,3
27,5_1280x stock m270_4xobj_4_grid_r0_c6.png,5860,1,359,31,8.0,1
27,5_1280x stock m270_4xobj_4_grid_r0_c6.png,5861,1,452,288,8.0,1
27,5_1280x stock m270_4xobj_4_grid_r0_c6.png,5862,1,316,204,31.5,3
27,5_1280x stock m270_4xobj_4_grid_r0_c6.png,5863,1,283,149,8.0,1
27,5_1280x stock m270_4xobj_4_grid_r0_c6.png,5864,1,110,68,8.0,1
27,5_1280x stock m270_4xobj_4_grid_r0_c6.png,5865,1,60,95,8.0,1
27,5_1280x stock m270_4xobj_4_grid_r0_c6.png,5866,1,453,508,8.0,1
27,5_1280x stock m270_4xobj_4_grid_r0_c6.png,5867,1,90,197,31.5,3
27,5_1280x stock m270_4xobj_4_grid_r0_c6.png,5868,1,45,137,31.5,3
27,5_1280x stock m270_4xobj_4_grid_r0_c6.png,5869,1,246,455,8.0,1
27,5_1280x stock m270_4xobj_4_grid_r0_c6.png,5870,1,204,499,31.5,3
27,5_1280x stock m270_4xobj_4_grid_r0_c6.png,5871,1,94,473,31.5,3
27,5_1280x stock m270_4xobj_4_grid_r0_c6.png,5872,1,52,412,31.5,3
28,5_1280x stock m270_4xobj_4_grid_r0_c7.png,5873,1,379,357,74.5,4
28,5_1280x stock m270_4xobj_4_grid_r0_c7.png,5874,1,407,484,104.0,5
28,5_1280x stock m270_4xobj_4_grid_r0_c7.png,5875,1,268,482,147.5,6
28,5_1280x stock m270_4xobj_4_grid_r0_c7.png,5876,1,356,179,46.0,3
28,5_1280x stock m270_4xobj_4_grid_r0_c7.png,5877,1,322,167,46.0,3
28,5_1280x stock m270_4xobj_4_grid_r0_c7.png,5878,1,321,84,31.5,3
28,5_1280x stock m270_4xobj_4_grid_r0_c7.png,5879,1,8,27,46.0,3
28,5_1280x stock m270_4xobj_4_grid_r0_c7.png,5880,1,458,459,46.0,3
28,5_1280x stock m270_4xobj_4_grid_r0_c7.png,5881,1,362,211,31.5,3
28,5_1280x stock m270_4xobj_4_grid_r0_c7.png,5882,1,432,147,8.0,1
28,5_1280x stock m270_4xobj_4_grid_r0_c7.png,5883,1,329,134,8.0,1
28,5_1280x stock m270_4xobj_4_grid_r0_c7.png,5884,1,213,67,31.5,3
28,5_1280x stock m270_4xobj_4_grid_r0_c7.png,5885,1,471,494,46.0,3
28,5_1280x stock m270_4xobj_4_grid_r0_c7.png,5886,1,73,480,147.5,6
28,5_1280x stock m270_4xobj_4_grid_r0_c7.png,5887,1,389,402,31.5,3
28,5_1280x stock m270_4xobj_4_grid_r0_c7.png,5888,1,313,390,8.0,1
28,5_1280x stock m270_4xobj_4_grid_r0_c7.png,5889,1,59,338,31.5,3
28,5_1280x stock m270_4xobj_4_grid_r0_c7.png,5890,1,346,306,31.5,3
28,5_1280x stock m270_4xobj_4_grid_r0_c7.png,5891,1,21,251,31.5,3
28,5_1280x stock m270_4xobj_4_grid_r0_c7.png,5892,1,439,161,46.0,3
28,5_1280x stock m270_4xobj_4_grid_r0_c7.png,5893,1,345,150,74.5,4
28,5_1280x stock m270_4xobj_4_grid_r0_c7.png,5894,1,225,111,46.0,3
28,5_1280x stock m270_4xobj_4_grid_r0_c7.png,5895,1,151,77,31.5,3
28,5_1280x stock m270_4xobj_4_grid_r0_c7.png,5896,1,62,502,31.5,3
28,5_1280x stock m270_4xobj_4_grid_r0_c7.png,5897,1,314,496,46.0,3
28,5_1280x stock m270_4xobj_4_grid_r0_c7.png,5898,1,344,438,31.5,3
28,5_1280x stock m270_4xobj_4_grid_r0_c7.png,5899,1,37,394,46.0,3
28,5_1280x stock m270_4xobj_4_grid_r0_c7.png,5900,1,291,389,31.5,3
28,5_1280x stock m270_4xobj_4_grid_r0_c7.png,5901,1,79,323,46.0,3
28,5_1280x stock m270_4xobj_4_grid_r0_c7.png,5902,1,111,309,31.5,3
28,5_1280x stock m270_4xobj_4_grid_r0_c7.png,5903,1,463,292,31.5,3
28,5_1280x stock m270_4xobj_4_grid_r0_c7.png,5904,1,177,282,31.5,3
28,5_1280x stock m270_4xobj_4_grid_r0_c7.png,5905,1,75,260,46.0,3
28,5_1280x stock m270_4xobj_4_grid_r0_c7.png,5906,1,205,260,31.5,3
28,5_1280x stock m270_4xobj_4_grid_r0_c7.png,5907,1,35,258,46.0,3
28,5_1280x stock m270_4xobj_4_grid_r0_c7.png,5908,1,184,251,46.0,3
28,5_1280x stock m270_4xobj_4_grid_r0_c7.png,5909,1,98,247,46.0,3
28,5_1280x stock m270_4xobj_4_grid_r0_c7.png,5910,1,432,239,31.5,3
28,5_1280x stock m270_4xobj_4_grid_r0_c7.png,5911,1,48,224,46.0,3
28,5_1280x stock m270_4xobj_4_grid_r0_c7.png,5912,1,433,204,8.0,1
28,5_1280x stock m270_4xobj_4_grid_r0_c7.png,5913,1,183,101,46.0,3
28,5_1280x stock m270_4xobj_4_grid_r0_c7.png,5914,1,176,85,31.5,3
28,5_1280x stock m270_4xobj_4_grid_r0_c7.png,5915,1,338,81,8.0,1
28,5_1280x stock m270_4xobj_4_grid_r0_c7.png,5916,1,18,81,31.5,3
28,5_1280x stock m270_4xobj_4_grid_r0_c7.png,5917,1,38,64,31.5,3
28,5_1280x stock m270_4xobj_4_grid_r0_c7.png,5918,1,11,57,31.5,3
28,5_1280x stock m270_4xobj_4_grid_r0_c7.png,5919,1,88,50,46.0,3
28,5_1280x stock m270_4xobj_4_grid_r0_c7.png,5920,1,75,48,31.5,3
28,5_1280x stock m270_4xobj_4_grid_r0_c7.png,5921,1,187,17,8.0,1
28,5_1280x stock m270_4xobj_4_grid_r0_c7.png,5922,1,112,488,46.0,3
28,5_1280x stock m270_4xobj_4_grid_r0_c7.png,5923,1,24,489,46.0,3
28,5_1280x stock m270_4xobj_4_grid_r0_c7.png,5924,1,56,444,46.0,3
28,5_1280x stock m270_4xobj_4_grid_r0_c7.png,5925,1,208,430,46.0,3
28,5_1280x stock m270_4xobj_4_grid_r0_c7.png,5926,1,261,389,31.5,3
28,5_1280x stock m270_4xobj_4_grid_r0_c7.png,5927,1,61,360,31.5,3
28,5_1280x stock m270_4xobj_4_grid_r0_c7.png,5928,1,289,352,46.0,3
28,5_1280x stock m270_4xobj_4_grid_r0_c7.png,5929,1,66,315,74.5,4
28,5_1280x stock m270_4xobj_4_grid_r0_c7.png,5930,1,315,307,46.0,3
28,5_1280x stock m270_4xobj_4_grid_r0_c7.png,5931,1,134,269,46.0,3
28,5_1280x stock m270_4xobj_4_grid_r0_c7.png,5932,1,98,214,46.0,3
28,5_1280x stock m270_4xobj_4_grid_r0_c7.png,5933,1,96,116,31.5,3
28,5_1280x stock m270_4xobj_4_grid_r0_c7.png,5934,1,45,8,74.5,4
28,5_1280x stock m270_4xobj_4_grid_r0_c7.png,5935,1,180,447,46.0,3
28,5_1280x stock m270_4xobj_4_grid_r0_c7.png,5936,1,114,390,46.0,3
28,5_1280x stock m270_4xobj_4_grid_r0_c7.png,5937,1,34,162,74.5,4
28,5_1280x stock m270_4xobj_4_grid_r0_c7.png,5938,1,27,118,74.5,4
28,5_1280x stock m270_4xobj_4_grid_r0_c7.png,5939,1,110,434,74.5,4
28,5_1280x stock m270_4xobj_4_grid_r0_c7.png,5940,1,203,367,46.0,3
28,5_1280x stock m270_4xobj_4_grid_r0_c7.png,5941,1,404,345,8.0,1
28,5_1280x stock m270_4xobj_4_grid_r0_c7.png,5942,1,171,330,46.0,3
28,5_1280x stock m270_4xobj_4_grid_r0_c7.png,5943,1,8,270,74.5,4
28,5_1280x stock m270_4xobj_4_grid_r0_c7.png,5944,1,439,483,31.5,3
28,5_1280x stock m270_4xobj_4_grid_r0_c7.png,5945,1,109,414,74.5,4
28,5_1280x stock m270_4xobj_4_grid_r0_c7.png,5946,1,384,334,46.0,3
28,5_1280x stock m270_4xobj_4_grid_r0_c7.png,5947,1,321,235,31.5,3
28,5_1280x stock m270_4xobj_4_grid_r0_c7.png,5948,1,146,430,104.0,5
28,5_1280x stock m270_4xobj_4_grid_r0_c7.png,5949,1,400,421,31.5,3
28,5_1280x stock m270_4xobj_4_grid_r0_c7.png,5950,1,285,223,31.5,3
28,5_1280x stock m270_4xobj_4_grid_r0_c7.png,5951,1,267,324,31.5,3
28,5_1280x stock m270_4xobj_4_grid_r0_c7.png,5952,1,128,289,8.0,1
28,5_1280x stock m270_4xobj_4_grid_r0_c7.png,5953,1,229,218,8.0,1
28,5_1280x stock m270_4xobj_4_grid_r0_c7.png,5954,1,200,213,31.5,3
28,5_1280x stock m270_4xobj_4_grid_r0_c7.png,5955,1,224,207,8.0,1
28,5_1280x stock m270_4xobj_4_grid_r0_c7.png,5956,1,306,445,31.5,3
28,5_1280x stock m270_4xobj_4_grid_r0_c7.png,5957,1,293,416,31.5,3
28,5_1280x stock m270_4xobj_4_grid_r0_c7.png,5958,1,191,299,8.0,1
28,5_1280x stock m270_4xobj_4_grid_r0_c7.png,5959,1,86,293,8.0,1
28,5_1280x stock m270_4xobj_4_grid_r0_c7.png,5960,1,53,275,31.5,3
28,5_1280x stock m270_4xobj_4_grid_r0_c7.png,5961,1,85,224,8.0,1
28,5_1280x stock m270_4xobj_4_grid_r0_c7.png,5962,1,61,195,31.5,3
28,5_1280x stock m270_4xobj_4_grid_r0_c7.png,5963,1,43,197,31.5,3
28,5_1280x stock m270_4xobj_4_grid_r0_c7.png,5964,1,61,155,31.5,3
28,5_1280x stock m270_4xobj_4_grid_r0_c7.png,5965,1,15,99,8.0,1
28,5_1280x stock m270_4xobj_4_grid_r0_c7.png,5966,1,7,377,31.5,3
28,5_1280x stock m270_4xobj_4_grid_r0_c7.png,5967,1,126,370,31.5,3
28,5_1280x stock m270_4xobj_4_grid_r0_c7.png,5968,1,227,508,31.5,3
28,5_1280x stock m270_4xobj_4_grid_r0_c7.png,5969,1,27,476,31.5,3
29,5_1280x stock m270_4xobj_4_grid_r1_c0.png,5970,1,357,231,147.5,6
29,5_1280x stock m270_4xobj_4_grid_r1_c0.png,5971,1,438,39,46.0,3
29,5_1280x stock m270_4xobj_4_grid_r1_c0.png,5972,1,501,17,31.5,3
29,5_1280x stock m270_4xobj_4_grid_r1_c0.png,5973,1,391,151,31.5,3
29,5_1280x stock m270_4xobj_4_grid_r1_c0.png,5974,1,382,143,46.0,3
29,5_1280x stock m270_4xobj_4_grid_r1_c0.png,5975,1,281,129,46.0,3
29,5_1280x stock m270_4xobj_4_grid_r1_c0.png,5976,1,507,103,43.0,3
29,5_1280x stock m270_4xobj_4_grid_r1_c0.png,5977,1,283,70,46.0,3
29,5_1280x stock m270_4xobj_4_grid_r1_c0.png,5978,1,439,68,46.0,3
29,5_1280x stock m270_4xobj_4_grid_r1_c0.png,5979,1,400,66,31.5,3
29,5_1280x stock m270_4xobj_4_grid_r1_c0.png,5980,1,398,54,46.0,3
29,5_1280x stock m270_4xobj_4_grid_r1_c0.png,5981,1,271,30,46.0,3
29,5_1280x stock m270_4xobj_4_grid_r1_c0.png,5982,1,456,280,46.0,3
29,5_1280x stock m270_4xobj_4_grid_r1_c0.png,5983,1,469,240,74.5,4
29,5_1280x stock m270_4xobj_4_grid_r1_c0.png,5984,1,507,239,46.0,3
29,5_1280x stock m270_4xobj_4_grid_r1_c0.png,5985,1,439,233,31.5,3
29,5_1280x stock m270_4xobj_4_grid_r1_c0.png,5986,1,416,208,46.0,3
29,5_1280x stock m270_4xobj_4_grid_r1_c0.png,5987,1,348,192,46.0,3
29,5_1280x stock m270_4xobj_4_grid_r1_c0.png,5988,1,402,180,46.0,3
29,5_1280x stock m270_4xobj_4_grid_r1_c0.png,5989,1,392,119,46.0,3
29,5_1280x stock m270_4xobj_4_grid_r1_c0.png,5990,1,313,115,31.5,3
29,5_1280x stock m270_4xobj_4_grid_r1_c0.png,5991,1,478,112,46.0,3
29,5_1280x stock m270_4xobj_4_grid_r1_c0.png,5992,1,308,92,46.0,3
29,5_1280x stock m270_4xobj_4_grid_r1_c0.png,5993,1,485,81,46.0,3
29,5_1280x stock m270_4xobj_4_grid_r1_c0.png,5994,1,175,78,31.5,3
29,5_1280x stock m270_4xobj_4_grid_r1_c0.png,5995,1,342,32,46.0,3
29,5_1280x stock m270_4xobj_4_grid_r1_c0.png,5996,1,362,24,46.0,3
29,5_1280x stock m270_4xobj_4_grid_r1_c0.png,5997,1,417,20,46.0,3
29,5_1280x stock m270_4xobj_4_grid_r1_c0.png,5998,1,483,16,74.5,4
29,5_1280x stock m270_4xobj_4_grid_r1_c0.png,5999,1,298,409,31.5,3
29,5_1280x stock m270_4xobj_4_grid_r1_c0.png,6000,1,448,305,46.0,3
29,5_1280x stock m270_4xobj_4_grid_r1_c0.png,6001,1,272,304,46.0,3
29,5_1280x stock m270_4xobj_4_grid_r1_c0.png,6002,1,221,260,46.0,3
29,5_1280x stock m270_4xobj_4_grid_r1_c0.png,6003,1,472,258,31.5,3
29,5_1280x stock m270_4xobj_4_grid_r1_c0.png,6004,1,324,233,46.0,3
29,5_1280x stock m270_4xobj_4_grid_r1_c0.png,6005,1,420,220,46.0,3
29,5_1280x stock m270_4xobj_4_grid_r1_c0.png,6006,1,304,160,46.0,3
29,5_1280x stock m270_4xobj_4_grid_r1_c0.png,6007,1,272,148,46.0,3
29,5_1280x stock m270_4xobj_4_grid_r1_c0.png,6008,1,174,135,46.0,3
29,5_1280x stock m270_4xobj_4_grid_r1_c0.png,6009,1,232,124,46.0,3
29,5_1280x stock m270_4xobj_4_grid_r1_c0.png,6010,1,230,72,31.5,3
29,5_1280x stock m270_4xobj_4_grid_r1_c0.png,6011,1,71,67,31.5,3
29,5_1280x stock m270_4xobj_4_grid_r1_c0.png,6012,1,144,60,46.0,3
29,5_1280x stock m270_4xobj_4_grid_r1_c0.png,6013,1,70,39,46.0,3
29,5_1280x stock m270_4xobj_4_grid_r1_c0.png,6014,1,286,21,46.0,3
29,5_1280x stock m270_4xobj_4_grid_r1_c0.png,6015,1,481,442,46.0,3
29,5_1280x stock m270_4xobj_4_grid_r1_c0.png,6016,1,394,391,46.0,3
29,5_1280x stock m270_4xobj_4_grid_r1_c0.png,6017,1,344,382,46.0,3
29,5_1280x stock m270_4xobj_4_grid_r1_c0.png,6018,1,296,372,46.0,3
29,5_1280x stock m270_4xobj_4_grid_r1_c0.png,6019,1,420,365,46.0,3
29,5_1280x stock m270_4xobj_4_grid_r1_c0.png,6020,1,382,349,46.0,3
29,5_1280x stock m270_4xobj_4_grid_r1_c0.png,6021,1,298,346,46.0,3
29,5_1280x stock m270_4xobj_4_grid_r1_c0.png,6022,1,374,336,46.0,3
29,5_1280x stock m270_4xobj_4_grid_r1_c0.png,6023,1,154,293,46.0,3
29,5_1280x stock m270_4xobj_4_grid_r1_c0.png,6024,1,148,282,46.0,3
29,5_1280x stock m270_4xobj_4_grid_r1_c0.png,6025,1,133,252,46.0,3
29,5_1280x stock m270_4xobj_4_grid_r1_c0.png,6026,1,247,235,74.5,4
29,5_1280x stock m270_4xobj_4_grid_r1_c0.png,6027,1,205,155,46.0,3
29,5_1280x stock m270_4xobj_4_grid_r1_c0.png,6028,1,92,134,46.0,3
29,5_1280x stock m270_4xobj_4_grid_r1_c0.png,6029,1,109,115,46.0,3
29,5_1280x stock m270_4xobj_4_grid_r1_c0.png,6030,1,179,112,74.5,4
29,5_1280x stock m270_4xobj_4_grid_r1_c0.png,6031,1,35,49,31.5,3
29,5_1280x stock m270_4xobj_4_grid_r1_c0.png,6032,1,39,40,46.0,3
29,5_1280x stock m270_4xobj_4_grid_r1_c0.png,6033,1,175,7,46.0,3
29,5_1280x stock m270_4xobj_4_grid_r1_c0.png,6034,1,347,500,74.5,4
29,5_1280x stock m270_4xobj_4_grid_r1_c0.png,6035,1,462,480,46.0,3
29,5_1280x stock m270_4xobj_4_grid_r1_c0.png,6036,1,160,477,46.0,3
29,5_1280x stock m270_4xobj_4_grid_r1_c0.png,6037,1,399,473,46.0,3
29,5_1280x stock m270_4xobj_4_grid_r1_c0.png,6038,1,487,467,46.0,3
29,5_1280x stock m270_4xobj_4_grid_r1_c0.png,6039,1,277,426,46.0,3
29,5_1280x stock m270_4xobj_4_grid_r1_c0.png,6040,1,246,420,46.0,3
29,5_1280x stock m270_4xobj_4_grid_r1_c0.png,6041,1,234,416,46.0,3
29,5_1280x stock m270_4xobj_4_grid_r1_c0.png,6042,1,359,399,46.0,3
29,5_1280x stock m270_4xobj_4_grid_r1_c0.png,6043,1,375,398,74.5,4
29,5_1280x stock m270_4xobj_4_grid_r1_c0.png,6044,1,248,396,46.0,3
29,5_1280x stock m270_4xobj_4_grid_r1_c0.png,6045,1,154,394,31.5,3
29,5_1280x stock m270_4xobj_4_grid_r1_c0.png,6046,1,61,378,31.5,3
29,5_1280x stock m270_4xobj_4_grid_r1_c0.png,6047,1,476,372,74.5,4
29,5_1280x stock m270_4xobj_4_grid_r1_c0.png,6048,1,132,362,31.5,3
29,5_1280x stock m270_4xobj_4_grid_r1_c0.png,6049,1,160,358,46.0,3
29,5_1280x stock m270_4xobj_4_grid_r1_c0.png,6050,1,68,314,46.0,3
29,5_1280x stock m270_4xobj_4_grid_r1_c0.png,6051,1,27,253,46.0,3
29,5_1280x stock m270_4xobj_4_grid_r1_c0.png,6052,1,170,244,46.0,3
29,5_1280x stock m270_4xobj_4_grid_r1_c0.png,6053,1,183,241,46.0,3
29,5_1280x stock m270_4xobj_4_grid_r1_c0.png,6054,1,146,240,46.0,3
29,5_1280x stock m270_4xobj_4_grid_r1_c0.png,6055,1,229,234,74.5,4
29,5_1280x stock m270_4xobj_4_grid_r1_c0.png,6056,1,94,210,46.0,3
29,5_1280x stock m270_4xobj_4_grid_r1_c0.png,6057,1,5,205,31.5,3
29,5_1280x stock m270_4xobj_4_grid_r1_c0.png,6058,1,304,202,46.0,3
29,5_1280x stock m270_4xobj_4_grid_r1_c0.png,6059,1,294,191,46.0,3
29,5_1280x stock m270_4xobj_4_grid_r1_c0.png,6060,1,41,176,46.0,3
29,5_1280x stock m270_4xobj_4_grid_r1_c0.png,6061,1,131,157,46.0,3
29,5_1280x stock m270_4xobj_4_grid_r1_c0.png,6062,1,248,154,31.5,3
29,5_1280x stock m270_4xobj_4_grid_r1_c0.png,6063,1,45,116,46.0,3
29,5_1280x stock m270_4xobj_4_grid_r1_c0.png,6064,1,134,111,46.0,3
29,5_1280x stock m270_4xobj_4_grid_r1_c0.png,6065,1,74,88,46.0,3
29,5_1280x stock m270_4xobj_4_grid_r1_c0.png,6066,1,56,482,46.0,3
29,5_1280x stock m270_4xobj_4_grid_r1_c0.png,6067,1,170,469,46.0,3
29,5_1280x stock m270_4xobj_4_grid_r1_c0.png,6068,1,191,455,46.0,3
29,5_1280x stock m270_4xobj_4_grid_r1_c0.png,6069,1,50,444,46.0,3
29,5_1280x stock m270_4xobj_4_grid_r1_c0.png,6070,1,189,419,74.5,4
29,5_1280x stock m270_4xobj_4_grid_r1_c0.png,6071,1,71,375,31.5,3
29,5_1280x stock m270_4xobj_4_grid_r1_c0.png,6072,1,143,364,46.0,3
29,5_1280x stock m270_4xobj_4_grid_r1_c0.png,6073,1,20,331,46.0,3
29,5_1280x stock m270_4xobj_4_grid_r1_c0.png,6074,1,49,322,46.0,3
29,5_1280x stock m270_4xobj_4_grid_r1_c0.png,6075,1,107,255,104.0,5
29,5_1280x stock m270_4xobj_4_grid_r1_c0.png,6076,1,41,101,74.5,4
29,5_1280x stock m270_4xobj_4_grid_r1_c0.png,6077,1,91,499,46.0,3
29,5_1280x stock m270_4xobj_4_grid_r1_c0.png,6078,1,19,488,46.0,3
29,5_1280x stock m270_4xobj_4_grid_r1_c0.png,6079,1,212,479,74.5,4
29,5_1280x stock m270_4xobj_4_grid_r1_c0.png,6080,1,38,477,46.0,3
29,5_1280x stock m270_4xobj_4_grid_r1_c0.png,6081,1,5,454,31.5,3
29,5_1280x stock m270_4xobj_4_grid_r1_c0.png,6082,1,89,253,46.0,3
29,5_1280x stock m270_4xobj_4_grid_r1_c0.png,6083,1,5,226,46.0,3
29,5_1280x stock m270_4xobj_4_grid_r1_c0.png,6084,1,87,179,46.0,3
29,5_1280x stock m270_4xobj_4_grid_r1_c0.png,6085,1,335,427,248.5,8
29,5_1280x stock m270_4xobj_4_grid_r1_c0.png,6086,1,184,340,74.5,4
30,5_1280x stock m270_4xobj_4_grid_r1_c1.png,6087,1,190,177,74.5,4
30,5_1280x stock m270_4xobj_4_grid_r1_c1.png,6088,1,484,87,46.0,3
30,5_1280x stock m270_4xobj_4_grid_r1_c1.png,6089,1,429,76,46.0,3
30,5_1280x stock m270_4xobj_4_grid_r1_c1.png,6090,1,440,34,46.0,3
30,5_1280x stock m270_4xobj_4_grid_r1_c1.png,6091,1,460,20,46.0,3
30,5_1280x stock m270_4xobj_4_grid_r1_c1.png,6092,1,471,13,46.0,3
30,5_1280x stock m270_4xobj_4_grid_r1_c1.png,6093,1,394,216,46.0,3
30,5_1280x stock m270_4xobj_4_grid_r1_c1.png,6094,1,300,162,46.0,3
30,5_1280x stock m270_4xobj_4_grid_r1_c1.png,6095,1,508,142,27.5,2
30,5_1280x stock m270_4xobj_4_grid_r1_c1.png,6096,1,386,61,46.0,3
30,5_1280x stock m270_4xobj_4_grid_r1_c1.png,6097,1,287,54,46.0,3
30,5_1280x stock m270_4xobj_4_grid_r1_c1.png,6098,1,380,48,46.0,3
30,5_1280x stock m270_4xobj_4_grid_r1_c1.png,6099,1,165,15,46.0,3
30,5_1280x stock m270_4xobj_4_grid_r1_c1.png,6100,1,461,309,46.0,3
30,5_1280x stock m270_4xobj_4_grid_r1_c1.png,6101,1,256,276,46.0,3
30,5_1280x stock m270_4xobj_4_grid_r1_c1.png,6102,1,174,275,190.0,7
30,5_1280x stock m270_4xobj_4_grid_r1_c1.png,6103,1,409,269,46.0,3
30,5_1280x stock m270_4xobj_4_grid_r1_c1.png,6104,1,229,263,46.0,3
30,5_1280x stock m270_4xobj_4_grid_r1_c1.png,6105,1,389,245,46.0,3
30,5_1280x stock m270_4xobj_4_grid_r1_c1.png,6106,1,89,235,31.5,3
30,5_1280x stock m270_4xobj_4_grid_r1_c1.png,6107,1,337,232,46.0,3
30,5_1280x stock m270_4xobj_4_grid_r1_c1.png,6108,1,126,230,104.0,5
30,5_1280x stock m270_4xobj_4_grid_r1_c1.png,6109,1,177,224,46.0,3
30,5_1280x stock m270_4xobj_4_grid_r1_c1.png,6110,1,349,191,46.0,3
30,5_1280x stock m270_4xobj_4_grid_r1_c1.png,6111,1,326,174,31.5,3
30,5_1280x stock m270_4xobj_4_grid_r1_c1.png,6112,1,398,152,74.5,4
30,5_1280x stock m270_4xobj_4_grid_r1_c1.png,6113,1,306,141,46.0,3
30,5_1280x stock m270_4xobj_4_grid_r1_c1.png,6114,1,240,134,46.0,3
30,5_1280x stock m270_4xobj_4_grid_r1_c1.png,6115,1,134,133,46.0,3
30,5_1280x stock m270_4xobj_4_grid_r1_c1.png,6116,1,51,125,46.0,3
30,5_1280x stock m270_4xobj_4_grid_r1_c1.png,6117,1,247,112,46.0,3
30,5_1280x stock m270_4xobj_4_grid_r1_c1.png,6118,1,33,103,31.5,3
30,5_1280x stock m270_4xobj_4_grid_r1_c1.png,6119,1,123,98,74.5,4
30,5_1280x stock m270_4xobj_4_grid_r1_c1.png,6120,1,123,57,46.0,3
30,5_1280x stock m270_4xobj_4_grid_r1_c1.png,6121,1,118,42,46.0,3
30,5_1280x stock m270_4xobj_4_grid_r1_c1.png,6122,1,26,17,31.5,3
30,5_1280x stock m270_4xobj_4_grid_r1_c1.png,6123,1,174,5,46.0,3
30,5_1280x stock m270_4xobj_4_grid_r1_c1.png,6124,1,456,377,46.0,3
30,5_1280x stock m270_4xobj_4_grid_r1_c1.png,6125,1,395,343,46.0,3
30,5_1280x stock m270_4xobj_4_grid_r1_c1.png,6126,1,347,324,46.0,3
30,5_1280x stock m270_4xobj_4_grid_r1_c1.png,6127,1,402,316,46.0,3
30,5_1280x stock m270_4xobj_4_grid_r1_c1.png,6128,1,295,316,31.5,3
30,5_1280x stock m270_4xobj_4_grid_r1_c1.png,6129,1,315,299,46.0,3
30,5_1280x stock m270_4xobj_4_grid_r1_c1.png,6130,1,420,271,46.0,3
30,5_1280x stock m270_4xobj_4_grid_r1_c1.png,6131,1,212,264,46.0,3
30,5_1280x stock m270_4xobj_4_grid_r1_c1.png,6132,1,324,250,46.0,3
30,5_1280x stock m270_4xobj_4_grid_r1_c1.png,6133,1,205,206,46.0,3
30,5_1280x stock m270_4xobj_4_grid_r1_c1.png,6134,1,112,156,46.0,3
30,5_1280x stock m270_4xobj_4_grid_r1_c1.png,6135,1,3,112,31.5,3
30,5_1280x stock m270_4xobj_4_grid_r1_c1.png,6136,1,93,105,46.0,3
30,5_1280x stock m270_4xobj_4_grid_r1_c1.png,6137,1,10,81,46.0,3
30,5_1280x stock m270_4xobj_4_grid_r1_c1.png,6138,1,350,467,46.0,3
30,5_1280x stock m270_4xobj_4_grid_r1_c1.png,6139,1,369,409,46.0,3
30,5_1280x stock m270_4xobj_4_grid_r1_c1.png,6140,1,462,403,46.0,3
30,5_1280x stock m270_4xobj_4_grid_r1_c1.png,6141,1,506,398,46.0,3
30,5_1280x stock m270_4xobj_4_grid_r1_c1.png,6142,1,370,382,31.5,3
30,5_1280x stock m270_4xobj_4_grid_r1_c1.png,6143,1,352,366,46.0,3
30,5_1280x stock m270_4xobj_4_grid_r1_c1.png,6144,1,402,357,74.5,4
30,5_1280x stock m270_4xobj_4_grid_r1_c1.png,6145,1,366,352,46.0,3
30,5_1280x stock m270_4xobj_4_grid_r1_c1.png,6146,1,467,345,46.0,3
30,5_1280x stock m270_4xobj_4_grid_r1_c1.png,6147,1,212,339,74.5,4
30,5_1280x stock m270_4xobj_4_grid_r1_c1.png,6148,1,142,336,74.5,4
30,5_1280x stock m270_4xobj_4_grid_r1_c1.png,6149,1,115,324,46.0,3
30,5_1280x stock m270_4xobj_4_grid_r1_c1.png,6150,1,246,288,46.0,3
30,5_1280x stock m270_4xobj_4_grid_r1_c1.png,6151,1,32,239,46.0,3
30,5_1280x stock m270_4xobj_4_grid_r1_c1.png,6152,1,77,238,31.5,3
30,5_1280x stock m270_4xobj_4_grid_r1_c1.png,6153,1,209,231,46.0,3
30,5_1280x stock m270_4xobj_4_grid_r1_c1.png,6154,1,116,209,46.0,3
30,5_1280x stock m270_4xobj_4_grid_r1_c1.png,6155,1,155,150,46.0,3
30,5_1280x stock m270_4xobj_4_grid_r1_c1.png,6156,1,8,16,46.0,3
30,5_1280x stock m270_4xobj_4_grid_r1_c1.png,6157,1,202,499,46.0,3
30,5_1280x stock m270_4xobj_4_grid_r1_c1.png,6158,1,127,493,46.0,3
30,5_1280x stock m270_4xobj_4_grid_r1_c1.png,6159,1,481,477,46.0,3
30,5_1280x stock m270_4xobj_4_grid_r1_c1.png,6160,1,336,460,74.5,4
30,5_1280x stock m270_4xobj_4_grid_r1_c1.png,6161,1,353,439,46.0,3
30,5_1280x stock m270_4xobj_4_grid_r1_c1.png,6162,1,380,434,46.0,3
30,5_1280x stock m270_4xobj_4_grid_r1_c1.png,6163,1,85,433,46.0,3
30,5_1280x stock m270_4xobj_4_grid_r1_c1.png,6164,1,491,421,46.0,3
30,5_1280x stock m270_4xobj_4_grid_r1_c1.png,6165,1,276,378,46.0,3
30,5_1280x stock m270_4xobj_4_grid_r1_c1.png,6166,1,152,375,74.5,4
30,5_1280x stock m270_4xobj_4_grid_r1_c1.png,6167,1,152,355,46.0,3
30,5_1280x stock m270_4xobj_4_grid_r1_c1.png,6168,1,38,323,74.5,4
30,5_1280x stock m270_4xobj_4_grid_r1_c1.png,6169,1,46,277,74.5,4
30,5_1280x stock m270_4xobj_4_grid_r1_c1.png,6170,1,296,505,46.0,3
30,5_1280x stock m270_4xobj_4_grid_r1_c1.png,6171,1,340,503,46.0,3
30,5_1280x stock m270_4xobj_4_grid_r1_c1.png,6172,1,484,497,46.0,3
30,5_1280x stock m270_4xobj_4_grid_r1_c1.png,6173,1,138,450,31.5,3
30,5_1280x stock m270_4xobj_4_grid_r1_c1.png,6174,1,6,442,46.0,3
30,5_1280x stock m270_4xobj_4_grid_r1_c1.png,6175,1,49,375,46.0,3
30,5_1280x stock m270_4xobj_4_grid_r1_c1.png,6176,1,12,467,74.5,4
30,5_1280x stock m270_4xobj_4_grid_r1_c1.png,6177,1,179,467,74.5,4
30,5_1280x stock m270_4xobj_4_grid_r1_c1.png,6178,1,213,436,46.0,3
30,5_1280x stock m270_4xobj_4_grid_r1_c1.png,6179,1,359,235,46.0,3
31,6_2560x stock m270_4xobj_2_grid_r1_c5.png,6180,1,77,222,104.0,5
31,6_2560x stock m270_4xobj_2_grid_r1_c5.png,6181,1,428,50,46.0,3
31,6_2560x stock m270_4xobj_2_grid_r1_c5.png,6182,1,65,3,31.5,3
31,6_2560x stock m270_4xobj_2_grid_r1_c5.png,6183,1,165,497,74.5,4
31,6_2560x stock m270_4xobj_2_grid_r1_c5.png,6184,1,174,207,31.5,3
31,6_2560x stock m270_4xobj_2_grid_r1_c5.png,6185,1,280,179,46.0,3
31,6_2560x stock m270_4xobj_2_grid_r1_c5.png,6186,1,419,139,46.0,3
31,6_2560x stock m270_4xobj_2_grid_r1_c5.png,6187,1,497,123,31.5,3
31,6_2560x stock m270_4xobj_2_grid_r1_c5.png,6188,1,103,121,46.0,3
31,6_2560x stock m270_4xobj_2_grid_r1_c5.png,6189,1,186,79,46.0,3
31,6_2560x stock m270_4xobj_2_grid_r1_c5.png,6190,1,12,41,31.5,3
31,6_2560x stock m270_4xobj_2_grid_r1_c5.png,6191,1,447,15,46.0,3
31,6_2560x stock m270_4xobj_2_grid_r1_c5.png,6192,1,252,4,31.5,3
31,6_2560x stock m270_4xobj_2_grid_r1_c5.png,6193,1,103,486,46.0,3
31,6_2560x stock m270_4xobj_2_grid_r1_c5.png,6194,1,371,453,46.0,3
31,6_2560x stock m270_4xobj_2_grid_r1_c5.png,6195,1,32,449,104.0,5
31,6_2560x stock m270_4xobj_2_grid_r1_c5.png,6196,1,402,430,46.0,3
31,6_2560x stock m270_4xobj_2_grid_r1_c5.png,6197,1,390,375,46.0,3
31,6_2560x stock m270_4xobj_2_grid_r1_c5.png,6198,1,457,372,46.0,3
31,6_2560x stock m270_4xobj_2_grid_r1_c5.png,6199,1,41,301,46.0,3
31,6_2560x stock m270_4xobj_2_grid_r1_c5.png,6200,1,104,293,46.0,3
31,6_2560x stock m270_4xobj_2_grid_r1_c5.png,6201,1,119,286,46.0,3
31,6_2560x stock m270_4xobj_2_grid_r1_c5.png,6202,1,140,262,46.0,3
31,6_2560x stock m270_4xobj_2_grid_r1_c5.png,6203,1,500,259,31.5,3
31,6_2560x stock m270_4xobj_2_grid_r1_c5.png,6204,1,265,236,46.0,3
31,6_2560x stock m270_4xobj_2_grid_r1_c5.png,6205,1,89,198,46.0,3
31,6_2560x stock m270_4xobj_2_grid_r1_c5.png,6206,1,310,188,46.0,3
31,6_2560x stock m270_4xobj_2_grid_r1_c5.png,6207,1,376,174,46.0,3
31,6_2560x stock m270_4xobj_2_grid_r1_c5.png,6208,1,72,164,46.0,3
31,6_2560x stock m270_4xobj_2_grid_r1_c5.png,6209,1,492,152,46.0,3
31,6_2560x stock m270_4xobj_2_grid_r1_c5.png,6210,1,67,136,46.0,3
31,6_2560x stock m270_4xobj_2_grid_r1_c5.png,6211,1,149,129,74.5,4
31,6_2560x stock m270_4xobj_2_grid_r1_c5.png,6212,1,432,126,74.5,4
31,6_2560x stock m270_4xobj_2_grid_r1_c5.png,6213,1,45,124,46.0,3
31,6_2560x stock m270_4xobj_2_grid_r1_c5.png,6214,1,97,104,31.5,3
31,6_2560x stock m270_4xobj_2_grid_r1_c5.png,6215,1,222,102,46.0,3
31,6_2560x stock m270_4xobj_2_grid_r1_c5.png,6216,1,347,85,46.0,3
31,6_2560x stock m270_4xobj_2_grid_r1_c5.png,6217,1,113,66,46.0,3
31,6_2560x stock m270_4xobj_2_grid_r1_c5.png,6218,1,177,42,46.0,3
31,6_2560x stock m270_4xobj_2_grid_r1_c5.png,6219,1,296,42,46.0,3
31,6_2560x stock m270_4xobj_2_grid_r1_c5.png,6220,1,467,5,46.0,3
31,6_2560x stock m270_4xobj_2_grid_r1_c5.png,6221,1,103,507,46.0,3
31,6_2560x stock m270_4xobj_2_grid_r1_c5.png,6222,1,488,492,46.0,3
31,6_2560x stock m270_4xobj_2_grid_r1_c5.png,6223,1,212,478,46.0,3
31,6_2560x stock m270_4xobj_2_grid_r1_c5.png,6224,1,374,467,46.0,3
31,6_2560x stock m270_4xobj_2_grid_r1_c5.png,6225,1,296,445,46.0,3
31,6_2560x stock m270_4xobj_2_grid_r1_c5.png,6226,1,224,444,46.0,3
31,6_2560x stock m270_4xobj_2_grid_r1_c5.png,6227,1,462,404,31.5,3
31,6_2560x stock m270_4xobj_2_grid_r1_c5.png,6228,1,315,398,31.5,3
31,6_2560x stock m270_4xobj_2_grid_r1_c5.png,6229,1,73,390,46.0,3
31,6_2560x stock m270_4xobj_2_grid_r1_c5.png,6230,1,438,381,46.0,3
31,6_2560x stock m270_4xobj_2_grid_r1_c5.png,6231,1,24,380,46.0,3
31,6_2560x stock m270_4xobj_2_grid_r1_c5.png,6232,1,368,345,46.0,3
31,6_2560x stock m270_4xobj_2_grid_r1_c5.png,6233,1,141,333,31.5,3
31,6_2560x stock m270_4xobj_2_grid_r1_c5.png,6234,1,490,294,46.0,3
31,6_2560x stock m270_4xobj_2_grid_r1_c5.png,6235,1,472,243,74.5,4
31,6_2560x stock m270_4xobj_2_grid_r1_c5.png,6236,1,497,237,31.5,3
31,6_2560x stock m270_4xobj_2_grid_r1_c5.png,6237,1,353,236,74.5,4
31,6_2560x stock m270_4xobj_2_grid_r1_c5.png,6238,1,297,216,46.0,3
31,6_2560x stock m270_4xobj_2_grid_r1_c5.png,6239,1,100,213,46.0,3
31,6_2560x stock m270_4xobj_2_grid_r1_c5.png,6240,1,215,202,46.0,3
31,6_2560x stock m270_4xobj_2_grid_r1_c5.png,6241,1,378,201,46.0,3
31,6_2560x stock m270_4xobj_2_grid_r1_c5.png,6242,1,191,134,46.0,3
31,6_2560x stock m270_4xobj_2_grid_r1_c5.png,6243,1,326,121,31.5,3
31,6_2560x stock m270_4xobj_2_grid_r1_c5.png,6244,1,138,75,46.0,3
31,6_2560x stock m270_4xobj_2_grid_r1_c5.png,6245,1,499,52,74.5,4
31,6_2560x stock m270_4xobj_2_grid_r1_c5.png,6246,1,463,458,31.5,3
31,6_2560x stock m270_4xobj_2_grid_r1_c5.png,6247,1,125,434,74.5,4
31,6_2560x stock m270_4xobj_2_grid_r1_c5.png,6248,1,244,430,46.0,3
31,6_2560x stock m270_4xobj_2_grid_r1_c5.png,6249,1,47,359,74.5,4
31,6_2560x stock m270_4xobj_2_grid_r1_c5.png,6250,1,324,337,74.5,4
31,6_2560x stock m270_4xobj_2_grid_r1_c5.png,6251,1,365,269,74.5,4
31,6_2560x stock m270_4xobj_2_grid_r1_c5.png,6252,1,325,252,46.0,3
31,6_2560x stock m270_4xobj_2_grid_r1_c5.png,6253,1,491,140,31.5,3
31,6_2560x stock m270_4xobj_2_grid_r1_c5.png,6254,1,440,43,8.0,1
31,6_2560x stock m270_4xobj_2_grid_r1_c5.png,6255,1,399,16,31.5,3
31,6_2560x stock m270_4xobj_2_grid_r1_c5.png,6256,1,464,334,31.5,3
31,6_2560x stock m270_4xobj_2_grid_r1_c5.png,6257,1,308,315,46.0,3
31,6_2560x stock m270_4xobj_2_grid_r1_c5.png,6258,1,266,259,31.5,3
31,6_2560x stock m270_4xobj_2_grid_r1_c5.png,6259,1,261,152,31.5,3
32,6_2560x stock m270_4xobj_2_grid_r1_c6.png,6260,1,139,123,104.0,5
32,6_2560x stock m270_4xobj_2_grid_r1_c6.png,6261,1,120,46,104.0,5
32,6_2560x stock m270_4xobj_2_grid_r1_c6.png,6262,1,473,8,31.5,3
32,6_2560x stock m270_4xobj_2_grid_r1_c6.png,6263,1,442,204,46.0,3
32,6_2560x stock m270_4xobj_2_grid_r1_c6.png,6264,1,252,125,31.5,3
32,6_2560x stock m270_4xobj_2_grid_r1_c6.png,6265,1,478,118,46.0,3
32,6_2560x stock m270_4xobj_2_grid_r1_c6.png,6266,1,370,110,46.0,3
32,6_2560x stock m270_4xobj_2_grid_r1_c6.png,6267,1,500,73,46.0,3
32,6_2560x stock m270_4xobj_2_grid_r1_c6.png,6268,1,442,60,46.0,3
32,6_2560x stock m270_4xobj_2_grid_r1_c6.png,6269,1,501,19,31.5,3
32,6_2560x stock m270_4xobj_2_grid_r1_c6.png,6270,1,268,8,46.0,3
32,6_2560x stock m270_4xobj_2_grid_r1_c6.png,6271,1,208,418,46.0,3
32,6_2560x stock m270_4xobj_2_grid_r1_c6.png,6272,1,351,411,31.5,3
32,6_2560x stock m270_4xobj_2_grid_r1_c6.png,6273,1,344,400,46.0,3
32,6_2560x stock m270_4xobj_2_grid_r1_c6.png,6274,1,84,356,46.0,3
32,6_2560x stock m270_4xobj_2_grid_r1_c6.png,6275,1,104,342,46.0,3
32,6_2560x stock m270_4xobj_2_grid_r1_c6.png,6276,1,226,341,46.0,3
32,6_2560x stock m270_4xobj_2_grid_r1_c6.png,6277,1,251,323,46.0,3
32,6_2560x stock m270_4xobj_2_grid_r1_c6.png,6278,1,70,280,31.5,3
32,6_2560x stock m270_4xobj_2_grid_r1_c6.png,6279,1,231,216,31.5,3
32,6_2560x stock m270_4xobj_2_grid_r1_c6.png,6280,1,492,172,46.0,3
32,6_2560x stock m270_4xobj_2_grid_r1_c6.png,6281,1,332,167,74.5,4
32,6_2560x stock m270_4xobj_2_grid_r1_c6.png,6282,1,253,153,46.0,3
32,6_2560x stock m270_4xobj_2_grid_r1_c6.png,6283,1,397,139,74.5,4
32,6_2560x stock m270_4xobj_2_grid_r1_c6.png,6284,1,193,117,46.0,3
32,6_2560x stock m270_4xobj_2_grid_r1_c6.png,6285,1,127,93,46.0,3
32,6_2560x stock m270_4xobj_2_grid_r1_c6.png,6286,1,496,93,74.5,4
32,6_2560x stock m270_4xobj_2_grid_r1_c6.png,6287,1,193,17,74.5,4
32,6_2560x stock m270_4xobj_2_grid_r1_c6.png,6288,1,488,7,46.0,3
32,6_2560x stock m270_4xobj_2_grid_r1_c6.png,6289,1,186,496,46.0,3
32,6_2560x stock m270_4xobj_2_grid_r1_c6.png,6290,1,13,492,46.0,3
32,6_2560x stock m270_4xobj_2_grid_r1_c6.png,6291,1,265,453,74.5,4
32,6_2560x stock m270_4xobj_2_grid_r1_c6.png,6292,1,195,376,74.5,4
32,6_2560x stock m270_4xobj_2_grid_r1_c6.png,6293,1,396,338,46.0,3
32,6_2560x stock m270_4xobj_2_grid_r1_c6.png,6294,1,96,323,46.0,3
32,6_2560x stock m270_4xobj_2_grid_r1_c6.png,6295,1,302,319,46.0,3
32,6_2560x stock m270_4xobj_2_grid_r1_c6.png,6296,1,55,311,46.0,3
32,6_2560x stock m270_4xobj_2_grid_r1_c6.png,6297,1,375,300,74.5,4
32,6_2560x stock m270_4xobj_2_grid_r1_c6.png,6298,1,15,294,46.0,3
32,6_2560x stock m270_4xobj_2_grid_r1_c6.png,6299,1,93,278,46.0,3
32,6_2560x stock m270_4xobj_2_grid_r1_c6.png,6300,1,199,261,74.5,4
32,6_2560x stock m270_4xobj_2_grid_r1_c6.png,6301,1,25,259,31.5,3
32,6_2560x stock m270_4xobj_2_grid_r1_c6.png,6302,1,22,237,31.5,3
32,6_2560x stock m270_4xobj_2_grid_r1_c6.png,6303,1,125,224,74.5,4
32,6_2560x stock m270_4xobj_2_grid_r1_c6.png,6304,1,311,207,31.5,3
32,6_2560x stock m270_4xobj_2_grid_r1_c6.png,6305,1,17,152,46.0,3
32,6_2560x stock m270_4xobj_2_grid_r1_c6.png,6306,1,101,148,31.5,3
32,6_2560x stock m270_4xobj_2_grid_r1_c6.png,6307,1,22,123,31.5,3
32,6_2560x stock m270_4xobj_2_grid_r1_c6.png,6308,1,24,52,74.5,4
32,6_2560x stock m270_4xobj_2_grid_r1_c6.png,6309,1,328,508,31.5,3
32,6_2560x stock m270_4xobj_2_grid_r1_c6.png,6310,1,111,496,46.0,3
32,6_2560x stock m270_4xobj_2_grid_r1_c6.png,6311,1,116,376,46.0,3
32,6_2560x stock m270_4xobj_2_grid_r1_c6.png,6312,1,242,363,74.5,4
32,6_2560x stock m270_4xobj_2_grid_r1_c6.png,6313,1,47,246,46.0,3
32,6_2560x stock m270_4xobj_2_grid_r1_c6.png,6314,1,351,221,46.0,3
32,6_2560x stock m270_4xobj_2_grid_r1_c6.png,6315,1,76,196,74.5,4
32,6_2560x stock m270_4xobj_2_grid_r1_c6.png,6316,1,209,66,74.5,4
32,6_2560x stock m270_4xobj_2_grid_r1_c6.png,6317,1,99,456,74.5,4
32,6_2560x stock m270_4xobj_2_grid_r1_c6.png,6318,1,489,447,46.0,3
32,6_2560x stock m270_4xobj_2_grid_r1_c6.png,6319,1,253,437,46.0,3
32,6_2560x stock m270_4xobj_2_grid_r1_c6.png,6320,1,412,387,46.0,3
32,6_2560x stock m270_4xobj_2_grid_r1_c6.png,6321,1,56,358,74.5,4
32,6_2560x stock m270_4xobj_2_grid_r1_c6.png,6322,1,415,226,74.5,4
32,6_2560x stock m270_4xobj_2_grid_r1_c6.png,6323,1,203,174,46.0,3
32,6_2560x stock m270_4xobj_2_grid_r1_c6.png,6324,1,57,133,74.5,4
32,6_2560x stock m270_4xobj_2_grid_r1_c6.png,6325,1,384,46,8.0,1
32,6_2560x stock m270_4xobj_2_grid_r1_c6.png,6326,1,364,15,31.5,3
32,6_2560x stock m270_4xobj_2_grid_r1_c6.png,6327,1,289,181,31.5,3
32,6_2560x stock m270_4xobj_2_grid_r1_c6.png,6328,1,458,176,31.5,3
32,6_2560x stock m270_4xobj_2_grid_r1_c6.png,6329,1,355,138,31.5,3
32,6_2560x stock m270_4xobj_2_grid_r1_c6.png,6330,1,344,115,8.0,1
32,6_2560x stock m270_4xobj_2_grid_r1_c6.png,6331,1,272,33,8.0,1
32,6_2560x stock m270_4xobj_2_grid_r1_c6.png,6332,1,290,248,8.0,1
32,6_2560x stock m270_4xobj_2_grid_r1_c6.png,6333,1,260,234,8.0,1
32,6_2560x stock m270_4xobj_2_grid_r1_c6.png,6334,1,153,218,31.5,3
32,6_2560x stock m270_4xobj_2_grid_r1_c6.png,6335,1,186,88,31.5,3
32,6_2560x stock m270_4xobj_2_grid_r1_c6.png,6336,1,357,492,31.5,3
32,6_2560x stock m270_4xobj_2_grid_r1_c6.png,6337,1,337,428,31.5,3
32,6_2560x stock m270_4xobj_2_grid_r1_c6.png,6338,1,320,360,31.5,3
32,6_2560x stock m270_4xobj_2_grid_r1_c6.png,6339,1,16,140,31.5,3
33,6_2560x stock m270_4xobj_2_grid_r1_c7.png,6340,1,483,362,31.5,3
33,6_2560x stock m270_4xobj_2_grid_r1_c7.png,6341,1,406,288,31.5,3
33,6_2560x stock m270_4xobj_2_grid_r1_c7.png,6342,1,82,133,104.0,5
33,6_2560x stock m270_4xobj_2_grid_r1_c7.png,6343,1,332,91,46.0,3
33,6_2560x stock m270_4xobj_2_grid_r1_c7.png,6344,1,301,56,31.5,3
33,6_2560x stock m270_4xobj_2_grid_r1_c7.png,6345,1,217,53,31.5,3
33,6_2560x stock m270_4xobj_2_grid_r1_c7.png,6346,1,152,426,31.5,3
33,6_2560x stock m270_4xobj_2_grid_r1_c7.png,6347,1,359,421,46.0,3
33,6_2560x stock m270_4xobj_2_grid_r1_c7.png,6348,1,479,408,46.0,3
33,6_2560x stock m270_4xobj_2_grid_r1_c7.png,6349,1,478,394,46.0,3
33,6_2560x stock m270_4xobj_2_grid_r1_c7.png,6350,1,321,351,31.5,3
33,6_2560x stock m270_4xobj_2_grid_r1_c7.png,6351,1,496,314,46.0,3
33,6_2560x stock m270_4xobj_2_grid_r1_c7.png,6352,1,282,311,31.5,3
33,6_2560x stock m270_4xobj_2_grid_r1_c7.png,6353,1,177,298,46.0,3
33,6_2560x stock m270_4xobj_2_grid_r1_c7.png,6354,1,388,296,74.5,4
33,6_2560x stock m270_4xobj_2_grid_r1_c7.png,6355,1,65,281,46.0,3
33,6_2560x stock m270_4xobj_2_grid_r1_c7.png,6356,1,366,215,31.5,3
33,6_2560x stock m270_4xobj_2_grid_r1_c7.png,6357,1,3,118,31.5,3
33,6_2560x stock m270_4xobj_2_grid_r1_c7.png,6358,1,362,102,46.0,3
33,6_2560x stock m270_4xobj_2_grid_r1_c7.png,6359,1,443,90,46.0,3
33,6_2560x stock m270_4xobj_2_grid_r1_c7.png,6360,1,113,50,46.0,3
33,6_2560x stock m270_4xobj_2_grid_r1_c7.png,6361,1,154,491,31.5,3
33,6_2560x stock m270_4xobj_2_grid_r1_c7.png,6362,1,201,401,31.5,3
33,6_2560x stock m270_4xobj_2_grid_r1_c7.png,6363,1,385,321,104.0,5
33,6_2560x stock m270_4xobj_2_grid_r1_c7.png,6364,1,81,227,46.0,3
33,6_2560x stock m270_4xobj_2_grid_r1_c7.png,6365,1,161,208,46.0,3
33,6_2560x stock m270_4xobj_2_grid_r1_c7.png,6366,1,281,201,104.0,5
33,6_2560x stock m270_4xobj_2_grid_r1_c7.png,6367,1,67,168,46.0,3
33,6_2560x stock m270_4xobj_2_grid_r1_c7.png,6368,1,208,115,46.0,3
33,6_2560x stock m270_4xobj_2_grid_r1_c7.png,6369,1,100,78,46.0,3
33,6_2560x stock m270_4xobj_2_grid_r1_c7.png,6370,1,199,52,147.5,6
33,6_2560x stock m270_4xobj_2_grid_r1_c7.png,6371,1,54,33,31.5,3
33,6_2560x stock m270_4xobj_2_grid_r1_c7.png,6372,1,26,19,46.0,3
33,6_2560x stock m270_4xobj_2_grid_r1_c7.png,6373,1,13,7,46.0,3
33,6_2560x stock m270_4xobj_2_grid_r1_c7.png,6374,1,307,490,74.5,4
33,6_2560x stock m270_4xobj_2_grid_r1_c7.png,6375,1,354,491,31.5,3
33,6_2560x stock m270_4xobj_2_grid_r1_c7.png,6376,1,95,485,31.5,3
33,6_2560x stock m270_4xobj_2_grid_r1_c7.png,6377,1,266,477,31.5,3
33,6_2560x stock m270_4xobj_2_grid_r1_c7.png,6378,1,14,447,46.0,3
33,6_2560x stock m270_4xobj_2_grid_r1_c7.png,6379,1,21,93,74.5,4
33,6_2560x stock m270_4xobj_2_grid_r1_c7.png,6380,1,24,73,74.5,4
33,6_2560x stock m270_4xobj_2_grid_r1_c7.png,6381,1,447,471,74.5,4
33,6_2560x stock m270_4xobj_2_grid_r1_c7.png,6382,1,412,447,46.0,3
33,6_2560x stock m270_4xobj_2_grid_r1_c7.png,6383,1,168,417,46.0,3
33,6_2560x stock m270_4xobj_2_grid_r1_c7.png,6384,1,42,374,31.5,3
33,6_2560x stock m270_4xobj_2_grid_r1_c7.png,6385,1,148,222,74.5,4
33,6_2560x stock m270_4xobj_2_grid_r1_c7.png,6386,1,17,172,74.5,4
33,6_2560x stock m270_4xobj_2_grid_r1_c7.png,6387,1,488,120,31.5,3
33,6_2560x stock m270_4xobj_2_grid_r1_c7.png,6388,1,478,83,31.5,3
33,6_2560x stock m270_4xobj_2_grid_r1_c7.png,6389,1,431,58,31.5,3
33,6_2560x stock m270_4xobj_2_grid_r1_c7.png,6390,1,311,324,74.5,4
33,6_2560x stock m270_4xobj_2_grid_r1_c7.png,6391,1,435,199,8.0,1
33,6_2560x stock m270_4xobj_2_grid_r1_c7.png,6392,1,422,434,31.5,3
33,6_2560x stock m270_4xobj_2_grid_r1_c7.png,6393,1,455,394,31.5,3
33,6_2560x stock m270_4xobj_2_grid_r1_c7.png,6394,1,396,376,8.0,1
33,6_2560x stock m270_4xobj_2_grid_r1_c7.png,6395,1,363,399,8.0,1
33,6_2560x stock m270_4xobj_2_grid_r1_c7.png,6396,1,394,364,31.5,3
33,6_2560x stock m270_4xobj_2_grid_r1_c7.png,6397,1,355,295,31.5,3
33,6_2560x stock m270_4xobj_2_grid_r1_c7.png,6398,1,320,145,31.5,3
33,6_2560x stock m270_4xobj_2_grid_r1_c7.png,6399,1,78,31,8.0,1
33,6_2560x stock m270_4xobj_2_grid_r1_c7.png,6400,1,316,394,31.5,3
33,6_2560x stock m270_4xobj_2_grid_r1_c7.png,6401,1,206,381,31.5,3
33,6_2560x stock m270_4xobj_2_grid_r1_c7.png,6402,1,209,357,31.5,3
33,6_2560x stock m270_4xobj_2_grid_r1_c7.png,6403,1,223,342,31.5,3
33,6_2560x stock m270_4xobj_2_grid_r1_c7.png,6404,1,253,225,31.5,3
33,6_2560x stock m270_4xobj_2_grid_r1_c7.png,6405,1,171,203,31.5,3
33,6_2560x stock m270_4xobj_2_grid_r1_c7.png,6406,1,57,198,8.0,1
33,6_2560x stock m270_4xobj_2_grid_r1_c7.png,6407,1,216,155,8.0,1
33,6_2560x stock m270_4xobj_2_grid_r1_c7.png,6408,1,235,140,8.0,1
33,6_2560x stock m270_4xobj_2_grid_r1_c7.png,6409,1,114,85,31.5,3
33,6_2560x stock m270_4xobj_2_grid_r1_c7.png,6410,1,276,385,31.5,3
33,6_2560x stock m270_4xobj_2_grid_r1_c7.png,6411,1,147,358,31.5,3
33,6_2560x stock m270_4xobj_2_grid_r1_c7.png,6412,1,101,307,31.5,3
33,6_2560x stock m270_4xobj_2_grid_r1_c7.png,6413,1,125,245,31.5,3
33,6_2560x stock m270_4xobj_2_grid_r1_c7.png,6414,1,202,460,31.5,3
33,6_2560x stock m270_4xobj_2_grid_r1_c7.png,6415,1,97,403,8.0,1
33,6_2560x stock m270_4xobj_2_grid_r1_c7.png,6416,1,17,490,31.5,3
34,6_2560x stock m270_4xobj_2_grid_r2_c0.png,6417,1,204,79,74.5,4
34,6_2560x stock m270_4xobj_2_grid_r2_c0.png,6418,1,124,277,74.5,4
34,6_2560x stock m270_4xobj_2_grid_r2_c0.png,6419,1,496,272,46.0,3
34,6_2560x stock m270_4xobj_2_grid_r2_c0.png,6420,1,390,253,46.0,3
34,6_2560x stock m270_4xobj_2_grid_r2_c0.png,6421,1,410,133,31.5,3
34,6_2560x stock m270_4xobj_2_grid_r2_c0.png,6422,1,403,88,46.0,3
34,6_2560x stock m270_4xobj_2_grid_r2_c0.png,6423,1,436,82,46.0,3
34,6_2560x stock m270_4xobj_2_grid_r2_c0.png,6424,1,500,74,46.0,3
34,6_2560x stock m270_4xobj_2_grid_r2_c0.png,6425,1,500,457,46.0,3
34,6_2560x stock m270_4xobj_2_grid_r2_c0.png,6426,1,243,422,46.0,3
34,6_2560x stock m270_4xobj_2_grid_r2_c0.png,6427,1,458,363,46.0,3
34,6_2560x stock m270_4xobj_2_grid_r2_c0.png,6428,1,472,297,46.0,3
34,6_2560x stock m270_4xobj_2_grid_r2_c0.png,6429,1,389,177,46.0,3
34,6_2560x stock m270_4xobj_2_grid_r2_c0.png,6430,1,477,159,46.0,3
34,6_2560x stock m270_4xobj_2_grid_r2_c0.png,6431,1,477,134,46.0,3
34,6_2560x stock m270_4xobj_2_grid_r2_c0.png,6432,1,314,134,46.0,3
34,6_2560x stock m270_4xobj_2_grid_r2_c0.png,6433,1,241,119,46.0,3
34,6_2560x stock m270_4xobj_2_grid_r2_c0.png,6434,1,279,99,46.0,3
34,6_2560x stock m270_4xobj_2_grid_r2_c0.png,6435,1,371,83,46.0,3
34,6_2560x stock m270_4xobj_2_grid_r2_c0.png,6436,1,362,74,46.0,3
34,6_2560x stock m270_4xobj_2_grid_r2_c0.png,6437,1,234,70,46.0,3
34,6_2560x stock m270_4xobj_2_grid_r2_c0.png,6438,1,405,47,46.0,3
34,6_2560x stock m270_4xobj_2_grid_r2_c0.png,6439,1,328,26,46.0,3
34,6_2560x stock m270_4xobj_2_grid_r2_c0.png,6440,1,428,480,46.0,3
34,6_2560x stock m270_4xobj_2_grid_r2_c0.png,6441,1,458,480,46.0,3
34,6_2560x stock m270_4xobj_2_grid_r2_c0.png,6442,1,219,465,31.5,3
34,6_2560x stock m270_4xobj_2_grid_r2_c0.png,6443,1,379,456,31.5,3
34,6_2560x stock m270_4xobj_2_grid_r2_c0.png,6444,1,433,442,46.0,3
34,6_2560x stock m270_4xobj_2_grid_r2_c0.png,6445,1,339,430,46.0,3
34,6_2560x stock m270_4xobj_2_grid_r2_c0.png,6446,1,498,394,31.5,3
34,6_2560x stock m270_4xobj_2_grid_r2_c0.png,6447,1,450,339,74.5,4
34,6_2560x stock m270_4xobj_2_grid_r2_c0.png,6448,1,392,332,46.0,3
34,6_2560x stock m270_4xobj_2_grid_r2_c0.png,6449,1,219,251,46.0,3
34,6_2560x stock m270_4xobj_2_grid_r2_c0.png,6450,1,295,243,46.0,3
34,6_2560x stock m270_4xobj_2_grid_r2_c0.png,6451,1,488,224,46.0,3
34,6_2560x stock m270_4xobj_2_grid_r2_c0.png,6452,1,184,186,31.5,3
34,6_2560x stock m270_4xobj_2_grid_r2_c0.png,6453,1,253,176,46.0,3
34,6_2560x stock m270_4xobj_2_grid_r2_c0.png,6454,1,289,168,46.0,3
34,6_2560x stock m270_4xobj_2_grid_r2_c0.png,6455,1,69,143,46.0,3
34,6_2560x stock m270_4xobj_2_grid_r2_c0.png,6456,1,172,138,46.0,3
34,6_2560x stock m270_4xobj_2_grid_r2_c0.png,6457,1,233,127,46.0,3
34,6_2560x stock m270_4xobj_2_grid_r2_c0.png,6458,1,277,123,46.0,3
34,6_2560x stock m270_4xobj_2_grid_r2_c0.png,6459,1,214,91,46.0,3
34,6_2560x stock m270_4xobj_2_grid_r2_c0.png,6460,1,170,35,46.0,3
34,6_2560x stock m270_4xobj_2_grid_r2_c0.png,6461,1,398,501,46.0,3
34,6_2560x stock m270_4xobj_2_grid_r2_c0.png,6462,1,310,496,46.0,3
34,6_2560x stock m270_4xobj_2_grid_r2_c0.png,6463,1,405,488,147.5,6
34,6_2560x stock m270_4xobj_2_grid_r2_c0.png,6464,1,180,475,31.5,3
34,6_2560x stock m270_4xobj_2_grid_r2_c0.png,6465,1,329,411,46.0,3
34,6_2560x stock m270_4xobj_2_grid_r2_c0.png,6466,1,133,349,31.5,3
34,6_2560x stock m270_4xobj_2_grid_r2_c0.png,6467,1,244,348,46.0,3
34,6_2560x stock m270_4xobj_2_grid_r2_c0.png,6468,1,68,330,46.0,3
34,6_2560x stock m270_4xobj_2_grid_r2_c0.png,6469,1,135,331,104.0,5
34,6_2560x stock m270_4xobj_2_grid_r2_c0.png,6470,1,77,288,46.0,3
34,6_2560x stock m270_4xobj_2_grid_r2_c0.png,6471,1,243,250,46.0,3
34,6_2560x stock m270_4xobj_2_grid_r2_c0.png,6472,1,200,248,46.0,3
34,6_2560x stock m270_4xobj_2_grid_r2_c0.png,6473,1,114,196,46.0,3
34,6_2560x stock m270_4xobj_2_grid_r2_c0.png,6474,1,95,167,31.5,3
34,6_2560x stock m270_4xobj_2_grid_r2_c0.png,6475,1,127,153,46.0,3
34,6_2560x stock m270_4xobj_2_grid_r2_c0.png,6476,1,30,151,46.0,3
34,6_2560x stock m270_4xobj_2_grid_r2_c0.png,6477,1,296,102,74.5,4
34,6_2560x stock m270_4xobj_2_grid_r2_c0.png,6478,1,59,72,46.0,3
34,6_2560x stock m270_4xobj_2_grid_r2_c0.png,6479,1,81,443,31.5,3
34,6_2560x stock m270_4xobj_2_grid_r2_c0.png,6480,1,142,357,46.0,3
34,6_2560x stock m270_4xobj_2_grid_r2_c0.png,6481,1,45,290,46.0,3
34,6_2560x stock m270_4xobj_2_grid_r2_c0.png,6482,1,65,278,46.0,3
34,6_2560x stock m270_4xobj_2_grid_r2_c0.png,6483,1,34,245,46.0,3
34,6_2560x stock m270_4xobj_2_grid_r2_c0.png,6484,1,148,220,46.0,3
34,6_2560x stock m270_4xobj_2_grid_r2_c0.png,6485,1,18,169,31.5,3
34,6_2560x stock m270_4xobj_2_grid_r2_c0.png,6486,1,37,164,31.5,3
34,6_2560x stock m270_4xobj_2_grid_r2_c0.png,6487,1,11,17,31.5,3
34,6_2560x stock m270_4xobj_2_grid_r2_c0.png,6488,1,120,496,46.0,3
34,6_2560x stock m270_4xobj_2_grid_r2_c0.png,6489,1,26,437,74.5,4
34,6_2560x stock m270_4xobj_2_grid_r2_c0.png,6490,1,5,409,31.5,3
34,6_2560x stock m270_4xobj_2_grid_r2_c0.png,6491,1,351,234,46.0,3
34,6_2560x stock m270_4xobj_2_grid_r2_c0.png,6492,1,116,48,31.5,3
34,6_2560x stock m270_4xobj_2_grid_r2_c0.png,6493,1,56,32,46.0,3
34,6_2560x stock m270_4xobj_2_grid_r2_c0.png,6494,1,106,319,74.5,4
34,6_2560x stock m270_4xobj_2_grid_r2_c0.png,6495,1,91,310,46.0,3
34,6_2560x stock m270_4xobj_2_grid_r2_c0.png,6496,1,322,241,74.5,4
35,6_2560x stock m270_4xobj_2_grid_r2_c1.png,6497,1,422,367,147.5,6
35,6_2560x stock m270_4xobj_2_grid_r2_c1.png,6498,1,337,45,147.5,6
35,6_2560x stock m270_4xobj_2_grid_r2_c1.png,6499,1,412,445,147.5,6
35,6_2560x stock m270_4xobj_2_grid_r2_c1.png,6500,1,468,416,46.0,3
35,6_2560x stock m270_4xobj_2_grid_r2_c1.png,6501,1,469,270,46.0,3
35,6_2560x stock m270_4xobj_2_grid_r2_c1.png,6502,1,353,176,31.5,3
35,6_2560x stock m270_4xobj_2_grid_r2_c1.png,6503,1,259,60,31.5,3
35,6_2560x stock m270_4xobj_2_grid_r2_c1.png,6504,1,500,36,46.0,3
35,6_2560x stock m270_4xobj_2_grid_r2_c1.png,6505,1,295,389,31.5,3
35,6_2560x stock m270_4xobj_2_grid_r2_c1.png,6506,1,445,387,46.0,3
35,6_2560x stock m270_4xobj_2_grid_r2_c1.png,6507,1,501,362,46.0,3
35,6_2560x stock m270_4xobj_2_grid_r2_c1.png,6508,1,507,343,46.0,3
35,6_2560x stock m270_4xobj_2_grid_r2_c1.png,6509,1,316,268,46.0,3
35,6_2560x stock m270_4xobj_2_grid_r2_c1.png,6510,1,473,255,46.0,3
35,6_2560x stock m270_4xobj_2_grid_r2_c1.png,6511,1,427,208,46.0,3
35,6_2560x stock m270_4xobj_2_grid_r2_c1.png,6512,1,331,192,46.0,3
35,6_2560x stock m270_4xobj_2_grid_r2_c1.png,6513,1,464,148,46.0,3
35,6_2560x stock m270_4xobj_2_grid_r2_c1.png,6514,1,446,138,46.0,3
35,6_2560x stock m270_4xobj_2_grid_r2_c1.png,6515,1,164,106,46.0,3
35,6_2560x stock m270_4xobj_2_grid_r2_c1.png,6516,1,60,88,46.0,3
35,6_2560x stock m270_4xobj_2_grid_r2_c1.png,6517,1,360,495,46.0,3
35,6_2560x stock m270_4xobj_2_grid_r2_c1.png,6518,1,471,479,46.0,3
35,6_2560x stock m270_4xobj_2_grid_r2_c1.png,6519,1,497,468,31.5,3
35,6_2560x stock m270_4xobj_2_grid_r2_c1.png,6520,1,486,465,46.0,3
35,6_2560x stock m270_4xobj_2_grid_r2_c1.png,6521,1,381,458,46.0,3
35,6_2560x stock m270_4xobj_2_grid_r2_c1.png,6522,1,497,443,46.0,3
35,6_2560x stock m270_4xobj_2_grid_r2_c1.png,6523,1,246,397,46.0,3
35,6_2560x stock m270_4xobj_2_grid_r2_c1.png,6524,1,441,370,46.0,3
35,6_2560x stock m270_4xobj_2_grid_r2_c1.png,6525,1,386,345,46.0,3
35,6_2560x stock m270_4xobj_2_grid_r2_c1.png,6526,1,407,288,46.0,3
35,6_2560x stock m270_4xobj_2_grid_r2_c1.png,6527,1,328,285,46.0,3
35,6_2560x stock m270_4xobj_2_grid_r2_c1.png,6528,1,295,281,46.0,3
35,6_2560x stock m270_4xobj_2_grid_r2_c1.png,6529,1,260,248,46.0,3
35,6_2560x stock m270_4xobj_2_grid_r2_c1.png,6530,1,384,230,46.0,3
35,6_2560x stock m270_4xobj_2_grid_r2_c1.png,6531,1,398,210,46.0,3
35,6_2560x stock m270_4xobj_2_grid_r2_c1.png,6532,1,283,188,46.0,3
35,6_2560x stock m270_4xobj_2_grid_r2_c1.png,6533,1,276,180,31.5,3
35,6_2560x stock m270_4xobj_2_grid_r2_c1.png,6534,1,233,165,46.0,3
35,6_2560x stock m270_4xobj_2_grid_r2_c1.png,6535,1,303,137,46.0,3
35,6_2560x stock m270_4xobj_2_grid_r2_c1.png,6536,1,237,122,46.0,3
35,6_2560x stock m270_4xobj_2_grid_r2_c1.png,6537,1,231,81,46.0,3
35,6_2560x stock m270_4xobj_2_grid_r2_c1.png,6538,1,253,80,46.0,3
35,6_2560x stock m270_4xobj_2_grid_r2_c1.png,6539,1,187,65,46.0,3
35,6_2560x stock m270_4xobj_2_grid_r2_c1.png,6540,1,408,63,46.0,3
35,6_2560x stock m270_4xobj_2_grid_r2_c1.png,6541,1,220,31,46.0,3
35,6_2560x stock m270_4xobj_2_grid_r2_c1.png,6542,1,396,27,46.0,3
35,6_2560x stock m270_4xobj_2_grid_r2_c1.png,6543,1,153,480,46.0,3
35,6_2560x stock m270_4xobj_2_grid_r2_c1.png,6544,1,259,462,46.0,3
35,6_2560x stock m270_4xobj_2_grid_r2_c1.png,6545,1,56,442,31.5,3
35,6_2560x stock m270_4xobj_2_grid_r2_c1.png,6546,1,341,435,46.0,3
35,6_2560x stock m270_4xobj_2_grid_r2_c1.png,6547,1,71,415,46.0,3
35,6_2560x stock m270_4xobj_2_grid_r2_c1.png,6548,1,137,405,46.0,3
35,6_2560x stock m270_4xobj_2_grid_r2_c1.png,6549,1,162,388,46.0,3
35,6_2560x stock m270_4xobj_2_grid_r2_c1.png,6550,1,463,364,46.0,3
35,6_2560x stock m270_4xobj_2_grid_r2_c1.png,6551,1,151,357,46.0,3
35,6_2560x stock m270_4xobj_2_grid_r2_c1.png,6552,1,96,327,46.0,3
35,6_2560x stock m270_4xobj_2_grid_r2_c1.png,6553,1,186,293,46.0,3
35,6_2560x stock m270_4xobj_2_grid_r2_c1.png,6554,1,21,272,46.0,3
35,6_2560x stock m270_4xobj_2_grid_r2_c1.png,6555,1,190,212,46.0,3
35,6_2560x stock m270_4xobj_2_grid_r2_c1.png,6556,1,118,211,46.0,3
35,6_2560x stock m270_4xobj_2_grid_r2_c1.png,6557,1,2,159,27.0,2
35,6_2560x stock m270_4xobj_2_grid_r2_c1.png,6558,1,54,150,46.0,3
35,6_2560x stock m270_4xobj_2_grid_r2_c1.png,6559,1,208,144,46.0,3
35,6_2560x stock m270_4xobj_2_grid_r2_c1.png,6560,1,84,99,46.0,3
35,6_2560x stock m270_4xobj_2_grid_r2_c1.png,6561,1,64,76,46.0,3
35,6_2560x stock m270_4xobj_2_grid_r2_c1.png,6562,1,114,488,46.0,3
35,6_2560x stock m270_4xobj_2_grid_r2_c1.png,6563,1,67,459,46.0,3
35,6_2560x stock m270_4xobj_2_grid_r2_c1.png,6564,1,25,457,46.0,3
35,6_2560x stock m270_4xobj_2_grid_r2_c1.png,6565,1,161,413,46.0,3
35,6_2560x stock m270_4xobj_2_grid_r2_c1.png,6566,1,62,397,46.0,3
35,6_2560x stock m270_4xobj_2_grid_r2_c1.png,6567,1,23,394,31.5,3
35,6_2560x stock m270_4xobj_2_grid_r2_c1.png,6568,1,347,252,46.0,3
35,6_2560x stock m270_4xobj_2_grid_r2_c1.png,6569,1,131,251,46.0,3
35,6_2560x stock m270_4xobj_2_grid_r2_c1.png,6570,1,141,143,46.0,3
35,6_2560x stock m270_4xobj_2_grid_r2_c1.png,6571,1,25,74,46.0,3
35,6_2560x stock m270_4xobj_2_grid_r2_c1.png,6572,1,13,224,46.0,3
35,6_2560x stock m270_4xobj_2_grid_r2_c1.png,6573,1,299,441,31.5,3
36,6_2560x stock m270_4xobj_4_grid_r0_c1.png,6574,1,341,225,31.5,3
36,6_2560x stock m270_4xobj_4_grid_r0_c1.png,6575,1,460,31,46.0,3
36,6_2560x stock m270_4xobj_4_grid_r0_c1.png,6576,1,424,250,46.0,3
36,6_2560x stock m270_4xobj_4_grid_r0_c1.png,6577,1,312,84,31.5,3
36,6_2560x stock m270_4xobj_4_grid_r0_c1.png,6578,1,324,74,46.0,3
36,6_2560x stock m270_4xobj_4_grid_r0_c1.png,6579,1,256,41,46.0,3
36,6_2560x stock m270_4xobj_4_grid_r0_c1.png,6580,1,488,506,31.5,3
36,6_2560x stock m270_4xobj_4_grid_r0_c1.png,6581,1,370,306,46.0,3
36,6_2560x stock m270_4xobj_4_grid_r0_c1.png,6582,1,92,302,31.5,3
36,6_2560x stock m270_4xobj_4_grid_r0_c1.png,6583,1,296,300,46.0,3
36,6_2560x stock m270_4xobj_4_grid_r0_c1.png,6584,1,349,295,46.0,3
36,6_2560x stock m270_4xobj_4_grid_r0_c1.png,6585,1,175,242,31.5,3
36,6_2560x stock m270_4xobj_4_grid_r0_c1.png,6586,1,169,233,31.5,3
36,6_2560x stock m270_4xobj_4_grid_r0_c1.png,6587,1,251,201,31.5,3
36,6_2560x stock m270_4xobj_4_grid_r0_c1.png,6588,1,288,195,46.0,3
36,6_2560x stock m270_4xobj_4_grid_r0_c1.png,6589,1,428,167,46.0,3
36,6_2560x stock m270_4xobj_4_grid_r0_c1.png,6590,1,372,142,46.0,3
36,6_2560x stock m270_4xobj_4_grid_r0_c1.png,6591,1,235,87,46.0,3
36,6_2560x stock m270_4xobj_4_grid_r0_c1.png,6592,1,45,53,31.5,3
36,6_2560x stock m270_4xobj_4_grid_r0_c1.png,6593,1,79,51,31.5,3
36,6_2560x stock m270_4xobj_4_grid_r0_c1.png,6594,1,108,26,74.5,4
36,6_2560x stock m270_4xobj_4_grid_r0_c1.png,6595,1,316,440,46.0,3
36,6_2560x stock m270_4xobj_4_grid_r0_c1.png,6596,1,211,427,46.0,3
36,6_2560x stock m270_4xobj_4_grid_r0_c1.png,6597,1,426,403,46.0,3
36,6_2560x stock m270_4xobj_4_grid_r0_c1.png,6598,1,409,382,46.0,3
36,6_2560x stock m270_4xobj_4_grid_r0_c1.png,6599,1,49,364,46.0,3
36,6_2560x stock m270_4xobj_4_grid_r0_c1.png,6600,1,103,331,46.0,3
36,6_2560x stock m270_4xobj_4_grid_r0_c1.png,6601,1,175,148,46.0,3
36,6_2560x stock m270_4xobj_4_grid_r0_c1.png,6602,1,52,138,46.0,3
36,6_2560x stock m270_4xobj_4_grid_r0_c1.png,6603,1,177,456,74.5,4
36,6_2560x stock m270_4xobj_4_grid_r0_c1.png,6604,1,108,416,46.0,3
36,6_2560x stock m270_4xobj_4_grid_r0_c1.png,6605,1,16,358,46.0,3
36,6_2560x stock m270_4xobj_4_grid_r0_c1.png,6606,1,100,287,46.0,3
36,6_2560x stock m270_4xobj_4_grid_r0_c1.png,6607,1,3,258,31.5,3
36,6_2560x stock m270_4xobj_4_grid_r0_c1.png,6608,1,176,228,46.0,3
36,6_2560x stock m270_4xobj_4_grid_r0_c1.png,6609,1,24,411,74.5,4
36,6_2560x stock m270_4xobj_4_grid_r0_c1.png,6610,1,99,405,46.0,3
36,6_2560x stock m270_4xobj_4_grid_r0_c1.png,6611,1,414,355,74.5,4
36,6_2560x stock m270_4xobj_4_grid_r0_c1.png,6612,1,496,36,31.5,3
36,6_2560x stock m270_4xobj_4_grid_r0_c1.png,6613,1,485,109,31.5,3
36,6_2560x stock m270_4xobj_4_grid_r0_c1.png,6614,1,211,330,8.0,1
36,6_2560x stock m270_4xobj_4_grid_r0_c1.png,6615,1,48,121,8.0,1
37,6_2560x stock m270_4xobj_4_grid_r0_c2.png,6616,1,426,253,46.0,3
37,6_2560x stock m270_4xobj_4_grid_r0_c2.png,6617,1,258,194,31.5,3
37,6_2560x stock m270_4xobj_4_grid_r0_c2.png,6618,1,320,185,46.0,3
37,6_2560x stock m270_4xobj_4_grid_r0_c2.png,6619,1,418,184,31.5,3
37,6_2560x stock m270_4xobj_4_grid_r0_c2.png,6620,1,384,66,46.0,3
37,6_2560x stock m270_4xobj_4_grid_r0_c2.png,6621,1,287,56,46.0,3
37,6_2560x stock m270_4xobj_4_grid_r0_c2.png,6622,1,292,34,46.0,3
37,6_2560x stock m270_4xobj_4_grid_r0_c2.png,6623,1,161,32,46.0,3
37,6_2560x stock m270_4xobj_4_grid_r0_c2.png,6624,1,374,18,74.5,4
37,6_2560x stock m270_4xobj_4_grid_r0_c2.png,6625,1,335,404,46.0,3
37,6_2560x stock m270_4xobj_4_grid_r0_c2.png,6626,1,458,306,46.0,3
37,6_2560x stock m270_4xobj_4_grid_r0_c2.png,6627,1,285,262,46.0,3
37,6_2560x stock m270_4xobj_4_grid_r0_c2.png,6628,1,178,241,46.0,3
37,6_2560x stock m270_4xobj_4_grid_r0_c2.png,6629,1,135,184,46.0,3
37,6_2560x stock m270_4xobj_4_grid_r0_c2.png,6630,1,326,147,46.0,3
37,6_2560x stock m270_4xobj_4_grid_r0_c2.png,6631,1,249,131,46.0,3
37,6_2560x stock m270_4xobj_4_grid_r0_c2.png,6632,1,109,21,46.0,3
37,6_2560x stock m270_4xobj_4_grid_r0_c2.png,6633,1,467,16,46.0,3
37,6_2560x stock m270_4xobj_4_grid_r0_c2.png,6634,1,157,7,46.0,3
37,6_2560x stock m270_4xobj_4_grid_r0_c2.png,6635,1,322,464,46.0,3
37,6_2560x stock m270_4xobj_4_grid_r0_c2.png,6636,1,499,442,46.0,3
37,6_2560x stock m270_4xobj_4_grid_r0_c2.png,6637,1,149,360,46.0,3
37,6_2560x stock m270_4xobj_4_grid_r0_c2.png,6638,1,95,303,46.0,3
37,6_2560x stock m270_4xobj_4_grid_r0_c2.png,6639,1,37,287,46.0,3
37,6_2560x stock m270_4xobj_4_grid_r0_c2.png,6640,1,219,176,46.0,3
37,6_2560x stock m270_4xobj_4_grid_r0_c2.png,6641,1,313,161,46.0,3
37,6_2560x stock m270_4xobj_4_grid_r0_c2.png,6642,1,466,508,26.5,2
37,6_2560x stock m270_4xobj_4_grid_r0_c2.png,6643,1,259,482,46.0,3
37,6_2560x stock m270_4xobj_4_grid_r0_c2.png,6644,1,183,447,46.0,3
37,6_2560x stock m270_4xobj_4_grid_r0_c2.png,6645,1,168,412,46.0,3
37,6_2560x stock m270_4xobj_4_grid_r0_c2.png,6646,1,330,318,46.0,3
37,6_2560x stock m270_4xobj_4_grid_r0_c2.png,6647,1,490,213,104.0,5
37,6_2560x stock m270_4xobj_4_grid_r0_c2.png,6648,1,97,112,46.0,3
37,6_2560x stock m270_4xobj_4_grid_r0_c2.png,6649,1,13,506,46.0,3
37,6_2560x stock m270_4xobj_4_grid_r0_c2.png,6650,1,189,138,46.0,3
37,6_2560x stock m270_4xobj_4_grid_r0_c2.png,6651,1,66,375,46.0,3
37,6_2560x stock m270_4xobj_4_grid_r0_c2.png,6652,1,34,26,46.0,3
37,6_2560x stock m270_4xobj_4_grid_r0_c2.png,6653,1,21,36,31.5,3
37,6_2560x stock m270_4xobj_4_grid_r0_c2.png,6654,1,18,15,31.5,3
38,6_2560x stock m270_4xobj_4_grid_r0_c3.png,6655,1,90,201,31.5,3
38,6_2560x stock m270_4xobj_4_grid_r0_c3.png,6656,1,429,98,31.5,3
38,6_2560x stock m270_4xobj_4_grid_r0_c3.png,6657,1,154,66,46.0,3
38,6_2560x stock m270_4xobj_4_grid_r0_c3.png,6658,1,106,66,46.0,3
38,6_2560x stock m270_4xobj_4_grid_r0_c3.png,6659,1,331,48,31.5,3
38,6_2560x stock m270_4xobj_4_grid_r0_c3.png,6660,1,151,3,31.5,3
38,6_2560x stock m270_4xobj_4_grid_r0_c3.png,6661,1,347,505,135.5,6
38,6_2560x stock m270_4xobj_4_grid_r0_c3.png,6662,1,352,306,46.0,3
38,6_2560x stock m270_4xobj_4_grid_r0_c3.png,6663,1,104,275,46.0,3
38,6_2560x stock m270_4xobj_4_grid_r0_c3.png,6664,1,151,263,46.0,3
38,6_2560x stock m270_4xobj_4_grid_r0_c3.png,6665,1,227,241,46.0,3
38,6_2560x stock m270_4xobj_4_grid_r0_c3.png,6666,1,125,204,46.0,3
38,6_2560x stock m270_4xobj_4_grid_r0_c3.png,6667,1,239,198,46.0,3
38,6_2560x stock m270_4xobj_4_grid_r0_c3.png,6668,1,311,180,46.0,3
38,6_2560x stock m270_4xobj_4_grid_r0_c3.png,6669,1,465,177,46.0,3
38,6_2560x stock m270_4xobj_4_grid_r0_c3.png,6670,1,248,142,46.0,3
38,6_2560x stock m270_4xobj_4_grid_r0_c3.png,6671,1,340,126,74.5,4
38,6_2560x stock m270_4xobj_4_grid_r0_c3.png,6672,1,49,81,46.0,3
38,6_2560x stock m270_4xobj_4_grid_r0_c3.png,6673,1,370,408,46.0,3
38,6_2560x stock m270_4xobj_4_grid_r0_c3.png,6674,1,333,396,46.0,3
38,6_2560x stock m270_4xobj_4_grid_r0_c3.png,6675,1,259,300,46.0,3
38,6_2560x stock m270_4xobj_4_grid_r0_c3.png,6676,1,35,197,74.5,4
38,6_2560x stock m270_4xobj_4_grid_r0_c3.png,6677,1,113,505,31.5,3
38,6_2560x stock m270_4xobj_4_grid_r0_c3.png,6678,1,114,490,31.5,3
38,6_2560x stock m270_4xobj_4_grid_r0_c3.png,6679,1,283,473,46.0,3
38,6_2560x stock m270_4xobj_4_grid_r0_c3.png,6680,1,280,457,74.5,4
38,6_2560x stock m270_4xobj_4_grid_r0_c3.png,6681,1,308,437,46.0,3
38,6_2560x stock m270_4xobj_4_grid_r0_c3.png,6682,1,170,360,46.0,3
38,6_2560x stock m270_4xobj_4_grid_r0_c3.png,6683,1,188,346,74.5,4
38,6_2560x stock m270_4xobj_4_grid_r0_c3.png,6684,1,24,442,46.0,3
38,6_2560x stock m270_4xobj_4_grid_r0_c3.png,6685,1,311,421,46.0,3
38,6_2560x stock m270_4xobj_4_grid_r0_c3.png,6686,1,200,402,46.0,3
38,6_2560x stock m270_4xobj_4_grid_r0_c3.png,6687,1,320,332,46.0,3
38,6_2560x stock m270_4xobj_4_grid_r0_c3.png,6688,1,15,213,104.0,5
38,6_2560x stock m270_4xobj_4_grid_r0_c3.png,6689,1,418,5,31.5,3
38,6_2560x stock m270_4xobj_4_grid_r0_c3.png,6690,1,173,20,31.5,3
38,6_2560x stock m270_4xobj_4_grid_r0_c3.png,6691,1,34,357,31.5,3
38,6_2560x stock m270_4xobj_4_grid_r0_c3.png,6692,1,385,76,31.5,3
38,6_2560x stock m270_4xobj_4_grid_r0_c3.png,6693,1,371,391,74.5,4
38,6_2560x stock m270_4xobj_4_grid_r0_c3.png,6694,1,243,92,31.5,3
39,6_2560x stock m270_4xobj_4_grid_r0_c4.png,6695,1,317,322,46.0,3
39,6_2560x stock m270_4xobj_4_grid_r0_c4.png,6696,1,484,263,46.0,3
39,6_2560x stock m270_4xobj_4_grid_r0_c4.png,6697,1,265,223,46.0,3
39,6_2560x stock m270_4xobj_4_grid_r0_c4.png,6698,1,497,187,74.5,4
39,6_2560x stock m270_4xobj_4_grid_r0_c4.png,6699,1,416,155,46.0,3
39,6_2560x stock m270_4xobj_4_grid_r0_c4.png,6700,1,388,122,46.0,3
39,6_2560x stock m270_4xobj_4_grid_r0_c4.png,6701,1,503,84,46.0,3
39,6_2560x stock m270_4xobj_4_grid_r0_c4.png,6702,1,291,64,74.5,4
39,6_2560x stock m270_4xobj_4_grid_r0_c4.png,6703,1,421,61,46.0,3
39,6_2560x stock m270_4xobj_4_grid_r0_c4.png,6704,1,54,35,74.5,4
39,6_2560x stock m270_4xobj_4_grid_r0_c4.png,6705,1,480,20,104.0,5
39,6_2560x stock m270_4xobj_4_grid_r0_c4.png,6706,1,132,8,46.0,3
39,6_2560x stock m270_4xobj_4_grid_r0_c4.png,6707,1,507,456,46.0,3
39,6_2560x stock m270_4xobj_4_grid_r0_c4.png,6708,1,424,427,31.5,3
39,6_2560x stock m270_4xobj_4_grid_r0_c4.png,6709,1,261,391,104.0,5
39,6_2560x stock m270_4xobj_4_grid_r0_c4.png,6710,1,261,357,74.5,4
39,6_2560x stock m270_4xobj_4_grid_r0_c4.png,6711,1,338,356,74.5,4
39,6_2560x stock m270_4xobj_4_grid_r0_c4.png,6712,1,466,287,46.0,3
39,6_2560x stock m270_4xobj_4_grid_r0_c4.png,6713,1,421,270,46.0,3
39,6_2560x stock m270_4xobj_4_grid_r0_c4.png,6714,1,143,224,46.0,3
39,6_2560x stock m270_4xobj_4_grid_r0_c4.png,6715,1,323,203,74.5,4
39,6_2560x stock m270_4xobj_4_grid_r0_c4.png,6716,1,168,122,74.5,4
39,6_2560x stock m270_4xobj_4_grid_r0_c4.png,6717,1,450,102,74.5,4
39,6_2560x stock m270_4xobj_4_grid_r0_c4.png,6718,1,60,60,46.0,3
39,6_2560x stock m270_4xobj_4_grid_r0_c4.png,6719,1,423,466,46.0,3
39,6_2560x stock m270_4xobj_4_grid_r0_c4.png,6720,1,228,217,74.5,4
39,6_2560x stock m270_4xobj_4_grid_r0_c4.png,6721,1,66,87,46.0,3
39,6_2560x stock m270_4xobj_4_grid_r0_c4.png,6722,1,452,410,46.0,3
39,6_2560x stock m270_4xobj_4_grid_r0_c4.png,6723,1,102,387,46.0,3
39,6_2560x stock m270_4xobj_4_grid_r0_c4.png,6724,1,417,366,46.0,3
39,6_2560x stock m270_4xobj_4_grid_r0_c4.png,6725,1,139,452,46.0,3
39,6_2560x stock m270_4xobj_4_grid_r0_c4.png,6726,1,91,449,46.0,3
39,6_2560x stock m270_4xobj_4_grid_r0_c4.png,6727,1,47,3,43.0,3
39,6_2560x stock m270_4xobj_4_grid_r0_c4.png,6728,1,247,213,8.0,1
39,6_2560x stock m270_4xobj_4_grid_r0_c4.png,6729,1,217,43,31.5,3
39,6_2560x stock m270_4xobj_4_grid_r0_c4.png,6730,1,223,7,31.5,3
39,6_2560x stock m270_4xobj_4_grid_r0_c4.png,6731,1,387,263,31.5,3
39,6_2560x stock m270_4xobj_4_grid_r0_c4.png,6732,1,453,221,31.5,3
39,6_2560x stock m270_4xobj_4_grid_r0_c4.png,6733,1,339,145,8.0,1
39,6_2560x stock m270_4xobj_4_grid_r0_c4.png,6734,1,232,135,31.5,3
39,6_2560x stock m270_4xobj_4_grid_r0_c4.png,6735,1,225,64,31.5,3
39,6_2560x stock m270_4xobj_4_grid_r0_c4.png,6736,1,271,19,8.0,1
39,6_2560x stock m270_4xobj_4_grid_r0_c4.png,6737,1,147,23,8.0,1
39,6_2560x stock m270_4xobj_4_grid_r0_c4.png,6738,1,381,391,31.5,3
39,6_2560x stock m270_4xobj_4_grid_r0_c4.png,6739,1,363,314,31.5,3
39,6_2560x stock m270_4xobj_4_grid_r0_c4.png,6740,1,310,293,8.0,1
39,6_2560x stock m270_4xobj_4_grid_r0_c4.png,6741,1,354,243,8.0,1
39,6_2560x stock m270_4xobj_4_grid_r0_c4.png,6742,1,212,178,31.5,3
39,6_2560x stock m270_4xobj_4_grid_r0_c4.png,6743,1,212,118,8.0,1
39,6_2560x stock m270_4xobj_4_grid_r0_c4.png,6744,1,192,89,8.0,1
39,6_2560x stock m270_4xobj_4_grid_r0_c4.png,6745,1,148,84,31.5,3
39,6_2560x stock m270_4xobj_4_grid_r0_c4.png,6746,1,113,82,31.5,3
39,6_2560x stock m270_4xobj_4_grid_r0_c4.png,6747,1,408,500,8.0,1
39,6_2560x stock m270_4xobj_4_grid_r0_c4.png,6748,1,458,492,31.5,3
39,6_2560x stock m270_4xobj_4_grid_r0_c4.png,6749,1,458,483,31.5,3
39,6_2560x stock m270_4xobj_4_grid_r0_c4.png,6750,1,172,281,31.5,3
40,6_2560x stock m270_4xobj_4_grid_r0_c5.png,6751,1,5,20,31.5,3
40,6_2560x stock m270_4xobj_4_grid_r0_c5.png,6752,1,81,64,46.0,3
40,6_2560x stock m270_4xobj_4_grid_r0_c5.png,6753,1,334,36,46.0,3
40,6_2560x stock m270_4xobj_4_grid_r0_c5.png,6754,1,376,385,46.0,3
40,6_2560x stock m270_4xobj_4_grid_r0_c5.png,6755,1,359,307,46.0,3
40,6_2560x stock m270_4xobj_4_grid_r0_c5.png,6756,1,280,298,46.0,3
40,6_2560x stock m270_4xobj_4_grid_r0_c5.png,6757,1,458,292,46.0,3
40,6_2560x stock m270_4xobj_4_grid_r0_c5.png,6758,1,344,281,46.0,3
40,6_2560x stock m270_4xobj_4_grid_r0_c5.png,6759,1,416,275,46.0,3
40,6_2560x stock m270_4xobj_4_grid_r0_c5.png,6760,1,9,263,74.5,4
40,6_2560x stock m270_4xobj_4_grid_r0_c5.png,6761,1,295,252,46.0,3
40,6_2560x stock m270_4xobj_4_grid_r0_c5.png,6762,1,165,233,31.5,3
40,6_2560x stock m270_4xobj_4_grid_r0_c5.png,6763,1,402,228,46.0,3
40,6_2560x stock m270_4xobj_4_grid_r0_c5.png,6764,1,73,229,31.5,3
40,6_2560x stock m270_4xobj_4_grid_r0_c5.png,6765,1,236,189,46.0,3
40,6_2560x stock m270_4xobj_4_grid_r0_c5.png,6766,1,22,187,74.5,4
40,6_2560x stock m270_4xobj_4_grid_r0_c5.png,6767,1,499,179,74.5,4
40,6_2560x stock m270_4xobj_4_grid_r0_c5.png,6768,1,104,175,46.0,3
40,6_2560x stock m270_4xobj_4_grid_r0_c5.png,6769,1,157,149,74.5,4
40,6_2560x stock m270_4xobj_4_grid_r0_c5.png,6770,1,233,122,46.0,3
40,6_2560x stock m270_4xobj_4_grid_r0_c5.png,6771,1,129,117,46.0,3
40,6_2560x stock m270_4xobj_4_grid_r0_c5.png,6772,1,463,105,31.5,3
40,6_2560x stock m270_4xobj_4_grid_r0_c5.png,6773,1,28,84,46.0,3
40,6_2560x stock m270_4xobj_4_grid_r0_c5.png,6774,1,339,475,46.0,3
40,6_2560x stock m270_4xobj_4_grid_r0_c5.png,6775,1,32,456,46.0,3
40,6_2560x stock m270_4xobj_4_grid_r0_c5.png,6776,1,143,448,31.5,3
40,6_2560x stock m270_4xobj_4_grid_r0_c5.png,6777,1,107,387,46.0,3
40,6_2560x stock m270_4xobj_4_grid_r0_c5.png,6778,1,64,364,31.5,3
40,6_2560x stock m270_4xobj_4_grid_r0_c5.png,6779,1,468,351,46.0,3
40,6_2560x stock m270_4xobj_4_grid_r0_c5.png,6780,1,274,317,31.5,3
40,6_2560x stock m270_4xobj_4_grid_r0_c5.png,6781,1,438,306,46.0,3
40,6_2560x stock m270_4xobj_4_grid_r0_c5.png,6782,1,133,296,46.0,3
40,6_2560x stock m270_4xobj_4_grid_r0_c5.png,6783,1,231,211,46.0,3
40,6_2560x stock m270_4xobj_4_grid_r0_c5.png,6784,1,212,175,46.0,3
40,6_2560x stock m270_4xobj_4_grid_r0_c5.png,6785,1,268,459,46.0,3
40,6_2560x stock m270_4xobj_4_grid_r0_c5.png,6786,1,394,431,74.5,4
40,6_2560x stock m270_4xobj_4_grid_r0_c5.png,6787,1,186,253,46.0,3
40,6_2560x stock m270_4xobj_4_grid_r0_c5.png,6788,1,300,202,74.5,4
40,6_2560x stock m270_4xobj_4_grid_r0_c5.png,6789,1,405,9,74.5,4
40,6_2560x stock m270_4xobj_4_grid_r0_c5.png,6790,1,154,501,74.5,4
40,6_2560x stock m270_4xobj_4_grid_r0_c5.png,6791,1,201,446,74.5,4
40,6_2560x stock m270_4xobj_4_grid_r0_c5.png,6792,1,170,445,46.0,3
40,6_2560x stock m270_4xobj_4_grid_r0_c5.png,6793,1,224,354,46.0,3
40,6_2560x stock m270_4xobj_4_grid_r0_c5.png,6794,1,184,325,74.5,4
40,6_2560x stock m270_4xobj_4_grid_r0_c5.png,6795,1,310,179,74.5,4
40,6_2560x stock m270_4xobj_4_grid_r0_c5.png,6796,1,249,436,31.5,3
40,6_2560x stock m270_4xobj_4_grid_r0_c5.png,6797,1,352,112,8.0,1
40,6_2560x stock m270_4xobj_4_grid_r0_c5.png,6798,1,352,189,8.0,1
41,6_2560x stock m270_4xobj_4_grid_r3_c1.png,6799,1,371,195,104.0,5
41,6_2560x stock m270_4xobj_4_grid_r3_c1.png,6800,1,83,155,74.5,4
41,6_2560x stock m270_4xobj_4_grid_r3_c1.png,6801,1,423,367,31.5,3
41,6_2560x stock m270_4xobj_4_grid_r3_c1.png,6802,1,494,290,46.0,3
41,6_2560x stock m270_4xobj_4_grid_r3_c1.png,6803,1,429,222,46.0,3
41,6_2560x stock m270_4xobj_4_grid_r3_c1.png,6804,1,452,185,46.0,3
41,6_2560x stock m270_4xobj_4_grid_r3_c1.png,6805,1,417,101,46.0,3
41,6_2560x stock m270_4xobj_4_grid_r3_c1.png,6806,1,418,55,46.0,3
41,6_2560x stock m270_4xobj_4_grid_r3_c1.png,6807,1,287,13,46.0,3
41,6_2560x stock m270_4xobj_4_grid_r3_c1.png,6808,1,449,497,46.0,3
41,6_2560x stock m270_4xobj_4_grid_r3_c1.png,6809,1,430,357,46.0,3
41,6_2560x stock m270_4xobj_4_grid_r3_c1.png,6810,1,331,346,46.0,3
41,6_2560x stock m270_4xobj_4_grid_r3_c1.png,6811,1,155,317,31.5,3
41,6_2560x stock m270_4xobj_4_grid_r3_c1.png,6812,1,100,307,46.0,3
41,6_2560x stock m270_4xobj_4_grid_r3_c1.png,6813,1,303,275,46.0,3
41,6_2560x stock m270_4xobj_4_grid_r3_c1.png,6814,1,378,263,46.0,3
41,6_2560x stock m270_4xobj_4_grid_r3_c1.png,6815,1,34,243,46.0,3
41,6_2560x stock m270_4xobj_4_grid_r3_c1.png,6816,1,434,233,46.0,3
41,6_2560x stock m270_4xobj_4_grid_r3_c1.png,6817,1,101,220,31.5,3
41,6_2560x stock m270_4xobj_4_grid_r3_c1.png,6818,1,465,212,46.0,3
41,6_2560x stock m270_4xobj_4_grid_r3_c1.png,6819,1,79,185,46.0,3
41,6_2560x stock m270_4xobj_4_grid_r3_c1.png,6820,1,303,175,46.0,3
41,6_2560x stock m270_4xobj_4_grid_r3_c1.png,6821,1,334,165,46.0,3
41,6_2560x stock m270_4xobj_4_grid_r3_c1.png,6822,1,137,135,46.0,3
41,6_2560x stock m270_4xobj_4_grid_r3_c1.png,6823,1,254,58,46.0,3
41,6_2560x stock m270_4xobj_4_grid_r3_c1.png,6824,1,185,482,46.0,3
41,6_2560x stock m270_4xobj_4_grid_r3_c1.png,6825,1,442,482,46.0,3
41,6_2560x stock m270_4xobj_4_grid_r3_c1.png,6826,1,216,474,46.0,3
41,6_2560x stock m270_4xobj_4_grid_r3_c1.png,6827,1,393,462,46.0,3
41,6_2560x stock m270_4xobj_4_grid_r3_c1.png,6828,1,491,439,46.0,3
41,6_2560x stock m270_4xobj_4_grid_r3_c1.png,6829,1,48,337,46.0,3
41,6_2560x stock m270_4xobj_4_grid_r3_c1.png,6830,1,161,308,31.5,3
41,6_2560x stock m270_4xobj_4_grid_r3_c1.png,6831,1,84,264,46.0,3
41,6_2560x stock m270_4xobj_4_grid_r3_c1.png,6832,1,55,256,46.0,3
41,6_2560x stock m270_4xobj_4_grid_r3_c1.png,6833,1,3,233,31.5,3
41,6_2560x stock m270_4xobj_4_grid_r3_c1.png,6834,1,23,206,46.0,3
41,6_2560x stock m270_4xobj_4_grid_r3_c1.png,6835,1,285,157,46.0,3
41,6_2560x stock m270_4xobj_4_grid_r3_c1.png,6836,1,156,433,46.0,3
41,6_2560x stock m270_4xobj_4_grid_r3_c1.png,6837,1,108,361,46.0,3
41,6_2560x stock m270_4xobj_4_grid_r3_c1.png,6838,1,88,352,104.0,5
41,6_2560x stock m270_4xobj_4_grid_r3_c1.png,6839,1,165,218,46.0,3
41,6_2560x stock m270_4xobj_4_grid_r3_c1.png,6840,1,18,468,46.0,3
41,6_2560x stock m270_4xobj_4_grid_r3_c1.png,6841,1,138,386,74.5,4
42,6_2560x stock m270_4xobj_4_grid_r3_c2.png,6842,1,387,442,46.0,3
42,6_2560x stock m270_4xobj_4_grid_r3_c2.png,6843,1,485,270,46.0,3
42,6_2560x stock m270_4xobj_4_grid_r3_c2.png,6844,1,276,125,46.0,3
42,6_2560x stock m270_4xobj_4_grid_r3_c2.png,6845,1,138,120,46.0,3
42,6_2560x stock m270_4xobj_4_grid_r3_c2.png,6846,1,272,71,46.0,3
42,6_2560x stock m270_4xobj_4_grid_r3_c2.png,6847,1,400,19,46.0,3
42,6_2560x stock m270_4xobj_4_grid_r3_c2.png,6848,1,497,437,46.0,3
42,6_2560x stock m270_4xobj_4_grid_r3_c2.png,6849,1,386,431,46.0,3
42,6_2560x stock m270_4xobj_4_grid_r3_c2.png,6850,1,375,421,46.0,3
42,6_2560x stock m270_4xobj_4_grid_r3_c2.png,6851,1,358,395,31.5,3
42,6_2560x stock m270_4xobj_4_grid_r3_c2.png,6852,1,19,290,46.0,3
42,6_2560x stock m270_4xobj_4_grid_r3_c2.png,6853,1,309,248,46.0,3
42,6_2560x stock m270_4xobj_4_grid_r3_c2.png,6854,1,198,198,46.0,3
42,6_2560x stock m270_4xobj_4_grid_r3_c2.png,6855,1,79,105,31.5,3
42,6_2560x stock m270_4xobj_4_grid_r3_c2.png,6856,1,334,469,46.0,3
42,6_2560x stock m270_4xobj_4_grid_r3_c2.png,6857,1,182,446,46.0,3
42,6_2560x stock m270_4xobj_4_grid_r3_c2.png,6858,1,325,423,46.0,3
42,6_2560x stock m270_4xobj_4_grid_r3_c2.png,6859,1,101,423,46.0,3
42,6_2560x stock m270_4xobj_4_grid_r3_c2.png,6860,1,229,415,31.5,3
42,6_2560x stock m270_4xobj_4_grid_r3_c2.png,6861,1,503,292,74.5,4
42,6_2560x stock m270_4xobj_4_grid_r3_c2.png,6862,1,145,74,46.0,3
42,6_2560x stock m270_4xobj_4_grid_r3_c2.png,6863,1,205,48,46.0,3
42,6_2560x stock m270_4xobj_4_grid_r3_c2.png,6864,1,341,502,46.0,3
42,6_2560x stock m270_4xobj_4_grid_r3_c2.png,6865,1,53,393,46.0,3
42,6_2560x stock m270_4xobj_4_grid_r3_c2.png,6866,1,151,219,46.0,3
42,6_2560x stock m270_4xobj_4_grid_r3_c2.png,6867,1,142,506,31.5,3
42,6_2560x stock m270_4xobj_4_grid_r3_c2.png,6868,1,76,505,46.0,3
42,6_2560x stock m270_4xobj_4_grid_r3_c2.png,6869,1,66,481,46.0,3
42,6_2560x stock m270_4xobj_4_grid_r3_c2.png,6870,1,16,439,46.0,3
42,6_2560x stock m270_4xobj_4_grid_r3_c2.png,6871,1,111,373,46.0,3
43,6_2560x stock m270_4xobj_4_grid_r3_c3.png,6872,1,492,63,104.0,5
43,6_2560x stock m270_4xobj_4_grid_r3_c3.png,6873,1,449,134,46.0,3
43,6_2560x stock m270_4xobj_4_grid_r3_c3.png,6874,1,305,76,46.0,3
43,6_2560x stock m270_4xobj_4_grid_r3_c3.png,6875,1,435,305,46.0,3
43,6_2560x stock m270_4xobj_4_grid_r3_c3.png,6876,1,499,247,31.5,3
43,6_2560x stock m270_4xobj_4_grid_r3_c3.png,6877,1,271,128,46.0,3
43,6_2560x stock m270_4xobj_4_grid_r3_c3.png,6878,1,233,114,46.0,3
43,6_2560x stock m270_4xobj_4_grid_r3_c3.png,6879,1,469,476,31.5,3
43,6_2560x stock m270_4xobj_4_grid_r3_c3.png,6880,1,508,438,31.5,3
43,6_2560x stock m270_4xobj_4_grid_r3_c3.png,6881,1,441,429,74.5,4
43,6_2560x stock m270_4xobj_4_grid_r3_c3.png,6882,1,364,336,46.0,3
43,6_2560x stock m270_4xobj_4_grid_r3_c3.png,6883,1,438,332,46.0,3
43,6_2560x stock m270_4xobj_4_grid_r3_c3.png,6884,1,169,324,31.5,3
43,6_2560x stock m270_4xobj_4_grid_r3_c3.png,6885,1,279,278,46.0,3
43,6_2560x stock m270_4xobj_4_grid_r3_c3.png,6886,1,10,270,46.0,3
43,6_2560x stock m270_4xobj_4_grid_r3_c3.png,6887,1,470,253,46.0,3
43,6_2560x stock m270_4xobj_4_grid_r3_c3.png,6888,1,175,248,46.0,3
43,6_2560x stock m270_4xobj_4_grid_r3_c3.png,6889,1,285,179,46.0,3
43,6_2560x stock m270_4xobj_4_grid_r3_c3.png,6890,1,206,148,46.0,3
43,6_2560x stock m270_4xobj_4_grid_r3_c3.png,6891,1,269,106,46.0,3
43,6_2560x stock m270_4xobj_4_grid_r3_c3.png,6892,1,172,100,46.0,3
43,6_2560x stock m270_4xobj_4_grid_r3_c3.png,6893,1,341,96,46.0,3
43,6_2560x stock m270_4xobj_4_grid_r3_c3.png,6894,1,422,59,46.0,3
43,6_2560x stock m270_4xobj_4_grid_r3_c3.png,6895,1,186,49,46.0,3
43,6_2560x stock m270_4xobj_4_grid_r3_c3.png,6896,1,158,9,46.0,3
43,6_2560x stock m270_4xobj_4_grid_r3_c3.png,6897,1,122,377,46.0,3
43,6_2560x stock m270_4xobj_4_grid_r3_c3.png,6898,1,412,360,46.0,3
43,6_2560x stock m270_4xobj_4_grid_r3_c3.png,6899,1,262,339,46.0,3
43,6_2560x stock m270_4xobj_4_grid_r3_c3.png,6900,1,261,298,46.0,3
43,6_2560x stock m270_4xobj_4_grid_r3_c3.png,6901,1,252,237,46.0,3
43,6_2560x stock m270_4xobj_4_grid_r3_c3.png,6902,1,303,174,46.0,3
43,6_2560x stock m270_4xobj_4_grid_r3_c3.png,6903,1,22,437,46.0,3
43,6_2560x stock m270_4xobj_4_grid_r3_c3.png,6904,1,217,403,46.0,3
43,6_2560x stock m270_4xobj_4_grid_r3_c3.png,6905,1,37,346,46.0,3
43,6_2560x stock m270_4xobj_4_grid_r3_c3.png,6906,1,158,322,46.0,3
43,6_2560x stock m270_4xobj_4_grid_r3_c3.png,6907,1,28,292,46.0,3
44,6_2560x stock m270_4xobj_4_grid_r3_c4.png,6908,1,463,140,46.0,3
44,6_2560x stock m270_4xobj_4_grid_r3_c4.png,6909,1,17,63,104.0,5
44,6_2560x stock m270_4xobj_4_grid_r3_c4.png,6910,1,495,387,31.5,3
44,6_2560x stock m270_4xobj_4_grid_r3_c4.png,6911,1,449,148,46.0,3
44,6_2560x stock m270_4xobj_4_grid_r3_c4.png,6912,1,252,131,46.0,3
44,6_2560x stock m270_4xobj_4_grid_r3_c4.png,6913,1,431,91,46.0,3
44,6_2560x stock m270_4xobj_4_grid_r3_c4.png,6914,1,243,87,46.0,3
44,6_2560x stock m270_4xobj_4_grid_r3_c4.png,6915,1,348,46,46.0,3
44,6_2560x stock m270_4xobj_4_grid_r3_c4.png,6916,1,338,482,46.0,3
44,6_2560x stock m270_4xobj_4_grid_r3_c4.png,6917,1,436,346,31.5,3
44,6_2560x stock m270_4xobj_4_grid_r3_c4.png,6918,1,256,311,31.5,3
44,6_2560x stock m270_4xobj_4_grid_r3_c4.png,6919,1,437,288,31.5,3
44,6_2560x stock m270_4xobj_4_grid_r3_c4.png,6920,1,479,268,46.0,3
44,6_2560x stock m270_4xobj_4_grid_r3_c4.png,6921,1,298,204,46.0,3
44,6_2560x stock m270_4xobj_4_grid_r3_c4.png,6922,1,492,196,46.0,3
44,6_2560x stock m270_4xobj_4_grid_r3_c4.png,6923,1,198,160,46.0,3
44,6_2560x stock m270_4xobj_4_grid_r3_c4.png,6924,1,196,113,46.0,3
44,6_2560x stock m270_4xobj_4_grid_r3_c4.png,6925,1,202,96,46.0,3
44,6_2560x stock m270_4xobj_4_grid_r3_c4.png,6926,1,98,24,46.0,3
44,6_2560x stock m270_4xobj_4_grid_r3_c4.png,6927,1,495,463,46.0,3
44,6_2560x stock m270_4xobj_4_grid_r3_c4.png,6928,1,423,449,46.0,3
44,6_2560x stock m270_4xobj_4_grid_r3_c4.png,6929,1,218,335,31.5,3
44,6_2560x stock m270_4xobj_4_grid_r3_c4.png,6930,1,267,312,46.0,3
44,6_2560x stock m270_4xobj_4_grid_r3_c4.png,6931,1,24,247,46.0,3
44,6_2560x stock m270_4xobj_4_grid_r3_c4.png,6932,1,389,182,46.0,3
44,6_2560x stock m270_4xobj_4_grid_r3_c4.png,6933,1,232,463,31.5,3
44,6_2560x stock m270_4xobj_4_grid_r3_c4.png,6934,1,33,438,46.0,3
44,6_2560x stock m270_4xobj_4_grid_r3_c4.png,6935,1,201,416,46.0,3
44,6_2560x stock m270_4xobj_4_grid_r3_c4.png,6936,1,257,193,74.5,4
44,6_2560x stock m270_4xobj_4_grid_r3_c4.png,6937,1,86,463,46.0,3
44,6_2560x stock m270_4xobj_4_grid_r3_c4.png,6938,1,332,29,46.0,3
44,6_2560x stock m270_4xobj_4_grid_r3_c4.png,6939,1,441,330,8.0,1
45,6_2560x stock m270_4xobj_4_grid_r3_c5.png,6940,1,460,462,74.5,4
45,6_2560x stock m270_4xobj_4_grid_r3_c5.png,6941,1,298,207,74.5,4
45,6_2560x stock m270_4xobj_4_grid_r3_c5.png,6942,1,363,333,46.0,3
45,6_2560x stock m270_4xobj_4_grid_r3_c5.png,6943,1,508,91,27.5,2
45,6_2560x stock m270_4xobj_4_grid_r3_c5.png,6944,1,481,53,31.5,3
45,6_2560x stock m270_4xobj_4_grid_r3_c5.png,6945,1,298,367,46.0,3
45,6_2560x stock m270_4xobj_4_grid_r3_c5.png,6946,1,231,276,46.0,3
45,6_2560x stock m270_4xobj_4_grid_r3_c5.png,6947,1,305,230,31.5,3
45,6_2560x stock m270_4xobj_4_grid_r3_c5.png,6948,1,488,218,46.0,3
45,6_2560x stock m270_4xobj_4_grid_r3_c5.png,6949,1,274,216,31.5,3
45,6_2560x stock m270_4xobj_4_grid_r3_c5.png,6950,1,265,186,104.0,5
45,6_2560x stock m270_4xobj_4_grid_r3_c5.png,6951,1,505,170,46.0,3
45,6_2560x stock m270_4xobj_4_grid_r3_c5.png,6952,1,350,147,104.0,5
45,6_2560x stock m270_4xobj_4_grid_r3_c5.png,6953,1,302,135,46.0,3
45,6_2560x stock m270_4xobj_4_grid_r3_c5.png,6954,1,405,64,31.5,3
45,6_2560x stock m270_4xobj_4_grid_r3_c5.png,6955,1,119,15,46.0,3
45,6_2560x stock m270_4xobj_4_grid_r3_c5.png,6956,1,335,5,46.0,3
45,6_2560x stock m270_4xobj_4_grid_r3_c5.png,6957,1,279,507,46.0,3
45,6_2560x stock m270_4xobj_4_grid_r3_c5.png,6958,1,422,472,31.5,3
45,6_2560x stock m270_4xobj_4_grid_r3_c5.png,6959,1,489,449,31.5,3
45,6_2560x stock m270_4xobj_4_grid_r3_c5.png,6960,1,272,439,46.0,3
45,6_2560x stock m270_4xobj_4_grid_r3_c5.png,6961,1,20,387,31.5,3
45,6_2560x stock m270_4xobj_4_grid_r3_c5.png,6962,1,194,322,74.5,4
45,6_2560x stock m270_4xobj_4_grid_r3_c5.png,6963,1,276,291,46.0,3
45,6_2560x stock m270_4xobj_4_grid_r3_c5.png,6964,1,373,195,46.0,3
45,6_2560x stock m270_4xobj_4_grid_r3_c5.png,6965,1,289,153,46.0,3
45,6_2560x stock m270_4xobj_4_grid_r3_c5.png,6966,1,288,141,46.0,3
45,6_2560x stock m270_4xobj_4_grid_r3_c5.png,6967,1,189,78,46.0,3
45,6_2560x stock m270_4xobj_4_grid_r3_c5.png,6968,1,363,71,46.0,3
45,6_2560x stock m270_4xobj_4_grid_r3_c5.png,6969,1,324,51,46.0,3
45,6_2560x stock m270_4xobj_4_grid_r3_c5.png,6970,1,39,18,74.5,4
45,6_2560x stock m270_4xobj_4_grid_r3_c5.png,6971,1,154,498,46.0,3
45,6_2560x stock m270_4xobj_4_grid_r3_c5.png,6972,1,90,498,46.0,3
45,6_2560x stock m270_4xobj_4_grid_r3_c5.png,6973,1,141,496,31.5,3
45,6_2560x stock m270_4xobj_4_grid_r3_c5.png,6974,1,414,484,46.0,3
45,6_2560x stock m270_4xobj_4_grid_r3_c5.png,6975,1,50,479,31.5,3
45,6_2560x stock m270_4xobj_4_grid_r3_c5.png,6976,1,447,442,46.0,3
45,6_2560x stock m270_4xobj_4_grid_r3_c5.png,6977,1,335,429,46.0,3
45,6_2560x stock m270_4xobj_4_grid_r3_c5.png,6978,1,80,421,46.0,3
45,6_2560x stock m270_4xobj_4_grid_r3_c5.png,6979,1,219,409,46.0,3
45,6_2560x stock m270_4xobj_4_grid_r3_c5.png,6980,1,414,388,74.5,4
45,6_2560x stock m270_4xobj_4_grid_r3_c5.png,6981,1,461,296,31.5,3
45,6_2560x stock m270_4xobj_4_grid_r3_c5.png,6982,1,4,268,46.0,3
45,6_2560x stock m270_4xobj_4_grid_r3_c5.png,6983,1,17,196,46.0,3
45,6_2560x stock m270_4xobj_4_grid_r3_c5.png,6984,1,137,129,31.5,3
45,6_2560x stock m270_4xobj_4_grid_r3_c5.png,6985,1,71,15,74.5,4
45,6_2560x stock m270_4xobj_4_grid_r3_c5.png,6986,1,247,477,46.0,3
45,6_2560x stock m270_4xobj_4_grid_r3_c5.png,6987,1,20,463,46.0,3
45,6_2560x stock m270_4xobj_4_grid_r3_c5.png,6988,1,186,460,46.0,3
45,6_2560x stock m270_4xobj_4_grid_r3_c5.png,6989,1,143,389,31.5,3
45,6_2560x stock m270_4xobj_4_grid_r3_c5.png,6990,1,34,268,31.5,3
46,6_320x stock m270_4x obj_grid_r2_c0.png,6991,1,236,453,190.0,7
46,6_320x stock m270_4x obj_grid_r2_c0.png,6992,1,22,261,46.0,3
46,6_320x stock m270_4x obj_grid_r2_c0.png,6993,1,78,99,46.0,3
46,6_320x stock m270_4x obj_grid_r2_c0.png,6994,1,136,312,104.0,5
46,6_320x stock m270_4x obj_grid_r2_c0.png,6995,1,489,217,147.5,6
46,6_320x stock m270_4x obj_grid_r2_c0.png,6996,1,447,189,46.0,3
46,6_320x stock m270_4x obj_grid_r2_c0.png,6997,1,94,343,46.0,3
46,6_320x stock m270_4x obj_grid_r2_c0.png,6998,1,28,249,46.0,3
46,6_320x stock m270_4x obj_grid_r2_c0.png,6999,1,499,179,147.5,6
46,6_320x stock m270_4x obj_grid_r2_c0.png,7000,1,54,99,46.0,3
46,6_320x stock m270_4x obj_grid_r2_c0.png,7001,1,31,467,31.5,3
46,6_320x stock m270_4x obj_grid_r2_c0.png,7002,1,256,434,31.5,3
46,6_320x stock m270_4x obj_grid_r2_c0.png,7003,1,58,410,46.0,3
46,6_320x stock m270_4x obj_grid_r2_c0.png,7004,1,9,349,74.5,4
46,6_320x stock m270_4x obj_grid_r2_c0.png,7005,1,12,246,46.0,3
46,6_320x stock m270_4x obj_grid_r2_c0.png,7006,1,64,168,74.5,4
46,6_320x stock m270_4x obj_grid_r2_c0.png,7007,1,36,154,147.5,6
46,6_320x stock m270_4x obj_grid_r2_c0.png,7008,1,424,120,74.5,4
46,6_320x stock m270_4x obj_grid_r2_c0.png,7009,1,287,30,104.0,5
46,6_320x stock m270_4x obj_grid_r2_c0.png,7010,1,18,402,31.5,3
46,6_320x stock m270_4x obj_grid_r2_c0.png,7011,1,317,387,31.5,3
46,6_320x stock m270_4x obj_grid_r2_c0.png,7012,1,344,340,74.5,4
46,6_320x stock m270_4x obj_grid_r2_c0.png,7013,1,17,284,46.0,3
46,6_320x stock m270_4x obj_grid_r2_c0.png,7014,1,72,243,74.5,4
46,6_320x stock m270_4x obj_grid_r2_c0.png,7015,1,12,146,31.5,3
46,6_320x stock m270_4x obj_grid_r2_c0.png,7016,1,154,114,74.5,4
46,6_320x stock m270_4x obj_grid_r2_c0.png,7017,1,6,91,46.0,3
46,6_320x stock m270_4x obj_grid_r2_c0.png,7018,1,199,56,104.0,5
46,6_320x stock m270_4x obj_grid_r2_c0.png,7019,1,75,490,46.0,3
46,6_320x stock m270_4x obj_grid_r2_c0.png,7020,1,51,486,46.0,3
46,6_320x stock m270_4x obj_grid_r2_c0.png,7021,1,16,460,74.5,4
46,6_320x stock m270_4x obj_grid_r2_c0.png,7022,1,141,424,46.0,3
46,6_320x stock m270_4x obj_grid_r2_c0.png,7023,1,54,421,74.5,4
46,6_320x stock m270_4x obj_grid_r2_c0.png,7024,1,15,385,74.5,4
46,6_320x stock m270_4x obj_grid_r2_c0.png,7025,1,59,357,46.0,3
46,6_320x stock m270_4x obj_grid_r2_c0.png,7026,1,44,341,46.0,3
46,6_320x stock m270_4x obj_grid_r2_c0.png,7027,1,74,322,31.5,3
46,6_320x stock m270_4x obj_grid_r2_c0.png,7028,1,93,320,31.5,3
46,6_320x stock m270_4x obj_grid_r2_c0.png,7029,1,45,269,46.0,3
46,6_320x stock m270_4x obj_grid_r2_c0.png,7030,1,98,262,147.5,6
46,6_320x stock m270_4x obj_grid_r2_c0.png,7031,1,52,255,46.0,3
46,6_320x stock m270_4x obj_grid_r2_c0.png,7032,1,37,234,31.5,3
46,6_320x stock m270_4x obj_grid_r2_c0.png,7033,1,58,227,46.0,3
46,6_320x stock m270_4x obj_grid_r2_c0.png,7034,1,95,224,31.5,3
46,6_320x stock m270_4x obj_grid_r2_c0.png,7035,1,12,223,74.5,4
46,6_320x stock m270_4x obj_grid_r2_c0.png,7036,1,48,196,46.0,3
46,6_320x stock m270_4x obj_grid_r2_c0.png,7037,1,212,190,104.0,5
46,6_320x stock m270_4x obj_grid_r2_c0.png,7038,1,39,177,46.0,3
46,6_320x stock m270_4x obj_grid_r2_c0.png,7039,1,87,175,31.5,3
46,6_320x stock m270_4x obj_grid_r2_c0.png,7040,1,57,154,46.0,3
46,6_320x stock m270_4x obj_grid_r2_c0.png,7041,1,61,129,46.0,3
46,6_320x stock m270_4x obj_grid_r2_c0.png,7042,1,19,113,46.0,3
46,6_320x stock m270_4x obj_grid_r2_c0.png,7043,1,42,109,46.0,3
46,6_320x stock m270_4x obj_grid_r2_c0.png,7044,1,56,72,74.5,4
46,6_320x stock m270_4x obj_grid_r2_c0.png,7045,1,35,66,46.0,3
46,6_320x stock m270_4x obj_grid_r2_c0.png,7046,1,376,45,46.0,3
46,6_320x stock m270_4x obj_grid_r2_c0.png,7047,1,500,45,46.0,3
46,6_320x stock m270_4x obj_grid_r2_c0.png,7048,1,37,44,74.5,4
46,6_320x stock m270_4x obj_grid_r2_c0.png,7049,1,29,24,46.0,3
46,6_320x stock m270_4x obj_grid_r2_c0.png,7050,1,79,16,46.0,3
46,6_320x stock m270_4x obj_grid_r2_c0.png,7051,1,99,492,46.0,3
46,6_320x stock m270_4x obj_grid_r2_c0.png,7052,1,476,440,104.0,5
46,6_320x stock m270_4x obj_grid_r2_c0.png,7053,1,136,438,31.5,3
46,6_320x stock m270_4x obj_grid_r2_c0.png,7054,1,77,422,74.5,4
46,6_320x stock m270_4x obj_grid_r2_c0.png,7055,1,189,418,74.5,4
46,6_320x stock m270_4x obj_grid_r2_c0.png,7056,1,502,405,31.5,3
46,6_320x stock m270_4x obj_grid_r2_c0.png,7057,1,238,409,74.5,4
46,6_320x stock m270_4x obj_grid_r2_c0.png,7058,1,114,398,31.5,3
46,6_320x stock m270_4x obj_grid_r2_c0.png,7059,1,61,370,46.0,3
46,6_320x stock m270_4x obj_grid_r2_c0.png,7060,1,223,371,74.5,4
46,6_320x stock m270_4x obj_grid_r2_c0.png,7061,1,88,363,46.0,3
46,6_320x stock m270_4x obj_grid_r2_c0.png,7062,1,358,356,31.5,3
46,6_320x stock m270_4x obj_grid_r2_c0.png,7063,1,65,336,74.5,4
46,6_320x stock m270_4x obj_grid_r2_c0.png,7064,1,111,333,74.5,4
46,6_320x stock m270_4x obj_grid_r2_c0.png,7065,1,98,246,46.0,3
46,6_320x stock m270_4x obj_grid_r2_c0.png,7066,1,114,212,46.0,3
46,6_320x stock m270_4x obj_grid_r2_c0.png,7067,1,74,196,46.0,3
46,6_320x stock m270_4x obj_grid_r2_c0.png,7068,1,124,193,31.5,3
46,6_320x stock m270_4x obj_grid_r2_c0.png,7069,1,87,187,31.5,3
46,6_320x stock m270_4x obj_grid_r2_c0.png,7070,1,13,188,46.0,3
46,6_320x stock m270_4x obj_grid_r2_c0.png,7071,1,56,179,46.0,3
46,6_320x stock m270_4x obj_grid_r2_c0.png,7072,1,103,168,31.5,3
46,6_320x stock m270_4x obj_grid_r2_c0.png,7073,1,88,139,46.0,3
46,6_320x stock m270_4x obj_grid_r2_c0.png,7074,1,74,134,31.5,3
46,6_320x stock m270_4x obj_grid_r2_c0.png,7075,1,232,124,74.5,4
46,6_320x stock m270_4x obj_grid_r2_c0.png,7076,1,129,117,31.5,3
46,6_320x stock m270_4x obj_grid_r2_c0.png,7077,1,240,112,31.5,3
46,6_320x stock m270_4x obj_grid_r2_c0.png,7078,1,84,109,31.5,3
46,6_320x stock m270_4x obj_grid_r2_c0.png,7079,1,113,85,46.0,3
46,6_320x stock m270_4x obj_grid_r2_c0.png,7080,1,98,72,74.5,4
46,6_320x stock m270_4x obj_grid_r2_c0.png,7081,1,496,63,104.0,5
46,6_320x stock m270_4x obj_grid_r2_c0.png,7082,1,385,39,46.0,3
46,6_320x stock m270_4x obj_grid_r2_c0.png,7083,1,61,35,74.5,4
46,6_320x stock m270_4x obj_grid_r2_c0.png,7084,1,149,14,31.5,3
46,6_320x stock m270_4x obj_grid_r2_c0.png,7085,1,415,11,74.5,4
46,6_320x stock m270_4x obj_grid_r2_c0.png,7086,1,172,505,46.0,3
46,6_320x stock m270_4x obj_grid_r2_c0.png,7087,1,135,497,46.0,3
46,6_320x stock m270_4x obj_grid_r2_c0.png,7088,1,150,492,46.0,3
46,6_320x stock m270_4x obj_grid_r2_c0.png,7089,1,112,478,74.5,4
46,6_320x stock m270_4x obj_grid_r2_c0.png,7090,1,191,476,46.0,3
46,6_320x stock m270_4x obj_grid_r2_c0.png,7091,1,153,467,46.0,3
46,6_320x stock m270_4x obj_grid_r2_c0.png,7092,1,194,465,31.5,3
46,6_320x stock m270_4x obj_grid_r2_c0.png,7093,1,122,425,46.0,3
46,6_320x stock m270_4x obj_grid_r2_c0.png,7094,1,128,415,46.0,3
46,6_320x stock m270_4x obj_grid_r2_c0.png,7095,1,105,413,46.0,3
46,6_320x stock m270_4x obj_grid_r2_c0.png,7096,1,158,390,104.0,5
46,6_320x stock m270_4x obj_grid_r2_c0.png,7097,1,160,376,46.0,3
46,6_320x stock m270_4x obj_grid_r2_c0.png,7098,1,208,376,46.0,3
46,6_320x stock m270_4x obj_grid_r2_c0.png,7099,1,95,374,46.0,3
46,6_320x stock m270_4x obj_grid_r2_c0.png,7100,1,170,367,74.5,4
46,6_320x stock m270_4x obj_grid_r2_c0.png,7101,1,114,347,46.0,3
46,6_320x stock m270_4x obj_grid_r2_c0.png,7102,1,280,340,74.5,4
46,6_320x stock m270_4x obj_grid_r2_c0.png,7103,1,437,334,74.5,4
46,6_320x stock m270_4x obj_grid_r2_c0.png,7104,1,234,305,104.0,5
46,6_320x stock m270_4x obj_grid_r2_c0.png,7105,1,77,298,46.0,3
46,6_320x stock m270_4x obj_grid_r2_c0.png,7106,1,141,286,46.0,3
46,6_320x stock m270_4x obj_grid_r2_c0.png,7107,1,161,277,31.5,3
46,6_320x stock m270_4x obj_grid_r2_c0.png,7108,1,114,277,74.5,4
46,6_320x stock m270_4x obj_grid_r2_c0.png,7109,1,139,253,31.5,3
46,6_320x stock m270_4x obj_grid_r2_c0.png,7110,1,86,249,46.0,3
46,6_320x stock m270_4x obj_grid_r2_c0.png,7111,1,132,249,46.0,3
46,6_320x stock m270_4x obj_grid_r2_c0.png,7112,1,173,225,31.5,3
46,6_320x stock m270_4x obj_grid_r2_c0.png,7113,1,143,217,46.0,3
46,6_320x stock m270_4x obj_grid_r2_c0.png,7114,1,164,194,31.5,3
46,6_320x stock m270_4x obj_grid_r2_c0.png,7115,1,153,193,31.5,3
46,6_320x stock m270_4x obj_grid_r2_c0.png,7116,1,148,183,31.5,3
46,6_320x stock m270_4x obj_grid_r2_c0.png,7117,1,337,184,74.5,4
46,6_320x stock m270_4x obj_grid_r2_c0.png,7118,1,124,182,31.5,3
46,6_320x stock m270_4x obj_grid_r2_c0.png,7119,1,188,161,46.0,3
46,6_320x stock m270_4x obj_grid_r2_c0.png,7120,1,138,140,46.0,3
46,6_320x stock m270_4x obj_grid_r2_c0.png,7121,1,97,122,74.5,4
46,6_320x stock m270_4x obj_grid_r2_c0.png,7122,1,277,94,147.5,6
46,6_320x stock m270_4x obj_grid_r2_c0.png,7123,1,131,80,46.0,3
46,6_320x stock m270_4x obj_grid_r2_c0.png,7124,1,346,82,147.5,6
46,6_320x stock m270_4x obj_grid_r2_c0.png,7125,1,276,58,104.0,5
46,6_320x stock m270_4x obj_grid_r2_c0.png,7126,1,125,57,31.5,3
46,6_320x stock m270_4x obj_grid_r2_c0.png,7127,1,140,50,46.0,3
46,6_320x stock m270_4x obj_grid_r2_c0.png,7128,1,192,41,46.0,3
46,6_320x stock m270_4x obj_grid_r2_c0.png,7129,1,133,42,31.5,3
46,6_320x stock m270_4x obj_grid_r2_c0.png,7130,1,170,37,46.0,3
46,6_320x stock m270_4x obj_grid_r2_c0.png,7131,1,209,36,31.5,3
46,6_320x stock m270_4x obj_grid_r2_c0.png,7132,1,199,25,46.0,3
46,6_320x stock m270_4x obj_grid_r2_c0.png,7133,1,163,22,46.0,3
46,6_320x stock m270_4x obj_grid_r2_c0.png,7134,1,181,19,46.0,3
46,6_320x stock m270_4x obj_grid_r2_c0.png,7135,1,180,6,46.0,3
46,6_320x stock m270_4x obj_grid_r2_c0.png,7136,1,317,506,71.5,4
46,6_320x stock m270_4x obj_grid_r2_c0.png,7137,1,116,491,46.0,3
46,6_320x stock m270_4x obj_grid_r2_c0.png,7138,1,174,484,74.5,4
46,6_320x stock m270_4x obj_grid_r2_c0.png,7139,1,202,482,31.5,3
46,6_320x stock m270_4x obj_grid_r2_c0.png,7140,1,276,473,46.0,3
46,6_320x stock m270_4x obj_grid_r2_c0.png,7141,1,176,461,74.5,4
46,6_320x stock m270_4x obj_grid_r2_c0.png,7142,1,204,460,31.5,3
46,6_320x stock m270_4x obj_grid_r2_c0.png,7143,1,146,454,74.5,4
46,6_320x stock m270_4x obj_grid_r2_c0.png,7144,1,163,449,74.5,4
46,6_320x stock m270_4x obj_grid_r2_c0.png,7145,1,195,427,31.5,3
46,6_320x stock m270_4x obj_grid_r2_c0.png,7146,1,202,409,46.0,3
46,6_320x stock m270_4x obj_grid_r2_c0.png,7147,1,278,405,46.0,3
46,6_320x stock m270_4x obj_grid_r2_c0.png,7148,1,218,398,31.5,3
46,6_320x stock m270_4x obj_grid_r2_c0.png,7149,1,304,396,46.0,3
46,6_320x stock m270_4x obj_grid_r2_c0.png,7150,1,119,383,74.5,4
46,6_320x stock m270_4x obj_grid_r2_c0.png,7151,1,150,367,46.0,3
46,6_320x stock m270_4x obj_grid_r2_c0.png,7152,1,186,363,31.5,3
46,6_320x stock m270_4x obj_grid_r2_c0.png,7153,1,239,350,46.0,3
46,6_320x stock m270_4x obj_grid_r2_c0.png,7154,1,171,352,46.0,3
46,6_320x stock m270_4x obj_grid_r2_c0.png,7155,1,236,345,31.5,3
46,6_320x stock m270_4x obj_grid_r2_c0.png,7156,1,329,338,31.5,3
46,6_320x stock m270_4x obj_grid_r2_c0.png,7157,1,173,336,104.0,5
46,6_320x stock m270_4x obj_grid_r2_c0.png,7158,1,193,308,46.0,3
46,6_320x stock m270_4x obj_grid_r2_c0.png,7159,1,206,296,46.0,3
46,6_320x stock m270_4x obj_grid_r2_c0.png,7160,1,249,299,31.5,3
46,6_320x stock m270_4x obj_grid_r2_c0.png,7161,1,216,295,31.5,3
46,6_320x stock m270_4x obj_grid_r2_c0.png,7162,1,188,293,46.0,3
46,6_320x stock m270_4x obj_grid_r2_c0.png,7163,1,175,289,46.0,3
46,6_320x stock m270_4x obj_grid_r2_c0.png,7164,1,255,286,31.5,3
46,6_320x stock m270_4x obj_grid_r2_c0.png,7165,1,212,278,46.0,3
46,6_320x stock m270_4x obj_grid_r2_c0.png,7166,1,194,244,46.0,3
46,6_320x stock m270_4x obj_grid_r2_c0.png,7167,1,157,234,46.0,3
46,6_320x stock m270_4x obj_grid_r2_c0.png,7168,1,236,188,46.0,3
46,6_320x stock m270_4x obj_grid_r2_c0.png,7169,1,136,164,46.0,3
46,6_320x stock m270_4x obj_grid_r2_c0.png,7170,1,198,150,46.0,3
46,6_320x stock m270_4x obj_grid_r2_c0.png,7171,1,237,148,31.5,3
46,6_320x stock m270_4x obj_grid_r2_c0.png,7172,1,215,138,31.5,3
46,6_320x stock m270_4x obj_grid_r2_c0.png,7173,1,202,139,46.0,3
46,6_320x stock m270_4x obj_grid_r2_c0.png,7174,1,186,127,31.5,3
46,6_320x stock m270_4x obj_grid_r2_c0.png,7175,1,171,120,74.5,4
46,6_320x stock m270_4x obj_grid_r2_c0.png,7176,1,123,98,31.5,3
46,6_320x stock m270_4x obj_grid_r2_c0.png,7177,1,361,99,147.5,6
46,6_320x stock m270_4x obj_grid_r2_c0.png,7178,1,301,96,46.0,3
46,6_320x stock m270_4x obj_grid_r2_c0.png,7179,1,179,92,46.0,3
46,6_320x stock m270_4x obj_grid_r2_c0.png,7180,1,231,85,46.0,3
46,6_320x stock m270_4x obj_grid_r2_c0.png,7181,1,434,81,31.5,3
46,6_320x stock m270_4x obj_grid_r2_c0.png,7182,1,507,81,31.5,3
46,6_320x stock m270_4x obj_grid_r2_c0.png,7183,1,481,75,31.5,3
46,6_320x stock m270_4x obj_grid_r2_c0.png,7184,1,216,64,46.0,3
46,6_320x stock m270_4x obj_grid_r2_c0.png,7185,1,480,63,46.0,3
46,6_320x stock m270_4x obj_grid_r2_c0.png,7186,1,331,49,46.0,3
46,6_320x stock m270_4x obj_grid_r2_c0.png,7187,1,486,46,46.0,3
46,6_320x stock m270_4x obj_grid_r2_c0.png,7188,1,226,43,74.5,4
46,6_320x stock m270_4x obj_grid_r2_c0.png,7189,1,255,28,46.0,3
46,6_320x stock m270_4x obj_grid_r2_c0.png,7190,1,388,26,31.5,3
46,6_320x stock m270_4x obj_grid_r2_c0.png,7191,1,303,20,46.0,3
46,6_320x stock m270_4x obj_grid_r2_c0.png,7192,1,216,20,46.0,3
46,6_320x stock m270_4x obj_grid_r2_c0.png,7193,1,241,17,46.0,3
46,6_320x stock m270_4x obj_grid_r2_c0.png,7194,1,251,11,46.0,3
46,6_320x stock m270_4x obj_grid_r2_c0.png,7195,1,368,4,31.5,3
46,6_320x stock m270_4x obj_grid_r2_c0.png,7196,1,269,507,31.5,3
46,6_320x stock m270_4x obj_grid_r2_c0.png,7197,1,317,493,31.5,3
46,6_320x stock m270_4x obj_grid_r2_c0.png,7198,1,306,490,46.0,3
46,6_320x stock m270_4x obj_grid_r2_c0.png,7199,1,283,489,31.5,3
46,6_320x stock m270_4x obj_grid_r2_c0.png,7200,1,323,482,46.0,3
46,6_320x stock m270_4x obj_grid_r2_c0.png,7201,1,255,482,46.0,3
46,6_320x stock m270_4x obj_grid_r2_c0.png,7202,1,214,474,46.0,3
46,6_320x stock m270_4x obj_grid_r2_c0.png,7203,1,287,461,46.0,3
46,6_320x stock m270_4x obj_grid_r2_c0.png,7204,1,266,451,46.0,3
46,6_320x stock m270_4x obj_grid_r2_c0.png,7205,1,179,442,46.0,3
46,6_320x stock m270_4x obj_grid_r2_c0.png,7206,1,293,430,31.5,3
46,6_320x stock m270_4x obj_grid_r2_c0.png,7207,1,339,430,46.0,3
46,6_320x stock m270_4x obj_grid_r2_c0.png,7208,1,311,427,31.5,3
46,6_320x stock m270_4x obj_grid_r2_c0.png,7209,1,473,423,31.5,3
46,6_320x stock m270_4x obj_grid_r2_c0.png,7210,1,248,417,46.0,3
46,6_320x stock m270_4x obj_grid_r2_c0.png,7211,1,432,413,31.5,3
46,6_320x stock m270_4x obj_grid_r2_c0.png,7212,1,271,389,74.5,4
46,6_320x stock m270_4x obj_grid_r2_c0.png,7213,1,322,370,31.5,3
46,6_320x stock m270_4x obj_grid_r2_c0.png,7214,1,275,369,46.0,3
46,6_320x stock m270_4x obj_grid_r2_c0.png,7215,1,488,368,46.0,3
46,6_320x stock m270_4x obj_grid_r2_c0.png,7216,1,217,339,74.5,4
46,6_320x stock m270_4x obj_grid_r2_c0.png,7217,1,188,340,46.0,3
46,6_320x stock m270_4x obj_grid_r2_c0.png,7218,1,292,335,46.0,3
46,6_320x stock m270_4x obj_grid_r2_c0.png,7219,1,331,322,46.0,3
46,6_320x stock m270_4x obj_grid_r2_c0.png,7220,1,490,324,31.5,3
46,6_320x stock m270_4x obj_grid_r2_c0.png,7221,1,331,319,31.5,3
46,6_320x stock m270_4x obj_grid_r2_c0.png,7222,1,266,309,46.0,3
46,6_320x stock m270_4x obj_grid_r2_c0.png,7223,1,449,294,46.0,3
46,6_320x stock m270_4x obj_grid_r2_c0.png,7224,1,251,252,46.0,3
46,6_320x stock m270_4x obj_grid_r2_c0.png,7225,1,264,249,31.5,3
46,6_320x stock m270_4x obj_grid_r2_c0.png,7226,1,382,244,46.0,3
46,6_320x stock m270_4x obj_grid_r2_c0.png,7227,1,438,242,147.5,6
46,6_320x stock m270_4x obj_grid_r2_c0.png,7228,1,428,237,46.0,3
46,6_320x stock m270_4x obj_grid_r2_c0.png,7229,1,220,229,104.0,5
46,6_320x stock m270_4x obj_grid_r2_c0.png,7230,1,398,216,46.0,3
46,6_320x stock m270_4x obj_grid_r2_c0.png,7231,1,237,215,46.0,3
46,6_320x stock m270_4x obj_grid_r2_c0.png,7232,1,280,209,46.0,3
46,6_320x stock m270_4x obj_grid_r2_c0.png,7233,1,210,205,74.5,4
46,6_320x stock m270_4x obj_grid_r2_c0.png,7234,1,229,203,46.0,3
46,6_320x stock m270_4x obj_grid_r2_c0.png,7235,1,314,202,46.0,3
46,6_320x stock m270_4x obj_grid_r2_c0.png,7236,1,325,198,31.5,3
46,6_320x stock m270_4x obj_grid_r2_c0.png,7237,1,454,199,31.5,3
46,6_320x stock m270_4x obj_grid_r2_c0.png,7238,1,184,199,46.0,3
46,6_320x stock m270_4x obj_grid_r2_c0.png,7239,1,263,197,31.5,3
46,6_320x stock m270_4x obj_grid_r2_c0.png,7240,1,252,198,31.5,3
46,6_320x stock m270_4x obj_grid_r2_c0.png,7241,1,431,195,31.5,3
46,6_320x stock m270_4x obj_grid_r2_c0.png,7242,1,464,185,31.5,3
46,6_320x stock m270_4x obj_grid_r2_c0.png,7243,1,257,181,46.0,3
46,6_320x stock m270_4x obj_grid_r2_c0.png,7244,1,369,178,31.5,3
46,6_320x stock m270_4x obj_grid_r2_c0.png,7245,1,480,176,46.0,3
46,6_320x stock m270_4x obj_grid_r2_c0.png,7246,1,267,176,31.5,3
46,6_320x stock m270_4x obj_grid_r2_c0.png,7247,1,280,169,46.0,3
46,6_320x stock m270_4x obj_grid_r2_c0.png,7248,1,312,166,46.0,3
46,6_320x stock m270_4x obj_grid_r2_c0.png,7249,1,449,158,46.0,3
46,6_320x stock m270_4x obj_grid_r2_c0.png,7250,1,288,153,46.0,3
46,6_320x stock m270_4x obj_grid_r2_c0.png,7251,1,415,151,46.0,3
46,6_320x stock m270_4x obj_grid_r2_c0.png,7252,1,124,150,74.5,4
46,6_320x stock m270_4x obj_grid_r2_c0.png,7253,1,402,147,46.0,3
46,6_320x stock m270_4x obj_grid_r2_c0.png,7254,1,352,147,31.5,3
46,6_320x stock m270_4x obj_grid_r2_c0.png,7255,1,432,144,31.5,3
46,6_320x stock m270_4x obj_grid_r2_c0.png,7256,1,378,139,31.5,3
46,6_320x stock m270_4x obj_grid_r2_c0.png,7257,1,344,140,31.5,3
46,6_320x stock m270_4x obj_grid_r2_c0.png,7258,1,433,132,31.5,3
46,6_320x stock m270_4x obj_grid_r2_c0.png,7259,1,144,131,46.0,3
46,6_320x stock m270_4x obj_grid_r2_c0.png,7260,1,445,128,46.0,3
46,6_320x stock m270_4x obj_grid_r2_c0.png,7261,1,405,128,46.0,3
46,6_320x stock m270_4x obj_grid_r2_c0.png,7262,1,462,118,46.0,3
46,6_320x stock m270_4x obj_grid_r2_c0.png,7263,1,276,118,46.0,3
46,6_320x stock m270_4x obj_grid_r2_c0.png,7264,1,402,114,46.0,3
46,6_320x stock m270_4x obj_grid_r2_c0.png,7265,1,418,107,46.0,3
46,6_320x stock m270_4x obj_grid_r2_c0.png,7266,1,445,96,46.0,3
46,6_320x stock m270_4x obj_grid_r2_c0.png,7267,1,315,90,31.5,3
46,6_320x stock m270_4x obj_grid_r2_c0.png,7268,1,333,92,46.0,3
46,6_320x stock m270_4x obj_grid_r2_c0.png,7269,1,467,89,46.0,3
46,6_320x stock m270_4x obj_grid_r2_c0.png,7270,1,412,79,46.0,3
46,6_320x stock m270_4x obj_grid_r2_c0.png,7271,1,338,68,46.0,3
46,6_320x stock m270_4x obj_grid_r2_c0.png,7272,1,386,65,46.0,3
46,6_320x stock m270_4x obj_grid_r2_c0.png,7273,1,427,65,74.5,4
46,6_320x stock m270_4x obj_grid_r2_c0.png,7274,1,345,55,46.0,3
46,6_320x stock m270_4x obj_grid_r2_c0.png,7275,1,298,50,46.0,3
46,6_320x stock m270_4x obj_grid_r2_c0.png,7276,1,271,45,46.0,3
46,6_320x stock m270_4x obj_grid_r2_c0.png,7277,1,354,42,46.0,3
46,6_320x stock m270_4x obj_grid_r2_c0.png,7278,1,415,39,46.0,3
46,6_320x stock m270_4x obj_grid_r2_c0.png,7279,1,460,26,46.0,3
46,6_320x stock m270_4x obj_grid_r2_c0.png,7280,1,342,22,46.0,3
46,6_320x stock m270_4x obj_grid_r2_c0.png,7281,1,480,17,46.0,3
46,6_320x stock m270_4x obj_grid_r2_c0.png,7282,1,449,15,46.0,3
46,6_320x stock m270_4x obj_grid_r2_c0.png,7283,1,403,10,46.0,3
46,6_320x stock m270_4x obj_grid_r2_c0.png,7284,1,498,6,46.0,3
46,6_320x stock m270_4x obj_grid_r2_c0.png,7285,1,434,6,46.0,3
46,6_320x stock m270_4x obj_grid_r2_c0.png,7286,1,474,508,26.5,2
46,6_320x stock m270_4x obj_grid_r2_c0.png,7287,1,372,507,31.5,3
46,6_320x stock m270_4x obj_grid_r2_c0.png,7288,1,507,498,31.5,3
46,6_320x stock m270_4x obj_grid_r2_c0.png,7289,1,459,495,46.0,3
46,6_320x stock m270_4x obj_grid_r2_c0.png,7290,1,416,493,46.0,3
46,6_320x stock m270_4x obj_grid_r2_c0.png,7291,1,440,491,31.5,3
46,6_320x stock m270_4x obj_grid_r2_c0.png,7292,1,475,488,31.5,3
46,6_320x stock m270_4x obj_grid_r2_c0.png,7293,1,490,488,46.0,3
46,6_320x stock m270_4x obj_grid_r2_c0.png,7294,1,380,483,46.0,3
46,6_320x stock m270_4x obj_grid_r2_c0.png,7295,1,352,481,31.5,3
46,6_320x stock m270_4x obj_grid_r2_c0.png,7296,1,467,476,31.5,3
46,6_320x stock m270_4x obj_grid_r2_c0.png,7297,1,371,468,46.0,3
46,6_320x stock m270_4x obj_grid_r2_c0.png,7298,1,398,456,46.0,3
46,6_320x stock m270_4x obj_grid_r2_c0.png,7299,1,366,455,46.0,3
46,6_320x stock m270_4x obj_grid_r2_c0.png,7300,1,482,451,46.0,3
46,6_320x stock m270_4x obj_grid_r2_c0.png,7301,1,336,446,31.5,3
46,6_320x stock m270_4x obj_grid_r2_c0.png,7302,1,358,444,46.0,3
46,6_320x stock m270_4x obj_grid_r2_c0.png,7303,1,412,440,46.0,3
46,6_320x stock m270_4x obj_grid_r2_c0.png,7304,1,323,424,46.0,3
46,6_320x stock m270_4x obj_grid_r2_c0.png,7305,1,375,421,46.0,3
46,6_320x stock m270_4x obj_grid_r2_c0.png,7306,1,286,415,46.0,3
46,6_320x stock m270_4x obj_grid_r2_c0.png,7307,1,383,413,46.0,3
46,6_320x stock m270_4x obj_grid_r2_c0.png,7308,1,477,412,46.0,3
46,6_320x stock m270_4x obj_grid_r2_c0.png,7309,1,348,406,46.0,3
46,6_320x stock m270_4x obj_grid_r2_c0.png,7310,1,418,404,46.0,3
46,6_320x stock m270_4x obj_grid_r2_c0.png,7311,1,392,406,104.0,5
46,6_320x stock m270_4x obj_grid_r2_c0.png,7312,1,484,388,46.0,3
46,6_320x stock m270_4x obj_grid_r2_c0.png,7313,1,386,387,46.0,3
46,6_320x stock m270_4x obj_grid_r2_c0.png,7314,1,368,384,46.0,3
46,6_320x stock m270_4x obj_grid_r2_c0.png,7315,1,433,382,46.0,3
46,6_320x stock m270_4x obj_grid_r2_c0.png,7316,1,310,372,46.0,3
46,6_320x stock m270_4x obj_grid_r2_c0.png,7317,1,507,368,31.5,3
46,6_320x stock m270_4x obj_grid_r2_c0.png,7318,1,332,358,46.0,3
46,6_320x stock m270_4x obj_grid_r2_c0.png,7319,1,455,356,31.5,3
46,6_320x stock m270_4x obj_grid_r2_c0.png,7320,1,488,342,46.0,3
46,6_320x stock m270_4x obj_grid_r2_c0.png,7321,1,388,328,46.0,3
46,6_320x stock m270_4x obj_grid_r2_c0.png,7322,1,422,323,46.0,3
46,6_320x stock m270_4x obj_grid_r2_c0.png,7323,1,309,324,46.0,3
46,6_320x stock m270_4x obj_grid_r2_c0.png,7324,1,273,324,46.0,3
46,6_320x stock m270_4x obj_grid_r2_c0.png,7325,1,343,321,31.5,3
46,6_320x stock m270_4x obj_grid_r2_c0.png,7326,1,399,317,46.0,3
46,6_320x stock m270_4x obj_grid_r2_c0.png,7327,1,440,316,46.0,3
46,6_320x stock m270_4x obj_grid_r2_c0.png,7328,1,426,311,46.0,3
46,6_320x stock m270_4x obj_grid_r2_c0.png,7329,1,249,310,46.0,3
46,6_320x stock m270_4x obj_grid_r2_c0.png,7330,1,408,301,46.0,3
46,6_320x stock m270_4x obj_grid_r2_c0.png,7331,1,418,297,46.0,3
46,6_320x stock m270_4x obj_grid_r2_c0.png,7332,1,322,295,46.0,3
46,6_320x stock m270_4x obj_grid_r2_c0.png,7333,1,456,294,31.5,3
46,6_320x stock m270_4x obj_grid_r2_c0.png,7334,1,393,289,46.0,3
46,6_320x stock m270_4x obj_grid_r2_c0.png,7335,1,295,289,46.0,3
46,6_320x stock m270_4x obj_grid_r2_c0.png,7336,1,337,284,46.0,3
46,6_320x stock m270_4x obj_grid_r2_c0.png,7337,1,498,275,46.0,3
46,6_320x stock m270_4x obj_grid_r2_c0.png,7338,1,433,271,46.0,3
46,6_320x stock m270_4x obj_grid_r2_c0.png,7339,1,318,269,46.0,3
46,6_320x stock m270_4x obj_grid_r2_c0.png,7340,1,384,262,46.0,3
46,6_320x stock m270_4x obj_grid_r2_c0.png,7341,1,356,260,46.0,3
46,6_320x stock m270_4x obj_grid_r2_c0.png,7342,1,449,258,46.0,3
46,6_320x stock m270_4x obj_grid_r2_c0.png,7343,1,340,253,46.0,3
46,6_320x stock m270_4x obj_grid_r2_c0.png,7344,1,408,251,46.0,3
46,6_320x stock m270_4x obj_grid_r2_c0.png,7345,1,329,248,46.0,3
46,6_320x stock m270_4x obj_grid_r2_c0.png,7346,1,475,242,46.0,3
46,6_320x stock m270_4x obj_grid_r2_c0.png,7347,1,358,239,46.0,3
46,6_320x stock m270_4x obj_grid_r2_c0.png,7348,1,300,234,46.0,3
46,6_320x stock m270_4x obj_grid_r2_c0.png,7349,1,455,231,46.0,3
46,6_320x stock m270_4x obj_grid_r2_c0.png,7350,1,420,224,46.0,3
46,6_320x stock m270_4x obj_grid_r2_c0.png,7351,1,380,214,46.0,3
46,6_320x stock m270_4x obj_grid_r2_c0.png,7352,1,398,199,46.0,3
46,6_320x stock m270_4x obj_grid_r2_c0.png,7353,1,474,186,31.5,3
46,6_320x stock m270_4x obj_grid_r2_c0.png,7354,1,423,185,46.0,3
46,6_320x stock m270_4x obj_grid_r2_c0.png,7355,1,285,180,46.0,3
46,6_320x stock m270_4x obj_grid_r2_c0.png,7356,1,323,170,31.5,3
46,6_320x stock m270_4x obj_grid_r2_c0.png,7357,1,425,165,46.0,3
46,6_320x stock m270_4x obj_grid_r2_c0.png,7358,1,369,159,46.0,3
46,6_320x stock m270_4x obj_grid_r2_c0.png,7359,1,494,153,46.0,3
46,6_320x stock m270_4x obj_grid_r2_c0.png,7360,1,326,151,46.0,3
46,6_320x stock m270_4x obj_grid_r2_c0.png,7361,1,297,81,147.5,6
46,6_320x stock m270_4x obj_grid_r2_c0.png,7362,1,434,28,74.5,4
46,6_320x stock m270_4x obj_grid_r2_c0.png,7363,1,386,500,46.0,3
46,6_320x stock m270_4x obj_grid_r2_c0.png,7364,1,415,459,46.0,3
46,6_320x stock m270_4x obj_grid_r2_c0.png,7365,1,346,451,46.0,3
46,6_320x stock m270_4x obj_grid_r2_c0.png,7366,1,426,449,46.0,3
46,6_320x stock m270_4x obj_grid_r2_c0.png,7367,1,461,445,46.0,3
46,6_320x stock m270_4x obj_grid_r2_c0.png,7368,1,382,444,46.0,3
46,6_320x stock m270_4x obj_grid_r2_c0.png,7369,1,438,438,46.0,3
46,6_320x stock m270_4x obj_grid_r2_c0.png,7370,1,435,394,46.0,3
46,6_320x stock m270_4x obj_grid_r2_c0.png,7371,1,480,353,104.0,5
46,6_320x stock m270_4x obj_grid_r2_c0.png,7372,1,404,278,46.0,3
46,6_320x stock m270_4x obj_grid_r2_c0.png,7373,1,294,248,46.0,3
46,6_320x stock m270_4x obj_grid_r2_c0.png,7374,1,457,50,147.5,6
46,6_320x stock m270_4x obj_grid_r2_c0.png,7375,1,491,504,46.0,3
46,6_320x stock m270_4x obj_grid_r2_c0.png,7376,1,223,491,248.5,8
46,6_320x stock m270_4x obj_grid_r2_c0.png,7377,1,204,263,248.5,8
46,6_320x stock m270_4x obj_grid_r2_c0.png,7378,1,402,166,147.5,6
46,6_320x stock m270_4x obj_grid_r2_c0.png,7379,1,382,108,147.5,6
47,6_320x stock m270_4x obj_grid_r2_c1.png,7380,1,14,217,147.5,6
47,6_320x stock m270_4x obj_grid_r2_c1.png,7381,1,149,381,74.5,4
47,6_320x stock m270_4x obj_grid_r2_c1.png,7382,1,399,130,46.0,3
47,6_320x stock m270_4x obj_grid_r2_c1.png,7383,1,148,255,31.5,3
47,6_320x stock m270_4x obj_grid_r2_c1.png,7384,1,131,120,46.0,3
47,6_320x stock m270_4x obj_grid_r2_c1.png,7385,1,404,67,74.5,4
47,6_320x stock m270_4x obj_grid_r2_c1.png,7386,1,264,178,248.5,8
47,6_320x stock m270_4x obj_grid_r2_c1.png,7387,1,480,172,46.0,3
47,6_320x stock m270_4x obj_grid_r2_c1.png,7388,1,391,156,46.0,3
47,6_320x stock m270_4x obj_grid_r2_c1.png,7389,1,342,110,31.5,3
47,6_320x stock m270_4x obj_grid_r2_c1.png,7390,1,458,93,46.0,3
47,6_320x stock m270_4x obj_grid_r2_c1.png,7391,1,134,83,74.5,4
47,6_320x stock m270_4x obj_grid_r2_c1.png,7392,1,452,61,74.5,4
47,6_320x stock m270_4x obj_grid_r2_c1.png,7393,1,487,426,74.5,4
47,6_320x stock m270_4x obj_grid_r2_c1.png,7394,1,401,234,74.5,4
47,6_320x stock m270_4x obj_grid_r2_c1.png,7395,1,93,203,31.5,3
47,6_320x stock m270_4x obj_grid_r2_c1.png,7396,1,236,128,46.0,3
47,6_320x stock m270_4x obj_grid_r2_c1.png,7397,1,138,19,31.5,3
47,6_320x stock m270_4x obj_grid_r2_c1.png,7398,1,185,10,74.5,4
47,6_320x stock m270_4x obj_grid_r2_c1.png,7399,1,451,8,46.0,3
47,6_320x stock m270_4x obj_grid_r2_c1.png,7400,1,351,5,46.0,3
47,6_320x stock m270_4x obj_grid_r2_c1.png,7401,1,458,507,43.0,3
47,6_320x stock m270_4x obj_grid_r2_c1.png,7402,1,402,473,74.5,4
47,6_320x stock m270_4x obj_grid_r2_c1.png,7403,1,466,422,74.5,4
47,6_320x stock m270_4x obj_grid_r2_c1.png,7404,1,174,379,46.0,3
47,6_320x stock m270_4x obj_grid_r2_c1.png,7405,1,259,368,46.0,3
47,6_320x stock m270_4x obj_grid_r2_c1.png,7406,1,244,358,46.0,3
47,6_320x stock m270_4x obj_grid_r2_c1.png,7407,1,505,350,8.0,1
47,6_320x stock m270_4x obj_grid_r2_c1.png,7408,1,329,250,46.0,3
47,6_320x stock m270_4x obj_grid_r2_c1.png,7409,1,188,228,74.5,4
47,6_320x stock m270_4x obj_grid_r2_c1.png,7410,1,268,206,31.5,3
47,6_320x stock m270_4x obj_grid_r2_c1.png,7411,1,332,206,74.5,4
47,6_320x stock m270_4x obj_grid_r2_c1.png,7412,1,151,190,74.5,4
47,6_320x stock m270_4x obj_grid_r2_c1.png,7413,1,54,190,46.0,3
47,6_320x stock m270_4x obj_grid_r2_c1.png,7414,1,129,138,74.5,4
47,6_320x stock m270_4x obj_grid_r2_c1.png,7415,1,105,132,104.0,5
47,6_320x stock m270_4x obj_grid_r2_c1.png,7416,1,189,79,74.5,4
47,6_320x stock m270_4x obj_grid_r2_c1.png,7417,1,83,68,31.5,3
47,6_320x stock m270_4x obj_grid_r2_c1.png,7418,1,241,52,46.0,3
47,6_320x stock m270_4x obj_grid_r2_c1.png,7419,1,437,52,74.5,4
47,6_320x stock m270_4x obj_grid_r2_c1.png,7420,1,25,45,46.0,3
47,6_320x stock m270_4x obj_grid_r2_c1.png,7421,1,306,410,31.5,3
47,6_320x stock m270_4x obj_grid_r2_c1.png,7422,1,251,412,74.5,4
47,6_320x stock m270_4x obj_grid_r2_c1.png,7423,1,33,409,31.5,3
47,6_320x stock m270_4x obj_grid_r2_c1.png,7424,1,379,306,74.5,4
47,6_320x stock m270_4x obj_grid_r2_c1.png,7425,1,205,207,46.0,3
47,6_320x stock m270_4x obj_grid_r2_c1.png,7426,1,99,185,46.0,3
47,6_320x stock m270_4x obj_grid_r2_c1.png,7427,1,416,27,104.0,5
47,6_320x stock m270_4x obj_grid_r2_c1.png,7428,1,174,26,74.5,4
47,6_320x stock m270_4x obj_grid_r2_c1.png,7429,1,178,481,74.5,4
47,6_320x stock m270_4x obj_grid_r2_c1.png,7430,1,86,415,46.0,3
47,6_320x stock m270_4x obj_grid_r2_c1.png,7431,1,420,339,31.5,3
47,6_320x stock m270_4x obj_grid_r2_c1.png,7432,1,419,324,31.5,3
47,6_320x stock m270_4x obj_grid_r2_c1.png,7433,1,508,288,31.5,3
47,6_320x stock m270_4x obj_grid_r2_c1.png,7434,1,478,263,31.5,3
47,6_320x stock m270_4x obj_grid_r2_c1.png,7435,1,420,214,31.5,3
47,6_320x stock m270_4x obj_grid_r2_c1.png,7436,1,442,206,46.0,3
47,6_320x stock m270_4x obj_grid_r2_c1.png,7437,1,373,202,46.0,3
47,6_320x stock m270_4x obj_grid_r2_c1.png,7438,1,402,187,46.0,3
47,6_320x stock m270_4x obj_grid_r2_c1.png,7439,1,357,180,31.5,3
47,6_320x stock m270_4x obj_grid_r2_c1.png,7440,1,491,171,31.5,3
47,6_320x stock m270_4x obj_grid_r2_c1.png,7441,1,472,144,46.0,3
47,6_320x stock m270_4x obj_grid_r2_c1.png,7442,1,410,142,31.5,3
47,6_320x stock m270_4x obj_grid_r2_c1.png,7443,1,281,140,8.0,1
47,6_320x stock m270_4x obj_grid_r2_c1.png,7444,1,383,123,46.0,3
47,6_320x stock m270_4x obj_grid_r2_c1.png,7445,1,478,122,46.0,3
47,6_320x stock m270_4x obj_grid_r2_c1.png,7446,1,426,119,46.0,3
47,6_320x stock m270_4x obj_grid_r2_c1.png,7447,1,478,110,46.0,3
47,6_320x stock m270_4x obj_grid_r2_c1.png,7448,1,439,85,46.0,3
47,6_320x stock m270_4x obj_grid_r2_c1.png,7449,1,369,82,31.5,3
47,6_320x stock m270_4x obj_grid_r2_c1.png,7450,1,507,84,31.5,3
47,6_320x stock m270_4x obj_grid_r2_c1.png,7451,1,418,77,31.5,3
47,6_320x stock m270_4x obj_grid_r2_c1.png,7452,1,506,73,46.0,3
47,6_320x stock m270_4x obj_grid_r2_c1.png,7453,1,328,69,31.5,3
47,6_320x stock m270_4x obj_grid_r2_c1.png,7454,1,352,66,46.0,3
47,6_320x stock m270_4x obj_grid_r2_c1.png,7455,1,481,65,46.0,3
47,6_320x stock m270_4x obj_grid_r2_c1.png,7456,1,76,61,31.5,3
47,6_320x stock m270_4x obj_grid_r2_c1.png,7457,1,21,63,74.5,4
47,6_320x stock m270_4x obj_grid_r2_c1.png,7458,1,379,59,46.0,3
47,6_320x stock m270_4x obj_grid_r2_c1.png,7459,1,318,49,46.0,3
47,6_320x stock m270_4x obj_grid_r2_c1.png,7460,1,341,45,31.5,3
47,6_320x stock m270_4x obj_grid_r2_c1.png,7461,1,223,40,31.5,3
47,6_320x stock m270_4x obj_grid_r2_c1.png,7462,1,450,28,46.0,3
47,6_320x stock m270_4x obj_grid_r2_c1.png,7463,1,363,28,46.0,3
47,6_320x stock m270_4x obj_grid_r2_c1.png,7464,1,379,22,190.0,7
47,6_320x stock m270_4x obj_grid_r2_c1.png,7465,1,254,20,46.0,3
47,6_320x stock m270_4x obj_grid_r2_c1.png,7466,1,194,20,31.5,3
47,6_320x stock m270_4x obj_grid_r2_c1.png,7467,1,319,13,46.0,3
47,6_320x stock m270_4x obj_grid_r2_c1.png,7468,1,172,9,46.0,3
47,6_320x stock m270_4x obj_grid_r2_c1.png,7469,1,417,8,46.0,3
47,6_320x stock m270_4x obj_grid_r2_c1.png,7470,1,434,508,31.5,3
47,6_320x stock m270_4x obj_grid_r2_c1.png,7471,1,491,505,46.0,3
47,6_320x stock m270_4x obj_grid_r2_c1.png,7472,1,454,470,46.0,3
47,6_320x stock m270_4x obj_grid_r2_c1.png,7473,1,365,467,31.5,3
47,6_320x stock m270_4x obj_grid_r2_c1.png,7474,1,480,466,31.5,3
47,6_320x stock m270_4x obj_grid_r2_c1.png,7475,1,468,467,74.5,4
47,6_320x stock m270_4x obj_grid_r2_c1.png,7476,1,354,464,31.5,3
47,6_320x stock m270_4x obj_grid_r2_c1.png,7477,1,373,454,31.5,3
47,6_320x stock m270_4x obj_grid_r2_c1.png,7478,1,508,457,31.5,3
47,6_320x stock m270_4x obj_grid_r2_c1.png,7479,1,452,454,46.0,3
47,6_320x stock m270_4x obj_grid_r2_c1.png,7480,1,496,449,46.0,3
47,6_320x stock m270_4x obj_grid_r2_c1.png,7481,1,438,447,46.0,3
47,6_320x stock m270_4x obj_grid_r2_c1.png,7482,1,508,435,31.5,3
47,6_320x stock m270_4x obj_grid_r2_c1.png,7483,1,160,432,74.5,4
47,6_320x stock m270_4x obj_grid_r2_c1.png,7484,1,371,424,31.5,3
47,6_320x stock m270_4x obj_grid_r2_c1.png,7485,1,461,396,46.0,3
47,6_320x stock m270_4x obj_grid_r2_c1.png,7486,1,508,394,31.5,3
47,6_320x stock m270_4x obj_grid_r2_c1.png,7487,1,104,396,104.0,5
47,6_320x stock m270_4x obj_grid_r2_c1.png,7488,1,343,392,46.0,3
47,6_320x stock m270_4x obj_grid_r2_c1.png,7489,1,476,378,46.0,3
47,6_320x stock m270_4x obj_grid_r2_c1.png,7490,1,332,377,31.5,3
47,6_320x stock m270_4x obj_grid_r2_c1.png,7491,1,204,372,31.5,3
47,6_320x stock m270_4x obj_grid_r2_c1.png,7492,1,465,365,46.0,3
47,6_320x stock m270_4x obj_grid_r2_c1.png,7493,1,484,359,46.0,3
47,6_320x stock m270_4x obj_grid_r2_c1.png,7494,1,435,345,46.0,3
47,6_320x stock m270_4x obj_grid_r2_c1.png,7495,1,343,343,31.5,3
47,6_320x stock m270_4x obj_grid_r2_c1.png,7496,1,270,333,31.5,3
47,6_320x stock m270_4x obj_grid_r2_c1.png,7497,1,209,334,147.5,6
47,6_320x stock m270_4x obj_grid_r2_c1.png,7498,1,368,332,46.0,3
47,6_320x stock m270_4x obj_grid_r2_c1.png,7499,1,484,326,46.0,3
47,6_320x stock m270_4x obj_grid_r2_c1.png,7500,1,185,326,31.5,3
47,6_320x stock m270_4x obj_grid_r2_c1.png,7501,1,393,324,46.0,3
47,6_320x stock m270_4x obj_grid_r2_c1.png,7502,1,477,317,46.0,3
47,6_320x stock m270_4x obj_grid_r2_c1.png,7503,1,412,300,46.0,3
47,6_320x stock m270_4x obj_grid_r2_c1.png,7504,1,250,301,31.5,3
47,6_320x stock m270_4x obj_grid_r2_c1.png,7505,1,353,299,46.0,3
47,6_320x stock m270_4x obj_grid_r2_c1.png,7506,1,379,295,31.5,3
47,6_320x stock m270_4x obj_grid_r2_c1.png,7507,1,475,293,46.0,3
47,6_320x stock m270_4x obj_grid_r2_c1.png,7508,1,319,290,46.0,3
47,6_320x stock m270_4x obj_grid_r2_c1.png,7509,1,385,283,31.5,3
47,6_320x stock m270_4x obj_grid_r2_c1.png,7510,1,271,281,31.5,3
47,6_320x stock m270_4x obj_grid_r2_c1.png,7511,1,506,277,46.0,3
47,6_320x stock m270_4x obj_grid_r2_c1.png,7512,1,464,277,46.0,3
47,6_320x stock m270_4x obj_grid_r2_c1.png,7513,1,448,276,46.0,3
47,6_320x stock m270_4x obj_grid_r2_c1.png,7514,1,316,274,46.0,3
47,6_320x stock m270_4x obj_grid_r2_c1.png,7515,1,226,271,31.5,3
47,6_320x stock m270_4x obj_grid_r2_c1.png,7516,1,271,263,46.0,3
47,6_320x stock m270_4x obj_grid_r2_c1.png,7517,1,380,256,46.0,3
47,6_320x stock m270_4x obj_grid_r2_c1.png,7518,1,367,254,46.0,3
47,6_320x stock m270_4x obj_grid_r2_c1.png,7519,1,304,249,46.0,3
47,6_320x stock m270_4x obj_grid_r2_c1.png,7520,1,170,249,46.0,3
47,6_320x stock m270_4x obj_grid_r2_c1.png,7521,1,287,245,46.0,3
47,6_320x stock m270_4x obj_grid_r2_c1.png,7522,1,321,242,31.5,3
47,6_320x stock m270_4x obj_grid_r2_c1.png,7523,1,181,241,31.5,3
47,6_320x stock m270_4x obj_grid_r2_c1.png,7524,1,370,239,46.0,3
47,6_320x stock m270_4x obj_grid_r2_c1.png,7525,1,38,238,31.5,3
47,6_320x stock m270_4x obj_grid_r2_c1.png,7526,1,53,237,31.5,3
47,6_320x stock m270_4x obj_grid_r2_c1.png,7527,1,214,238,31.5,3
47,6_320x stock m270_4x obj_grid_r2_c1.png,7528,1,268,235,46.0,3
47,6_320x stock m270_4x obj_grid_r2_c1.png,7529,1,238,233,46.0,3
47,6_320x stock m270_4x obj_grid_r2_c1.png,7530,1,155,225,46.0,3
47,6_320x stock m270_4x obj_grid_r2_c1.png,7531,1,414,225,46.0,3
47,6_320x stock m270_4x obj_grid_r2_c1.png,7532,1,372,223,46.0,3
47,6_320x stock m270_4x obj_grid_r2_c1.png,7533,1,250,219,46.0,3
47,6_320x stock m270_4x obj_grid_r2_c1.png,7534,1,363,214,46.0,3
47,6_320x stock m270_4x obj_grid_r2_c1.png,7535,1,46,211,31.5,3
47,6_320x stock m270_4x obj_grid_r2_c1.png,7536,1,295,210,31.5,3
47,6_320x stock m270_4x obj_grid_r2_c1.png,7537,1,65,210,31.5,3
47,6_320x stock m270_4x obj_grid_r2_c1.png,7538,1,352,208,46.0,3
47,6_320x stock m270_4x obj_grid_r2_c1.png,7539,1,386,205,31.5,3
47,6_320x stock m270_4x obj_grid_r2_c1.png,7540,1,483,204,46.0,3
47,6_320x stock m270_4x obj_grid_r2_c1.png,7541,1,296,195,46.0,3
47,6_320x stock m270_4x obj_grid_r2_c1.png,7542,1,324,198,31.5,3
47,6_320x stock m270_4x obj_grid_r2_c1.png,7543,1,257,198,46.0,3
47,6_320x stock m270_4x obj_grid_r2_c1.png,7544,1,230,191,31.5,3
47,6_320x stock m270_4x obj_grid_r2_c1.png,7545,1,292,185,31.5,3
47,6_320x stock m270_4x obj_grid_r2_c1.png,7546,1,491,186,46.0,3
47,6_320x stock m270_4x obj_grid_r2_c1.png,7547,1,142,183,31.5,3
47,6_320x stock m270_4x obj_grid_r2_c1.png,7548,1,160,171,46.0,3
47,6_320x stock m270_4x obj_grid_r2_c1.png,7549,1,353,162,46.0,3
47,6_320x stock m270_4x obj_grid_r2_c1.png,7550,1,476,159,46.0,3
47,6_320x stock m270_4x obj_grid_r2_c1.png,7551,1,209,153,31.5,3
47,6_320x stock m270_4x obj_grid_r2_c1.png,7552,1,161,151,31.5,3
47,6_320x stock m270_4x obj_grid_r2_c1.png,7553,1,151,149,31.5,3
47,6_320x stock m270_4x obj_grid_r2_c1.png,7554,1,449,147,46.0,3
47,6_320x stock m270_4x obj_grid_r2_c1.png,7555,1,234,145,31.5,3
47,6_320x stock m270_4x obj_grid_r2_c1.png,7556,1,264,141,46.0,3
47,6_320x stock m270_4x obj_grid_r2_c1.png,7557,1,370,141,46.0,3
47,6_320x stock m270_4x obj_grid_r2_c1.png,7558,1,342,140,46.0,3
47,6_320x stock m270_4x obj_grid_r2_c1.png,7559,1,219,130,31.5,3
47,6_320x stock m270_4x obj_grid_r2_c1.png,7560,1,265,126,46.0,3
47,6_320x stock m270_4x obj_grid_r2_c1.png,7561,1,356,122,46.0,3
47,6_320x stock m270_4x obj_grid_r2_c1.png,7562,1,407,117,46.0,3
47,6_320x stock m270_4x obj_grid_r2_c1.png,7563,1,306,109,46.0,3
47,6_320x stock m270_4x obj_grid_r2_c1.png,7564,1,248,111,104.0,5
47,6_320x stock m270_4x obj_grid_r2_c1.png,7565,1,408,106,46.0,3
47,6_320x stock m270_4x obj_grid_r2_c1.png,7566,1,74,102,31.5,3
47,6_320x stock m270_4x obj_grid_r2_c1.png,7567,1,310,101,31.5,3
47,6_320x stock m270_4x obj_grid_r2_c1.png,7568,1,233,100,46.0,3
47,6_320x stock m270_4x obj_grid_r2_c1.png,7569,1,423,97,46.0,3
47,6_320x stock m270_4x obj_grid_r2_c1.png,7570,1,216,93,31.5,3
47,6_320x stock m270_4x obj_grid_r2_c1.png,7571,1,396,92,46.0,3
47,6_320x stock m270_4x obj_grid_r2_c1.png,7572,1,307,82,46.0,3
47,6_320x stock m270_4x obj_grid_r2_c1.png,7573,1,38,79,31.5,3
47,6_320x stock m270_4x obj_grid_r2_c1.png,7574,1,428,80,46.0,3
47,6_320x stock m270_4x obj_grid_r2_c1.png,7575,1,277,79,46.0,3
47,6_320x stock m270_4x obj_grid_r2_c1.png,7576,1,108,79,31.5,3
47,6_320x stock m270_4x obj_grid_r2_c1.png,7577,1,97,78,46.0,3
47,6_320x stock m270_4x obj_grid_r2_c1.png,7578,1,161,76,46.0,3
47,6_320x stock m270_4x obj_grid_r2_c1.png,7579,1,6,75,31.5,3
47,6_320x stock m270_4x obj_grid_r2_c1.png,7580,1,142,73,31.5,3
47,6_320x stock m270_4x obj_grid_r2_c1.png,7581,1,70,71,31.5,3
47,6_320x stock m270_4x obj_grid_r2_c1.png,7582,1,98,67,46.0,3
47,6_320x stock m270_4x obj_grid_r2_c1.png,7583,1,338,64,31.5,3
47,6_320x stock m270_4x obj_grid_r2_c1.png,7584,1,5,63,46.0,3
47,6_320x stock m270_4x obj_grid_r2_c1.png,7585,1,52,60,31.5,3
47,6_320x stock m270_4x obj_grid_r2_c1.png,7586,1,11,46,46.0,3
47,6_320x stock m270_4x obj_grid_r2_c1.png,7587,1,283,40,46.0,3
47,6_320x stock m270_4x obj_grid_r2_c1.png,7588,1,475,40,46.0,3
47,6_320x stock m270_4x obj_grid_r2_c1.png,7589,1,360,39,31.5,3
47,6_320x stock m270_4x obj_grid_r2_c1.png,7590,1,245,35,31.5,3
47,6_320x stock m270_4x obj_grid_r2_c1.png,7591,1,137,31,31.5,3
47,6_320x stock m270_4x obj_grid_r2_c1.png,7592,1,96,22,31.5,3
47,6_320x stock m270_4x obj_grid_r2_c1.png,7593,1,107,20,31.5,3
47,6_320x stock m270_4x obj_grid_r2_c1.png,7594,1,460,19,46.0,3
47,6_320x stock m270_4x obj_grid_r2_c1.png,7595,1,291,19,46.0,3
47,6_320x stock m270_4x obj_grid_r2_c1.png,7596,1,43,13,31.5,3
47,6_320x stock m270_4x obj_grid_r2_c1.png,7597,1,72,10,46.0,3
47,6_320x stock m270_4x obj_grid_r2_c1.png,7598,1,245,10,46.0,3
47,6_320x stock m270_4x obj_grid_r2_c1.png,7599,1,210,9,31.5,3
47,6_320x stock m270_4x obj_grid_r2_c1.png,7600,1,258,5,46.0,3
47,6_320x stock m270_4x obj_grid_r2_c1.png,7601,1,422,504,46.0,3
47,6_320x stock m270_4x obj_grid_r2_c1.png,7602,1,238,503,46.0,3
47,6_320x stock m270_4x obj_grid_r2_c1.png,7603,1,328,493,46.0,3
47,6_320x stock m270_4x obj_grid_r2_c1.png,7604,1,428,493,46.0,3
47,6_320x stock m270_4x obj_grid_r2_c1.png,7605,1,471,492,46.0,3
47,6_320x stock m270_4x obj_grid_r2_c1.png,7606,1,296,492,46.0,3
47,6_320x stock m270_4x obj_grid_r2_c1.png,7607,1,315,486,46.0,3
47,6_320x stock m270_4x obj_grid_r2_c1.png,7608,1,340,486,46.0,3
47,6_320x stock m270_4x obj_grid_r2_c1.png,7609,1,432,479,46.0,3
47,6_320x stock m270_4x obj_grid_r2_c1.png,7610,1,308,477,46.0,3
47,6_320x stock m270_4x obj_grid_r2_c1.png,7611,1,256,465,46.0,3
47,6_320x stock m270_4x obj_grid_r2_c1.png,7612,1,284,459,46.0,3
47,6_320x stock m270_4x obj_grid_r2_c1.png,7613,1,295,451,46.0,3
47,6_320x stock m270_4x obj_grid_r2_c1.png,7614,1,400,444,46.0,3
47,6_320x stock m270_4x obj_grid_r2_c1.png,7615,1,171,439,46.0,3
47,6_320x stock m270_4x obj_grid_r2_c1.png,7616,1,293,437,31.5,3
47,6_320x stock m270_4x obj_grid_r2_c1.png,7617,1,271,434,46.0,3
47,6_320x stock m270_4x obj_grid_r2_c1.png,7618,1,419,431,46.0,3
47,6_320x stock m270_4x obj_grid_r2_c1.png,7619,1,444,426,46.0,3
47,6_320x stock m270_4x obj_grid_r2_c1.png,7620,1,234,425,46.0,3
47,6_320x stock m270_4x obj_grid_r2_c1.png,7621,1,213,421,31.5,3
47,6_320x stock m270_4x obj_grid_r2_c1.png,7622,1,166,415,46.0,3
47,6_320x stock m270_4x obj_grid_r2_c1.png,7623,1,421,415,46.0,3
47,6_320x stock m270_4x obj_grid_r2_c1.png,7624,1,323,412,31.5,3
47,6_320x stock m270_4x obj_grid_r2_c1.png,7625,1,412,409,46.0,3
47,6_320x stock m270_4x obj_grid_r2_c1.png,7626,1,224,407,46.0,3
47,6_320x stock m270_4x obj_grid_r2_c1.png,7627,1,56,406,104.0,5
47,6_320x stock m270_4x obj_grid_r2_c1.png,7628,1,398,402,46.0,3
47,6_320x stock m270_4x obj_grid_r2_c1.png,7629,1,408,391,31.5,3
47,6_320x stock m270_4x obj_grid_r2_c1.png,7630,1,191,393,46.0,3
47,6_320x stock m270_4x obj_grid_r2_c1.png,7631,1,252,392,46.0,3
47,6_320x stock m270_4x obj_grid_r2_c1.png,7632,1,286,388,46.0,3
47,6_320x stock m270_4x obj_grid_r2_c1.png,7633,1,313,381,46.0,3
47,6_320x stock m270_4x obj_grid_r2_c1.png,7634,1,163,380,31.5,3
47,6_320x stock m270_4x obj_grid_r2_c1.png,7635,1,255,380,46.0,3
47,6_320x stock m270_4x obj_grid_r2_c1.png,7636,1,390,375,46.0,3
47,6_320x stock m270_4x obj_grid_r2_c1.png,7637,1,491,372,46.0,3
47,6_320x stock m270_4x obj_grid_r2_c1.png,7638,1,305,372,46.0,3
47,6_320x stock m270_4x obj_grid_r2_c1.png,7639,1,215,368,31.5,3
47,6_320x stock m270_4x obj_grid_r2_c1.png,7640,1,13,368,46.0,3
47,6_320x stock m270_4x obj_grid_r2_c1.png,7641,1,339,364,46.0,3
47,6_320x stock m270_4x obj_grid_r2_c1.png,7642,1,321,351,46.0,3
47,6_320x stock m270_4x obj_grid_r2_c1.png,7643,1,35,349,31.5,3
47,6_320x stock m270_4x obj_grid_r2_c1.png,7644,1,282,346,74.5,4
47,6_320x stock m270_4x obj_grid_r2_c1.png,7645,1,356,345,46.0,3
47,6_320x stock m270_4x obj_grid_r2_c1.png,7646,1,125,335,46.0,3
47,6_320x stock m270_4x obj_grid_r2_c1.png,7647,1,142,333,46.0,3
47,6_320x stock m270_4x obj_grid_r2_c1.png,7648,1,195,324,46.0,3
47,6_320x stock m270_4x obj_grid_r2_c1.png,7649,1,171,324,46.0,3
47,6_320x stock m270_4x obj_grid_r2_c1.png,7650,1,209,322,46.0,3
47,6_320x stock m270_4x obj_grid_r2_c1.png,7651,1,142,320,31.5,3
47,6_320x stock m270_4x obj_grid_r2_c1.png,7652,1,129,320,46.0,3
47,6_320x stock m270_4x obj_grid_r2_c1.png,7653,1,363,317,46.0,3
47,6_320x stock m270_4x obj_grid_r2_c1.png,7654,1,253,311,46.0,3
47,6_320x stock m270_4x obj_grid_r2_c1.png,7655,1,224,312,46.0,3
47,6_320x stock m270_4x obj_grid_r2_c1.png,7656,1,399,311,46.0,3
47,6_320x stock m270_4x obj_grid_r2_c1.png,7657,1,130,310,31.5,3
47,6_320x stock m270_4x obj_grid_r2_c1.png,7658,1,239,309,46.0,3
47,6_320x stock m270_4x obj_grid_r2_c1.png,7659,1,214,292,46.0,3
47,6_320x stock m270_4x obj_grid_r2_c1.png,7660,1,329,288,46.0,3
47,6_320x stock m270_4x obj_grid_r2_c1.png,7661,1,284,278,46.0,3
47,6_320x stock m270_4x obj_grid_r2_c1.png,7662,1,140,273,46.0,3
47,6_320x stock m270_4x obj_grid_r2_c1.png,7663,1,123,272,46.0,3
47,6_320x stock m270_4x obj_grid_r2_c1.png,7664,1,305,263,46.0,3
47,6_320x stock m270_4x obj_grid_r2_c1.png,7665,1,232,254,46.0,3
47,6_320x stock m270_4x obj_grid_r2_c1.png,7666,1,245,251,31.5,3
47,6_320x stock m270_4x obj_grid_r2_c1.png,7667,1,502,238,46.0,3
47,6_320x stock m270_4x obj_grid_r2_c1.png,7668,1,150,235,46.0,3
47,6_320x stock m270_4x obj_grid_r2_c1.png,7669,1,88,232,31.5,3
47,6_320x stock m270_4x obj_grid_r2_c1.png,7670,1,306,228,46.0,3
47,6_320x stock m270_4x obj_grid_r2_c1.png,7671,1,281,228,46.0,3
47,6_320x stock m270_4x obj_grid_r2_c1.png,7672,1,98,228,31.5,3
47,6_320x stock m270_4x obj_grid_r2_c1.png,7673,1,219,227,46.0,3
47,6_320x stock m270_4x obj_grid_r2_c1.png,7674,1,478,224,46.0,3
47,6_320x stock m270_4x obj_grid_r2_c1.png,7675,1,330,221,46.0,3
47,6_320x stock m270_4x obj_grid_r2_c1.png,7676,1,141,212,46.0,3
47,6_320x stock m270_4x obj_grid_r2_c1.png,7677,1,121,200,31.5,3
47,6_320x stock m270_4x obj_grid_r2_c1.png,7678,1,140,198,46.0,3
47,6_320x stock m270_4x obj_grid_r2_c1.png,7679,1,203,196,46.0,3
47,6_320x stock m270_4x obj_grid_r2_c1.png,7680,1,184,194,46.0,3
47,6_320x stock m270_4x obj_grid_r2_c1.png,7681,1,126,181,46.0,3
47,6_320x stock m270_4x obj_grid_r2_c1.png,7682,1,179,179,46.0,3
47,6_320x stock m270_4x obj_grid_r2_c1.png,7683,1,87,179,46.0,3
47,6_320x stock m270_4x obj_grid_r2_c1.png,7684,1,5,176,46.0,3
47,6_320x stock m270_4x obj_grid_r2_c1.png,7685,1,411,176,147.5,6
47,6_320x stock m270_4x obj_grid_r2_c1.png,7686,1,329,161,46.0,3
47,6_320x stock m270_4x obj_grid_r2_c1.png,7687,1,495,161,74.5,4
47,6_320x stock m270_4x obj_grid_r2_c1.png,7688,1,137,160,46.0,3
47,6_320x stock m270_4x obj_grid_r2_c1.png,7689,1,198,154,31.5,3
47,6_320x stock m270_4x obj_grid_r2_c1.png,7690,1,84,146,46.0,3
47,6_320x stock m270_4x obj_grid_r2_c1.png,7691,1,191,144,46.0,3
47,6_320x stock m270_4x obj_grid_r2_c1.png,7692,1,100,144,31.5,3
47,6_320x stock m270_4x obj_grid_r2_c1.png,7693,1,247,135,46.0,3
47,6_320x stock m270_4x obj_grid_r2_c1.png,7694,1,34,134,46.0,3
47,6_320x stock m270_4x obj_grid_r2_c1.png,7695,1,255,122,46.0,3
47,6_320x stock m270_4x obj_grid_r2_c1.png,7696,1,53,119,46.0,3
47,6_320x stock m270_4x obj_grid_r2_c1.png,7697,1,84,112,31.5,3
47,6_320x stock m270_4x obj_grid_r2_c1.png,7698,1,111,109,31.5,3
47,6_320x stock m270_4x obj_grid_r2_c1.png,7699,1,38,90,46.0,3
47,6_320x stock m270_4x obj_grid_r2_c1.png,7700,1,58,89,46.0,3
47,6_320x stock m270_4x obj_grid_r2_c1.png,7701,1,220,73,46.0,3
47,6_320x stock m270_4x obj_grid_r2_c1.png,7702,1,61,51,31.5,3
47,6_320x stock m270_4x obj_grid_r2_c1.png,7703,1,96,47,46.0,3
47,6_320x stock m270_4x obj_grid_r2_c1.png,7704,1,143,45,31.5,3
47,6_320x stock m270_4x obj_grid_r2_c1.png,7705,1,132,41,46.0,3
47,6_320x stock m270_4x obj_grid_r2_c1.png,7706,1,198,39,46.0,3
47,6_320x stock m270_4x obj_grid_r2_c1.png,7707,1,88,38,46.0,3
47,6_320x stock m270_4x obj_grid_r2_c1.png,7708,1,75,36,46.0,3
47,6_320x stock m270_4x obj_grid_r2_c1.png,7709,1,40,30,46.0,3
47,6_320x stock m270_4x obj_grid_r2_c1.png,7710,1,154,22,46.0,3
47,6_320x stock m270_4x obj_grid_r2_c1.png,7711,1,5,17,46.0,3
47,6_320x stock m270_4x obj_grid_r2_c1.png,7712,1,271,16,46.0,3
47,6_320x stock m270_4x obj_grid_r2_c1.png,7713,1,91,6,46.0,3
47,6_320x stock m270_4x obj_grid_r2_c1.png,7714,1,23,6,46.0,3
47,6_320x stock m270_4x obj_grid_r2_c1.png,7715,1,53,504,31.5,3
47,6_320x stock m270_4x obj_grid_r2_c1.png,7716,1,80,500,46.0,3
47,6_320x stock m270_4x obj_grid_r2_c1.png,7717,1,155,498,46.0,3
47,6_320x stock m270_4x obj_grid_r2_c1.png,7718,1,32,498,46.0,3
47,6_320x stock m270_4x obj_grid_r2_c1.png,7719,1,257,499,104.0,5
47,6_320x stock m270_4x obj_grid_r2_c1.png,7720,1,182,495,46.0,3
47,6_320x stock m270_4x obj_grid_r2_c1.png,7721,1,139,489,46.0,3
47,6_320x stock m270_4x obj_grid_r2_c1.png,7722,1,15,488,46.0,3
47,6_320x stock m270_4x obj_grid_r2_c1.png,7723,1,65,487,46.0,3
47,6_320x stock m270_4x obj_grid_r2_c1.png,7724,1,264,481,46.0,3
47,6_320x stock m270_4x obj_grid_r2_c1.png,7725,1,237,481,46.0,3
47,6_320x stock m270_4x obj_grid_r2_c1.png,7726,1,382,477,74.5,4
47,6_320x stock m270_4x obj_grid_r2_c1.png,7727,1,281,477,46.0,3
47,6_320x stock m270_4x obj_grid_r2_c1.png,7728,1,199,471,46.0,3
47,6_320x stock m270_4x obj_grid_r2_c1.png,7729,1,94,469,31.5,3
47,6_320x stock m270_4x obj_grid_r2_c1.png,7730,1,212,467,46.0,3
47,6_320x stock m270_4x obj_grid_r2_c1.png,7731,1,128,463,46.0,3
47,6_320x stock m270_4x obj_grid_r2_c1.png,7732,1,177,454,46.0,3
47,6_320x stock m270_4x obj_grid_r2_c1.png,7733,1,132,453,31.5,3
47,6_320x stock m270_4x obj_grid_r2_c1.png,7734,1,7,451,46.0,3
47,6_320x stock m270_4x obj_grid_r2_c1.png,7735,1,208,448,46.0,3
47,6_320x stock m270_4x obj_grid_r2_c1.png,7736,1,239,445,46.0,3
47,6_320x stock m270_4x obj_grid_r2_c1.png,7737,1,187,434,46.0,3
47,6_320x stock m270_4x obj_grid_r2_c1.png,7738,1,69,428,46.0,3
47,6_320x stock m270_4x obj_grid_r2_c1.png,7739,1,102,423,46.0,3
47,6_320x stock m270_4x obj_grid_r2_c1.png,7740,1,116,421,46.0,3
47,6_320x stock m270_4x obj_grid_r2_c1.png,7741,1,2,412,27.0,2
47,6_320x stock m270_4x obj_grid_r2_c1.png,7742,1,147,408,46.0,3
47,6_320x stock m270_4x obj_grid_r2_c1.png,7743,1,25,403,31.5,3
47,6_320x stock m270_4x obj_grid_r2_c1.png,7744,1,120,397,46.0,3
47,6_320x stock m270_4x obj_grid_r2_c1.png,7745,1,50,396,46.0,3
47,6_320x stock m270_4x obj_grid_r2_c1.png,7746,1,42,389,31.5,3
47,6_320x stock m270_4x obj_grid_r2_c1.png,7747,1,68,388,46.0,3
47,6_320x stock m270_4x obj_grid_r2_c1.png,7748,1,9,388,46.0,3
47,6_320x stock m270_4x obj_grid_r2_c1.png,7749,1,355,382,46.0,3
47,6_320x stock m270_4x obj_grid_r2_c1.png,7750,1,39,378,46.0,3
47,6_320x stock m270_4x obj_grid_r2_c1.png,7751,1,133,374,46.0,3
47,6_320x stock m270_4x obj_grid_r2_c1.png,7752,1,278,370,46.0,3
47,6_320x stock m270_4x obj_grid_r2_c1.png,7753,1,32,368,46.0,3
47,6_320x stock m270_4x obj_grid_r2_c1.png,7754,1,46,350,31.5,3
47,6_320x stock m270_4x obj_grid_r2_c1.png,7755,1,398,348,147.5,6
47,6_320x stock m270_4x obj_grid_r2_c1.png,7756,1,13,342,46.0,3
47,6_320x stock m270_4x obj_grid_r2_c1.png,7757,1,15,324,31.5,3
47,6_320x stock m270_4x obj_grid_r2_c1.png,7758,1,80,324,46.0,3
47,6_320x stock m270_4x obj_grid_r2_c1.png,7759,1,46,320,46.0,3
47,6_320x stock m270_4x obj_grid_r2_c1.png,7760,1,115,311,46.0,3
47,6_320x stock m270_4x obj_grid_r2_c1.png,7761,1,84,303,46.0,3
47,6_320x stock m270_4x obj_grid_r2_c1.png,7762,1,110,296,46.0,3
47,6_320x stock m270_4x obj_grid_r2_c1.png,7763,1,35,294,46.0,3
47,6_320x stock m270_4x obj_grid_r2_c1.png,7764,1,87,280,46.0,3
47,6_320x stock m270_4x obj_grid_r2_c1.png,7765,1,23,275,46.0,3
47,6_320x stock m270_4x obj_grid_r2_c1.png,7766,1,255,268,46.0,3
47,6_320x stock m270_4x obj_grid_r2_c1.png,7767,1,76,267,46.0,3
47,6_320x stock m270_4x obj_grid_r2_c1.png,7768,1,45,259,46.0,3
47,6_320x stock m270_4x obj_grid_r2_c1.png,7769,1,86,250,46.0,3
47,6_320x stock m270_4x obj_grid_r2_c1.png,7770,1,26,177,190.0,7
47,6_320x stock m270_4x obj_grid_r2_c1.png,7771,1,19,153,46.0,3
47,6_320x stock m270_4x obj_grid_r2_c1.png,7772,1,384,92,31.5,3
47,6_320x stock m270_4x obj_grid_r2_c1.png,7773,1,275,62,147.5,6
47,6_320x stock m270_4x obj_grid_r2_c1.png,7774,1,16,504,46.0,3
47,6_320x stock m270_4x obj_grid_r2_c1.png,7775,1,217,501,46.0,3
47,6_320x stock m270_4x obj_grid_r2_c1.png,7776,1,393,491,104.0,5
47,6_320x stock m270_4x obj_grid_r2_c1.png,7777,1,88,453,46.0,3
47,6_320x stock m270_4x obj_grid_r2_c1.png,7778,1,101,263,147.5,6
47,6_320x stock m270_4x obj_grid_r2_c1.png,7779,1,200,103,190.0,7
48,6_320x stock m270_4x obj_grid_r2_c2.png,7780,1,189,176,74.5,4
48,6_320x stock m270_4x obj_grid_r2_c2.png,7781,1,37,174,147.5,6
48,6_320x stock m270_4x obj_grid_r2_c2.png,7782,1,265,505,74.5,4
48,6_320x stock m270_4x obj_grid_r2_c2.png,7783,1,258,35,190.0,7
48,6_320x stock m270_4x obj_grid_r2_c2.png,7784,1,30,497,190.0,7
48,6_320x stock m270_4x obj_grid_r2_c2.png,7785,1,336,191,31.5,3
48,6_320x stock m270_4x obj_grid_r2_c2.png,7786,1,207,88,46.0,3
48,6_320x stock m270_4x obj_grid_r2_c2.png,7787,1,215,79,31.5,3
48,6_320x stock m270_4x obj_grid_r2_c2.png,7788,1,284,41,74.5,4
48,6_320x stock m270_4x obj_grid_r2_c2.png,7789,1,109,385,31.5,3
48,6_320x stock m270_4x obj_grid_r2_c2.png,7790,1,171,329,31.5,3
48,6_320x stock m270_4x obj_grid_r2_c2.png,7791,1,455,273,74.5,4
48,6_320x stock m270_4x obj_grid_r2_c2.png,7792,1,285,227,74.5,4
48,6_320x stock m270_4x obj_grid_r2_c2.png,7793,1,101,119,74.5,4
48,6_320x stock m270_4x obj_grid_r2_c2.png,7794,1,125,92,46.0,3
48,6_320x stock m270_4x obj_grid_r2_c2.png,7795,1,274,86,74.5,4
48,6_320x stock m270_4x obj_grid_r2_c2.png,7796,1,105,81,46.0,3
48,6_320x stock m270_4x obj_grid_r2_c2.png,7797,1,497,29,74.5,4
48,6_320x stock m270_4x obj_grid_r2_c2.png,7798,1,468,28,74.5,4
48,6_320x stock m270_4x obj_grid_r2_c2.png,7799,1,134,24,74.5,4
48,6_320x stock m270_4x obj_grid_r2_c2.png,7800,1,400,476,74.5,4
48,6_320x stock m270_4x obj_grid_r2_c2.png,7801,1,317,476,46.0,3
48,6_320x stock m270_4x obj_grid_r2_c2.png,7802,1,226,465,74.5,4
48,6_320x stock m270_4x obj_grid_r2_c2.png,7803,1,400,457,46.0,3
48,6_320x stock m270_4x obj_grid_r2_c2.png,7804,1,169,438,46.0,3
48,6_320x stock m270_4x obj_grid_r2_c2.png,7805,1,339,388,74.5,4
48,6_320x stock m270_4x obj_grid_r2_c2.png,7806,1,480,372,74.5,4
48,6_320x stock m270_4x obj_grid_r2_c2.png,7807,1,202,368,46.0,3
48,6_320x stock m270_4x obj_grid_r2_c2.png,7808,1,35,340,31.5,3
48,6_320x stock m270_4x obj_grid_r2_c2.png,7809,1,334,321,74.5,4
48,6_320x stock m270_4x obj_grid_r2_c2.png,7810,1,224,303,74.5,4
48,6_320x stock m270_4x obj_grid_r2_c2.png,7811,1,233,243,46.0,3
48,6_320x stock m270_4x obj_grid_r2_c2.png,7812,1,401,195,74.5,4
48,6_320x stock m270_4x obj_grid_r2_c2.png,7813,1,242,183,74.5,4
48,6_320x stock m270_4x obj_grid_r2_c2.png,7814,1,5,172,46.0,3
48,6_320x stock m270_4x obj_grid_r2_c2.png,7815,1,398,163,31.5,3
48,6_320x stock m270_4x obj_grid_r2_c2.png,7816,1,135,108,74.5,4
48,6_320x stock m270_4x obj_grid_r2_c2.png,7817,1,468,500,104.0,5
48,6_320x stock m270_4x obj_grid_r2_c2.png,7818,1,169,492,46.0,3
48,6_320x stock m270_4x obj_grid_r2_c2.png,7819,1,356,442,74.5,4
48,6_320x stock m270_4x obj_grid_r2_c2.png,7820,1,199,438,46.0,3
48,6_320x stock m270_4x obj_grid_r2_c2.png,7821,1,139,438,74.5,4
48,6_320x stock m270_4x obj_grid_r2_c2.png,7822,1,249,430,46.0,3
48,6_320x stock m270_4x obj_grid_r2_c2.png,7823,1,167,413,46.0,3
48,6_320x stock m270_4x obj_grid_r2_c2.png,7824,1,151,414,74.5,4
48,6_320x stock m270_4x obj_grid_r2_c2.png,7825,1,76,405,74.5,4
48,6_320x stock m270_4x obj_grid_r2_c2.png,7826,1,401,399,74.5,4
48,6_320x stock m270_4x obj_grid_r2_c2.png,7827,1,172,393,46.0,3
48,6_320x stock m270_4x obj_grid_r2_c2.png,7828,1,383,311,46.0,3
48,6_320x stock m270_4x obj_grid_r2_c2.png,7829,1,118,258,74.5,4
48,6_320x stock m270_4x obj_grid_r2_c2.png,7830,1,305,255,104.0,5
48,6_320x stock m270_4x obj_grid_r2_c2.png,7831,1,43,239,46.0,3
48,6_320x stock m270_4x obj_grid_r2_c2.png,7832,1,267,236,74.5,4
48,6_320x stock m270_4x obj_grid_r2_c2.png,7833,1,174,155,74.5,4
48,6_320x stock m270_4x obj_grid_r2_c2.png,7834,1,324,97,46.0,3
48,6_320x stock m270_4x obj_grid_r2_c2.png,7835,1,12,426,74.5,4
48,6_320x stock m270_4x obj_grid_r2_c2.png,7836,1,232,411,74.5,4
48,6_320x stock m270_4x obj_grid_r2_c2.png,7837,1,65,355,46.0,3
48,6_320x stock m270_4x obj_grid_r2_c2.png,7838,1,307,301,8.0,1
48,6_320x stock m270_4x obj_grid_r2_c2.png,7839,1,60,303,74.5,4
48,6_320x stock m270_4x obj_grid_r2_c2.png,7840,1,454,253,46.0,3
48,6_320x stock m270_4x obj_grid_r2_c2.png,7841,1,274,253,190.0,7
48,6_320x stock m270_4x obj_grid_r2_c2.png,7842,1,493,213,31.5,3
48,6_320x stock m270_4x obj_grid_r2_c2.png,7843,1,268,207,31.5,3
48,6_320x stock m270_4x obj_grid_r2_c2.png,7844,1,347,194,31.5,3
48,6_320x stock m270_4x obj_grid_r2_c2.png,7845,1,496,188,31.5,3
48,6_320x stock m270_4x obj_grid_r2_c2.png,7846,1,273,127,31.5,3
48,6_320x stock m270_4x obj_grid_r2_c2.png,7847,1,455,108,31.5,3
48,6_320x stock m270_4x obj_grid_r2_c2.png,7848,1,489,84,31.5,3
48,6_320x stock m270_4x obj_grid_r2_c2.png,7849,1,257,63,74.5,4
48,6_320x stock m270_4x obj_grid_r2_c2.png,7850,1,43,57,31.5,3
48,6_320x stock m270_4x obj_grid_r2_c2.png,7851,1,234,38,104.0,5
48,6_320x stock m270_4x obj_grid_r2_c2.png,7852,1,506,22,31.5,3
48,6_320x stock m270_4x obj_grid_r2_c2.png,7853,1,327,14,31.5,3
48,6_320x stock m270_4x obj_grid_r2_c2.png,7854,1,466,12,74.5,4
48,6_320x stock m270_4x obj_grid_r2_c2.png,7855,1,235,6,147.0,6
48,6_320x stock m270_4x obj_grid_r2_c2.png,7856,1,413,3,31.5,3
48,6_320x stock m270_4x obj_grid_r2_c2.png,7857,1,450,505,31.5,3
48,6_320x stock m270_4x obj_grid_r2_c2.png,7858,1,471,473,31.5,3
48,6_320x stock m270_4x obj_grid_r2_c2.png,7859,1,457,473,31.5,3
48,6_320x stock m270_4x obj_grid_r2_c2.png,7860,1,417,472,31.5,3
48,6_320x stock m270_4x obj_grid_r2_c2.png,7861,1,451,460,31.5,3
48,6_320x stock m270_4x obj_grid_r2_c2.png,7862,1,29,353,8.0,1
48,6_320x stock m270_4x obj_grid_r2_c2.png,7863,1,434,332,46.0,3
48,6_320x stock m270_4x obj_grid_r2_c2.png,7864,1,479,328,31.5,3
48,6_320x stock m270_4x obj_grid_r2_c2.png,7865,1,158,332,31.5,3
48,6_320x stock m270_4x obj_grid_r2_c2.png,7866,1,457,308,46.0,3
48,6_320x stock m270_4x obj_grid_r2_c2.png,7867,1,277,292,74.5,4
48,6_320x stock m270_4x obj_grid_r2_c2.png,7868,1,507,288,46.0,3
48,6_320x stock m270_4x obj_grid_r2_c2.png,7869,1,476,283,46.0,3
48,6_320x stock m270_4x obj_grid_r2_c2.png,7870,1,445,281,31.5,3
48,6_320x stock m270_4x obj_grid_r2_c2.png,7871,1,413,281,46.0,3
48,6_320x stock m270_4x obj_grid_r2_c2.png,7872,1,252,281,31.5,3
48,6_320x stock m270_4x obj_grid_r2_c2.png,7873,1,337,277,46.0,3
48,6_320x stock m270_4x obj_grid_r2_c2.png,7874,1,505,276,46.0,3
48,6_320x stock m270_4x obj_grid_r2_c2.png,7875,1,404,246,31.5,3
48,6_320x stock m270_4x obj_grid_r2_c2.png,7876,1,465,241,147.5,6
48,6_320x stock m270_4x obj_grid_r2_c2.png,7877,1,373,230,46.0,3
48,6_320x stock m270_4x obj_grid_r2_c2.png,7878,1,318,210,31.5,3
48,6_320x stock m270_4x obj_grid_r2_c2.png,7879,1,502,208,31.5,3
48,6_320x stock m270_4x obj_grid_r2_c2.png,7880,1,443,202,46.0,3
48,6_320x stock m270_4x obj_grid_r2_c2.png,7881,1,322,200,31.5,3
48,6_320x stock m270_4x obj_grid_r2_c2.png,7882,1,506,195,46.0,3
48,6_320x stock m270_4x obj_grid_r2_c2.png,7883,1,489,195,46.0,3
48,6_320x stock m270_4x obj_grid_r2_c2.png,7884,1,177,182,31.5,3
48,6_320x stock m270_4x obj_grid_r2_c2.png,7885,1,366,173,31.5,3
48,6_320x stock m270_4x obj_grid_r2_c2.png,7886,1,473,162,46.0,3
48,6_320x stock m270_4x obj_grid_r2_c2.png,7887,1,376,155,46.0,3
48,6_320x stock m270_4x obj_grid_r2_c2.png,7888,1,483,150,46.0,3
48,6_320x stock m270_4x obj_grid_r2_c2.png,7889,1,345,145,74.5,4
48,6_320x stock m270_4x obj_grid_r2_c2.png,7890,1,369,141,46.0,3
48,6_320x stock m270_4x obj_grid_r2_c2.png,7891,1,263,140,46.0,3
48,6_320x stock m270_4x obj_grid_r2_c2.png,7892,1,417,129,31.5,3
48,6_320x stock m270_4x obj_grid_r2_c2.png,7893,1,490,128,46.0,3
48,6_320x stock m270_4x obj_grid_r2_c2.png,7894,1,249,123,46.0,3
48,6_320x stock m270_4x obj_grid_r2_c2.png,7895,1,263,122,46.0,3
48,6_320x stock m270_4x obj_grid_r2_c2.png,7896,1,439,121,46.0,3
48,6_320x stock m270_4x obj_grid_r2_c2.png,7897,1,467,119,46.0,3
48,6_320x stock m270_4x obj_grid_r2_c2.png,7898,1,453,119,46.0,3
48,6_320x stock m270_4x obj_grid_r2_c2.png,7899,1,506,118,46.0,3
48,6_320x stock m270_4x obj_grid_r2_c2.png,7900,1,324,108,31.5,3
48,6_320x stock m270_4x obj_grid_r2_c2.png,7901,1,172,103,46.0,3
48,6_320x stock m270_4x obj_grid_r2_c2.png,7902,1,123,103,46.0,3
48,6_320x stock m270_4x obj_grid_r2_c2.png,7903,1,303,97,31.5,3
48,6_320x stock m270_4x obj_grid_r2_c2.png,7904,1,432,94,46.0,3
48,6_320x stock m270_4x obj_grid_r2_c2.png,7905,1,260,90,31.5,3
48,6_320x stock m270_4x obj_grid_r2_c2.png,7906,1,399,82,46.0,3
48,6_320x stock m270_4x obj_grid_r2_c2.png,7907,1,199,80,46.0,3
48,6_320x stock m270_4x obj_grid_r2_c2.png,7908,1,116,78,31.5,3
48,6_320x stock m270_4x obj_grid_r2_c2.png,7909,1,130,77,46.0,3
48,6_320x stock m270_4x obj_grid_r2_c2.png,7910,1,377,75,46.0,3
48,6_320x stock m270_4x obj_grid_r2_c2.png,7911,1,463,73,46.0,3
48,6_320x stock m270_4x obj_grid_r2_c2.png,7912,1,175,65,46.0,3
48,6_320x stock m270_4x obj_grid_r2_c2.png,7913,1,133,64,46.0,3
48,6_320x stock m270_4x obj_grid_r2_c2.png,7914,1,498,63,46.0,3
48,6_320x stock m270_4x obj_grid_r2_c2.png,7915,1,395,59,31.5,3
48,6_320x stock m270_4x obj_grid_r2_c2.png,7916,1,326,60,31.5,3
48,6_320x stock m270_4x obj_grid_r2_c2.png,7917,1,469,49,31.5,3
48,6_320x stock m270_4x obj_grid_r2_c2.png,7918,1,441,42,46.0,3
48,6_320x stock m270_4x obj_grid_r2_c2.png,7919,1,410,41,46.0,3
48,6_320x stock m270_4x obj_grid_r2_c2.png,7920,1,477,40,46.0,3
48,6_320x stock m270_4x obj_grid_r2_c2.png,7921,1,136,38,31.5,3
48,6_320x stock m270_4x obj_grid_r2_c2.png,7922,1,431,36,46.0,3
48,6_320x stock m270_4x obj_grid_r2_c2.png,7923,1,211,35,31.5,3
48,6_320x stock m270_4x obj_grid_r2_c2.png,7924,1,168,34,46.0,3
48,6_320x stock m270_4x obj_grid_r2_c2.png,7925,1,206,24,46.0,3
48,6_320x stock m270_4x obj_grid_r2_c2.png,7926,1,332,23,31.5,3
48,6_320x stock m270_4x obj_grid_r2_c2.png,7927,1,182,10,46.0,3
48,6_320x stock m270_4x obj_grid_r2_c2.png,7928,1,137,9,31.5,3
48,6_320x stock m270_4x obj_grid_r2_c2.png,7929,1,301,6,46.0,3
48,6_320x stock m270_4x obj_grid_r2_c2.png,7930,1,357,5,46.0,3
48,6_320x stock m270_4x obj_grid_r2_c2.png,7931,1,391,3,31.5,3
48,6_320x stock m270_4x obj_grid_r2_c2.png,7932,1,484,496,31.5,3
48,6_320x stock m270_4x obj_grid_r2_c2.png,7933,1,239,486,31.5,3
48,6_320x stock m270_4x obj_grid_r2_c2.png,7934,1,207,457,31.5,3
48,6_320x stock m270_4x obj_grid_r2_c2.png,7935,1,477,450,46.0,3
48,6_320x stock m270_4x obj_grid_r2_c2.png,7936,1,179,439,31.5,3
48,6_320x stock m270_4x obj_grid_r2_c2.png,7937,1,461,437,31.5,3
48,6_320x stock m270_4x obj_grid_r2_c2.png,7938,1,370,432,46.0,3
48,6_320x stock m270_4x obj_grid_r2_c2.png,7939,1,446,429,46.0,3
48,6_320x stock m270_4x obj_grid_r2_c2.png,7940,1,348,427,31.5,3
48,6_320x stock m270_4x obj_grid_r2_c2.png,7941,1,299,429,46.0,3
48,6_320x stock m270_4x obj_grid_r2_c2.png,7942,1,321,426,46.0,3
48,6_320x stock m270_4x obj_grid_r2_c2.png,7943,1,422,424,31.5,3
48,6_320x stock m270_4x obj_grid_r2_c2.png,7944,1,348,427,31.5,3
48,6_320x stock m270_4x obj_grid_r2_c2.png,7945,1,235,424,46.0,3
48,6_320x stock m270_4x obj_grid_r2_c2.png,7946,1,407,418,31.5,3
48,6_320x stock m270_4x obj_grid_r2_c2.png,7947,1,384,416,46.0,3
48,6_320x stock m270_4x obj_grid_r2_c2.png,7948,1,445,411,31.5,3
48,6_320x stock m270_4x obj_grid_r2_c2.png,7949,1,478,413,46.0,3
48,6_320x stock m270_4x obj_grid_r2_c2.png,7950,1,507,406,46.0,3
48,6_320x stock m270_4x obj_grid_r2_c2.png,7951,1,426,405,46.0,3
48,6_320x stock m270_4x obj_grid_r2_c2.png,7952,1,293,404,31.5,3
48,6_320x stock m270_4x obj_grid_r2_c2.png,7953,1,355,400,46.0,3
48,6_320x stock m270_4x obj_grid_r2_c2.png,7954,1,372,396,31.5,3
48,6_320x stock m270_4x obj_grid_r2_c2.png,7955,1,207,382,46.0,3
48,6_320x stock m270_4x obj_grid_r2_c2.png,7956,1,416,381,46.0,3
48,6_320x stock m270_4x obj_grid_r2_c2.png,7957,1,506,377,46.0,3
48,6_320x stock m270_4x obj_grid_r2_c2.png,7958,1,77,375,31.5,3
48,6_320x stock m270_4x obj_grid_r2_c2.png,7959,1,316,374,46.0,3
48,6_320x stock m270_4x obj_grid_r2_c2.png,7960,1,179,367,46.0,3
48,6_320x stock m270_4x obj_grid_r2_c2.png,7961,1,370,363,46.0,3
48,6_320x stock m270_4x obj_grid_r2_c2.png,7962,1,293,364,31.5,3
48,6_320x stock m270_4x obj_grid_r2_c2.png,7963,1,472,361,46.0,3
48,6_320x stock m270_4x obj_grid_r2_c2.png,7964,1,398,361,46.0,3
48,6_320x stock m270_4x obj_grid_r2_c2.png,7965,1,359,360,46.0,3
48,6_320x stock m270_4x obj_grid_r2_c2.png,7966,1,423,356,46.0,3
48,6_320x stock m270_4x obj_grid_r2_c2.png,7967,1,203,355,46.0,3
48,6_320x stock m270_4x obj_grid_r2_c2.png,7968,1,234,348,46.0,3
48,6_320x stock m270_4x obj_grid_r2_c2.png,7969,1,338,347,46.0,3
48,6_320x stock m270_4x obj_grid_r2_c2.png,7970,1,433,345,46.0,3
48,6_320x stock m270_4x obj_grid_r2_c2.png,7971,1,317,340,46.0,3
48,6_320x stock m270_4x obj_grid_r2_c2.png,7972,1,239,339,46.0,3
48,6_320x stock m270_4x obj_grid_r2_c2.png,7973,1,346,336,46.0,3
48,6_320x stock m270_4x obj_grid_r2_c2.png,7974,1,248,332,46.0,3
48,6_320x stock m270_4x obj_grid_r2_c2.png,7975,1,221,330,31.5,3
48,6_320x stock m270_4x obj_grid_r2_c2.png,7976,1,322,327,46.0,3
48,6_320x stock m270_4x obj_grid_r2_c2.png,7977,1,459,325,46.0,3
48,6_320x stock m270_4x obj_grid_r2_c2.png,7978,1,371,316,46.0,3
48,6_320x stock m270_4x obj_grid_r2_c2.png,7979,1,315,313,31.5,3
48,6_320x stock m270_4x obj_grid_r2_c2.png,7980,1,213,312,46.0,3
48,6_320x stock m270_4x obj_grid_r2_c2.png,7981,1,190,312,31.5,3
48,6_320x stock m270_4x obj_grid_r2_c2.png,7982,1,491,305,46.0,3
48,6_320x stock m270_4x obj_grid_r2_c2.png,7983,1,243,302,46.0,3
48,6_320x stock m270_4x obj_grid_r2_c2.png,7984,1,407,299,31.5,3
48,6_320x stock m270_4x obj_grid_r2_c2.png,7985,1,417,297,31.5,3
48,6_320x stock m270_4x obj_grid_r2_c2.png,7986,1,83,297,46.0,3
48,6_320x stock m270_4x obj_grid_r2_c2.png,7987,1,360,290,31.5,3
48,6_320x stock m270_4x obj_grid_r2_c2.png,7988,1,329,288,46.0,3
48,6_320x stock m270_4x obj_grid_r2_c2.png,7989,1,262,283,31.5,3
48,6_320x stock m270_4x obj_grid_r2_c2.png,7990,1,426,282,46.0,3
48,6_320x stock m270_4x obj_grid_r2_c2.png,7991,1,176,281,46.0,3
48,6_320x stock m270_4x obj_grid_r2_c2.png,7992,1,158,285,31.5,3
48,6_320x stock m270_4x obj_grid_r2_c2.png,7993,1,372,279,46.0,3
48,6_320x stock m270_4x obj_grid_r2_c2.png,7994,1,208,273,31.5,3
48,6_320x stock m270_4x obj_grid_r2_c2.png,7995,1,256,268,31.5,3
48,6_320x stock m270_4x obj_grid_r2_c2.png,7996,1,335,264,46.0,3
48,6_320x stock m270_4x obj_grid_r2_c2.png,7997,1,380,263,46.0,3
48,6_320x stock m270_4x obj_grid_r2_c2.png,7998,1,356,263,46.0,3
48,6_320x stock m270_4x obj_grid_r2_c2.png,7999,1,209,263,31.5,3
48,6_320x stock m270_4x obj_grid_r2_c2.png,8000,1,173,263,31.5,3
48,6_320x stock m270_4x obj_grid_r2_c2.png,8001,1,468,258,46.0,3
48,6_320x stock m270_4x obj_grid_r2_c2.png,8002,1,194,258,46.0,3
48,6_320x stock m270_4x obj_grid_r2_c2.png,8003,1,493,258,46.0,3
48,6_320x stock m270_4x obj_grid_r2_c2.png,8004,1,399,255,46.0,3
48,6_320x stock m270_4x obj_grid_r2_c2.png,8005,1,327,254,46.0,3
48,6_320x stock m270_4x obj_grid_r2_c2.png,8006,1,226,251,46.0,3
48,6_320x stock m270_4x obj_grid_r2_c2.png,8007,1,36,248,31.5,3
48,6_320x stock m270_4x obj_grid_r2_c2.png,8008,1,173,246,46.0,3
48,6_320x stock m270_4x obj_grid_r2_c2.png,8009,1,493,245,46.0,3
48,6_320x stock m270_4x obj_grid_r2_c2.png,8010,1,383,242,46.0,3
48,6_320x stock m270_4x obj_grid_r2_c2.png,8011,1,229,232,31.5,3
48,6_320x stock m270_4x obj_grid_r2_c2.png,8012,1,345,230,46.0,3
48,6_320x stock m270_4x obj_grid_r2_c2.png,8013,1,80,227,46.0,3
48,6_320x stock m270_4x obj_grid_r2_c2.png,8014,1,186,226,46.0,3
48,6_320x stock m270_4x obj_grid_r2_c2.png,8015,1,259,220,46.0,3
48,6_320x stock m270_4x obj_grid_r2_c2.png,8016,1,402,215,46.0,3
48,6_320x stock m270_4x obj_grid_r2_c2.png,8017,1,184,212,46.0,3
48,6_320x stock m270_4x obj_grid_r2_c2.png,8018,1,367,212,46.0,3
48,6_320x stock m270_4x obj_grid_r2_c2.png,8019,1,214,208,46.0,3
48,6_320x stock m270_4x obj_grid_r2_c2.png,8020,1,38,208,46.0,3
48,6_320x stock m270_4x obj_grid_r2_c2.png,8021,1,384,204,46.0,3
48,6_320x stock m270_4x obj_grid_r2_c2.png,8022,1,156,199,46.0,3
48,6_320x stock m270_4x obj_grid_r2_c2.png,8023,1,410,200,46.0,3
48,6_320x stock m270_4x obj_grid_r2_c2.png,8024,1,136,198,104.0,5
48,6_320x stock m270_4x obj_grid_r2_c2.png,8025,1,224,196,46.0,3
48,6_320x stock m270_4x obj_grid_r2_c2.png,8026,1,153,194,31.5,3
48,6_320x stock m270_4x obj_grid_r2_c2.png,8027,1,200,191,46.0,3
48,6_320x stock m270_4x obj_grid_r2_c2.png,8028,1,212,190,46.0,3
48,6_320x stock m270_4x obj_grid_r2_c2.png,8029,1,67,190,46.0,3
48,6_320x stock m270_4x obj_grid_r2_c2.png,8030,1,319,185,46.0,3
48,6_320x stock m270_4x obj_grid_r2_c2.png,8031,1,165,186,31.5,3
48,6_320x stock m270_4x obj_grid_r2_c2.png,8032,1,346,181,46.0,3
48,6_320x stock m270_4x obj_grid_r2_c2.png,8033,1,217,175,31.5,3
48,6_320x stock m270_4x obj_grid_r2_c2.png,8034,1,498,176,46.0,3
48,6_320x stock m270_4x obj_grid_r2_c2.png,8035,1,99,175,46.0,3
48,6_320x stock m270_4x obj_grid_r2_c2.png,8036,1,163,173,31.5,3
48,6_320x stock m270_4x obj_grid_r2_c2.png,8037,1,16,172,31.5,3
48,6_320x stock m270_4x obj_grid_r2_c2.png,8038,1,381,170,46.0,3
48,6_320x stock m270_4x obj_grid_r2_c2.png,8039,1,416,167,46.0,3
48,6_320x stock m270_4x obj_grid_r2_c2.png,8040,1,441,164,46.0,3
48,6_320x stock m270_4x obj_grid_r2_c2.png,8041,1,20,161,74.5,4
48,6_320x stock m270_4x obj_grid_r2_c2.png,8042,1,65,154,46.0,3
48,6_320x stock m270_4x obj_grid_r2_c2.png,8043,1,35,152,46.0,3
48,6_320x stock m270_4x obj_grid_r2_c2.png,8044,1,301,147,46.0,3
48,6_320x stock m270_4x obj_grid_r2_c2.png,8045,1,214,146,46.0,3
48,6_320x stock m270_4x obj_grid_r2_c2.png,8046,1,224,136,46.0,3
48,6_320x stock m270_4x obj_grid_r2_c2.png,8047,1,278,136,31.5,3
48,6_320x stock m270_4x obj_grid_r2_c2.png,8048,1,397,134,46.0,3
48,6_320x stock m270_4x obj_grid_r2_c2.png,8049,1,175,133,31.5,3
48,6_320x stock m270_4x obj_grid_r2_c2.png,8050,1,197,132,46.0,3
48,6_320x stock m270_4x obj_grid_r2_c2.png,8051,1,288,128,31.5,3
48,6_320x stock m270_4x obj_grid_r2_c2.png,8052,1,80,128,46.0,3
48,6_320x stock m270_4x obj_grid_r2_c2.png,8053,1,177,122,46.0,3
48,6_320x stock m270_4x obj_grid_r2_c2.png,8054,1,3,121,31.5,3
48,6_320x stock m270_4x obj_grid_r2_c2.png,8055,1,236,119,46.0,3
48,6_320x stock m270_4x obj_grid_r2_c2.png,8056,1,283,119,31.5,3
48,6_320x stock m270_4x obj_grid_r2_c2.png,8057,1,381,111,46.0,3
48,6_320x stock m270_4x obj_grid_r2_c2.png,8058,1,193,110,46.0,3
48,6_320x stock m270_4x obj_grid_r2_c2.png,8059,1,4,110,31.5,3
48,6_320x stock m270_4x obj_grid_r2_c2.png,8060,1,239,108,46.0,3
48,6_320x stock m270_4x obj_grid_r2_c2.png,8061,1,107,106,46.0,3
48,6_320x stock m270_4x obj_grid_r2_c2.png,8062,1,419,103,46.0,3
48,6_320x stock m270_4x obj_grid_r2_c2.png,8063,1,217,92,31.5,3
48,6_320x stock m270_4x obj_grid_r2_c2.png,8064,1,32,84,31.5,3
48,6_320x stock m270_4x obj_grid_r2_c2.png,8065,1,94,81,31.5,3
48,6_320x stock m270_4x obj_grid_r2_c2.png,8066,1,53,81,46.0,3
48,6_320x stock m270_4x obj_grid_r2_c2.png,8067,1,504,77,31.5,3
48,6_320x stock m270_4x obj_grid_r2_c2.png,8068,1,234,77,46.0,3
48,6_320x stock m270_4x obj_grid_r2_c2.png,8069,1,256,74,31.5,3
48,6_320x stock m270_4x obj_grid_r2_c2.png,8070,1,31,73,31.5,3
48,6_320x stock m270_4x obj_grid_r2_c2.png,8071,1,205,69,31.5,3
48,6_320x stock m270_4x obj_grid_r2_c2.png,8072,1,94,68,46.0,3
48,6_320x stock m270_4x obj_grid_r2_c2.png,8073,1,62,65,46.0,3
48,6_320x stock m270_4x obj_grid_r2_c2.png,8074,1,282,57,46.0,3
48,6_320x stock m270_4x obj_grid_r2_c2.png,8075,1,409,53,46.0,3
48,6_320x stock m270_4x obj_grid_r2_c2.png,8076,1,241,54,46.0,3
48,6_320x stock m270_4x obj_grid_r2_c2.png,8077,1,215,49,46.0,3
48,6_320x stock m270_4x obj_grid_r2_c2.png,8078,1,121,47,31.5,3
48,6_320x stock m270_4x obj_grid_r2_c2.png,8079,1,267,49,74.5,4
48,6_320x stock m270_4x obj_grid_r2_c2.png,8080,1,146,47,46.0,3
48,6_320x stock m270_4x obj_grid_r2_c2.png,8081,1,168,44,31.5,3
48,6_320x stock m270_4x obj_grid_r2_c2.png,8082,1,125,42,31.5,3
48,6_320x stock m270_4x obj_grid_r2_c2.png,8083,1,47,36,46.0,3
48,6_320x stock m270_4x obj_grid_r2_c2.png,8084,1,108,34,46.0,3
48,6_320x stock m270_4x obj_grid_r2_c2.png,8085,1,353,21,46.0,3
48,6_320x stock m270_4x obj_grid_r2_c2.png,8086,1,39,19,46.0,3
48,6_320x stock m270_4x obj_grid_r2_c2.png,8087,1,97,18,46.0,3
48,6_320x stock m270_4x obj_grid_r2_c2.png,8088,1,253,14,46.0,3
48,6_320x stock m270_4x obj_grid_r2_c2.png,8089,1,219,14,46.0,3
48,6_320x stock m270_4x obj_grid_r2_c2.png,8090,1,78,4,46.0,3
48,6_320x stock m270_4x obj_grid_r2_c2.png,8091,1,115,508,26.5,2
48,6_320x stock m270_4x obj_grid_r2_c2.png,8092,1,390,506,46.0,3
48,6_320x stock m270_4x obj_grid_r2_c2.png,8093,1,350,504,46.0,3
48,6_320x stock m270_4x obj_grid_r2_c2.png,8094,1,128,501,31.5,3
48,6_320x stock m270_4x obj_grid_r2_c2.png,8095,1,370,497,46.0,3
48,6_320x stock m270_4x obj_grid_r2_c2.png,8096,1,449,493,46.0,3
48,6_320x stock m270_4x obj_grid_r2_c2.png,8097,1,334,491,46.0,3
48,6_320x stock m270_4x obj_grid_r2_c2.png,8098,1,216,490,46.0,3
48,6_320x stock m270_4x obj_grid_r2_c2.png,8099,1,115,486,31.5,3
48,6_320x stock m270_4x obj_grid_r2_c2.png,8100,1,295,487,46.0,3
48,6_320x stock m270_4x obj_grid_r2_c2.png,8101,1,196,485,46.0,3
48,6_320x stock m270_4x obj_grid_r2_c2.png,8102,1,360,485,46.0,3
48,6_320x stock m270_4x obj_grid_r2_c2.png,8103,1,311,485,31.5,3
48,6_320x stock m270_4x obj_grid_r2_c2.png,8104,1,194,477,31.5,3
48,6_320x stock m270_4x obj_grid_r2_c2.png,8105,1,253,472,46.0,3
48,6_320x stock m270_4x obj_grid_r2_c2.png,8106,1,496,471,31.5,3
48,6_320x stock m270_4x obj_grid_r2_c2.png,8107,1,5,466,31.5,3
48,6_320x stock m270_4x obj_grid_r2_c2.png,8108,1,299,460,46.0,3
48,6_320x stock m270_4x obj_grid_r2_c2.png,8109,1,33,456,46.0,3
48,6_320x stock m270_4x obj_grid_r2_c2.png,8110,1,275,455,46.0,3
48,6_320x stock m270_4x obj_grid_r2_c2.png,8111,1,83,456,46.0,3
48,6_320x stock m270_4x obj_grid_r2_c2.png,8112,1,372,452,46.0,3
48,6_320x stock m270_4x obj_grid_r2_c2.png,8113,1,234,451,46.0,3
48,6_320x stock m270_4x obj_grid_r2_c2.png,8114,1,97,449,46.0,3
48,6_320x stock m270_4x obj_grid_r2_c2.png,8115,1,21,449,46.0,3
48,6_320x stock m270_4x obj_grid_r2_c2.png,8116,1,496,444,46.0,3
48,6_320x stock m270_4x obj_grid_r2_c2.png,8117,1,40,444,31.5,3
48,6_320x stock m270_4x obj_grid_r2_c2.png,8118,1,329,441,46.0,3
48,6_320x stock m270_4x obj_grid_r2_c2.png,8119,1,33,435,31.5,3
48,6_320x stock m270_4x obj_grid_r2_c2.png,8120,1,401,434,74.5,4
48,6_320x stock m270_4x obj_grid_r2_c2.png,8121,1,271,431,46.0,3
48,6_320x stock m270_4x obj_grid_r2_c2.png,8122,1,382,428,46.0,3
48,6_320x stock m270_4x obj_grid_r2_c2.png,8123,1,37,426,31.5,3
48,6_320x stock m270_4x obj_grid_r2_c2.png,8124,1,97,421,46.0,3
48,6_320x stock m270_4x obj_grid_r2_c2.png,8125,1,333,412,46.0,3
48,6_320x stock m270_4x obj_grid_r2_c2.png,8126,1,379,406,46.0,3
48,6_320x stock m270_4x obj_grid_r2_c2.png,8127,1,37,405,46.0,3
48,6_320x stock m270_4x obj_grid_r2_c2.png,8128,1,163,400,31.5,3
48,6_320x stock m270_4x obj_grid_r2_c2.png,8129,1,284,396,46.0,3
48,6_320x stock m270_4x obj_grid_r2_c2.png,8130,1,126,396,46.0,3
48,6_320x stock m270_4x obj_grid_r2_c2.png,8131,1,191,395,46.0,3
48,6_320x stock m270_4x obj_grid_r2_c2.png,8132,1,203,394,46.0,3
48,6_320x stock m270_4x obj_grid_r2_c2.png,8133,1,76,391,46.0,3
48,6_320x stock m270_4x obj_grid_r2_c2.png,8134,1,304,389,46.0,3
48,6_320x stock m270_4x obj_grid_r2_c2.png,8135,1,253,388,46.0,3
48,6_320x stock m270_4x obj_grid_r2_c2.png,8136,1,292,385,46.0,3
48,6_320x stock m270_4x obj_grid_r2_c2.png,8137,1,370,382,46.0,3
48,6_320x stock m270_4x obj_grid_r2_c2.png,8138,1,189,380,46.0,3
48,6_320x stock m270_4x obj_grid_r2_c2.png,8139,1,127,375,46.0,3
48,6_320x stock m270_4x obj_grid_r2_c2.png,8140,1,90,371,31.5,3
48,6_320x stock m270_4x obj_grid_r2_c2.png,8141,1,390,373,46.0,3
48,6_320x stock m270_4x obj_grid_r2_c2.png,8142,1,262,373,46.0,3
48,6_320x stock m270_4x obj_grid_r2_c2.png,8143,1,274,372,46.0,3
48,6_320x stock m270_4x obj_grid_r2_c2.png,8144,1,225,369,46.0,3
48,6_320x stock m270_4x obj_grid_r2_c2.png,8145,1,216,361,46.0,3
48,6_320x stock m270_4x obj_grid_r2_c2.png,8146,1,119,362,46.0,3
48,6_320x stock m270_4x obj_grid_r2_c2.png,8147,1,344,360,46.0,3
48,6_320x stock m270_4x obj_grid_r2_c2.png,8148,1,49,350,31.5,3
48,6_320x stock m270_4x obj_grid_r2_c2.png,8149,1,278,349,46.0,3
48,6_320x stock m270_4x obj_grid_r2_c2.png,8150,1,246,347,31.5,3
48,6_320x stock m270_4x obj_grid_r2_c2.png,8151,1,213,346,46.0,3
48,6_320x stock m270_4x obj_grid_r2_c2.png,8152,1,180,345,46.0,3
48,6_320x stock m270_4x obj_grid_r2_c2.png,8153,1,142,344,46.0,3
48,6_320x stock m270_4x obj_grid_r2_c2.png,8154,1,66,328,46.0,3
48,6_320x stock m270_4x obj_grid_r2_c2.png,8155,1,9,326,46.0,3
48,6_320x stock m270_4x obj_grid_r2_c2.png,8156,1,285,325,46.0,3
48,6_320x stock m270_4x obj_grid_r2_c2.png,8157,1,107,317,46.0,3
48,6_320x stock m270_4x obj_grid_r2_c2.png,8158,1,201,311,46.0,3
48,6_320x stock m270_4x obj_grid_r2_c2.png,8159,1,265,297,46.0,3
48,6_320x stock m270_4x obj_grid_r2_c2.png,8160,1,153,294,31.5,3
48,6_320x stock m270_4x obj_grid_r2_c2.png,8161,1,91,289,46.0,3
48,6_320x stock m270_4x obj_grid_r2_c2.png,8162,1,33,288,46.0,3
48,6_320x stock m270_4x obj_grid_r2_c2.png,8163,1,139,282,46.0,3
48,6_320x stock m270_4x obj_grid_r2_c2.png,8164,1,31,277,31.5,3
48,6_320x stock m270_4x obj_grid_r2_c2.png,8165,1,6,266,31.5,3
48,6_320x stock m270_4x obj_grid_r2_c2.png,8166,1,45,254,46.0,3
48,6_320x stock m270_4x obj_grid_r2_c2.png,8167,1,120,248,31.5,3
48,6_320x stock m270_4x obj_grid_r2_c2.png,8168,1,92,247,46.0,3
48,6_320x stock m270_4x obj_grid_r2_c2.png,8169,1,90,203,46.0,3
48,6_320x stock m270_4x obj_grid_r2_c2.png,8170,1,8,204,46.0,3
48,6_320x stock m270_4x obj_grid_r2_c2.png,8171,1,83,187,46.0,3
48,6_320x stock m270_4x obj_grid_r2_c2.png,8172,1,16,186,46.0,3
48,6_320x stock m270_4x obj_grid_r2_c2.png,8173,1,130,184,46.0,3
48,6_320x stock m270_4x obj_grid_r2_c2.png,8174,1,263,166,74.5,4
48,6_320x stock m270_4x obj_grid_r2_c2.png,8175,1,56,159,46.0,3
48,6_320x stock m270_4x obj_grid_r2_c2.png,8176,1,103,155,46.0,3
48,6_320x stock m270_4x obj_grid_r2_c2.png,8177,1,87,147,46.0,3
48,6_320x stock m270_4x obj_grid_r2_c2.png,8178,1,390,149,74.5,4
48,6_320x stock m270_4x obj_grid_r2_c2.png,8179,1,46,114,46.0,3
48,6_320x stock m270_4x obj_grid_r2_c2.png,8180,1,140,73,46.0,3
48,6_320x stock m270_4x obj_grid_r2_c2.png,8181,1,6,65,46.0,3
48,6_320x stock m270_4x obj_grid_r2_c2.png,8182,1,16,505,46.0,3
48,6_320x stock m270_4x obj_grid_r2_c2.png,8183,1,81,491,46.0,3
48,6_320x stock m270_4x obj_grid_r2_c2.png,8184,1,149,489,46.0,3
48,6_320x stock m270_4x obj_grid_r2_c2.png,8185,1,40,487,46.0,3
48,6_320x stock m270_4x obj_grid_r2_c2.png,8186,1,57,482,46.0,3
48,6_320x stock m270_4x obj_grid_r2_c2.png,8187,1,290,471,46.0,3
48,6_320x stock m270_4x obj_grid_r2_c2.png,8188,1,45,470,46.0,3
48,6_320x stock m270_4x obj_grid_r2_c2.png,8189,1,74,467,46.0,3
48,6_320x stock m270_4x obj_grid_r2_c2.png,8190,1,106,438,46.0,3
48,6_320x stock m270_4x obj_grid_r2_c2.png,8191,1,113,427,46.0,3
48,6_320x stock m270_4x obj_grid_r2_c2.png,8192,1,281,413,147.5,6
48,6_320x stock m270_4x obj_grid_r2_c2.png,8193,1,107,408,46.0,3
48,6_320x stock m270_4x obj_grid_r2_c2.png,8194,1,33,394,46.0,3
48,6_320x stock m270_4x obj_grid_r2_c2.png,8195,1,16,372,46.0,3
48,6_320x stock m270_4x obj_grid_r2_c2.png,8196,1,9,359,46.0,3
48,6_320x stock m270_4x obj_grid_r2_c2.png,8197,1,397,329,46.0,3
48,6_320x stock m270_4x obj_grid_r2_c2.png,8198,1,133,313,46.0,3
48,6_320x stock m270_4x obj_grid_r2_c2.png,8199,1,112,286,46.0,3
48,6_320x stock m270_4x obj_grid_r2_c2.png,8200,1,252,271,46.0,3
48,6_320x stock m270_4x obj_grid_r2_c2.png,8201,1,3,224,31.5,3
48,6_320x stock m270_4x obj_grid_r2_c2.png,8202,1,170,469,147.5,6
48,6_320x stock m270_4x obj_grid_r2_c2.png,8203,1,387,460,46.0,3
48,6_320x stock m270_4x obj_grid_r2_c2.png,8204,1,27,238,46.0,3
48,6_320x stock m270_4x obj_grid_r2_c2.png,8205,1,228,217,147.5,6
48,6_320x stock m270_4x obj_grid_r2_c2.png,8206,1,20,33,147.5,6
49,6_320x stock m270_4x obj_grid_r2_c3.png,8207,1,189,37,104.0,5
49,6_320x stock m270_4x obj_grid_r2_c3.png,8208,1,63,14,31.5,3
49,6_320x stock m270_4x obj_grid_r2_c3.png,8209,1,242,505,31.5,3
49,6_320x stock m270_4x obj_grid_r2_c3.png,8210,1,380,382,31.5,3
49,6_320x stock m270_4x obj_grid_r2_c3.png,8211,1,410,270,46.0,3
49,6_320x stock m270_4x obj_grid_r2_c3.png,8212,1,489,134,31.5,3
49,6_320x stock m270_4x obj_grid_r2_c3.png,8213,1,353,98,74.5,4
49,6_320x stock m270_4x obj_grid_r2_c3.png,8214,1,160,461,46.0,3
49,6_320x stock m270_4x obj_grid_r2_c3.png,8215,1,267,459,46.0,3
49,6_320x stock m270_4x obj_grid_r2_c3.png,8216,1,206,445,46.0,3
49,6_320x stock m270_4x obj_grid_r2_c3.png,8217,1,265,371,31.5,3
49,6_320x stock m270_4x obj_grid_r2_c3.png,8218,1,407,358,46.0,3
49,6_320x stock m270_4x obj_grid_r2_c3.png,8219,1,316,328,74.5,4
49,6_320x stock m270_4x obj_grid_r2_c3.png,8220,1,291,254,74.5,4
49,6_320x stock m270_4x obj_grid_r2_c3.png,8221,1,387,243,46.0,3
49,6_320x stock m270_4x obj_grid_r2_c3.png,8222,1,317,217,74.5,4
49,6_320x stock m270_4x obj_grid_r2_c3.png,8223,1,76,209,31.5,3
49,6_320x stock m270_4x obj_grid_r2_c3.png,8224,1,50,143,74.5,4
49,6_320x stock m270_4x obj_grid_r2_c3.png,8225,1,70,99,46.0,3
49,6_320x stock m270_4x obj_grid_r2_c3.png,8226,1,263,85,147.5,6
49,6_320x stock m270_4x obj_grid_r2_c3.png,8227,1,508,497,31.5,3
49,6_320x stock m270_4x obj_grid_r2_c3.png,8228,1,201,495,46.0,3
49,6_320x stock m270_4x obj_grid_r2_c3.png,8229,1,427,397,104.0,5
49,6_320x stock m270_4x obj_grid_r2_c3.png,8230,1,492,376,74.5,4
49,6_320x stock m270_4x obj_grid_r2_c3.png,8231,1,112,321,46.0,3
49,6_320x stock m270_4x obj_grid_r2_c3.png,8232,1,220,283,31.5,3
49,6_320x stock m270_4x obj_grid_r2_c3.png,8233,1,194,256,46.0,3
49,6_320x stock m270_4x obj_grid_r2_c3.png,8234,1,43,249,31.5,3
49,6_320x stock m270_4x obj_grid_r2_c3.png,8235,1,56,238,74.5,4
49,6_320x stock m270_4x obj_grid_r2_c3.png,8236,1,346,169,46.0,3
49,6_320x stock m270_4x obj_grid_r2_c3.png,8237,1,351,120,104.0,5
49,6_320x stock m270_4x obj_grid_r2_c3.png,8238,1,117,84,104.0,5
49,6_320x stock m270_4x obj_grid_r2_c3.png,8239,1,22,29,74.5,4
49,6_320x stock m270_4x obj_grid_r2_c3.png,8240,1,413,410,104.0,5
49,6_320x stock m270_4x obj_grid_r2_c3.png,8241,1,5,372,46.0,3
49,6_320x stock m270_4x obj_grid_r2_c3.png,8242,1,104,300,46.0,3
49,6_320x stock m270_4x obj_grid_r2_c3.png,8243,1,156,228,74.5,4
49,6_320x stock m270_4x obj_grid_r2_c3.png,8244,1,183,221,74.5,4
49,6_320x stock m270_4x obj_grid_r2_c3.png,8245,1,277,160,74.5,4
49,6_320x stock m270_4x obj_grid_r2_c3.png,8246,1,179,120,31.5,3
49,6_320x stock m270_4x obj_grid_r2_c3.png,8247,1,199,82,8.0,1
49,6_320x stock m270_4x obj_grid_r2_c3.png,8248,1,165,66,74.5,4
49,6_320x stock m270_4x obj_grid_r2_c3.png,8249,1,484,52,31.5,3
49,6_320x stock m270_4x obj_grid_r2_c3.png,8250,1,381,14,31.5,3
49,6_320x stock m270_4x obj_grid_r2_c3.png,8251,1,88,502,74.5,4
49,6_320x stock m270_4x obj_grid_r2_c3.png,8252,1,136,368,74.5,4
49,6_320x stock m270_4x obj_grid_r2_c3.png,8253,1,288,352,31.5,3
49,6_320x stock m270_4x obj_grid_r2_c3.png,8254,1,483,340,74.5,4
49,6_320x stock m270_4x obj_grid_r2_c3.png,8255,1,51,336,31.5,3
49,6_320x stock m270_4x obj_grid_r2_c3.png,8256,1,80,286,31.5,3
49,6_320x stock m270_4x obj_grid_r2_c3.png,8257,1,488,231,31.5,3
49,6_320x stock m270_4x obj_grid_r2_c3.png,8258,1,423,184,147.5,6
49,6_320x stock m270_4x obj_grid_r2_c3.png,8259,1,259,176,46.0,3
49,6_320x stock m270_4x obj_grid_r2_c3.png,8260,1,269,170,46.0,3
49,6_320x stock m270_4x obj_grid_r2_c3.png,8261,1,506,119,31.5,3
49,6_320x stock m270_4x obj_grid_r2_c3.png,8262,1,456,113,31.5,3
49,6_320x stock m270_4x obj_grid_r2_c3.png,8263,1,293,105,46.0,3
49,6_320x stock m270_4x obj_grid_r2_c3.png,8264,1,395,100,31.5,3
49,6_320x stock m270_4x obj_grid_r2_c3.png,8265,1,332,82,31.5,3
49,6_320x stock m270_4x obj_grid_r2_c3.png,8266,1,142,78,31.5,3
49,6_320x stock m270_4x obj_grid_r2_c3.png,8267,1,472,78,46.0,3
49,6_320x stock m270_4x obj_grid_r2_c3.png,8268,1,182,72,31.5,3
49,6_320x stock m270_4x obj_grid_r2_c3.png,8269,1,280,70,31.5,3
49,6_320x stock m270_4x obj_grid_r2_c3.png,8270,1,312,67,46.0,3
49,6_320x stock m270_4x obj_grid_r2_c3.png,8271,1,281,54,31.5,3
49,6_320x stock m270_4x obj_grid_r2_c3.png,8272,1,417,47,104.0,5
49,6_320x stock m270_4x obj_grid_r2_c3.png,8273,1,501,43,46.0,3
49,6_320x stock m270_4x obj_grid_r2_c3.png,8274,1,423,25,31.5,3
49,6_320x stock m270_4x obj_grid_r2_c3.png,8275,1,498,26,46.0,3
49,6_320x stock m270_4x obj_grid_r2_c3.png,8276,1,320,21,31.5,3
49,6_320x stock m270_4x obj_grid_r2_c3.png,8277,1,392,20,104.0,5
49,6_320x stock m270_4x obj_grid_r2_c3.png,8278,1,251,15,31.5,3
49,6_320x stock m270_4x obj_grid_r2_c3.png,8279,1,507,12,46.0,3
49,6_320x stock m270_4x obj_grid_r2_c3.png,8280,1,362,11,46.0,3
49,6_320x stock m270_4x obj_grid_r2_c3.png,8281,1,284,10,46.0,3
49,6_320x stock m270_4x obj_grid_r2_c3.png,8282,1,177,10,46.0,3
49,6_320x stock m270_4x obj_grid_r2_c3.png,8283,1,470,8,31.5,3
49,6_320x stock m270_4x obj_grid_r2_c3.png,8284,1,215,4,31.5,3
49,6_320x stock m270_4x obj_grid_r2_c3.png,8285,1,491,504,31.5,3
49,6_320x stock m270_4x obj_grid_r2_c3.png,8286,1,140,487,31.5,3
49,6_320x stock m270_4x obj_grid_r2_c3.png,8287,1,347,459,46.0,3
49,6_320x stock m270_4x obj_grid_r2_c3.png,8288,1,298,447,46.0,3
49,6_320x stock m270_4x obj_grid_r2_c3.png,8289,1,328,437,31.5,3
49,6_320x stock m270_4x obj_grid_r2_c3.png,8290,1,90,420,31.5,3
49,6_320x stock m270_4x obj_grid_r2_c3.png,8291,1,309,401,46.0,3
49,6_320x stock m270_4x obj_grid_r2_c3.png,8292,1,411,389,46.0,3
49,6_320x stock m270_4x obj_grid_r2_c3.png,8293,1,266,388,31.5,3
49,6_320x stock m270_4x obj_grid_r2_c3.png,8294,1,306,378,46.0,3
49,6_320x stock m270_4x obj_grid_r2_c3.png,8295,1,363,368,31.5,3
49,6_320x stock m270_4x obj_grid_r2_c3.png,8296,1,370,353,46.0,3
49,6_320x stock m270_4x obj_grid_r2_c3.png,8297,1,91,343,8.0,1
49,6_320x stock m270_4x obj_grid_r2_c3.png,8298,1,432,318,31.5,3
49,6_320x stock m270_4x obj_grid_r2_c3.png,8299,1,165,317,46.0,3
49,6_320x stock m270_4x obj_grid_r2_c3.png,8300,1,357,316,46.0,3
49,6_320x stock m270_4x obj_grid_r2_c3.png,8301,1,393,311,46.0,3
49,6_320x stock m270_4x obj_grid_r2_c3.png,8302,1,324,309,46.0,3
49,6_320x stock m270_4x obj_grid_r2_c3.png,8303,1,368,308,46.0,3
49,6_320x stock m270_4x obj_grid_r2_c3.png,8304,1,319,298,46.0,3
49,6_320x stock m270_4x obj_grid_r2_c3.png,8305,1,420,290,31.5,3
49,6_320x stock m270_4x obj_grid_r2_c3.png,8306,1,233,286,31.5,3
49,6_320x stock m270_4x obj_grid_r2_c3.png,8307,1,277,284,46.0,3
49,6_320x stock m270_4x obj_grid_r2_c3.png,8308,1,310,285,31.5,3
49,6_320x stock m270_4x obj_grid_r2_c3.png,8309,1,203,282,46.0,3
49,6_320x stock m270_4x obj_grid_r2_c3.png,8310,1,30,276,31.5,3
49,6_320x stock m270_4x obj_grid_r2_c3.png,8311,1,502,272,104.0,5
49,6_320x stock m270_4x obj_grid_r2_c3.png,8312,1,397,270,46.0,3
49,6_320x stock m270_4x obj_grid_r2_c3.png,8313,1,282,269,46.0,3
49,6_320x stock m270_4x obj_grid_r2_c3.png,8314,1,240,267,31.5,3
49,6_320x stock m270_4x obj_grid_r2_c3.png,8315,1,367,260,31.5,3
49,6_320x stock m270_4x obj_grid_r2_c3.png,8316,1,230,262,8.0,1
49,6_320x stock m270_4x obj_grid_r2_c3.png,8317,1,163,264,31.5,3
49,6_320x stock m270_4x obj_grid_r2_c3.png,8318,1,110,256,46.0,3
49,6_320x stock m270_4x obj_grid_r2_c3.png,8319,1,128,260,31.5,3
49,6_320x stock m270_4x obj_grid_r2_c3.png,8320,1,406,251,46.0,3
49,6_320x stock m270_4x obj_grid_r2_c3.png,8321,1,339,250,31.5,3
49,6_320x stock m270_4x obj_grid_r2_c3.png,8322,1,307,242,46.0,3
49,6_320x stock m270_4x obj_grid_r2_c3.png,8323,1,431,241,46.0,3
49,6_320x stock m270_4x obj_grid_r2_c3.png,8324,1,437,227,46.0,3
49,6_320x stock m270_4x obj_grid_r2_c3.png,8325,1,417,226,46.0,3
49,6_320x stock m270_4x obj_grid_r2_c3.png,8326,1,251,226,31.5,3
49,6_320x stock m270_4x obj_grid_r2_c3.png,8327,1,211,225,46.0,3
49,6_320x stock m270_4x obj_grid_r2_c3.png,8328,1,259,220,46.0,3
49,6_320x stock m270_4x obj_grid_r2_c3.png,8329,1,237,220,31.5,3
49,6_320x stock m270_4x obj_grid_r2_c3.png,8330,1,471,217,46.0,3
49,6_320x stock m270_4x obj_grid_r2_c3.png,8331,1,237,207,31.5,3
49,6_320x stock m270_4x obj_grid_r2_c3.png,8332,1,25,209,46.0,3
49,6_320x stock m270_4x obj_grid_r2_c3.png,8333,1,412,206,31.5,3
49,6_320x stock m270_4x obj_grid_r2_c3.png,8334,1,165,206,46.0,3
49,6_320x stock m270_4x obj_grid_r2_c3.png,8335,1,468,204,46.0,3
49,6_320x stock m270_4x obj_grid_r2_c3.png,8336,1,346,204,46.0,3
49,6_320x stock m270_4x obj_grid_r2_c3.png,8337,1,450,202,46.0,3
49,6_320x stock m270_4x obj_grid_r2_c3.png,8338,1,487,201,46.0,3
49,6_320x stock m270_4x obj_grid_r2_c3.png,8339,1,125,200,31.5,3
49,6_320x stock m270_4x obj_grid_r2_c3.png,8340,1,91,201,31.5,3
49,6_320x stock m270_4x obj_grid_r2_c3.png,8341,1,328,198,46.0,3
49,6_320x stock m270_4x obj_grid_r2_c3.png,8342,1,99,191,31.5,3
49,6_320x stock m270_4x obj_grid_r2_c3.png,8343,1,440,195,46.0,3
49,6_320x stock m270_4x obj_grid_r2_c3.png,8344,1,67,194,31.5,3
49,6_320x stock m270_4x obj_grid_r2_c3.png,8345,1,478,194,46.0,3
49,6_320x stock m270_4x obj_grid_r2_c3.png,8346,1,294,193,46.0,3
49,6_320x stock m270_4x obj_grid_r2_c3.png,8347,1,244,190,46.0,3
49,6_320x stock m270_4x obj_grid_r2_c3.png,8348,1,21,188,31.5,3
49,6_320x stock m270_4x obj_grid_r2_c3.png,8349,1,216,185,46.0,3
49,6_320x stock m270_4x obj_grid_r2_c3.png,8350,1,207,173,46.0,3
49,6_320x stock m270_4x obj_grid_r2_c3.png,8351,1,382,173,46.0,3
49,6_320x stock m270_4x obj_grid_r2_c3.png,8352,1,57,170,46.0,3
49,6_320x stock m270_4x obj_grid_r2_c3.png,8353,1,153,166,46.0,3
49,6_320x stock m270_4x obj_grid_r2_c3.png,8354,1,260,163,46.0,3
49,6_320x stock m270_4x obj_grid_r2_c3.png,8355,1,136,162,31.5,3
49,6_320x stock m270_4x obj_grid_r2_c3.png,8356,1,364,162,31.5,3
49,6_320x stock m270_4x obj_grid_r2_c3.png,8357,1,81,157,46.0,3
49,6_320x stock m270_4x obj_grid_r2_c3.png,8358,1,193,146,31.5,3
49,6_320x stock m270_4x obj_grid_r2_c3.png,8359,1,454,147,46.0,3
49,6_320x stock m270_4x obj_grid_r2_c3.png,8360,1,63,147,46.0,3
49,6_320x stock m270_4x obj_grid_r2_c3.png,8361,1,487,146,31.5,3
49,6_320x stock m270_4x obj_grid_r2_c3.png,8362,1,311,146,31.5,3
49,6_320x stock m270_4x obj_grid_r2_c3.png,8363,1,441,145,46.0,3
49,6_320x stock m270_4x obj_grid_r2_c3.png,8364,1,144,145,46.0,3
49,6_320x stock m270_4x obj_grid_r2_c3.png,8365,1,364,144,46.0,3
49,6_320x stock m270_4x obj_grid_r2_c3.png,8366,1,377,137,46.0,3
49,6_320x stock m270_4x obj_grid_r2_c3.png,8367,1,161,137,46.0,3
49,6_320x stock m270_4x obj_grid_r2_c3.png,8368,1,244,136,46.0,3
49,6_320x stock m270_4x obj_grid_r2_c3.png,8369,1,92,136,46.0,3
49,6_320x stock m270_4x obj_grid_r2_c3.png,8370,1,87,134,31.5,3
49,6_320x stock m270_4x obj_grid_r2_c3.png,8371,1,322,127,46.0,3
49,6_320x stock m270_4x obj_grid_r2_c3.png,8372,1,374,120,46.0,3
49,6_320x stock m270_4x obj_grid_r2_c3.png,8373,1,207,118,46.0,3
49,6_320x stock m270_4x obj_grid_r2_c3.png,8374,1,418,114,46.0,3
49,6_320x stock m270_4x obj_grid_r2_c3.png,8375,1,220,112,46.0,3
49,6_320x stock m270_4x obj_grid_r2_c3.png,8376,1,372,106,46.0,3
49,6_320x stock m270_4x obj_grid_r2_c3.png,8377,1,116,102,31.5,3
49,6_320x stock m270_4x obj_grid_r2_c3.png,8378,1,420,98,46.0,3
49,6_320x stock m270_4x obj_grid_r2_c3.png,8379,1,317,95,46.0,3
49,6_320x stock m270_4x obj_grid_r2_c3.png,8380,1,159,95,46.0,3
49,6_320x stock m270_4x obj_grid_r2_c3.png,8381,1,108,94,31.5,3
49,6_320x stock m270_4x obj_grid_r2_c3.png,8382,1,56,92,31.5,3
49,6_320x stock m270_4x obj_grid_r2_c3.png,8383,1,468,90,46.0,3
49,6_320x stock m270_4x obj_grid_r2_c3.png,8384,1,81,89,46.0,3
49,6_320x stock m270_4x obj_grid_r2_c3.png,8385,1,15,85,31.5,3
49,6_320x stock m270_4x obj_grid_r2_c3.png,8386,1,65,84,31.5,3
49,6_320x stock m270_4x obj_grid_r2_c3.png,8387,1,240,77,46.0,3
49,6_320x stock m270_4x obj_grid_r2_c3.png,8388,1,404,69,46.0,3
49,6_320x stock m270_4x obj_grid_r2_c3.png,8389,1,114,65,46.0,3
49,6_320x stock m270_4x obj_grid_r2_c3.png,8390,1,443,64,46.0,3
49,6_320x stock m270_4x obj_grid_r2_c3.png,8391,1,290,62,46.0,3
49,6_320x stock m270_4x obj_grid_r2_c3.png,8392,1,214,61,46.0,3
49,6_320x stock m270_4x obj_grid_r2_c3.png,8393,1,47,61,31.5,3
49,6_320x stock m270_4x obj_grid_r2_c3.png,8394,1,250,55,46.0,3
49,6_320x stock m270_4x obj_grid_r2_c3.png,8395,1,149,54,46.0,3
49,6_320x stock m270_4x obj_grid_r2_c3.png,8396,1,97,55,46.0,3
49,6_320x stock m270_4x obj_grid_r2_c3.png,8397,1,164,48,31.5,3
49,6_320x stock m270_4x obj_grid_r2_c3.png,8398,1,224,48,46.0,3
49,6_320x stock m270_4x obj_grid_r2_c3.png,8399,1,304,47,46.0,3
49,6_320x stock m270_4x obj_grid_r2_c3.png,8400,1,333,43,46.0,3
49,6_320x stock m270_4x obj_grid_r2_c3.png,8401,1,122,42,46.0,3
49,6_320x stock m270_4x obj_grid_r2_c3.png,8402,1,82,41,46.0,3
49,6_320x stock m270_4x obj_grid_r2_c3.png,8403,1,47,37,31.5,3
49,6_320x stock m270_4x obj_grid_r2_c3.png,8404,1,439,37,46.0,3
49,6_320x stock m270_4x obj_grid_r2_c3.png,8405,1,290,33,46.0,3
49,6_320x stock m270_4x obj_grid_r2_c3.png,8406,1,302,31,46.0,3
49,6_320x stock m270_4x obj_grid_r2_c3.png,8407,1,227,31,46.0,3
49,6_320x stock m270_4x obj_grid_r2_c3.png,8408,1,294,23,46.0,3
49,6_320x stock m270_4x obj_grid_r2_c3.png,8409,1,165,23,46.0,3
49,6_320x stock m270_4x obj_grid_r2_c3.png,8410,1,71,24,46.0,3
49,6_320x stock m270_4x obj_grid_r2_c3.png,8411,1,31,22,46.0,3
49,6_320x stock m270_4x obj_grid_r2_c3.png,8412,1,97,7,46.0,3
49,6_320x stock m270_4x obj_grid_r2_c3.png,8413,1,245,6,46.0,3
49,6_320x stock m270_4x obj_grid_r2_c3.png,8414,1,370,505,46.0,3
49,6_320x stock m270_4x obj_grid_r2_c3.png,8415,1,77,503,31.5,3
49,6_320x stock m270_4x obj_grid_r2_c3.png,8416,1,386,500,46.0,3
49,6_320x stock m270_4x obj_grid_r2_c3.png,8417,1,346,493,46.0,3
49,6_320x stock m270_4x obj_grid_r2_c3.png,8418,1,147,496,31.5,3
49,6_320x stock m270_4x obj_grid_r2_c3.png,8419,1,415,490,46.0,3
49,6_320x stock m270_4x obj_grid_r2_c3.png,8420,1,434,484,46.0,3
49,6_320x stock m270_4x obj_grid_r2_c3.png,8421,1,143,476,31.5,3
49,6_320x stock m270_4x obj_grid_r2_c3.png,8422,1,505,473,46.0,3
49,6_320x stock m270_4x obj_grid_r2_c3.png,8423,1,328,470,46.0,3
49,6_320x stock m270_4x obj_grid_r2_c3.png,8424,1,193,467,46.0,3
49,6_320x stock m270_4x obj_grid_r2_c3.png,8425,1,317,459,31.5,3
49,6_320x stock m270_4x obj_grid_r2_c3.png,8426,1,336,462,46.0,3
49,6_320x stock m270_4x obj_grid_r2_c3.png,8427,1,306,457,46.0,3
49,6_320x stock m270_4x obj_grid_r2_c3.png,8428,1,498,458,46.0,3
49,6_320x stock m270_4x obj_grid_r2_c3.png,8429,1,433,456,46.0,3
49,6_320x stock m270_4x obj_grid_r2_c3.png,8430,1,474,455,46.0,3
49,6_320x stock m270_4x obj_grid_r2_c3.png,8431,1,359,456,46.0,3
49,6_320x stock m270_4x obj_grid_r2_c3.png,8432,1,502,449,31.5,3
49,6_320x stock m270_4x obj_grid_r2_c3.png,8433,1,400,446,46.0,3
49,6_320x stock m270_4x obj_grid_r2_c3.png,8434,1,123,446,46.0,3
49,6_320x stock m270_4x obj_grid_r2_c3.png,8435,1,238,443,46.0,3
49,6_320x stock m270_4x obj_grid_r2_c3.png,8436,1,194,442,31.5,3
49,6_320x stock m270_4x obj_grid_r2_c3.png,8437,1,503,437,31.5,3
49,6_320x stock m270_4x obj_grid_r2_c3.png,8438,1,301,433,31.5,3
49,6_320x stock m270_4x obj_grid_r2_c3.png,8439,1,377,430,31.5,3
49,6_320x stock m270_4x obj_grid_r2_c3.png,8440,1,475,430,31.5,3
49,6_320x stock m270_4x obj_grid_r2_c3.png,8441,1,389,429,31.5,3
49,6_320x stock m270_4x obj_grid_r2_c3.png,8442,1,103,427,46.0,3
49,6_320x stock m270_4x obj_grid_r2_c3.png,8443,1,367,423,46.0,3
49,6_320x stock m270_4x obj_grid_r2_c3.png,8444,1,236,421,46.0,3
49,6_320x stock m270_4x obj_grid_r2_c3.png,8445,1,247,419,46.0,3
49,6_320x stock m270_4x obj_grid_r2_c3.png,8446,1,54,419,46.0,3
49,6_320x stock m270_4x obj_grid_r2_c3.png,8447,1,487,417,46.0,3
49,6_320x stock m270_4x obj_grid_r2_c3.png,8448,1,351,415,31.5,3
49,6_320x stock m270_4x obj_grid_r2_c3.png,8449,1,394,414,46.0,3
49,6_320x stock m270_4x obj_grid_r2_c3.png,8450,1,104,411,46.0,3
49,6_320x stock m270_4x obj_grid_r2_c3.png,8451,1,126,406,46.0,3
49,6_320x stock m270_4x obj_grid_r2_c3.png,8452,1,480,403,46.0,3
49,6_320x stock m270_4x obj_grid_r2_c3.png,8453,1,369,403,46.0,3
49,6_320x stock m270_4x obj_grid_r2_c3.png,8454,1,352,401,46.0,3
49,6_320x stock m270_4x obj_grid_r2_c3.png,8455,1,453,399,46.0,3
49,6_320x stock m270_4x obj_grid_r2_c3.png,8456,1,505,398,46.0,3
49,6_320x stock m270_4x obj_grid_r2_c3.png,8457,1,78,397,46.0,3
49,6_320x stock m270_4x obj_grid_r2_c3.png,8458,1,246,391,31.5,3
49,6_320x stock m270_4x obj_grid_r2_c3.png,8459,1,177,390,46.0,3
49,6_320x stock m270_4x obj_grid_r2_c3.png,8460,1,47,390,46.0,3
49,6_320x stock m270_4x obj_grid_r2_c3.png,8461,1,398,388,46.0,3
49,6_320x stock m270_4x obj_grid_r2_c3.png,8462,1,320,386,31.5,3
49,6_320x stock m270_4x obj_grid_r2_c3.png,8463,1,281,388,46.0,3
49,6_320x stock m270_4x obj_grid_r2_c3.png,8464,1,343,387,46.0,3
49,6_320x stock m270_4x obj_grid_r2_c3.png,8465,1,468,386,46.0,3
49,6_320x stock m270_4x obj_grid_r2_c3.png,8466,1,208,384,46.0,3
49,6_320x stock m270_4x obj_grid_r2_c3.png,8467,1,291,378,46.0,3
49,6_320x stock m270_4x obj_grid_r2_c3.png,8468,1,401,378,46.0,3
49,6_320x stock m270_4x obj_grid_r2_c3.png,8469,1,246,378,46.0,3
49,6_320x stock m270_4x obj_grid_r2_c3.png,8470,1,117,377,46.0,3
49,6_320x stock m270_4x obj_grid_r2_c3.png,8471,1,505,376,46.0,3
49,6_320x stock m270_4x obj_grid_r2_c3.png,8472,1,180,375,31.5,3
49,6_320x stock m270_4x obj_grid_r2_c3.png,8473,1,190,372,31.5,3
49,6_320x stock m270_4x obj_grid_r2_c3.png,8474,1,314,371,31.5,3
49,6_320x stock m270_4x obj_grid_r2_c3.png,8475,1,56,370,46.0,3
49,6_320x stock m270_4x obj_grid_r2_c3.png,8476,1,74,367,46.0,3
49,6_320x stock m270_4x obj_grid_r2_c3.png,8477,1,301,366,46.0,3
49,6_320x stock m270_4x obj_grid_r2_c3.png,8478,1,211,364,46.0,3
49,6_320x stock m270_4x obj_grid_r2_c3.png,8479,1,396,364,31.5,3
49,6_320x stock m270_4x obj_grid_r2_c3.png,8480,1,167,362,46.0,3
49,6_320x stock m270_4x obj_grid_r2_c3.png,8481,1,102,361,46.0,3
49,6_320x stock m270_4x obj_grid_r2_c3.png,8482,1,310,355,46.0,3
49,6_320x stock m270_4x obj_grid_r2_c3.png,8483,1,429,355,46.0,3
49,6_320x stock m270_4x obj_grid_r2_c3.png,8484,1,352,353,46.0,3
49,6_320x stock m270_4x obj_grid_r2_c3.png,8485,1,117,351,46.0,3
49,6_320x stock m270_4x obj_grid_r2_c3.png,8486,1,173,347,46.0,3
49,6_320x stock m270_4x obj_grid_r2_c3.png,8487,1,155,348,46.0,3
49,6_320x stock m270_4x obj_grid_r2_c3.png,8488,1,455,347,46.0,3
49,6_320x stock m270_4x obj_grid_r2_c3.png,8489,1,301,345,46.0,3
49,6_320x stock m270_4x obj_grid_r2_c3.png,8490,1,223,342,46.0,3
49,6_320x stock m270_4x obj_grid_r2_c3.png,8491,1,325,338,31.5,3
49,6_320x stock m270_4x obj_grid_r2_c3.png,8492,1,181,336,46.0,3
49,6_320x stock m270_4x obj_grid_r2_c3.png,8493,1,271,335,46.0,3
49,6_320x stock m270_4x obj_grid_r2_c3.png,8494,1,427,334,46.0,3
49,6_320x stock m270_4x obj_grid_r2_c3.png,8495,1,136,331,46.0,3
49,6_320x stock m270_4x obj_grid_r2_c3.png,8496,1,4,329,31.5,3
49,6_320x stock m270_4x obj_grid_r2_c3.png,8497,1,450,329,46.0,3
49,6_320x stock m270_4x obj_grid_r2_c3.png,8498,1,86,328,31.5,3
49,6_320x stock m270_4x obj_grid_r2_c3.png,8499,1,233,324,46.0,3
49,6_320x stock m270_4x obj_grid_r2_c3.png,8500,1,209,322,46.0,3
49,6_320x stock m270_4x obj_grid_r2_c3.png,8501,1,508,321,31.5,3
49,6_320x stock m270_4x obj_grid_r2_c3.png,8502,1,223,319,46.0,3
49,6_320x stock m270_4x obj_grid_r2_c3.png,8503,1,488,311,31.5,3
49,6_320x stock m270_4x obj_grid_r2_c3.png,8504,1,260,313,46.0,3
49,6_320x stock m270_4x obj_grid_r2_c3.png,8505,1,182,310,46.0,3
49,6_320x stock m270_4x obj_grid_r2_c3.png,8506,1,95,309,31.5,3
49,6_320x stock m270_4x obj_grid_r2_c3.png,8507,1,348,307,46.0,3
49,6_320x stock m270_4x obj_grid_r2_c3.png,8508,1,242,306,46.0,3
49,6_320x stock m270_4x obj_grid_r2_c3.png,8509,1,16,305,46.0,3
49,6_320x stock m270_4x obj_grid_r2_c3.png,8510,1,448,304,46.0,3
49,6_320x stock m270_4x obj_grid_r2_c3.png,8511,1,303,300,46.0,3
49,6_320x stock m270_4x obj_grid_r2_c3.png,8512,1,231,300,46.0,3
49,6_320x stock m270_4x obj_grid_r2_c3.png,8513,1,86,301,46.0,3
49,6_320x stock m270_4x obj_grid_r2_c3.png,8514,1,407,299,46.0,3
49,6_320x stock m270_4x obj_grid_r2_c3.png,8515,1,40,299,46.0,3
49,6_320x stock m270_4x obj_grid_r2_c3.png,8516,1,52,290,46.0,3
49,6_320x stock m270_4x obj_grid_r2_c3.png,8517,1,32,288,46.0,3
49,6_320x stock m270_4x obj_grid_r2_c3.png,8518,1,380,285,46.0,3
49,6_320x stock m270_4x obj_grid_r2_c3.png,8519,1,401,284,46.0,3
49,6_320x stock m270_4x obj_grid_r2_c3.png,8520,1,191,282,46.0,3
49,6_320x stock m270_4x obj_grid_r2_c3.png,8521,1,168,277,46.0,3
49,6_320x stock m270_4x obj_grid_r2_c3.png,8522,1,126,277,46.0,3
49,6_320x stock m270_4x obj_grid_r2_c3.png,8523,1,40,276,31.5,3
49,6_320x stock m270_4x obj_grid_r2_c3.png,8524,1,298,275,46.0,3
49,6_320x stock m270_4x obj_grid_r2_c3.png,8525,1,88,254,46.0,3
49,6_320x stock m270_4x obj_grid_r2_c3.png,8526,1,228,249,46.0,3
49,6_320x stock m270_4x obj_grid_r2_c3.png,8527,1,445,247,46.0,3
49,6_320x stock m270_4x obj_grid_r2_c3.png,8528,1,160,245,46.0,3
49,6_320x stock m270_4x obj_grid_r2_c3.png,8529,1,42,236,46.0,3
49,6_320x stock m270_4x obj_grid_r2_c3.png,8530,1,120,237,74.5,4
49,6_320x stock m270_4x obj_grid_r2_c3.png,8531,1,176,232,46.0,3
49,6_320x stock m270_4x obj_grid_r2_c3.png,8532,1,337,230,46.0,3
49,6_320x stock m270_4x obj_grid_r2_c3.png,8533,1,295,227,46.0,3
49,6_320x stock m270_4x obj_grid_r2_c3.png,8534,1,61,223,46.0,3
49,6_320x stock m270_4x obj_grid_r2_c3.png,8535,1,429,219,46.0,3
49,6_320x stock m270_4x obj_grid_r2_c3.png,8536,1,453,212,46.0,3
49,6_320x stock m270_4x obj_grid_r2_c3.png,8537,1,54,213,46.0,3
49,6_320x stock m270_4x obj_grid_r2_c3.png,8538,1,27,208,31.5,3
49,6_320x stock m270_4x obj_grid_r2_c3.png,8539,1,146,197,46.0,3
49,6_320x stock m270_4x obj_grid_r2_c3.png,8540,1,184,196,46.0,3
49,6_320x stock m270_4x obj_grid_r2_c3.png,8541,1,31,195,46.0,3
49,6_320x stock m270_4x obj_grid_r2_c3.png,8542,1,14,195,46.0,3
49,6_320x stock m270_4x obj_grid_r2_c3.png,8543,1,376,191,46.0,3
49,6_320x stock m270_4x obj_grid_r2_c3.png,8544,1,185,185,46.0,3
49,6_320x stock m270_4x obj_grid_r2_c3.png,8545,1,37,184,46.0,3
49,6_320x stock m270_4x obj_grid_r2_c3.png,8546,1,58,182,46.0,3
49,6_320x stock m270_4x obj_grid_r2_c3.png,8547,1,136,179,31.5,3
49,6_320x stock m270_4x obj_grid_r2_c3.png,8548,1,78,178,46.0,3
49,6_320x stock m270_4x obj_grid_r2_c3.png,8549,1,306,177,46.0,3
49,6_320x stock m270_4x obj_grid_r2_c3.png,8550,1,480,172,46.0,3
49,6_320x stock m270_4x obj_grid_r2_c3.png,8551,1,238,164,46.0,3
49,6_320x stock m270_4x obj_grid_r2_c3.png,8552,1,45,163,46.0,3
49,6_320x stock m270_4x obj_grid_r2_c3.png,8553,1,359,160,46.0,3
49,6_320x stock m270_4x obj_grid_r2_c3.png,8554,1,62,160,46.0,3
49,6_320x stock m270_4x obj_grid_r2_c3.png,8555,1,383,159,46.0,3
49,6_320x stock m270_4x obj_grid_r2_c3.png,8556,1,37,151,46.0,3
49,6_320x stock m270_4x obj_grid_r2_c3.png,8557,1,8,150,46.0,3
49,6_320x stock m270_4x obj_grid_r2_c3.png,8558,1,109,136,46.0,3
49,6_320x stock m270_4x obj_grid_r2_c3.png,8559,1,225,136,46.0,3
49,6_320x stock m270_4x obj_grid_r2_c3.png,8560,1,58,128,46.0,3
49,6_320x stock m270_4x obj_grid_r2_c3.png,8561,1,15,128,46.0,3
49,6_320x stock m270_4x obj_grid_r2_c3.png,8562,1,31,118,46.0,3
49,6_320x stock m270_4x obj_grid_r2_c3.png,8563,1,56,114,46.0,3
49,6_320x stock m270_4x obj_grid_r2_c3.png,8564,1,166,112,104.0,5
49,6_320x stock m270_4x obj_grid_r2_c3.png,8565,1,45,103,46.0,3
49,6_320x stock m270_4x obj_grid_r2_c3.png,8566,1,177,102,46.0,3
49,6_320x stock m270_4x obj_grid_r2_c3.png,8567,1,303,98,46.0,3
49,6_320x stock m270_4x obj_grid_r2_c3.png,8568,1,433,83,46.0,3
49,6_320x stock m270_4x obj_grid_r2_c3.png,8569,1,23,63,46.0,3
49,6_320x stock m270_4x obj_grid_r2_c3.png,8570,1,2,40,27.0,2
49,6_320x stock m270_4x obj_grid_r2_c3.png,8571,1,36,35,31.5,3
49,6_320x stock m270_4x obj_grid_r2_c3.png,8572,1,154,507,46.0,3
49,6_320x stock m270_4x obj_grid_r2_c3.png,8573,1,59,506,46.0,3
49,6_320x stock m270_4x obj_grid_r2_c3.png,8574,1,189,504,46.0,3
49,6_320x stock m270_4x obj_grid_r2_c3.png,8575,1,130,503,31.5,3
49,6_320x stock m270_4x obj_grid_r2_c3.png,8576,1,428,502,46.0,3
49,6_320x stock m270_4x obj_grid_r2_c3.png,8577,1,397,502,31.5,3
49,6_320x stock m270_4x obj_grid_r2_c3.png,8578,1,35,497,46.0,3
49,6_320x stock m270_4x obj_grid_r2_c3.png,8579,1,9,496,31.5,3
49,6_320x stock m270_4x obj_grid_r2_c3.png,8580,1,303,495,46.0,3
49,6_320x stock m270_4x obj_grid_r2_c3.png,8581,1,471,491,46.0,3
49,6_320x stock m270_4x obj_grid_r2_c3.png,8582,1,180,489,46.0,3
49,6_320x stock m270_4x obj_grid_r2_c3.png,8583,1,502,488,31.5,3
49,6_320x stock m270_4x obj_grid_r2_c3.png,8584,1,258,485,46.0,3
49,6_320x stock m270_4x obj_grid_r2_c3.png,8585,1,200,482,31.5,3
49,6_320x stock m270_4x obj_grid_r2_c3.png,8586,1,160,475,46.0,3
49,6_320x stock m270_4x obj_grid_r2_c3.png,8587,1,103,474,46.0,3
49,6_320x stock m270_4x obj_grid_r2_c3.png,8588,1,89,463,46.0,3
49,6_320x stock m270_4x obj_grid_r2_c3.png,8589,1,135,460,46.0,3
49,6_320x stock m270_4x obj_grid_r2_c3.png,8590,1,234,457,46.0,3
49,6_320x stock m270_4x obj_grid_r2_c3.png,8591,1,173,450,46.0,3
49,6_320x stock m270_4x obj_grid_r2_c3.png,8592,1,2,450,27.0,2
49,6_320x stock m270_4x obj_grid_r2_c3.png,8593,1,411,447,31.5,3
49,6_320x stock m270_4x obj_grid_r2_c3.png,8594,1,74,445,46.0,3
49,6_320x stock m270_4x obj_grid_r2_c3.png,8595,1,21,444,46.0,3
49,6_320x stock m270_4x obj_grid_r2_c3.png,8596,1,157,442,46.0,3
49,6_320x stock m270_4x obj_grid_r2_c3.png,8597,1,59,437,46.0,3
49,6_320x stock m270_4x obj_grid_r2_c3.png,8598,1,361,436,46.0,3
49,6_320x stock m270_4x obj_grid_r2_c3.png,8599,1,73,432,46.0,3
49,6_320x stock m270_4x obj_grid_r2_c3.png,8600,1,43,430,46.0,3
49,6_320x stock m270_4x obj_grid_r2_c3.png,8601,1,171,427,46.0,3
49,6_320x stock m270_4x obj_grid_r2_c3.png,8602,1,259,429,104.0,5
49,6_320x stock m270_4x obj_grid_r2_c3.png,8603,1,162,416,46.0,3
49,6_320x stock m270_4x obj_grid_r2_c3.png,8604,1,3,413,31.5,3
49,6_320x stock m270_4x obj_grid_r2_c3.png,8605,1,32,406,46.0,3
49,6_320x stock m270_4x obj_grid_r2_c3.png,8606,1,262,399,46.0,3
49,6_320x stock m270_4x obj_grid_r2_c3.png,8607,1,103,390,46.0,3
49,6_320x stock m270_4x obj_grid_r2_c3.png,8608,1,56,384,46.0,3
49,6_320x stock m270_4x obj_grid_r2_c3.png,8609,1,31,377,46.0,3
49,6_320x stock m270_4x obj_grid_r2_c3.png,8610,1,209,352,46.0,3
49,6_320x stock m270_4x obj_grid_r2_c3.png,8611,1,129,339,46.0,3
49,6_320x stock m270_4x obj_grid_r2_c3.png,8612,1,403,321,46.0,3
49,6_320x stock m270_4x obj_grid_r2_c3.png,8613,1,338,318,46.0,3
49,6_320x stock m270_4x obj_grid_r2_c3.png,8614,1,48,317,46.0,3
49,6_320x stock m270_4x obj_grid_r2_c3.png,8615,1,146,314,46.0,3
49,6_320x stock m270_4x obj_grid_r2_c3.png,8616,1,247,281,147.5,6
49,6_320x stock m270_4x obj_grid_r2_c3.png,8617,1,226,260,31.5,3
49,6_320x stock m270_4x obj_grid_r2_c3.png,8618,1,18,258,46.0,3
49,6_320x stock m270_4x obj_grid_r2_c3.png,8619,1,19,245,46.0,3
49,6_320x stock m270_4x obj_grid_r2_c3.png,8620,1,73,229,46.0,3
49,6_320x stock m270_4x obj_grid_r2_c3.png,8621,1,23,176,46.0,3
49,6_320x stock m270_4x obj_grid_r2_c3.png,8622,1,309,134,74.5,4
49,6_320x stock m270_4x obj_grid_r2_c3.png,8623,1,29,77,46.0,3
49,6_320x stock m270_4x obj_grid_r2_c3.png,8624,1,54,494,46.0,3
49,6_320x stock m270_4x obj_grid_r2_c3.png,8625,1,98,490,46.0,3
49,6_320x stock m270_4x obj_grid_r2_c3.png,8626,1,21,471,46.0,3
49,6_320x stock m270_4x obj_grid_r2_c3.png,8627,1,70,467,46.0,3
49,6_320x stock m270_4x obj_grid_r2_c3.png,8628,1,52,403,46.0,3
49,6_320x stock m270_4x obj_grid_r2_c3.png,8629,1,241,335,46.0,3
49,6_320x stock m270_4x obj_grid_r2_c3.png,8630,1,350,333,46.0,3
49,6_320x stock m270_4x obj_grid_r2_c3.png,8631,1,240,408,46.0,3
49,6_320x stock m270_4x obj_grid_r2_c3.png,8632,1,351,194,104.0,5
49,6_320x stock m270_4x obj_grid_r2_c3.png,8633,1,147,334,147.5,6
49,6_320x stock m270_4x obj_grid_r2_c3.png,8634,1,214,396,318.0,10
49,6_320x stock m270_4x obj_grid_r2_c3.png,8635,1,20,319,147.5,6
49,6_320x stock m270_4x obj_grid_r2_c3.png,8636,1,46,11,248.5,8
49,6_320x stock m270_4x obj_grid_r2_c3.png,8637,1,226,484,190.0,7
50,6_320x stock m270_4x obj_grid_r2_c4.png,8638,1,440,470,74.5,4
50,6_320x stock m270_4x obj_grid_r2_c4.png,8639,1,476,8,104.0,5
50,6_320x stock m270_4x obj_grid_r2_c4.png,8640,1,498,108,46.0,3
50,6_320x stock m270_4x obj_grid_r2_c4.png,8641,1,436,67,31.5,3
50,6_320x stock m270_4x obj_grid_r2_c4.png,8642,1,437,4,31.5,3
50,6_320x stock m270_4x obj_grid_r2_c4.png,8643,1,467,420,74.5,4
50,6_320x stock m270_4x obj_grid_r2_c4.png,8644,1,160,374,74.5,4
50,6_320x stock m270_4x obj_grid_r2_c4.png,8645,1,492,352,46.0,3
50,6_320x stock m270_4x obj_grid_r2_c4.png,8646,1,78,354,31.5,3
50,6_320x stock m270_4x obj_grid_r2_c4.png,8647,1,471,252,74.5,4
50,6_320x stock m270_4x obj_grid_r2_c4.png,8648,1,193,147,74.5,4
50,6_320x stock m270_4x obj_grid_r2_c4.png,8649,1,14,134,31.5,3
50,6_320x stock m270_4x obj_grid_r2_c4.png,8650,1,482,110,74.5,4
50,6_320x stock m270_4x obj_grid_r2_c4.png,8651,1,243,64,46.0,3
50,6_320x stock m270_4x obj_grid_r2_c4.png,8652,1,286,507,31.5,3
50,6_320x stock m270_4x obj_grid_r2_c4.png,8653,1,220,463,74.5,4
50,6_320x stock m270_4x obj_grid_r2_c4.png,8654,1,17,376,74.5,4
50,6_320x stock m270_4x obj_grid_r2_c4.png,8655,1,296,374,74.5,4
50,6_320x stock m270_4x obj_grid_r2_c4.png,8656,1,8,340,74.5,4
50,6_320x stock m270_4x obj_grid_r2_c4.png,8657,1,445,266,74.5,4
50,6_320x stock m270_4x obj_grid_r2_c4.png,8658,1,81,230,74.5,4
50,6_320x stock m270_4x obj_grid_r2_c4.png,8659,1,109,194,46.0,3
50,6_320x stock m270_4x obj_grid_r2_c4.png,8660,1,372,470,104.0,5
50,6_320x stock m270_4x obj_grid_r2_c4.png,8661,1,36,415,74.5,4
50,6_320x stock m270_4x obj_grid_r2_c4.png,8662,1,506,222,46.0,3
50,6_320x stock m270_4x obj_grid_r2_c4.png,8663,1,253,182,31.5,3
50,6_320x stock m270_4x obj_grid_r2_c4.png,8664,1,486,180,31.5,3
50,6_320x stock m270_4x obj_grid_r2_c4.png,8665,1,300,167,74.5,4
50,6_320x stock m270_4x obj_grid_r2_c4.png,8666,1,272,126,31.5,3
50,6_320x stock m270_4x obj_grid_r2_c4.png,8667,1,414,96,46.0,3
50,6_320x stock m270_4x obj_grid_r2_c4.png,8668,1,102,57,31.5,3
50,6_320x stock m270_4x obj_grid_r2_c4.png,8669,1,150,468,74.5,4
50,6_320x stock m270_4x obj_grid_r2_c4.png,8670,1,183,248,147.5,6
50,6_320x stock m270_4x obj_grid_r2_c4.png,8671,1,237,220,104.0,5
50,6_320x stock m270_4x obj_grid_r2_c4.png,8672,1,436,202,31.5,3
50,6_320x stock m270_4x obj_grid_r2_c4.png,8673,1,136,175,74.5,4
50,6_320x stock m270_4x obj_grid_r2_c4.png,8674,1,185,110,147.5,6
50,6_320x stock m270_4x obj_grid_r2_c4.png,8675,1,406,88,31.5,3
50,6_320x stock m270_4x obj_grid_r2_c4.png,8676,1,360,77,31.5,3
50,6_320x stock m270_4x obj_grid_r2_c4.png,8677,1,442,45,31.5,3
50,6_320x stock m270_4x obj_grid_r2_c4.png,8678,1,51,31,31.5,3
50,6_320x stock m270_4x obj_grid_r2_c4.png,8679,1,407,12,46.0,3
50,6_320x stock m270_4x obj_grid_r2_c4.png,8680,1,456,4,31.5,3
50,6_320x stock m270_4x obj_grid_r2_c4.png,8681,1,115,486,46.0,3
50,6_320x stock m270_4x obj_grid_r2_c4.png,8682,1,288,421,147.5,6
50,6_320x stock m270_4x obj_grid_r2_c4.png,8683,1,135,402,31.5,3
50,6_320x stock m270_4x obj_grid_r2_c4.png,8684,1,426,389,31.5,3
50,6_320x stock m270_4x obj_grid_r2_c4.png,8685,1,280,373,31.5,3
50,6_320x stock m270_4x obj_grid_r2_c4.png,8686,1,363,371,74.5,4
50,6_320x stock m270_4x obj_grid_r2_c4.png,8687,1,374,367,74.5,4
50,6_320x stock m270_4x obj_grid_r2_c4.png,8688,1,445,233,46.0,3
50,6_320x stock m270_4x obj_grid_r2_c4.png,8689,1,381,231,31.5,3
50,6_320x stock m270_4x obj_grid_r2_c4.png,8690,1,459,221,31.5,3
50,6_320x stock m270_4x obj_grid_r2_c4.png,8691,1,442,212,46.0,3
50,6_320x stock m270_4x obj_grid_r2_c4.png,8692,1,462,196,46.0,3
50,6_320x stock m270_4x obj_grid_r2_c4.png,8693,1,498,189,46.0,3
50,6_320x stock m270_4x obj_grid_r2_c4.png,8694,1,105,172,31.5,3
50,6_320x stock m270_4x obj_grid_r2_c4.png,8695,1,507,165,46.0,3
50,6_320x stock m270_4x obj_grid_r2_c4.png,8696,1,410,136,46.0,3
50,6_320x stock m270_4x obj_grid_r2_c4.png,8697,1,440,125,46.0,3
50,6_320x stock m270_4x obj_grid_r2_c4.png,8698,1,374,122,31.5,3
50,6_320x stock m270_4x obj_grid_r2_c4.png,8699,1,32,121,31.5,3
50,6_320x stock m270_4x obj_grid_r2_c4.png,8700,1,104,121,46.0,3
50,6_320x stock m270_4x obj_grid_r2_c4.png,8701,1,286,112,46.0,3
50,6_320x stock m270_4x obj_grid_r2_c4.png,8702,1,257,111,46.0,3
50,6_320x stock m270_4x obj_grid_r2_c4.png,8703,1,398,96,46.0,3
50,6_320x stock m270_4x obj_grid_r2_c4.png,8704,1,504,90,46.0,3
50,6_320x stock m270_4x obj_grid_r2_c4.png,8705,1,391,75,46.0,3
50,6_320x stock m270_4x obj_grid_r2_c4.png,8706,1,463,72,46.0,3
50,6_320x stock m270_4x obj_grid_r2_c4.png,8707,1,323,68,46.0,3
50,6_320x stock m270_4x obj_grid_r2_c4.png,8708,1,484,65,46.0,3
50,6_320x stock m270_4x obj_grid_r2_c4.png,8709,1,384,60,31.5,3
50,6_320x stock m270_4x obj_grid_r2_c4.png,8710,1,468,56,31.5,3
50,6_320x stock m270_4x obj_grid_r2_c4.png,8711,1,291,59,46.0,3
50,6_320x stock m270_4x obj_grid_r2_c4.png,8712,1,457,58,46.0,3
50,6_320x stock m270_4x obj_grid_r2_c4.png,8713,1,266,57,31.5,3
50,6_320x stock m270_4x obj_grid_r2_c4.png,8714,1,189,61,31.5,3
50,6_320x stock m270_4x obj_grid_r2_c4.png,8715,1,494,56,46.0,3
50,6_320x stock m270_4x obj_grid_r2_c4.png,8716,1,446,56,46.0,3
50,6_320x stock m270_4x obj_grid_r2_c4.png,8717,1,311,44,31.5,3
50,6_320x stock m270_4x obj_grid_r2_c4.png,8718,1,354,43,46.0,3
50,6_320x stock m270_4x obj_grid_r2_c4.png,8719,1,374,36,46.0,3
50,6_320x stock m270_4x obj_grid_r2_c4.png,8720,1,225,36,46.0,3
50,6_320x stock m270_4x obj_grid_r2_c4.png,8721,1,97,32,46.0,3
50,6_320x stock m270_4x obj_grid_r2_c4.png,8722,1,388,29,31.5,3
50,6_320x stock m270_4x obj_grid_r2_c4.png,8723,1,430,27,46.0,3
50,6_320x stock m270_4x obj_grid_r2_c4.png,8724,1,23,25,46.0,3
50,6_320x stock m270_4x obj_grid_r2_c4.png,8725,1,375,22,31.5,3
50,6_320x stock m270_4x obj_grid_r2_c4.png,8726,1,167,18,31.5,3
50,6_320x stock m270_4x obj_grid_r2_c4.png,8727,1,492,13,46.0,3
50,6_320x stock m270_4x obj_grid_r2_c4.png,8728,1,31,12,46.0,3
50,6_320x stock m270_4x obj_grid_r2_c4.png,8729,1,339,10,46.0,3
50,6_320x stock m270_4x obj_grid_r2_c4.png,8730,1,289,8,46.0,3
50,6_320x stock m270_4x obj_grid_r2_c4.png,8731,1,383,6,46.0,3
50,6_320x stock m270_4x obj_grid_r2_c4.png,8732,1,493,492,31.5,3
50,6_320x stock m270_4x obj_grid_r2_c4.png,8733,1,276,482,31.5,3
50,6_320x stock m270_4x obj_grid_r2_c4.png,8734,1,399,470,46.0,3
50,6_320x stock m270_4x obj_grid_r2_c4.png,8735,1,376,458,31.5,3
50,6_320x stock m270_4x obj_grid_r2_c4.png,8736,1,417,450,31.5,3
50,6_320x stock m270_4x obj_grid_r2_c4.png,8737,1,51,453,190.0,7
50,6_320x stock m270_4x obj_grid_r2_c4.png,8738,1,139,432,147.5,6
50,6_320x stock m270_4x obj_grid_r2_c4.png,8739,1,43,402,31.5,3
50,6_320x stock m270_4x obj_grid_r2_c4.png,8740,1,354,382,31.5,3
50,6_320x stock m270_4x obj_grid_r2_c4.png,8741,1,408,380,31.5,3
50,6_320x stock m270_4x obj_grid_r2_c4.png,8742,1,334,366,31.5,3
50,6_320x stock m270_4x obj_grid_r2_c4.png,8743,1,502,359,31.5,3
50,6_320x stock m270_4x obj_grid_r2_c4.png,8744,1,374,352,31.5,3
50,6_320x stock m270_4x obj_grid_r2_c4.png,8745,1,273,353,31.5,3
50,6_320x stock m270_4x obj_grid_r2_c4.png,8746,1,470,346,46.0,3
50,6_320x stock m270_4x obj_grid_r2_c4.png,8747,1,417,346,46.0,3
50,6_320x stock m270_4x obj_grid_r2_c4.png,8748,1,438,345,46.0,3
50,6_320x stock m270_4x obj_grid_r2_c4.png,8749,1,331,345,46.0,3
50,6_320x stock m270_4x obj_grid_r2_c4.png,8750,1,482,341,46.0,3
50,6_320x stock m270_4x obj_grid_r2_c4.png,8751,1,507,333,31.5,3
50,6_320x stock m270_4x obj_grid_r2_c4.png,8752,1,248,331,31.5,3
50,6_320x stock m270_4x obj_grid_r2_c4.png,8753,1,361,331,31.5,3
50,6_320x stock m270_4x obj_grid_r2_c4.png,8754,1,430,328,31.5,3
50,6_320x stock m270_4x obj_grid_r2_c4.png,8755,1,448,326,46.0,3
50,6_320x stock m270_4x obj_grid_r2_c4.png,8756,1,384,325,31.5,3
50,6_320x stock m270_4x obj_grid_r2_c4.png,8757,1,160,322,31.5,3
50,6_320x stock m270_4x obj_grid_r2_c4.png,8758,1,436,318,46.0,3
50,6_320x stock m270_4x obj_grid_r2_c4.png,8759,1,344,317,31.5,3
50,6_320x stock m270_4x obj_grid_r2_c4.png,8760,1,122,314,31.5,3
50,6_320x stock m270_4x obj_grid_r2_c4.png,8761,1,313,296,46.0,3
50,6_320x stock m270_4x obj_grid_r2_c4.png,8762,1,329,287,46.0,3
50,6_320x stock m270_4x obj_grid_r2_c4.png,8763,1,240,285,46.0,3
50,6_320x stock m270_4x obj_grid_r2_c4.png,8764,1,414,282,31.5,3
50,6_320x stock m270_4x obj_grid_r2_c4.png,8765,1,485,281,46.0,3
50,6_320x stock m270_4x obj_grid_r2_c4.png,8766,1,306,276,46.0,3
50,6_320x stock m270_4x obj_grid_r2_c4.png,8767,1,478,273,31.5,3
50,6_320x stock m270_4x obj_grid_r2_c4.png,8768,1,100,270,31.5,3
50,6_320x stock m270_4x obj_grid_r2_c4.png,8769,1,27,272,74.5,4
50,6_320x stock m270_4x obj_grid_r2_c4.png,8770,1,364,268,46.0,3
50,6_320x stock m270_4x obj_grid_r2_c4.png,8771,1,39,263,31.5,3
50,6_320x stock m270_4x obj_grid_r2_c4.png,8772,1,375,263,31.5,3
50,6_320x stock m270_4x obj_grid_r2_c4.png,8773,1,318,258,46.0,3
50,6_320x stock m270_4x obj_grid_r2_c4.png,8774,1,382,255,31.5,3
50,6_320x stock m270_4x obj_grid_r2_c4.png,8775,1,235,253,46.0,3
50,6_320x stock m270_4x obj_grid_r2_c4.png,8776,1,337,252,190.0,7
50,6_320x stock m270_4x obj_grid_r2_c4.png,8777,1,291,251,46.0,3
50,6_320x stock m270_4x obj_grid_r2_c4.png,8778,1,226,239,46.0,3
50,6_320x stock m270_4x obj_grid_r2_c4.png,8779,1,497,237,46.0,3
50,6_320x stock m270_4x obj_grid_r2_c4.png,8780,1,316,235,46.0,3
50,6_320x stock m270_4x obj_grid_r2_c4.png,8781,1,273,235,46.0,3
50,6_320x stock m270_4x obj_grid_r2_c4.png,8782,1,421,233,46.0,3
50,6_320x stock m270_4x obj_grid_r2_c4.png,8783,1,13,231,31.5,3
50,6_320x stock m270_4x obj_grid_r2_c4.png,8784,1,347,227,31.5,3
50,6_320x stock m270_4x obj_grid_r2_c4.png,8785,1,192,227,31.5,3
50,6_320x stock m270_4x obj_grid_r2_c4.png,8786,1,438,222,46.0,3
50,6_320x stock m270_4x obj_grid_r2_c4.png,8787,1,359,222,31.5,3
50,6_320x stock m270_4x obj_grid_r2_c4.png,8788,1,337,222,46.0,3
50,6_320x stock m270_4x obj_grid_r2_c4.png,8789,1,285,220,46.0,3
50,6_320x stock m270_4x obj_grid_r2_c4.png,8790,1,185,219,31.5,3
50,6_320x stock m270_4x obj_grid_r2_c4.png,8791,1,161,218,46.0,3
50,6_320x stock m270_4x obj_grid_r2_c4.png,8792,1,380,214,46.0,3
50,6_320x stock m270_4x obj_grid_r2_c4.png,8793,1,317,212,46.0,3
50,6_320x stock m270_4x obj_grid_r2_c4.png,8794,1,112,212,46.0,3
50,6_320x stock m270_4x obj_grid_r2_c4.png,8795,1,193,211,31.5,3
50,6_320x stock m270_4x obj_grid_r2_c4.png,8796,1,343,203,46.0,3
50,6_320x stock m270_4x obj_grid_r2_c4.png,8797,1,3,194,31.5,3
50,6_320x stock m270_4x obj_grid_r2_c4.png,8798,1,432,192,46.0,3
50,6_320x stock m270_4x obj_grid_r2_c4.png,8799,1,92,190,46.0,3
50,6_320x stock m270_4x obj_grid_r2_c4.png,8800,1,154,175,31.5,3
50,6_320x stock m270_4x obj_grid_r2_c4.png,8801,1,361,169,31.5,3
50,6_320x stock m270_4x obj_grid_r2_c4.png,8802,1,378,166,46.0,3
50,6_320x stock m270_4x obj_grid_r2_c4.png,8803,1,155,165,31.5,3
50,6_320x stock m270_4x obj_grid_r2_c4.png,8804,1,423,163,46.0,3
50,6_320x stock m270_4x obj_grid_r2_c4.png,8805,1,390,160,46.0,3
50,6_320x stock m270_4x obj_grid_r2_c4.png,8806,1,457,156,46.0,3
50,6_320x stock m270_4x obj_grid_r2_c4.png,8807,1,471,152,31.5,3
50,6_320x stock m270_4x obj_grid_r2_c4.png,8808,1,141,156,46.0,3
50,6_320x stock m270_4x obj_grid_r2_c4.png,8809,1,97,150,46.0,3
50,6_320x stock m270_4x obj_grid_r2_c4.png,8810,1,86,150,31.5,3
50,6_320x stock m270_4x obj_grid_r2_c4.png,8811,1,311,148,31.5,3
50,6_320x stock m270_4x obj_grid_r2_c4.png,8812,1,165,146,46.0,3
50,6_320x stock m270_4x obj_grid_r2_c4.png,8813,1,422,143,46.0,3
50,6_320x stock m270_4x obj_grid_r2_c4.png,8814,1,287,142,46.0,3
50,6_320x stock m270_4x obj_grid_r2_c4.png,8815,1,330,142,46.0,3
50,6_320x stock m270_4x obj_grid_r2_c4.png,8816,1,79,141,46.0,3
50,6_320x stock m270_4x obj_grid_r2_c4.png,8817,1,374,139,31.5,3
50,6_320x stock m270_4x obj_grid_r2_c4.png,8818,1,484,138,46.0,3
50,6_320x stock m270_4x obj_grid_r2_c4.png,8819,1,314,137,31.5,3
50,6_320x stock m270_4x obj_grid_r2_c4.png,8820,1,381,136,31.5,3
50,6_320x stock m270_4x obj_grid_r2_c4.png,8821,1,185,135,46.0,3
50,6_320x stock m270_4x obj_grid_r2_c4.png,8822,1,214,133,31.5,3
50,6_320x stock m270_4x obj_grid_r2_c4.png,8823,1,363,131,46.0,3
50,6_320x stock m270_4x obj_grid_r2_c4.png,8824,1,255,131,31.5,3
50,6_320x stock m270_4x obj_grid_r2_c4.png,8825,1,164,130,46.0,3
50,6_320x stock m270_4x obj_grid_r2_c4.png,8826,1,117,126,46.0,3
50,6_320x stock m270_4x obj_grid_r2_c4.png,8827,1,351,125,46.0,3
50,6_320x stock m270_4x obj_grid_r2_c4.png,8828,1,127,125,31.5,3
50,6_320x stock m270_4x obj_grid_r2_c4.png,8829,1,210,119,31.5,3
50,6_320x stock m270_4x obj_grid_r2_c4.png,8830,1,212,120,46.0,3
50,6_320x stock m270_4x obj_grid_r2_c4.png,8831,1,174,116,46.0,3
50,6_320x stock m270_4x obj_grid_r2_c4.png,8832,1,300,116,46.0,3
50,6_320x stock m270_4x obj_grid_r2_c4.png,8833,1,115,116,46.0,3
50,6_320x stock m270_4x obj_grid_r2_c4.png,8834,1,152,114,46.0,3
50,6_320x stock m270_4x obj_grid_r2_c4.png,8835,1,89,114,46.0,3
50,6_320x stock m270_4x obj_grid_r2_c4.png,8836,1,354,110,46.0,3
50,6_320x stock m270_4x obj_grid_r2_c4.png,8837,1,220,110,46.0,3
50,6_320x stock m270_4x obj_grid_r2_c4.png,8838,1,77,109,46.0,3
50,6_320x stock m270_4x obj_grid_r2_c4.png,8839,1,431,105,46.0,3
50,6_320x stock m270_4x obj_grid_r2_c4.png,8840,1,322,102,46.0,3
50,6_320x stock m270_4x obj_grid_r2_c4.png,8841,1,48,98,31.5,3
50,6_320x stock m270_4x obj_grid_r2_c4.png,8842,1,229,91,31.5,3
50,6_320x stock m270_4x obj_grid_r2_c4.png,8843,1,254,91,46.0,3
50,6_320x stock m270_4x obj_grid_r2_c4.png,8844,1,191,91,46.0,3
50,6_320x stock m270_4x obj_grid_r2_c4.png,8845,1,154,87,46.0,3
50,6_320x stock m270_4x obj_grid_r2_c4.png,8846,1,173,84,46.0,3
50,6_320x stock m270_4x obj_grid_r2_c4.png,8847,1,280,81,46.0,3
50,6_320x stock m270_4x obj_grid_r2_c4.png,8848,1,109,74,46.0,3
50,6_320x stock m270_4x obj_grid_r2_c4.png,8849,1,261,72,46.0,3
50,6_320x stock m270_4x obj_grid_r2_c4.png,8850,1,406,70,46.0,3
50,6_320x stock m270_4x obj_grid_r2_c4.png,8851,1,144,67,46.0,3
50,6_320x stock m270_4x obj_grid_r2_c4.png,8852,1,79,67,46.0,3
50,6_320x stock m270_4x obj_grid_r2_c4.png,8853,1,273,65,46.0,3
50,6_320x stock m270_4x obj_grid_r2_c4.png,8854,1,66,59,31.5,3
50,6_320x stock m270_4x obj_grid_r2_c4.png,8855,1,240,54,31.5,3
50,6_320x stock m270_4x obj_grid_r2_c4.png,8856,1,55,54,46.0,3
50,6_320x stock m270_4x obj_grid_r2_c4.png,8857,1,503,47,46.0,3
50,6_320x stock m270_4x obj_grid_r2_c4.png,8858,1,40,47,46.0,3
50,6_320x stock m270_4x obj_grid_r2_c4.png,8859,1,174,44,46.0,3
50,6_320x stock m270_4x obj_grid_r2_c4.png,8860,1,26,43,46.0,3
50,6_320x stock m270_4x obj_grid_r2_c4.png,8861,1,329,36,46.0,3
50,6_320x stock m270_4x obj_grid_r2_c4.png,8862,1,359,28,46.0,3
50,6_320x stock m270_4x obj_grid_r2_c4.png,8863,1,119,25,46.0,3
50,6_320x stock m270_4x obj_grid_r2_c4.png,8864,1,228,21,46.0,3
50,6_320x stock m270_4x obj_grid_r2_c4.png,8865,1,177,14,46.0,3
50,6_320x stock m270_4x obj_grid_r2_c4.png,8866,1,506,11,46.0,3
50,6_320x stock m270_4x obj_grid_r2_c4.png,8867,1,264,5,46.0,3
50,6_320x stock m270_4x obj_grid_r2_c4.png,8868,1,197,5,46.0,3
50,6_320x stock m270_4x obj_grid_r2_c4.png,8869,1,62,5,31.5,3
50,6_320x stock m270_4x obj_grid_r2_c4.png,8870,1,309,504,31.5,3
50,6_320x stock m270_4x obj_grid_r2_c4.png,8871,1,16,504,31.5,3
50,6_320x stock m270_4x obj_grid_r2_c4.png,8872,1,361,502,46.0,3
50,6_320x stock m270_4x obj_grid_r2_c4.png,8873,1,126,500,31.5,3
50,6_320x stock m270_4x obj_grid_r2_c4.png,8874,1,439,499,31.5,3
50,6_320x stock m270_4x obj_grid_r2_c4.png,8875,1,449,499,46.0,3
50,6_320x stock m270_4x obj_grid_r2_c4.png,8876,1,482,491,46.0,3
50,6_320x stock m270_4x obj_grid_r2_c4.png,8877,1,265,491,31.5,3
50,6_320x stock m270_4x obj_grid_r2_c4.png,8878,1,236,484,46.0,3
50,6_320x stock m270_4x obj_grid_r2_c4.png,8879,1,413,479,31.5,3
50,6_320x stock m270_4x obj_grid_r2_c4.png,8880,1,262,473,46.0,3
50,6_320x stock m270_4x obj_grid_r2_c4.png,8881,1,486,471,46.0,3
50,6_320x stock m270_4x obj_grid_r2_c4.png,8882,1,292,469,31.5,3
50,6_320x stock m270_4x obj_grid_r2_c4.png,8883,1,453,467,46.0,3
50,6_320x stock m270_4x obj_grid_r2_c4.png,8884,1,199,464,46.0,3
50,6_320x stock m270_4x obj_grid_r2_c4.png,8885,1,62,464,46.0,3
50,6_320x stock m270_4x obj_grid_r2_c4.png,8886,1,140,463,46.0,3
50,6_320x stock m270_4x obj_grid_r2_c4.png,8887,1,23,458,31.5,3
50,6_320x stock m270_4x obj_grid_r2_c4.png,8888,1,112,449,31.5,3
50,6_320x stock m270_4x obj_grid_r2_c4.png,8889,1,230,452,46.0,3
50,6_320x stock m270_4x obj_grid_r2_c4.png,8890,1,210,450,46.0,3
50,6_320x stock m270_4x obj_grid_r2_c4.png,8891,1,27,449,31.5,3
50,6_320x stock m270_4x obj_grid_r2_c4.png,8892,1,327,445,46.0,3
50,6_320x stock m270_4x obj_grid_r2_c4.png,8893,1,259,441,31.5,3
50,6_320x stock m270_4x obj_grid_r2_c4.png,8894,1,443,436,46.0,3
50,6_320x stock m270_4x obj_grid_r2_c4.png,8895,1,123,437,46.0,3
50,6_320x stock m270_4x obj_grid_r2_c4.png,8896,1,224,433,46.0,3
50,6_320x stock m270_4x obj_grid_r2_c4.png,8897,1,207,427,46.0,3
50,6_320x stock m270_4x obj_grid_r2_c4.png,8898,1,420,425,31.5,3
50,6_320x stock m270_4x obj_grid_r2_c4.png,8899,1,44,425,31.5,3
50,6_320x stock m270_4x obj_grid_r2_c4.png,8900,1,432,425,46.0,3
50,6_320x stock m270_4x obj_grid_r2_c4.png,8901,1,274,412,46.0,3
50,6_320x stock m270_4x obj_grid_r2_c4.png,8902,1,330,405,46.0,3
50,6_320x stock m270_4x obj_grid_r2_c4.png,8903,1,187,402,46.0,3
50,6_320x stock m270_4x obj_grid_r2_c4.png,8904,1,5,403,46.0,3
50,6_320x stock m270_4x obj_grid_r2_c4.png,8905,1,296,400,46.0,3
50,6_320x stock m270_4x obj_grid_r2_c4.png,8906,1,62,400,46.0,3
50,6_320x stock m270_4x obj_grid_r2_c4.png,8907,1,116,398,46.0,3
50,6_320x stock m270_4x obj_grid_r2_c4.png,8908,1,244,391,31.5,3
50,6_320x stock m270_4x obj_grid_r2_c4.png,8909,1,77,389,46.0,3
50,6_320x stock m270_4x obj_grid_r2_c4.png,8910,1,51,389,46.0,3
50,6_320x stock m270_4x obj_grid_r2_c4.png,8911,1,190,387,46.0,3
50,6_320x stock m270_4x obj_grid_r2_c4.png,8912,1,129,383,46.0,3
50,6_320x stock m270_4x obj_grid_r2_c4.png,8913,1,441,379,46.0,3
50,6_320x stock m270_4x obj_grid_r2_c4.png,8914,1,100,377,46.0,3
50,6_320x stock m270_4x obj_grid_r2_c4.png,8915,1,502,376,46.0,3
50,6_320x stock m270_4x obj_grid_r2_c4.png,8916,1,211,376,46.0,3
50,6_320x stock m270_4x obj_grid_r2_c4.png,8917,1,30,376,46.0,3
50,6_320x stock m270_4x obj_grid_r2_c4.png,8918,1,391,375,74.5,4
50,6_320x stock m270_4x obj_grid_r2_c4.png,8919,1,69,367,31.5,3
50,6_320x stock m270_4x obj_grid_r2_c4.png,8920,1,51,372,46.0,3
50,6_320x stock m270_4x obj_grid_r2_c4.png,8921,1,431,369,46.0,3
50,6_320x stock m270_4x obj_grid_r2_c4.png,8922,1,232,368,46.0,3
50,6_320x stock m270_4x obj_grid_r2_c4.png,8923,1,243,365,46.0,3
50,6_320x stock m270_4x obj_grid_r2_c4.png,8924,1,317,360,46.0,3
50,6_320x stock m270_4x obj_grid_r2_c4.png,8925,1,345,357,46.0,3
50,6_320x stock m270_4x obj_grid_r2_c4.png,8926,1,59,357,46.0,3
50,6_320x stock m270_4x obj_grid_r2_c4.png,8927,1,214,356,46.0,3
50,6_320x stock m270_4x obj_grid_r2_c4.png,8928,1,133,350,46.0,3
50,6_320x stock m270_4x obj_grid_r2_c4.png,8929,1,169,341,31.5,3
50,6_320x stock m270_4x obj_grid_r2_c4.png,8930,1,108,340,46.0,3
50,6_320x stock m270_4x obj_grid_r2_c4.png,8931,1,378,334,31.5,3
50,6_320x stock m270_4x obj_grid_r2_c4.png,8932,1,171,329,31.5,3
50,6_320x stock m270_4x obj_grid_r2_c4.png,8933,1,100,327,46.0,3
50,6_320x stock m270_4x obj_grid_r2_c4.png,8934,1,303,320,46.0,3
50,6_320x stock m270_4x obj_grid_r2_c4.png,8935,1,33,321,46.0,3
50,6_320x stock m270_4x obj_grid_r2_c4.png,8936,1,229,319,46.0,3
50,6_320x stock m270_4x obj_grid_r2_c4.png,8937,1,97,311,46.0,3
50,6_320x stock m270_4x obj_grid_r2_c4.png,8938,1,58,308,31.5,3
50,6_320x stock m270_4x obj_grid_r2_c4.png,8939,1,48,307,46.0,3
50,6_320x stock m270_4x obj_grid_r2_c4.png,8940,1,14,309,31.5,3
50,6_320x stock m270_4x obj_grid_r2_c4.png,8941,1,203,300,46.0,3
50,6_320x stock m270_4x obj_grid_r2_c4.png,8942,1,247,300,46.0,3
50,6_320x stock m270_4x obj_grid_r2_c4.png,8943,1,110,299,31.5,3
50,6_320x stock m270_4x obj_grid_r2_c4.png,8944,1,165,297,46.0,3
50,6_320x stock m270_4x obj_grid_r2_c4.png,8945,1,98,296,46.0,3
50,6_320x stock m270_4x obj_grid_r2_c4.png,8946,1,189,296,46.0,3
50,6_320x stock m270_4x obj_grid_r2_c4.png,8947,1,47,291,31.5,3
50,6_320x stock m270_4x obj_grid_r2_c4.png,8948,1,118,284,31.5,3
50,6_320x stock m270_4x obj_grid_r2_c4.png,8949,1,210,286,46.0,3
50,6_320x stock m270_4x obj_grid_r2_c4.png,8950,1,195,280,46.0,3
50,6_320x stock m270_4x obj_grid_r2_c4.png,8951,1,84,277,46.0,3
50,6_320x stock m270_4x obj_grid_r2_c4.png,8952,1,217,276,46.0,3
50,6_320x stock m270_4x obj_grid_r2_c4.png,8953,1,256,272,46.0,3
50,6_320x stock m270_4x obj_grid_r2_c4.png,8954,1,240,264,46.0,3
50,6_320x stock m270_4x obj_grid_r2_c4.png,8955,1,84,262,46.0,3
50,6_320x stock m270_4x obj_grid_r2_c4.png,8956,1,497,261,46.0,3
50,6_320x stock m270_4x obj_grid_r2_c4.png,8957,1,99,250,46.0,3
50,6_320x stock m270_4x obj_grid_r2_c4.png,8958,1,207,242,46.0,3
50,6_320x stock m270_4x obj_grid_r2_c4.png,8959,1,124,241,46.0,3
50,6_320x stock m270_4x obj_grid_r2_c4.png,8960,1,106,237,46.0,3
50,6_320x stock m270_4x obj_grid_r2_c4.png,8961,1,148,236,46.0,3
50,6_320x stock m270_4x obj_grid_r2_c4.png,8962,1,69,226,46.0,3
50,6_320x stock m270_4x obj_grid_r2_c4.png,8963,1,210,225,46.0,3
50,6_320x stock m270_4x obj_grid_r2_c4.png,8964,1,397,221,46.0,3
50,6_320x stock m270_4x obj_grid_r2_c4.png,8965,1,50,219,46.0,3
50,6_320x stock m270_4x obj_grid_r2_c4.png,8966,1,139,214,46.0,3
50,6_320x stock m270_4x obj_grid_r2_c4.png,8967,1,84,210,46.0,3
50,6_320x stock m270_4x obj_grid_r2_c4.png,8968,1,165,204,46.0,3
50,6_320x stock m270_4x obj_grid_r2_c4.png,8969,1,92,203,46.0,3
50,6_320x stock m270_4x obj_grid_r2_c4.png,8970,1,120,202,46.0,3
50,6_320x stock m270_4x obj_grid_r2_c4.png,8971,1,12,201,46.0,3
50,6_320x stock m270_4x obj_grid_r2_c4.png,8972,1,218,199,46.0,3
50,6_320x stock m270_4x obj_grid_r2_c4.png,8973,1,76,183,46.0,3
50,6_320x stock m270_4x obj_grid_r2_c4.png,8974,1,284,180,46.0,3
50,6_320x stock m270_4x obj_grid_r2_c4.png,8975,1,268,176,46.0,3
50,6_320x stock m270_4x obj_grid_r2_c4.png,8976,1,338,169,46.0,3
50,6_320x stock m270_4x obj_grid_r2_c4.png,8977,1,125,168,46.0,3
50,6_320x stock m270_4x obj_grid_r2_c4.png,8978,1,54,159,46.0,3
50,6_320x stock m270_4x obj_grid_r2_c4.png,8979,1,12,146,31.5,3
50,6_320x stock m270_4x obj_grid_r2_c4.png,8980,1,397,130,104.0,5
50,6_320x stock m270_4x obj_grid_r2_c4.png,8981,1,92,98,46.0,3
50,6_320x stock m270_4x obj_grid_r2_c4.png,8982,1,83,93,46.0,3
50,6_320x stock m270_4x obj_grid_r2_c4.png,8983,1,185,35,46.0,3
50,6_320x stock m270_4x obj_grid_r2_c4.png,8984,1,67,22,46.0,3
50,6_320x stock m270_4x obj_grid_r2_c4.png,8985,1,41,504,46.0,3
50,6_320x stock m270_4x obj_grid_r2_c4.png,8986,1,52,502,46.0,3
50,6_320x stock m270_4x obj_grid_r2_c4.png,8987,1,187,501,46.0,3
50,6_320x stock m270_4x obj_grid_r2_c4.png,8988,1,503,499,46.0,3
50,6_320x stock m270_4x obj_grid_r2_c4.png,8989,1,141,499,46.0,3
50,6_320x stock m270_4x obj_grid_r2_c4.png,8990,1,228,493,46.0,3
50,6_320x stock m270_4x obj_grid_r2_c4.png,8991,1,185,488,46.0,3
50,6_320x stock m270_4x obj_grid_r2_c4.png,8992,1,27,488,31.5,3
50,6_320x stock m270_4x obj_grid_r2_c4.png,8993,1,340,486,46.0,3
50,6_320x stock m270_4x obj_grid_r2_c4.png,8994,1,64,486,46.0,3
50,6_320x stock m270_4x obj_grid_r2_c4.png,8995,1,210,481,46.0,3
50,6_320x stock m270_4x obj_grid_r2_c4.png,8996,1,109,475,46.0,3
50,6_320x stock m270_4x obj_grid_r2_c4.png,8997,1,231,473,46.0,3
50,6_320x stock m270_4x obj_grid_r2_c4.png,8998,1,30,473,46.0,3
50,6_320x stock m270_4x obj_grid_r2_c4.png,8999,1,167,450,46.0,3
50,6_320x stock m270_4x obj_grid_r2_c4.png,9000,1,46,440,46.0,3
50,6_320x stock m270_4x obj_grid_r2_c4.png,9001,1,28,437,31.5,3
50,6_320x stock m270_4x obj_grid_r2_c4.png,9002,1,250,434,46.0,3
50,6_320x stock m270_4x obj_grid_r2_c4.png,9003,1,170,428,46.0,3
50,6_320x stock m270_4x obj_grid_r2_c4.png,9004,1,187,422,46.0,3
50,6_320x stock m270_4x obj_grid_r2_c4.png,9005,1,12,417,46.0,3
50,6_320x stock m270_4x obj_grid_r2_c4.png,9006,1,203,410,46.0,3
50,6_320x stock m270_4x obj_grid_r2_c4.png,9007,1,249,404,104.0,5
50,6_320x stock m270_4x obj_grid_r2_c4.png,9008,1,492,399,46.0,3
50,6_320x stock m270_4x obj_grid_r2_c4.png,9009,1,30,398,46.0,3
50,6_320x stock m270_4x obj_grid_r2_c4.png,9010,1,463,355,31.5,3
50,6_320x stock m270_4x obj_grid_r2_c4.png,9011,1,114,307,31.5,3
50,6_320x stock m270_4x obj_grid_r2_c4.png,9012,1,275,252,46.0,3
50,6_320x stock m270_4x obj_grid_r2_c4.png,9013,1,419,247,46.0,3
50,6_320x stock m270_4x obj_grid_r2_c4.png,9014,1,256,236,46.0,3
50,6_320x stock m270_4x obj_grid_r2_c4.png,9015,1,5,172,46.0,3
50,6_320x stock m270_4x obj_grid_r2_c4.png,9016,1,93,78,147.5,6
50,6_320x stock m270_4x obj_grid_r2_c4.png,9017,1,468,487,46.0,3
50,6_320x stock m270_4x obj_grid_r2_c4.png,9018,1,329,426,147.5,6
50,6_320x stock m270_4x obj_grid_r2_c4.png,9019,1,151,416,46.0,3
50,6_320x stock m270_4x obj_grid_r2_c4.png,9020,1,200,354,147.5,6
50,6_320x stock m270_4x obj_grid_r2_c4.png,9021,1,419,315,46.0,3
50,6_320x stock m270_4x obj_grid_r2_c4.png,9022,1,391,297,190.0,7
50,6_320x stock m270_4x obj_grid_r2_c4.png,9023,1,430,238,46.0,3
50,6_320x stock m270_4x obj_grid_r2_c4.png,9024,1,318,376,104.0,5
50,6_320x stock m270_4x obj_grid_r2_c4.png,9025,1,74,251,147.5,6
51,6_320x stock m270_4x obj_grid_r2_c5.png,9026,1,99,299,104.0,5
51,6_320x stock m270_4x obj_grid_r2_c5.png,9027,1,184,22,104.0,5
51,6_320x stock m270_4x obj_grid_r2_c5.png,9028,1,306,52,147.5,6
51,6_320x stock m270_4x obj_grid_r2_c5.png,9029,1,118,15,31.5,3
51,6_320x stock m270_4x obj_grid_r2_c5.png,9030,1,102,357,147.5,6
51,6_320x stock m270_4x obj_grid_r2_c5.png,9031,1,67,286,31.5,3
51,6_320x stock m270_4x obj_grid_r2_c5.png,9032,1,125,281,104.0,5
51,6_320x stock m270_4x obj_grid_r2_c5.png,9033,1,234,242,74.5,4
51,6_320x stock m270_4x obj_grid_r2_c5.png,9034,1,278,214,74.5,4
51,6_320x stock m270_4x obj_grid_r2_c5.png,9035,1,296,180,74.5,4
51,6_320x stock m270_4x obj_grid_r2_c5.png,9036,1,239,142,74.5,4
51,6_320x stock m270_4x obj_grid_r2_c5.png,9037,1,7,110,74.5,4
51,6_320x stock m270_4x obj_grid_r2_c5.png,9038,1,23,108,74.5,4
51,6_320x stock m270_4x obj_grid_r2_c5.png,9039,1,118,72,31.5,3
51,6_320x stock m270_4x obj_grid_r2_c5.png,9040,1,325,69,74.5,4
51,6_320x stock m270_4x obj_grid_r2_c5.png,9041,1,135,67,74.5,4
51,6_320x stock m270_4x obj_grid_r2_c5.png,9042,1,122,41,46.0,3
51,6_320x stock m270_4x obj_grid_r2_c5.png,9043,1,45,472,31.5,3
51,6_320x stock m270_4x obj_grid_r2_c5.png,9044,1,148,446,74.5,4
51,6_320x stock m270_4x obj_grid_r2_c5.png,9045,1,300,367,74.5,4
51,6_320x stock m270_4x obj_grid_r2_c5.png,9046,1,17,352,46.0,3
51,6_320x stock m270_4x obj_grid_r2_c5.png,9047,1,296,322,46.0,3
51,6_320x stock m270_4x obj_grid_r2_c5.png,9048,1,120,311,46.0,3
51,6_320x stock m270_4x obj_grid_r2_c5.png,9049,1,411,226,31.5,3
51,6_320x stock m270_4x obj_grid_r2_c5.png,9050,1,483,163,74.5,4
51,6_320x stock m270_4x obj_grid_r2_c5.png,9051,1,421,136,74.5,4
51,6_320x stock m270_4x obj_grid_r2_c5.png,9052,1,388,476,74.5,4
51,6_320x stock m270_4x obj_grid_r2_c5.png,9053,1,61,472,74.5,4
51,6_320x stock m270_4x obj_grid_r2_c5.png,9054,1,488,417,74.5,4
51,6_320x stock m270_4x obj_grid_r2_c5.png,9055,1,454,361,74.5,4
51,6_320x stock m270_4x obj_grid_r2_c5.png,9056,1,33,221,31.5,3
51,6_320x stock m270_4x obj_grid_r2_c5.png,9057,1,59,101,74.5,4
51,6_320x stock m270_4x obj_grid_r2_c5.png,9058,1,271,71,248.5,8
51,6_320x stock m270_4x obj_grid_r2_c5.png,9059,1,155,506,74.5,4
51,6_320x stock m270_4x obj_grid_r2_c5.png,9060,1,265,472,74.5,4
51,6_320x stock m270_4x obj_grid_r2_c5.png,9061,1,504,235,31.5,3
51,6_320x stock m270_4x obj_grid_r2_c5.png,9062,1,335,202,31.5,3
51,6_320x stock m270_4x obj_grid_r2_c5.png,9063,1,9,184,31.5,3
51,6_320x stock m270_4x obj_grid_r2_c5.png,9064,1,442,101,31.5,3
51,6_320x stock m270_4x obj_grid_r2_c5.png,9065,1,164,56,31.5,3
51,6_320x stock m270_4x obj_grid_r2_c5.png,9066,1,95,5,8.0,1
51,6_320x stock m270_4x obj_grid_r2_c5.png,9067,1,294,310,46.0,3
51,6_320x stock m270_4x obj_grid_r2_c5.png,9068,1,149,299,104.0,5
51,6_320x stock m270_4x obj_grid_r2_c5.png,9069,1,365,298,74.5,4
51,6_320x stock m270_4x obj_grid_r2_c5.png,9070,1,486,284,31.5,3
51,6_320x stock m270_4x obj_grid_r2_c5.png,9071,1,110,286,31.5,3
51,6_320x stock m270_4x obj_grid_r2_c5.png,9072,1,62,210,31.5,3
51,6_320x stock m270_4x obj_grid_r2_c5.png,9073,1,374,205,31.5,3
51,6_320x stock m270_4x obj_grid_r2_c5.png,9074,1,23,189,46.0,3
51,6_320x stock m270_4x obj_grid_r2_c5.png,9075,1,116,173,46.0,3
51,6_320x stock m270_4x obj_grid_r2_c5.png,9076,1,455,168,46.0,3
51,6_320x stock m270_4x obj_grid_r2_c5.png,9077,1,380,164,31.5,3
51,6_320x stock m270_4x obj_grid_r2_c5.png,9078,1,126,165,31.5,3
51,6_320x stock m270_4x obj_grid_r2_c5.png,9079,1,193,154,31.5,3
51,6_320x stock m270_4x obj_grid_r2_c5.png,9080,1,139,147,46.0,3
51,6_320x stock m270_4x obj_grid_r2_c5.png,9081,1,402,137,31.5,3
51,6_320x stock m270_4x obj_grid_r2_c5.png,9082,1,376,134,46.0,3
51,6_320x stock m270_4x obj_grid_r2_c5.png,9083,1,91,128,31.5,3
51,6_320x stock m270_4x obj_grid_r2_c5.png,9084,1,302,125,147.5,6
51,6_320x stock m270_4x obj_grid_r2_c5.png,9085,1,40,125,74.5,4
51,6_320x stock m270_4x obj_grid_r2_c5.png,9086,1,414,119,46.0,3
51,6_320x stock m270_4x obj_grid_r2_c5.png,9087,1,352,115,46.0,3
51,6_320x stock m270_4x obj_grid_r2_c5.png,9088,1,85,108,46.0,3
51,6_320x stock m270_4x obj_grid_r2_c5.png,9089,1,291,93,46.0,3
51,6_320x stock m270_4x obj_grid_r2_c5.png,9090,1,147,88,46.0,3
51,6_320x stock m270_4x obj_grid_r2_c5.png,9091,1,94,84,31.5,3
51,6_320x stock m270_4x obj_grid_r2_c5.png,9092,1,379,86,46.0,3
51,6_320x stock m270_4x obj_grid_r2_c5.png,9093,1,344,84,31.5,3
51,6_320x stock m270_4x obj_grid_r2_c5.png,9094,1,134,79,31.5,3
51,6_320x stock m270_4x obj_grid_r2_c5.png,9095,1,488,76,46.0,3
51,6_320x stock m270_4x obj_grid_r2_c5.png,9096,1,477,73,46.0,3
51,6_320x stock m270_4x obj_grid_r2_c5.png,9097,1,439,70,46.0,3
51,6_320x stock m270_4x obj_grid_r2_c5.png,9098,1,290,65,46.0,3
51,6_320x stock m270_4x obj_grid_r2_c5.png,9099,1,9,65,46.0,3
51,6_320x stock m270_4x obj_grid_r2_c5.png,9100,1,441,54,46.0,3
51,6_320x stock m270_4x obj_grid_r2_c5.png,9101,1,453,52,31.5,3
51,6_320x stock m270_4x obj_grid_r2_c5.png,9102,1,287,52,46.0,3
51,6_320x stock m270_4x obj_grid_r2_c5.png,9103,1,191,52,46.0,3
51,6_320x stock m270_4x obj_grid_r2_c5.png,9104,1,381,48,31.5,3
51,6_320x stock m270_4x obj_grid_r2_c5.png,9105,1,340,44,46.0,3
51,6_320x stock m270_4x obj_grid_r2_c5.png,9106,1,163,39,46.0,3
51,6_320x stock m270_4x obj_grid_r2_c5.png,9107,1,351,23,46.0,3
51,6_320x stock m270_4x obj_grid_r2_c5.png,9108,1,81,23,46.0,3
51,6_320x stock m270_4x obj_grid_r2_c5.png,9109,1,361,18,46.0,3
51,6_320x stock m270_4x obj_grid_r2_c5.png,9110,1,17,13,46.0,3
51,6_320x stock m270_4x obj_grid_r2_c5.png,9111,1,441,11,46.0,3
51,6_320x stock m270_4x obj_grid_r2_c5.png,9112,1,341,10,46.0,3
51,6_320x stock m270_4x obj_grid_r2_c5.png,9113,1,457,6,46.0,3
51,6_320x stock m270_4x obj_grid_r2_c5.png,9114,1,476,5,46.0,3
51,6_320x stock m270_4x obj_grid_r2_c5.png,9115,1,76,477,31.5,3
51,6_320x stock m270_4x obj_grid_r2_c5.png,9116,1,486,444,147.5,6
51,6_320x stock m270_4x obj_grid_r2_c5.png,9117,1,407,427,46.0,3
51,6_320x stock m270_4x obj_grid_r2_c5.png,9118,1,445,420,31.5,3
51,6_320x stock m270_4x obj_grid_r2_c5.png,9119,1,46,414,8.0,1
51,6_320x stock m270_4x obj_grid_r2_c5.png,9120,1,327,403,104.0,5
51,6_320x stock m270_4x obj_grid_r2_c5.png,9121,1,339,391,46.0,3
51,6_320x stock m270_4x obj_grid_r2_c5.png,9122,1,247,389,31.5,3
51,6_320x stock m270_4x obj_grid_r2_c5.png,9123,1,157,388,46.0,3
51,6_320x stock m270_4x obj_grid_r2_c5.png,9124,1,89,374,31.5,3
51,6_320x stock m270_4x obj_grid_r2_c5.png,9125,1,499,372,46.0,3
51,6_320x stock m270_4x obj_grid_r2_c5.png,9126,1,146,347,46.0,3
51,6_320x stock m270_4x obj_grid_r2_c5.png,9127,1,324,340,46.0,3
51,6_320x stock m270_4x obj_grid_r2_c5.png,9128,1,302,333,46.0,3
51,6_320x stock m270_4x obj_grid_r2_c5.png,9129,1,119,335,31.5,3
51,6_320x stock m270_4x obj_grid_r2_c5.png,9130,1,399,328,31.5,3
51,6_320x stock m270_4x obj_grid_r2_c5.png,9131,1,52,322,31.5,3
51,6_320x stock m270_4x obj_grid_r2_c5.png,9132,1,255,323,31.5,3
51,6_320x stock m270_4x obj_grid_r2_c5.png,9133,1,483,322,46.0,3
51,6_320x stock m270_4x obj_grid_r2_c5.png,9134,1,133,319,46.0,3
51,6_320x stock m270_4x obj_grid_r2_c5.png,9135,1,234,319,31.5,3
51,6_320x stock m270_4x obj_grid_r2_c5.png,9136,1,267,319,31.5,3
51,6_320x stock m270_4x obj_grid_r2_c5.png,9137,1,324,310,46.0,3
51,6_320x stock m270_4x obj_grid_r2_c5.png,9138,1,494,305,46.0,3
51,6_320x stock m270_4x obj_grid_r2_c5.png,9139,1,461,307,31.5,3
51,6_320x stock m270_4x obj_grid_r2_c5.png,9140,1,313,305,31.5,3
51,6_320x stock m270_4x obj_grid_r2_c5.png,9141,1,175,304,31.5,3
51,6_320x stock m270_4x obj_grid_r2_c5.png,9142,1,118,300,31.5,3
51,6_320x stock m270_4x obj_grid_r2_c5.png,9143,1,355,289,31.5,3
51,6_320x stock m270_4x obj_grid_r2_c5.png,9144,1,441,290,46.0,3
51,6_320x stock m270_4x obj_grid_r2_c5.png,9145,1,254,290,31.5,3
51,6_320x stock m270_4x obj_grid_r2_c5.png,9146,1,382,281,46.0,3
51,6_320x stock m270_4x obj_grid_r2_c5.png,9147,1,196,271,147.5,6
51,6_320x stock m270_4x obj_grid_r2_c5.png,9148,1,238,270,46.0,3
51,6_320x stock m270_4x obj_grid_r2_c5.png,9149,1,316,264,46.0,3
51,6_320x stock m270_4x obj_grid_r2_c5.png,9150,1,370,260,46.0,3
51,6_320x stock m270_4x obj_grid_r2_c5.png,9151,1,489,255,46.0,3
51,6_320x stock m270_4x obj_grid_r2_c5.png,9152,1,208,254,46.0,3
51,6_320x stock m270_4x obj_grid_r2_c5.png,9153,1,421,253,46.0,3
51,6_320x stock m270_4x obj_grid_r2_c5.png,9154,1,462,248,74.5,4
51,6_320x stock m270_4x obj_grid_r2_c5.png,9155,1,203,245,46.0,3
51,6_320x stock m270_4x obj_grid_r2_c5.png,9156,1,269,244,46.0,3
51,6_320x stock m270_4x obj_grid_r2_c5.png,9157,1,78,244,31.5,3
51,6_320x stock m270_4x obj_grid_r2_c5.png,9158,1,60,239,46.0,3
51,6_320x stock m270_4x obj_grid_r2_c5.png,9159,1,187,236,31.5,3
51,6_320x stock m270_4x obj_grid_r2_c5.png,9160,1,22,237,46.0,3
51,6_320x stock m270_4x obj_grid_r2_c5.png,9161,1,115,231,31.5,3
51,6_320x stock m270_4x obj_grid_r2_c5.png,9162,1,441,231,46.0,3
51,6_320x stock m270_4x obj_grid_r2_c5.png,9163,1,279,231,46.0,3
51,6_320x stock m270_4x obj_grid_r2_c5.png,9164,1,217,231,46.0,3
51,6_320x stock m270_4x obj_grid_r2_c5.png,9165,1,356,226,46.0,3
51,6_320x stock m270_4x obj_grid_r2_c5.png,9166,1,44,225,46.0,3
51,6_320x stock m270_4x obj_grid_r2_c5.png,9167,1,458,219,46.0,3
51,6_320x stock m270_4x obj_grid_r2_c5.png,9168,1,244,219,46.0,3
51,6_320x stock m270_4x obj_grid_r2_c5.png,9169,1,502,210,46.0,3
51,6_320x stock m270_4x obj_grid_r2_c5.png,9170,1,105,205,46.0,3
51,6_320x stock m270_4x obj_grid_r2_c5.png,9171,1,350,201,46.0,3
51,6_320x stock m270_4x obj_grid_r2_c5.png,9172,1,447,198,46.0,3
51,6_320x stock m270_4x obj_grid_r2_c5.png,9173,1,369,197,31.5,3
51,6_320x stock m270_4x obj_grid_r2_c5.png,9174,1,243,194,46.0,3
51,6_320x stock m270_4x obj_grid_r2_c5.png,9175,1,141,193,46.0,3
51,6_320x stock m270_4x obj_grid_r2_c5.png,9176,1,50,191,46.0,3
51,6_320x stock m270_4x obj_grid_r2_c5.png,9177,1,341,187,46.0,3
51,6_320x stock m270_4x obj_grid_r2_c5.png,9178,1,127,185,46.0,3
51,6_320x stock m270_4x obj_grid_r2_c5.png,9179,1,363,181,46.0,3
51,6_320x stock m270_4x obj_grid_r2_c5.png,9180,1,469,176,46.0,3
51,6_320x stock m270_4x obj_grid_r2_c5.png,9181,1,281,169,46.0,3
51,6_320x stock m270_4x obj_grid_r2_c5.png,9182,1,32,165,31.5,3
51,6_320x stock m270_4x obj_grid_r2_c5.png,9183,1,63,162,46.0,3
51,6_320x stock m270_4x obj_grid_r2_c5.png,9184,1,335,158,46.0,3
51,6_320x stock m270_4x obj_grid_r2_c5.png,9185,1,164,155,46.0,3
51,6_320x stock m270_4x obj_grid_r2_c5.png,9186,1,176,157,31.5,3
51,6_320x stock m270_4x obj_grid_r2_c5.png,9187,1,269,157,31.5,3
51,6_320x stock m270_4x obj_grid_r2_c5.png,9188,1,445,155,46.0,3
51,6_320x stock m270_4x obj_grid_r2_c5.png,9189,1,250,154,46.0,3
51,6_320x stock m270_4x obj_grid_r2_c5.png,9190,1,502,153,46.0,3
51,6_320x stock m270_4x obj_grid_r2_c5.png,9191,1,280,153,46.0,3
51,6_320x stock m270_4x obj_grid_r2_c5.png,9192,1,161,150,31.5,3
51,6_320x stock m270_4x obj_grid_r2_c5.png,9193,1,354,146,46.0,3
51,6_320x stock m270_4x obj_grid_r2_c5.png,9194,1,217,146,46.0,3
51,6_320x stock m270_4x obj_grid_r2_c5.png,9195,1,367,143,46.0,3
51,6_320x stock m270_4x obj_grid_r2_c5.png,9196,1,309,143,46.0,3
51,6_320x stock m270_4x obj_grid_r2_c5.png,9197,1,151,144,46.0,3
51,6_320x stock m270_4x obj_grid_r2_c5.png,9198,1,390,141,46.0,3
51,6_320x stock m270_4x obj_grid_r2_c5.png,9199,1,274,139,46.0,3
51,6_320x stock m270_4x obj_grid_r2_c5.png,9200,1,91,140,31.5,3
51,6_320x stock m270_4x obj_grid_r2_c5.png,9201,1,48,132,31.5,3
51,6_320x stock m270_4x obj_grid_r2_c5.png,9202,1,497,124,46.0,3
51,6_320x stock m270_4x obj_grid_r2_c5.png,9203,1,161,127,46.0,3
51,6_320x stock m270_4x obj_grid_r2_c5.png,9204,1,434,124,46.0,3
51,6_320x stock m270_4x obj_grid_r2_c5.png,9205,1,398,125,46.0,3
51,6_320x stock m270_4x obj_grid_r2_c5.png,9206,1,123,124,46.0,3
51,6_320x stock m270_4x obj_grid_r2_c5.png,9207,1,498,118,46.0,3
51,6_320x stock m270_4x obj_grid_r2_c5.png,9208,1,170,116,46.0,3
51,6_320x stock m270_4x obj_grid_r2_c5.png,9209,1,213,114,74.5,4
51,6_320x stock m270_4x obj_grid_r2_c5.png,9210,1,384,112,46.0,3
51,6_320x stock m270_4x obj_grid_r2_c5.png,9211,1,327,110,46.0,3
51,6_320x stock m270_4x obj_grid_r2_c5.png,9212,1,114,111,46.0,3
51,6_320x stock m270_4x obj_grid_r2_c5.png,9213,1,148,110,46.0,3
51,6_320x stock m270_4x obj_grid_r2_c5.png,9214,1,364,104,46.0,3
51,6_320x stock m270_4x obj_grid_r2_c5.png,9215,1,408,99,46.0,3
51,6_320x stock m270_4x obj_grid_r2_c5.png,9216,1,174,97,46.0,3
51,6_320x stock m270_4x obj_grid_r2_c5.png,9217,1,221,91,46.0,3
51,6_320x stock m270_4x obj_grid_r2_c5.png,9218,1,29,90,46.0,3
51,6_320x stock m270_4x obj_grid_r2_c5.png,9219,1,468,87,46.0,3
51,6_320x stock m270_4x obj_grid_r2_c5.png,9220,1,234,86,46.0,3
51,6_320x stock m270_4x obj_grid_r2_c5.png,9221,1,64,87,46.0,3
51,6_320x stock m270_4x obj_grid_r2_c5.png,9222,1,300,86,46.0,3
51,6_320x stock m270_4x obj_grid_r2_c5.png,9223,1,171,80,46.0,3
51,6_320x stock m270_4x obj_grid_r2_c5.png,9224,1,363,63,31.5,3
51,6_320x stock m270_4x obj_grid_r2_c5.png,9225,1,57,61,46.0,3
51,6_320x stock m270_4x obj_grid_r2_c5.png,9226,1,19,56,46.0,3
51,6_320x stock m270_4x obj_grid_r2_c5.png,9227,1,372,56,31.5,3
51,6_320x stock m270_4x obj_grid_r2_c5.png,9228,1,225,55,46.0,3
51,6_320x stock m270_4x obj_grid_r2_c5.png,9229,1,98,54,46.0,3
51,6_320x stock m270_4x obj_grid_r2_c5.png,9230,1,485,50,46.0,3
51,6_320x stock m270_4x obj_grid_r2_c5.png,9231,1,149,50,46.0,3
51,6_320x stock m270_4x obj_grid_r2_c5.png,9232,1,28,47,46.0,3
51,6_320x stock m270_4x obj_grid_r2_c5.png,9233,1,236,45,46.0,3
51,6_320x stock m270_4x obj_grid_r2_c5.png,9234,1,400,44,74.5,4
51,6_320x stock m270_4x obj_grid_r2_c5.png,9235,1,106,37,46.0,3
51,6_320x stock m270_4x obj_grid_r2_c5.png,9236,1,260,36,46.0,3
51,6_320x stock m270_4x obj_grid_r2_c5.png,9237,1,375,24,74.5,4
51,6_320x stock m270_4x obj_grid_r2_c5.png,9238,1,339,22,31.5,3
51,6_320x stock m270_4x obj_grid_r2_c5.png,9239,1,307,13,46.0,3
51,6_320x stock m270_4x obj_grid_r2_c5.png,9240,1,290,11,46.0,3
51,6_320x stock m270_4x obj_grid_r2_c5.png,9241,1,31,10,46.0,3
51,6_320x stock m270_4x obj_grid_r2_c5.png,9242,1,343,508,26.5,2
51,6_320x stock m270_4x obj_grid_r2_c5.png,9243,1,174,508,26.5,2
51,6_320x stock m270_4x obj_grid_r2_c5.png,9244,1,333,503,46.0,3
51,6_320x stock m270_4x obj_grid_r2_c5.png,9245,1,165,501,31.5,3
51,6_320x stock m270_4x obj_grid_r2_c5.png,9246,1,279,499,46.0,3
51,6_320x stock m270_4x obj_grid_r2_c5.png,9247,1,135,494,31.5,3
51,6_320x stock m270_4x obj_grid_r2_c5.png,9248,1,91,496,31.5,3
51,6_320x stock m270_4x obj_grid_r2_c5.png,9249,1,18,492,46.0,3
51,6_320x stock m270_4x obj_grid_r2_c5.png,9250,1,52,491,46.0,3
51,6_320x stock m270_4x obj_grid_r2_c5.png,9251,1,191,489,46.0,3
51,6_320x stock m270_4x obj_grid_r2_c5.png,9252,1,212,486,46.0,3
51,6_320x stock m270_4x obj_grid_r2_c5.png,9253,1,305,479,46.0,3
51,6_320x stock m270_4x obj_grid_r2_c5.png,9254,1,243,479,46.0,3
51,6_320x stock m270_4x obj_grid_r2_c5.png,9255,1,206,476,31.5,3
51,6_320x stock m270_4x obj_grid_r2_c5.png,9256,1,217,475,46.0,3
51,6_320x stock m270_4x obj_grid_r2_c5.png,9257,1,324,472,31.5,3
51,6_320x stock m270_4x obj_grid_r2_c5.png,9258,1,185,472,46.0,3
51,6_320x stock m270_4x obj_grid_r2_c5.png,9259,1,287,471,46.0,3
51,6_320x stock m270_4x obj_grid_r2_c5.png,9260,1,11,471,46.0,3
51,6_320x stock m270_4x obj_grid_r2_c5.png,9261,1,330,470,31.5,3
51,6_320x stock m270_4x obj_grid_r2_c5.png,9262,1,165,465,46.0,3
51,6_320x stock m270_4x obj_grid_r2_c5.png,9263,1,209,461,46.0,3
51,6_320x stock m270_4x obj_grid_r2_c5.png,9264,1,506,460,46.0,3
51,6_320x stock m270_4x obj_grid_r2_c5.png,9265,1,294,459,46.0,3
51,6_320x stock m270_4x obj_grid_r2_c5.png,9266,1,331,456,46.0,3
51,6_320x stock m270_4x obj_grid_r2_c5.png,9267,1,265,455,46.0,3
51,6_320x stock m270_4x obj_grid_r2_c5.png,9268,1,207,443,46.0,3
51,6_320x stock m270_4x obj_grid_r2_c5.png,9269,1,83,443,46.0,3
51,6_320x stock m270_4x obj_grid_r2_c5.png,9270,1,467,440,46.0,3
51,6_320x stock m270_4x obj_grid_r2_c5.png,9271,1,263,436,46.0,3
51,6_320x stock m270_4x obj_grid_r2_c5.png,9272,1,190,435,46.0,3
51,6_320x stock m270_4x obj_grid_r2_c5.png,9273,1,332,434,46.0,3
51,6_320x stock m270_4x obj_grid_r2_c5.png,9274,1,69,428,46.0,3
51,6_320x stock m270_4x obj_grid_r2_c5.png,9275,1,281,425,46.0,3
51,6_320x stock m270_4x obj_grid_r2_c5.png,9276,1,360,418,74.5,4
51,6_320x stock m270_4x obj_grid_r2_c5.png,9277,1,157,418,31.5,3
51,6_320x stock m270_4x obj_grid_r2_c5.png,9278,1,126,410,46.0,3
51,6_320x stock m270_4x obj_grid_r2_c5.png,9279,1,36,406,46.0,3
51,6_320x stock m270_4x obj_grid_r2_c5.png,9280,1,195,404,46.0,3
51,6_320x stock m270_4x obj_grid_r2_c5.png,9281,1,500,398,46.0,3
51,6_320x stock m270_4x obj_grid_r2_c5.png,9282,1,264,396,31.5,3
51,6_320x stock m270_4x obj_grid_r2_c5.png,9283,1,85,394,46.0,3
51,6_320x stock m270_4x obj_grid_r2_c5.png,9284,1,273,391,31.5,3
51,6_320x stock m270_4x obj_grid_r2_c5.png,9285,1,446,389,46.0,3
51,6_320x stock m270_4x obj_grid_r2_c5.png,9286,1,406,389,46.0,3
51,6_320x stock m270_4x obj_grid_r2_c5.png,9287,1,74,384,46.0,3
51,6_320x stock m270_4x obj_grid_r2_c5.png,9288,1,326,381,46.0,3
51,6_320x stock m270_4x obj_grid_r2_c5.png,9289,1,293,375,31.5,3
51,6_320x stock m270_4x obj_grid_r2_c5.png,9290,1,28,376,46.0,3
51,6_320x stock m270_4x obj_grid_r2_c5.png,9291,1,202,373,46.0,3
51,6_320x stock m270_4x obj_grid_r2_c5.png,9292,1,426,371,46.0,3
51,6_320x stock m270_4x obj_grid_r2_c5.png,9293,1,102,371,46.0,3
51,6_320x stock m270_4x obj_grid_r2_c5.png,9294,1,149,371,46.0,3
51,6_320x stock m270_4x obj_grid_r2_c5.png,9295,1,185,369,46.0,3
51,6_320x stock m270_4x obj_grid_r2_c5.png,9296,1,352,366,46.0,3
51,6_320x stock m270_4x obj_grid_r2_c5.png,9297,1,314,362,46.0,3
51,6_320x stock m270_4x obj_grid_r2_c5.png,9298,1,27,359,31.5,3
51,6_320x stock m270_4x obj_grid_r2_c5.png,9299,1,52,354,31.5,3
51,6_320x stock m270_4x obj_grid_r2_c5.png,9300,1,343,353,46.0,3
51,6_320x stock m270_4x obj_grid_r2_c5.png,9301,1,225,353,46.0,3
51,6_320x stock m270_4x obj_grid_r2_c5.png,9302,1,175,352,46.0,3
51,6_320x stock m270_4x obj_grid_r2_c5.png,9303,1,73,352,46.0,3
51,6_320x stock m270_4x obj_grid_r2_c5.png,9304,1,496,349,46.0,3
51,6_320x stock m270_4x obj_grid_r2_c5.png,9305,1,296,344,46.0,3
51,6_320x stock m270_4x obj_grid_r2_c5.png,9306,1,276,344,74.5,4
51,6_320x stock m270_4x obj_grid_r2_c5.png,9307,1,49,339,31.5,3
51,6_320x stock m270_4x obj_grid_r2_c5.png,9308,1,7,341,46.0,3
51,6_320x stock m270_4x obj_grid_r2_c5.png,9309,1,487,339,46.0,3
51,6_320x stock m270_4x obj_grid_r2_c5.png,9310,1,32,333,46.0,3
51,6_320x stock m270_4x obj_grid_r2_c5.png,9311,1,200,319,46.0,3
51,6_320x stock m270_4x obj_grid_r2_c5.png,9312,1,89,310,46.0,3
51,6_320x stock m270_4x obj_grid_r2_c5.png,9313,1,47,304,46.0,3
51,6_320x stock m270_4x obj_grid_r2_c5.png,9314,1,208,304,46.0,3
51,6_320x stock m270_4x obj_grid_r2_c5.png,9315,1,304,299,31.5,3
51,6_320x stock m270_4x obj_grid_r2_c5.png,9316,1,221,297,46.0,3
51,6_320x stock m270_4x obj_grid_r2_c5.png,9317,1,171,294,31.5,3
51,6_320x stock m270_4x obj_grid_r2_c5.png,9318,1,236,294,46.0,3
51,6_320x stock m270_4x obj_grid_r2_c5.png,9319,1,419,292,46.0,3
51,6_320x stock m270_4x obj_grid_r2_c5.png,9320,1,162,286,46.0,3
51,6_320x stock m270_4x obj_grid_r2_c5.png,9321,1,200,286,46.0,3
51,6_320x stock m270_4x obj_grid_r2_c5.png,9322,1,10,281,46.0,3
51,6_320x stock m270_4x obj_grid_r2_c5.png,9323,1,330,280,46.0,3
51,6_320x stock m270_4x obj_grid_r2_c5.png,9324,1,138,277,46.0,3
51,6_320x stock m270_4x obj_grid_r2_c5.png,9325,1,3,273,31.5,3
51,6_320x stock m270_4x obj_grid_r2_c5.png,9326,1,281,269,46.0,3
51,6_320x stock m270_4x obj_grid_r2_c5.png,9327,1,468,265,74.5,4
51,6_320x stock m270_4x obj_grid_r2_c5.png,9328,1,65,266,46.0,3
51,6_320x stock m270_4x obj_grid_r2_c5.png,9329,1,22,260,46.0,3
51,6_320x stock m270_4x obj_grid_r2_c5.png,9330,1,80,259,46.0,3
51,6_320x stock m270_4x obj_grid_r2_c5.png,9331,1,51,257,31.5,3
51,6_320x stock m270_4x obj_grid_r2_c5.png,9332,1,40,256,46.0,3
51,6_320x stock m270_4x obj_grid_r2_c5.png,9333,1,355,253,46.0,3
51,6_320x stock m270_4x obj_grid_r2_c5.png,9334,1,88,248,31.5,3
51,6_320x stock m270_4x obj_grid_r2_c5.png,9335,1,159,236,46.0,3
51,6_320x stock m270_4x obj_grid_r2_c5.png,9336,1,268,232,31.5,3
51,6_320x stock m270_4x obj_grid_r2_c5.png,9337,1,98,220,46.0,3
51,6_320x stock m270_4x obj_grid_r2_c5.png,9338,1,347,212,46.0,3
51,6_320x stock m270_4x obj_grid_r2_c5.png,9339,1,388,207,46.0,3
51,6_320x stock m270_4x obj_grid_r2_c5.png,9340,1,134,207,46.0,3
51,6_320x stock m270_4x obj_grid_r2_c5.png,9341,1,72,199,46.0,3
51,6_320x stock m270_4x obj_grid_r2_c5.png,9342,1,403,174,74.5,4
51,6_320x stock m270_4x obj_grid_r2_c5.png,9343,1,177,169,46.0,3
51,6_320x stock m270_4x obj_grid_r2_c5.png,9344,1,437,162,31.5,3
51,6_320x stock m270_4x obj_grid_r2_c5.png,9345,1,74,158,46.0,3
51,6_320x stock m270_4x obj_grid_r2_c5.png,9346,1,105,158,46.0,3
51,6_320x stock m270_4x obj_grid_r2_c5.png,9347,1,9,138,46.0,3
51,6_320x stock m270_4x obj_grid_r2_c5.png,9348,1,210,137,46.0,3
51,6_320x stock m270_4x obj_grid_r2_c5.png,9349,1,53,120,46.0,3
51,6_320x stock m270_4x obj_grid_r2_c5.png,9350,1,79,55,46.0,3
51,6_320x stock m270_4x obj_grid_r2_c5.png,9351,1,137,32,74.5,4
51,6_320x stock m270_4x obj_grid_r2_c5.png,9352,1,322,3,43.0,3
51,6_320x stock m270_4x obj_grid_r2_c5.png,9353,1,293,508,31.5,3
51,6_320x stock m270_4x obj_grid_r2_c5.png,9354,1,87,507,31.5,3
51,6_320x stock m270_4x obj_grid_r2_c5.png,9355,1,28,499,31.5,3
51,6_320x stock m270_4x obj_grid_r2_c5.png,9356,1,80,496,31.5,3
51,6_320x stock m270_4x obj_grid_r2_c5.png,9357,1,7,491,46.0,3
51,6_320x stock m270_4x obj_grid_r2_c5.png,9358,1,401,482,46.0,3
51,6_320x stock m270_4x obj_grid_r2_c5.png,9359,1,154,475,46.0,3
51,6_320x stock m270_4x obj_grid_r2_c5.png,9360,1,446,469,46.0,3
51,6_320x stock m270_4x obj_grid_r2_c5.png,9361,1,365,466,46.0,3
51,6_320x stock m270_4x obj_grid_r2_c5.png,9362,1,396,445,46.0,3
51,6_320x stock m270_4x obj_grid_r2_c5.png,9363,1,305,431,46.0,3
51,6_320x stock m270_4x obj_grid_r2_c5.png,9364,1,291,414,46.0,3
51,6_320x stock m270_4x obj_grid_r2_c5.png,9365,1,81,410,46.0,3
51,6_320x stock m270_4x obj_grid_r2_c5.png,9366,1,17,399,46.0,3
51,6_320x stock m270_4x obj_grid_r2_c5.png,9367,1,365,395,46.0,3
51,6_320x stock m270_4x obj_grid_r2_c5.png,9368,1,41,388,46.0,3
51,6_320x stock m270_4x obj_grid_r2_c5.png,9369,1,134,378,46.0,3
51,6_320x stock m270_4x obj_grid_r2_c5.png,9370,1,134,351,46.0,3
51,6_320x stock m270_4x obj_grid_r2_c5.png,9371,1,289,299,31.5,3
51,6_320x stock m270_4x obj_grid_r2_c5.png,9372,1,336,248,46.0,3
51,6_320x stock m270_4x obj_grid_r2_c5.png,9373,1,90,175,147.5,6
51,6_320x stock m270_4x obj_grid_r2_c5.png,9374,1,472,38,147.5,6
51,6_320x stock m270_4x obj_grid_r2_c5.png,9375,1,372,502,46.0,3
51,6_320x stock m270_4x obj_grid_r2_c5.png,9376,1,487,490,147.5,6
51,6_320x stock m270_4x obj_grid_r2_c5.png,9377,1,159,437,46.0,3
51,6_320x stock m270_4x obj_grid_r2_c5.png,9378,1,180,411,46.0,3
51,6_320x stock m270_4x obj_grid_r2_c5.png,9379,1,302,410,46.0,3
51,6_320x stock m270_4x obj_grid_r2_c5.png,9380,1,488,362,46.0,3
51,6_320x stock m270_4x obj_grid_r2_c5.png,9381,1,156,318,46.0,3
51,6_320x stock m270_4x obj_grid_r2_c5.png,9382,1,471,227,147.5,6
51,6_320x stock m270_4x obj_grid_r2_c5.png,9383,1,191,184,46.0,3
51,6_320x stock m270_4x obj_grid_r2_c5.png,9384,1,178,480,31.5,3
51,6_320x stock m270_4x obj_grid_r2_c5.png,9385,1,453,28,190.0,7
51,6_320x stock m270_4x obj_grid_r2_c5.png,9386,1,296,392,147.5,6
52,6_320x stock m270_4x obj_grid_r2_c6.png,9387,1,456,244,104.0,5
52,6_320x stock m270_4x obj_grid_r2_c6.png,9388,1,400,210,104.0,5
52,6_320x stock m270_4x obj_grid_r2_c6.png,9389,1,226,183,104.0,5
52,6_320x stock m270_4x obj_grid_r2_c6.png,9390,1,86,179,190.0,7
52,6_320x stock m270_4x obj_grid_r2_c6.png,9391,1,390,58,104.0,5
52,6_320x stock m270_4x obj_grid_r2_c6.png,9392,1,176,15,46.0,3
52,6_320x stock m270_4x obj_grid_r2_c6.png,9393,1,442,433,74.5,4
52,6_320x stock m270_4x obj_grid_r2_c6.png,9394,1,456,41,46.0,3
52,6_320x stock m270_4x obj_grid_r2_c6.png,9395,1,437,318,74.5,4
52,6_320x stock m270_4x obj_grid_r2_c6.png,9396,1,356,206,74.5,4
52,6_320x stock m270_4x obj_grid_r2_c6.png,9397,1,329,129,46.0,3
52,6_320x stock m270_4x obj_grid_r2_c6.png,9398,1,100,84,74.5,4
52,6_320x stock m270_4x obj_grid_r2_c6.png,9399,1,304,500,74.5,4
52,6_320x stock m270_4x obj_grid_r2_c6.png,9400,1,395,344,74.5,4
52,6_320x stock m270_4x obj_grid_r2_c6.png,9401,1,383,273,31.5,3
52,6_320x stock m270_4x obj_grid_r2_c6.png,9402,1,102,255,46.0,3
52,6_320x stock m270_4x obj_grid_r2_c6.png,9403,1,478,225,74.5,4
52,6_320x stock m270_4x obj_grid_r2_c6.png,9404,1,130,197,74.5,4
52,6_320x stock m270_4x obj_grid_r2_c6.png,9405,1,8,163,74.5,4
52,6_320x stock m270_4x obj_grid_r2_c6.png,9406,1,279,73,74.5,4
52,6_320x stock m270_4x obj_grid_r2_c6.png,9407,1,459,56,46.0,3
52,6_320x stock m270_4x obj_grid_r2_c6.png,9408,1,149,48,104.0,5
52,6_320x stock m270_4x obj_grid_r2_c6.png,9409,1,217,46,46.0,3
52,6_320x stock m270_4x obj_grid_r2_c6.png,9410,1,497,32,46.0,3
52,6_320x stock m270_4x obj_grid_r2_c6.png,9411,1,442,474,74.5,4
52,6_320x stock m270_4x obj_grid_r2_c6.png,9412,1,380,467,104.0,5
52,6_320x stock m270_4x obj_grid_r2_c6.png,9413,1,339,384,74.5,4
52,6_320x stock m270_4x obj_grid_r2_c6.png,9414,1,362,325,104.0,5
52,6_320x stock m270_4x obj_grid_r2_c6.png,9415,1,95,154,74.5,4
52,6_320x stock m270_4x obj_grid_r2_c6.png,9416,1,155,126,46.0,3
52,6_320x stock m270_4x obj_grid_r2_c6.png,9417,1,166,92,74.5,4
52,6_320x stock m270_4x obj_grid_r2_c6.png,9418,1,125,91,104.0,5
52,6_320x stock m270_4x obj_grid_r2_c6.png,9419,1,470,87,74.5,4
52,6_320x stock m270_4x obj_grid_r2_c6.png,9420,1,501,483,190.0,7
52,6_320x stock m270_4x obj_grid_r2_c6.png,9421,1,13,417,74.5,4
52,6_320x stock m270_4x obj_grid_r2_c6.png,9422,1,269,404,104.0,5
52,6_320x stock m270_4x obj_grid_r2_c6.png,9423,1,139,389,74.5,4
52,6_320x stock m270_4x obj_grid_r2_c6.png,9424,1,267,265,46.0,3
52,6_320x stock m270_4x obj_grid_r2_c6.png,9425,1,466,223,31.5,3
52,6_320x stock m270_4x obj_grid_r2_c6.png,9426,1,347,167,104.0,5
52,6_320x stock m270_4x obj_grid_r2_c6.png,9427,1,506,149,31.5,3
52,6_320x stock m270_4x obj_grid_r2_c6.png,9428,1,363,139,8.0,1
52,6_320x stock m270_4x obj_grid_r2_c6.png,9429,1,301,86,190.0,7
52,6_320x stock m270_4x obj_grid_r2_c6.png,9430,1,407,37,31.5,3
52,6_320x stock m270_4x obj_grid_r2_c6.png,9431,1,301,4,31.5,3
52,6_320x stock m270_4x obj_grid_r2_c6.png,9432,1,472,500,147.5,6
52,6_320x stock m270_4x obj_grid_r2_c6.png,9433,1,87,428,74.5,4
52,6_320x stock m270_4x obj_grid_r2_c6.png,9434,1,467,398,31.5,3
52,6_320x stock m270_4x obj_grid_r2_c6.png,9435,1,449,381,31.5,3
52,6_320x stock m270_4x obj_grid_r2_c6.png,9436,1,412,298,104.0,5
52,6_320x stock m270_4x obj_grid_r2_c6.png,9437,1,347,294,46.0,3
52,6_320x stock m270_4x obj_grid_r2_c6.png,9438,1,319,251,147.5,6
52,6_320x stock m270_4x obj_grid_r2_c6.png,9439,1,434,235,31.5,3
52,6_320x stock m270_4x obj_grid_r2_c6.png,9440,1,201,247,31.5,3
52,6_320x stock m270_4x obj_grid_r2_c6.png,9441,1,29,235,31.5,3
52,6_320x stock m270_4x obj_grid_r2_c6.png,9442,1,468,211,46.0,3
52,6_320x stock m270_4x obj_grid_r2_c6.png,9443,1,452,209,31.5,3
52,6_320x stock m270_4x obj_grid_r2_c6.png,9444,1,479,199,46.0,3
52,6_320x stock m270_4x obj_grid_r2_c6.png,9445,1,257,186,31.5,3
52,6_320x stock m270_4x obj_grid_r2_c6.png,9446,1,359,180,46.0,3
52,6_320x stock m270_4x obj_grid_r2_c6.png,9447,1,202,180,46.0,3
52,6_320x stock m270_4x obj_grid_r2_c6.png,9448,1,400,179,46.0,3
52,6_320x stock m270_4x obj_grid_r2_c6.png,9449,1,161,172,31.5,3
52,6_320x stock m270_4x obj_grid_r2_c6.png,9450,1,223,166,46.0,3
52,6_320x stock m270_4x obj_grid_r2_c6.png,9451,1,207,158,46.0,3
52,6_320x stock m270_4x obj_grid_r2_c6.png,9452,1,286,157,31.5,3
52,6_320x stock m270_4x obj_grid_r2_c6.png,9453,1,338,148,46.0,3
52,6_320x stock m270_4x obj_grid_r2_c6.png,9454,1,244,145,46.0,3
52,6_320x stock m270_4x obj_grid_r2_c6.png,9455,1,101,141,46.0,3
52,6_320x stock m270_4x obj_grid_r2_c6.png,9456,1,467,138,46.0,3
52,6_320x stock m270_4x obj_grid_r2_c6.png,9457,1,168,133,46.0,3
52,6_320x stock m270_4x obj_grid_r2_c6.png,9458,1,381,130,46.0,3
52,6_320x stock m270_4x obj_grid_r2_c6.png,9459,1,355,123,46.0,3
52,6_320x stock m270_4x obj_grid_r2_c6.png,9460,1,201,123,46.0,3
52,6_320x stock m270_4x obj_grid_r2_c6.png,9461,1,146,123,31.5,3
52,6_320x stock m270_4x obj_grid_r2_c6.png,9462,1,277,115,46.0,3
52,6_320x stock m270_4x obj_grid_r2_c6.png,9463,1,445,113,46.0,3
52,6_320x stock m270_4x obj_grid_r2_c6.png,9464,1,234,113,46.0,3
52,6_320x stock m270_4x obj_grid_r2_c6.png,9465,1,396,107,31.5,3
52,6_320x stock m270_4x obj_grid_r2_c6.png,9466,1,479,102,46.0,3
52,6_320x stock m270_4x obj_grid_r2_c6.png,9467,1,189,102,46.0,3
52,6_320x stock m270_4x obj_grid_r2_c6.png,9468,1,140,95,46.0,3
52,6_320x stock m270_4x obj_grid_r2_c6.png,9469,1,319,89,46.0,3
52,6_320x stock m270_4x obj_grid_r2_c6.png,9470,1,446,88,31.5,3
52,6_320x stock m270_4x obj_grid_r2_c6.png,9471,1,416,88,46.0,3
52,6_320x stock m270_4x obj_grid_r2_c6.png,9472,1,88,88,46.0,3
52,6_320x stock m270_4x obj_grid_r2_c6.png,9473,1,456,85,31.5,3
52,6_320x stock m270_4x obj_grid_r2_c6.png,9474,1,204,85,46.0,3
52,6_320x stock m270_4x obj_grid_r2_c6.png,9475,1,228,78,46.0,3
52,6_320x stock m270_4x obj_grid_r2_c6.png,9476,1,385,77,74.5,4
52,6_320x stock m270_4x obj_grid_r2_c6.png,9477,1,73,73,31.5,3
52,6_320x stock m270_4x obj_grid_r2_c6.png,9478,1,444,73,46.0,3
52,6_320x stock m270_4x obj_grid_r2_c6.png,9479,1,37,69,46.0,3
52,6_320x stock m270_4x obj_grid_r2_c6.png,9480,1,206,66,46.0,3
52,6_320x stock m270_4x obj_grid_r2_c6.png,9481,1,357,62,74.5,4
52,6_320x stock m270_4x obj_grid_r2_c6.png,9482,1,448,56,31.5,3
52,6_320x stock m270_4x obj_grid_r2_c6.png,9483,1,174,51,46.0,3
52,6_320x stock m270_4x obj_grid_r2_c6.png,9484,1,197,50,31.5,3
52,6_320x stock m270_4x obj_grid_r2_c6.png,9485,1,100,47,31.5,3
52,6_320x stock m270_4x obj_grid_r2_c6.png,9486,1,476,48,46.0,3
52,6_320x stock m270_4x obj_grid_r2_c6.png,9487,1,336,46,46.0,3
52,6_320x stock m270_4x obj_grid_r2_c6.png,9488,1,414,44,31.5,3
52,6_320x stock m270_4x obj_grid_r2_c6.png,9489,1,39,43,46.0,3
52,6_320x stock m270_4x obj_grid_r2_c6.png,9490,1,369,41,31.5,3
52,6_320x stock m270_4x obj_grid_r2_c6.png,9491,1,326,36,46.0,3
52,6_320x stock m270_4x obj_grid_r2_c6.png,9492,1,182,35,31.5,3
52,6_320x stock m270_4x obj_grid_r2_c6.png,9493,1,295,28,46.0,3
52,6_320x stock m270_4x obj_grid_r2_c6.png,9494,1,161,28,46.0,3
52,6_320x stock m270_4x obj_grid_r2_c6.png,9495,1,481,24,46.0,3
52,6_320x stock m270_4x obj_grid_r2_c6.png,9496,1,284,23,46.0,3
52,6_320x stock m270_4x obj_grid_r2_c6.png,9497,1,436,21,46.0,3
52,6_320x stock m270_4x obj_grid_r2_c6.png,9498,1,140,22,31.5,3
52,6_320x stock m270_4x obj_grid_r2_c6.png,9499,1,46,21,46.0,3
52,6_320x stock m270_4x obj_grid_r2_c6.png,9500,1,126,21,46.0,3
52,6_320x stock m270_4x obj_grid_r2_c6.png,9501,1,356,20,74.5,4
52,6_320x stock m270_4x obj_grid_r2_c6.png,9502,1,151,18,46.0,3
52,6_320x stock m270_4x obj_grid_r2_c6.png,9503,1,55,15,31.5,3
52,6_320x stock m270_4x obj_grid_r2_c6.png,9504,1,226,12,31.5,3
52,6_320x stock m270_4x obj_grid_r2_c6.png,9505,1,397,8,46.0,3
52,6_320x stock m270_4x obj_grid_r2_c6.png,9506,1,330,4,46.0,3
52,6_320x stock m270_4x obj_grid_r2_c6.png,9507,1,198,4,31.5,3
52,6_320x stock m270_4x obj_grid_r2_c6.png,9508,1,386,3,31.5,3
52,6_320x stock m270_4x obj_grid_r2_c6.png,9509,1,505,503,46.0,3
52,6_320x stock m270_4x obj_grid_r2_c6.png,9510,1,393,500,46.0,3
52,6_320x stock m270_4x obj_grid_r2_c6.png,9511,1,324,492,31.5,3
52,6_320x stock m270_4x obj_grid_r2_c6.png,9512,1,437,492,31.5,3
52,6_320x stock m270_4x obj_grid_r2_c6.png,9513,1,324,478,31.5,3
52,6_320x stock m270_4x obj_grid_r2_c6.png,9514,1,270,477,104.0,5
52,6_320x stock m270_4x obj_grid_r2_c6.png,9515,1,83,469,147.5,6
52,6_320x stock m270_4x obj_grid_r2_c6.png,9516,1,499,456,46.0,3
52,6_320x stock m270_4x obj_grid_r2_c6.png,9517,1,345,442,46.0,3
52,6_320x stock m270_4x obj_grid_r2_c6.png,9518,1,503,440,46.0,3
52,6_320x stock m270_4x obj_grid_r2_c6.png,9519,1,476,432,74.5,4
52,6_320x stock m270_4x obj_grid_r2_c6.png,9520,1,231,426,31.5,3
52,6_320x stock m270_4x obj_grid_r2_c6.png,9521,1,69,428,31.5,3
52,6_320x stock m270_4x obj_grid_r2_c6.png,9522,1,417,426,46.0,3
52,6_320x stock m270_4x obj_grid_r2_c6.png,9523,1,405,418,31.5,3
52,6_320x stock m270_4x obj_grid_r2_c6.png,9524,1,304,418,46.0,3
52,6_320x stock m270_4x obj_grid_r2_c6.png,9525,1,473,415,46.0,3
52,6_320x stock m270_4x obj_grid_r2_c6.png,9526,1,452,414,74.5,4
52,6_320x stock m270_4x obj_grid_r2_c6.png,9527,1,421,413,46.0,3
52,6_320x stock m270_4x obj_grid_r2_c6.png,9528,1,332,409,147.5,6
52,6_320x stock m270_4x obj_grid_r2_c6.png,9529,1,438,404,46.0,3
52,6_320x stock m270_4x obj_grid_r2_c6.png,9530,1,390,398,46.0,3
52,6_320x stock m270_4x obj_grid_r2_c6.png,9531,1,305,389,46.0,3
52,6_320x stock m270_4x obj_grid_r2_c6.png,9532,1,307,382,31.5,3
52,6_320x stock m270_4x obj_grid_r2_c6.png,9533,1,247,381,46.0,3
52,6_320x stock m270_4x obj_grid_r2_c6.png,9534,1,386,379,46.0,3
52,6_320x stock m270_4x obj_grid_r2_c6.png,9535,1,104,376,46.0,3
52,6_320x stock m270_4x obj_grid_r2_c6.png,9536,1,369,376,46.0,3
52,6_320x stock m270_4x obj_grid_r2_c6.png,9537,1,24,372,31.5,3
52,6_320x stock m270_4x obj_grid_r2_c6.png,9538,1,331,370,46.0,3
52,6_320x stock m270_4x obj_grid_r2_c6.png,9539,1,289,370,46.0,3
52,6_320x stock m270_4x obj_grid_r2_c6.png,9540,1,442,370,46.0,3
52,6_320x stock m270_4x obj_grid_r2_c6.png,9541,1,411,366,46.0,3
52,6_320x stock m270_4x obj_grid_r2_c6.png,9542,1,171,366,46.0,3
52,6_320x stock m270_4x obj_grid_r2_c6.png,9543,1,52,361,46.0,3
52,6_320x stock m270_4x obj_grid_r2_c6.png,9544,1,399,355,46.0,3
52,6_320x stock m270_4x obj_grid_r2_c6.png,9545,1,365,353,31.5,3
52,6_320x stock m270_4x obj_grid_r2_c6.png,9546,1,159,354,46.0,3
52,6_320x stock m270_4x obj_grid_r2_c6.png,9547,1,342,345,31.5,3
52,6_320x stock m270_4x obj_grid_r2_c6.png,9548,1,262,345,46.0,3
52,6_320x stock m270_4x obj_grid_r2_c6.png,9549,1,316,344,74.5,4
52,6_320x stock m270_4x obj_grid_r2_c6.png,9550,1,230,343,31.5,3
52,6_320x stock m270_4x obj_grid_r2_c6.png,9551,1,296,342,46.0,3
52,6_320x stock m270_4x obj_grid_r2_c6.png,9552,1,373,342,46.0,3
52,6_320x stock m270_4x obj_grid_r2_c6.png,9553,1,339,337,31.5,3
52,6_320x stock m270_4x obj_grid_r2_c6.png,9554,1,216,337,31.5,3
52,6_320x stock m270_4x obj_grid_r2_c6.png,9555,1,462,335,74.5,4
52,6_320x stock m270_4x obj_grid_r2_c6.png,9556,1,418,335,74.5,4
52,6_320x stock m270_4x obj_grid_r2_c6.png,9557,1,480,326,74.5,4
52,6_320x stock m270_4x obj_grid_r2_c6.png,9558,1,176,324,46.0,3
52,6_320x stock m270_4x obj_grid_r2_c6.png,9559,1,409,322,31.5,3
52,6_320x stock m270_4x obj_grid_r2_c6.png,9560,1,421,315,46.0,3
52,6_320x stock m270_4x obj_grid_r2_c6.png,9561,1,56,311,46.0,3
52,6_320x stock m270_4x obj_grid_r2_c6.png,9562,1,335,309,74.5,4
52,6_320x stock m270_4x obj_grid_r2_c6.png,9563,1,305,307,46.0,3
52,6_320x stock m270_4x obj_grid_r2_c6.png,9564,1,466,307,46.0,3
52,6_320x stock m270_4x obj_grid_r2_c6.png,9565,1,238,303,46.0,3
52,6_320x stock m270_4x obj_grid_r2_c6.png,9566,1,432,300,46.0,3
52,6_320x stock m270_4x obj_grid_r2_c6.png,9567,1,300,297,31.5,3
52,6_320x stock m270_4x obj_grid_r2_c6.png,9568,1,203,300,31.5,3
52,6_320x stock m270_4x obj_grid_r2_c6.png,9569,1,159,290,46.0,3
52,6_320x stock m270_4x obj_grid_r2_c6.png,9570,1,11,284,31.5,3
52,6_320x stock m270_4x obj_grid_r2_c6.png,9571,1,135,286,74.5,4
52,6_320x stock m270_4x obj_grid_r2_c6.png,9572,1,231,285,46.0,3
52,6_320x stock m270_4x obj_grid_r2_c6.png,9573,1,260,281,46.0,3
52,6_320x stock m270_4x obj_grid_r2_c6.png,9574,1,464,276,46.0,3
52,6_320x stock m270_4x obj_grid_r2_c6.png,9575,1,98,275,46.0,3
52,6_320x stock m270_4x obj_grid_r2_c6.png,9576,1,336,270,46.0,3
52,6_320x stock m270_4x obj_grid_r2_c6.png,9577,1,135,270,46.0,3
52,6_320x stock m270_4x obj_grid_r2_c6.png,9578,1,48,267,46.0,3
52,6_320x stock m270_4x obj_grid_r2_c6.png,9579,1,227,262,31.5,3
52,6_320x stock m270_4x obj_grid_r2_c6.png,9580,1,79,259,46.0,3
52,6_320x stock m270_4x obj_grid_r2_c6.png,9581,1,245,258,31.5,3
52,6_320x stock m270_4x obj_grid_r2_c6.png,9582,1,508,258,31.5,3
52,6_320x stock m270_4x obj_grid_r2_c6.png,9583,1,468,258,46.0,3
52,6_320x stock m270_4x obj_grid_r2_c6.png,9584,1,341,257,46.0,3
52,6_320x stock m270_4x obj_grid_r2_c6.png,9585,1,148,255,46.0,3
52,6_320x stock m270_4x obj_grid_r2_c6.png,9586,1,14,255,46.0,3
52,6_320x stock m270_4x obj_grid_r2_c6.png,9587,1,365,253,74.5,4
52,6_320x stock m270_4x obj_grid_r2_c6.png,9588,1,282,254,46.0,3
52,6_320x stock m270_4x obj_grid_r2_c6.png,9589,1,424,253,46.0,3
52,6_320x stock m270_4x obj_grid_r2_c6.png,9590,1,72,249,46.0,3
52,6_320x stock m270_4x obj_grid_r2_c6.png,9591,1,287,243,46.0,3
52,6_320x stock m270_4x obj_grid_r2_c6.png,9592,1,388,240,31.5,3
52,6_320x stock m270_4x obj_grid_r2_c6.png,9593,1,249,241,74.5,4
52,6_320x stock m270_4x obj_grid_r2_c6.png,9594,1,364,230,46.0,3
52,6_320x stock m270_4x obj_grid_r2_c6.png,9595,1,445,225,46.0,3
52,6_320x stock m270_4x obj_grid_r2_c6.png,9596,1,243,226,46.0,3
52,6_320x stock m270_4x obj_grid_r2_c6.png,9597,1,186,223,46.0,3
52,6_320x stock m270_4x obj_grid_r2_c6.png,9598,1,157,222,31.5,3
52,6_320x stock m270_4x obj_grid_r2_c6.png,9599,1,258,213,74.5,4
52,6_320x stock m270_4x obj_grid_r2_c6.png,9600,1,46,211,31.5,3
52,6_320x stock m270_4x obj_grid_r2_c6.png,9601,1,27,210,46.0,3
52,6_320x stock m270_4x obj_grid_r2_c6.png,9602,1,295,210,74.5,4
52,6_320x stock m270_4x obj_grid_r2_c6.png,9603,1,199,207,46.0,3
52,6_320x stock m270_4x obj_grid_r2_c6.png,9604,1,154,206,46.0,3
52,6_320x stock m270_4x obj_grid_r2_c6.png,9605,1,184,205,46.0,3
52,6_320x stock m270_4x obj_grid_r2_c6.png,9606,1,102,199,46.0,3
52,6_320x stock m270_4x obj_grid_r2_c6.png,9607,1,214,198,74.5,4
52,6_320x stock m270_4x obj_grid_r2_c6.png,9608,1,451,198,46.0,3
52,6_320x stock m270_4x obj_grid_r2_c6.png,9609,1,256,198,46.0,3
52,6_320x stock m270_4x obj_grid_r2_c6.png,9610,1,156,195,31.5,3
52,6_320x stock m270_4x obj_grid_r2_c6.png,9611,1,193,191,46.0,3
52,6_320x stock m270_4x obj_grid_r2_c6.png,9612,1,117,190,46.0,3
52,6_320x stock m270_4x obj_grid_r2_c6.png,9613,1,143,187,46.0,3
52,6_320x stock m270_4x obj_grid_r2_c6.png,9614,1,484,173,74.5,4
52,6_320x stock m270_4x obj_grid_r2_c6.png,9615,1,70,172,46.0,3
52,6_320x stock m270_4x obj_grid_r2_c6.png,9616,1,150,170,31.5,3
52,6_320x stock m270_4x obj_grid_r2_c6.png,9617,1,292,166,46.0,3
52,6_320x stock m270_4x obj_grid_r2_c6.png,9618,1,267,167,74.5,4
52,6_320x stock m270_4x obj_grid_r2_c6.png,9619,1,461,166,46.0,3
52,6_320x stock m270_4x obj_grid_r2_c6.png,9620,1,432,160,46.0,3
52,6_320x stock m270_4x obj_grid_r2_c6.png,9621,1,152,160,46.0,3
52,6_320x stock m270_4x obj_grid_r2_c6.png,9622,1,365,155,46.0,3
52,6_320x stock m270_4x obj_grid_r2_c6.png,9623,1,128,156,74.5,4
52,6_320x stock m270_4x obj_grid_r2_c6.png,9624,1,27,153,46.0,3
52,6_320x stock m270_4x obj_grid_r2_c6.png,9625,1,69,152,46.0,3
52,6_320x stock m270_4x obj_grid_r2_c6.png,9626,1,109,150,46.0,3
52,6_320x stock m270_4x obj_grid_r2_c6.png,9627,1,79,142,46.0,3
52,6_320x stock m270_4x obj_grid_r2_c6.png,9628,1,193,142,46.0,3
52,6_320x stock m270_4x obj_grid_r2_c6.png,9629,1,35,137,46.0,3
52,6_320x stock m270_4x obj_grid_r2_c6.png,9630,1,239,134,46.0,3
52,6_320x stock m270_4x obj_grid_r2_c6.png,9631,1,84,132,46.0,3
52,6_320x stock m270_4x obj_grid_r2_c6.png,9632,1,22,125,46.0,3
52,6_320x stock m270_4x obj_grid_r2_c6.png,9633,1,55,123,46.0,3
52,6_320x stock m270_4x obj_grid_r2_c6.png,9634,1,118,121,46.0,3
52,6_320x stock m270_4x obj_grid_r2_c6.png,9635,1,74,121,46.0,3
52,6_320x stock m270_4x obj_grid_r2_c6.png,9636,1,23,118,31.5,3
52,6_320x stock m270_4x obj_grid_r2_c6.png,9637,1,184,116,74.5,4
52,6_320x stock m270_4x obj_grid_r2_c6.png,9638,1,316,114,46.0,3
52,6_320x stock m270_4x obj_grid_r2_c6.png,9639,1,138,111,46.0,3
52,6_320x stock m270_4x obj_grid_r2_c6.png,9640,1,213,108,46.0,3
52,6_320x stock m270_4x obj_grid_r2_c6.png,9641,1,58,106,46.0,3
52,6_320x stock m270_4x obj_grid_r2_c6.png,9642,1,36,104,46.0,3
52,6_320x stock m270_4x obj_grid_r2_c6.png,9643,1,80,102,104.0,5
52,6_320x stock m270_4x obj_grid_r2_c6.png,9644,1,264,95,74.5,4
52,6_320x stock m270_4x obj_grid_r2_c6.png,9645,1,177,85,46.0,3
52,6_320x stock m270_4x obj_grid_r2_c6.png,9646,1,13,76,46.0,3
52,6_320x stock m270_4x obj_grid_r2_c6.png,9647,1,330,74,46.0,3
52,6_320x stock m270_4x obj_grid_r2_c6.png,9648,1,101,64,46.0,3
52,6_320x stock m270_4x obj_grid_r2_c6.png,9649,1,10,50,46.0,3
52,6_320x stock m270_4x obj_grid_r2_c6.png,9650,1,193,41,31.5,3
52,6_320x stock m270_4x obj_grid_r2_c6.png,9651,1,70,33,31.5,3
52,6_320x stock m270_4x obj_grid_r2_c6.png,9652,1,113,11,46.0,3
52,6_320x stock m270_4x obj_grid_r2_c6.png,9653,1,424,8,46.0,3
52,6_320x stock m270_4x obj_grid_r2_c6.png,9654,1,115,504,46.0,3
52,6_320x stock m270_4x obj_grid_r2_c6.png,9655,1,290,502,31.5,3
52,6_320x stock m270_4x obj_grid_r2_c6.png,9656,1,264,503,31.5,3
52,6_320x stock m270_4x obj_grid_r2_c6.png,9657,1,128,502,46.0,3
52,6_320x stock m270_4x obj_grid_r2_c6.png,9658,1,46,489,46.0,3
52,6_320x stock m270_4x obj_grid_r2_c6.png,9659,1,335,484,31.5,3
52,6_320x stock m270_4x obj_grid_r2_c6.png,9660,1,371,482,46.0,3
52,6_320x stock m270_4x obj_grid_r2_c6.png,9661,1,157,482,46.0,3
52,6_320x stock m270_4x obj_grid_r2_c6.png,9662,1,354,480,46.0,3
52,6_320x stock m270_4x obj_grid_r2_c6.png,9663,1,106,478,46.0,3
52,6_320x stock m270_4x obj_grid_r2_c6.png,9664,1,45,477,46.0,3
52,6_320x stock m270_4x obj_grid_r2_c6.png,9665,1,231,474,46.0,3
52,6_320x stock m270_4x obj_grid_r2_c6.png,9666,1,421,471,31.5,3
52,6_320x stock m270_4x obj_grid_r2_c6.png,9667,1,174,468,46.0,3
52,6_320x stock m270_4x obj_grid_r2_c6.png,9668,1,31,460,46.0,3
52,6_320x stock m270_4x obj_grid_r2_c6.png,9669,1,346,459,46.0,3
52,6_320x stock m270_4x obj_grid_r2_c6.png,9670,1,330,450,46.0,3
52,6_320x stock m270_4x obj_grid_r2_c6.png,9671,1,361,448,74.5,4
52,6_320x stock m270_4x obj_grid_r2_c6.png,9672,1,11,444,147.5,6
52,6_320x stock m270_4x obj_grid_r2_c6.png,9673,1,425,438,46.0,3
52,6_320x stock m270_4x obj_grid_r2_c6.png,9674,1,160,438,46.0,3
52,6_320x stock m270_4x obj_grid_r2_c6.png,9675,1,110,430,46.0,3
52,6_320x stock m270_4x obj_grid_r2_c6.png,9676,1,130,424,46.0,3
52,6_320x stock m270_4x obj_grid_r2_c6.png,9677,1,102,421,46.0,3
52,6_320x stock m270_4x obj_grid_r2_c6.png,9678,1,257,419,74.5,4
52,6_320x stock m270_4x obj_grid_r2_c6.png,9679,1,62,418,46.0,3
52,6_320x stock m270_4x obj_grid_r2_c6.png,9680,1,119,417,46.0,3
52,6_320x stock m270_4x obj_grid_r2_c6.png,9681,1,217,410,46.0,3
52,6_320x stock m270_4x obj_grid_r2_c6.png,9682,1,295,409,46.0,3
52,6_320x stock m270_4x obj_grid_r2_c6.png,9683,1,85,406,46.0,3
52,6_320x stock m270_4x obj_grid_r2_c6.png,9684,1,41,404,46.0,3
52,6_320x stock m270_4x obj_grid_r2_c6.png,9685,1,241,403,31.5,3
52,6_320x stock m270_4x obj_grid_r2_c6.png,9686,1,194,401,74.5,4
52,6_320x stock m270_4x obj_grid_r2_c6.png,9687,1,121,402,46.0,3
52,6_320x stock m270_4x obj_grid_r2_c6.png,9688,1,25,398,46.0,3
52,6_320x stock m270_4x obj_grid_r2_c6.png,9689,1,173,396,46.0,3
52,6_320x stock m270_4x obj_grid_r2_c6.png,9690,1,117,385,46.0,3
52,6_320x stock m270_4x obj_grid_r2_c6.png,9691,1,188,385,46.0,3
52,6_320x stock m270_4x obj_grid_r2_c6.png,9692,1,86,381,46.0,3
52,6_320x stock m270_4x obj_grid_r2_c6.png,9693,1,223,379,46.0,3
52,6_320x stock m270_4x obj_grid_r2_c6.png,9694,1,247,361,46.0,3
52,6_320x stock m270_4x obj_grid_r2_c6.png,9695,1,281,355,46.0,3
52,6_320x stock m270_4x obj_grid_r2_c6.png,9696,1,21,349,46.0,3
52,6_320x stock m270_4x obj_grid_r2_c6.png,9697,1,74,345,46.0,3
52,6_320x stock m270_4x obj_grid_r2_c6.png,9698,1,123,343,46.0,3
52,6_320x stock m270_4x obj_grid_r2_c6.png,9699,1,12,339,46.0,3
52,6_320x stock m270_4x obj_grid_r2_c6.png,9700,1,199,332,46.0,3
52,6_320x stock m270_4x obj_grid_r2_c6.png,9701,1,8,322,46.0,3
52,6_320x stock m270_4x obj_grid_r2_c6.png,9702,1,454,314,74.5,4
52,6_320x stock m270_4x obj_grid_r2_c6.png,9703,1,185,312,74.5,4
52,6_320x stock m270_4x obj_grid_r2_c6.png,9704,1,150,306,46.0,3
52,6_320x stock m270_4x obj_grid_r2_c6.png,9705,1,19,305,46.0,3
52,6_320x stock m270_4x obj_grid_r2_c6.png,9706,1,78,304,46.0,3
52,6_320x stock m270_4x obj_grid_r2_c6.png,9707,1,259,303,74.5,4
52,6_320x stock m270_4x obj_grid_r2_c6.png,9708,1,88,297,46.0,3
52,6_320x stock m270_4x obj_grid_r2_c6.png,9709,1,52,293,46.0,3
52,6_320x stock m270_4x obj_grid_r2_c6.png,9710,1,192,287,46.0,3
52,6_320x stock m270_4x obj_grid_r2_c6.png,9711,1,368,283,46.0,3
52,6_320x stock m270_4x obj_grid_r2_c6.png,9712,1,297,275,46.0,3
52,6_320x stock m270_4x obj_grid_r2_c6.png,9713,1,237,268,31.5,3
52,6_320x stock m270_4x obj_grid_r2_c6.png,9714,1,194,259,46.0,3
52,6_320x stock m270_4x obj_grid_r2_c6.png,9715,1,115,248,46.0,3
52,6_320x stock m270_4x obj_grid_r2_c6.png,9716,1,268,245,74.5,4
52,6_320x stock m270_4x obj_grid_r2_c6.png,9717,1,200,240,46.0,3
52,6_320x stock m270_4x obj_grid_r2_c6.png,9718,1,345,229,147.5,6
52,6_320x stock m270_4x obj_grid_r2_c6.png,9719,1,143,223,46.0,3
52,6_320x stock m270_4x obj_grid_r2_c6.png,9720,1,318,161,74.5,4
52,6_320x stock m270_4x obj_grid_r2_c6.png,9721,1,364,102,46.0,3
52,6_320x stock m270_4x obj_grid_r2_c6.png,9722,1,163,506,46.0,3
52,6_320x stock m270_4x obj_grid_r2_c6.png,9723,1,191,490,46.0,3
52,6_320x stock m270_4x obj_grid_r2_c6.png,9724,1,200,483,46.0,3
52,6_320x stock m270_4x obj_grid_r2_c6.png,9725,1,220,458,31.5,3
52,6_320x stock m270_4x obj_grid_r2_c6.png,9726,1,92,456,46.0,3
52,6_320x stock m270_4x obj_grid_r2_c6.png,9727,1,148,425,74.5,4
52,6_320x stock m270_4x obj_grid_r2_c6.png,9728,1,46,418,46.0,3
52,6_320x stock m270_4x obj_grid_r2_c6.png,9729,1,196,415,46.0,3
52,6_320x stock m270_4x obj_grid_r2_c6.png,9730,1,206,374,147.5,6
52,6_320x stock m270_4x obj_grid_r2_c6.png,9731,1,415,501,248.5,8
52,6_320x stock m270_4x obj_grid_r2_c6.png,9732,1,11,490,104.0,5
52,6_320x stock m270_4x obj_grid_r2_c6.png,9733,1,13,362,46.0,3
52,6_320x stock m270_4x obj_grid_r2_c6.png,9734,1,479,369,248.5,8
52,6_320x stock m270_4x obj_grid_r2_c6.png,9735,1,129,323,248.5,8
53,6_320x stock m270_4x obj_grid_r2_c7.png,9736,1,423,484,74.5,4
53,6_320x stock m270_4x obj_grid_r2_c7.png,9737,1,496,374,74.5,4
53,6_320x stock m270_4x obj_grid_r2_c7.png,9738,1,457,361,104.0,5
53,6_320x stock m270_4x obj_grid_r2_c7.png,9739,1,434,276,74.5,4
53,6_320x stock m270_4x obj_grid_r2_c7.png,9740,1,93,277,46.0,3
53,6_320x stock m270_4x obj_grid_r2_c7.png,9741,1,497,230,74.5,4
53,6_320x stock m270_4x obj_grid_r2_c7.png,9742,1,161,153,31.5,3
53,6_320x stock m270_4x obj_grid_r2_c7.png,9743,1,202,82,46.0,3
53,6_320x stock m270_4x obj_grid_r2_c7.png,9744,1,472,58,46.0,3
53,6_320x stock m270_4x obj_grid_r2_c7.png,9745,1,375,48,46.0,3
53,6_320x stock m270_4x obj_grid_r2_c7.png,9746,1,435,35,104.0,5
53,6_320x stock m270_4x obj_grid_r2_c7.png,9747,1,495,10,74.5,4
53,6_320x stock m270_4x obj_grid_r2_c7.png,9748,1,442,495,74.5,4
53,6_320x stock m270_4x obj_grid_r2_c7.png,9749,1,263,344,190.0,7
53,6_320x stock m270_4x obj_grid_r2_c7.png,9750,1,431,227,74.5,4
53,6_320x stock m270_4x obj_grid_r2_c7.png,9751,1,80,123,74.5,4
53,6_320x stock m270_4x obj_grid_r2_c7.png,9752,1,498,52,31.5,3
53,6_320x stock m270_4x obj_grid_r2_c7.png,9753,1,492,36,31.5,3
53,6_320x stock m270_4x obj_grid_r2_c7.png,9754,1,263,34,74.5,4
53,6_320x stock m270_4x obj_grid_r2_c7.png,9755,1,413,346,104.0,5
53,6_320x stock m270_4x obj_grid_r2_c7.png,9756,1,185,330,46.0,3
53,6_320x stock m270_4x obj_grid_r2_c7.png,9757,1,342,328,46.0,3
53,6_320x stock m270_4x obj_grid_r2_c7.png,9758,1,262,322,74.5,4
53,6_320x stock m270_4x obj_grid_r2_c7.png,9759,1,465,313,46.0,3
53,6_320x stock m270_4x obj_grid_r2_c7.png,9760,1,488,272,46.0,3
53,6_320x stock m270_4x obj_grid_r2_c7.png,9761,1,470,262,46.0,3
53,6_320x stock m270_4x obj_grid_r2_c7.png,9762,1,500,257,74.5,4
53,6_320x stock m270_4x obj_grid_r2_c7.png,9763,1,475,209,46.0,3
53,6_320x stock m270_4x obj_grid_r2_c7.png,9764,1,486,191,46.0,3
53,6_320x stock m270_4x obj_grid_r2_c7.png,9765,1,455,127,190.0,7
53,6_320x stock m270_4x obj_grid_r2_c7.png,9766,1,400,95,74.5,4
53,6_320x stock m270_4x obj_grid_r2_c7.png,9767,1,183,89,74.5,4
53,6_320x stock m270_4x obj_grid_r2_c7.png,9768,1,342,62,147.5,6
53,6_320x stock m270_4x obj_grid_r2_c7.png,9769,1,454,3,31.5,3
53,6_320x stock m270_4x obj_grid_r2_c7.png,9770,1,499,498,31.5,3
53,6_320x stock m270_4x obj_grid_r2_c7.png,9771,1,505,416,46.0,3
53,6_320x stock m270_4x obj_grid_r2_c7.png,9772,1,158,368,74.5,4
53,6_320x stock m270_4x obj_grid_r2_c7.png,9773,1,403,335,74.5,4
53,6_320x stock m270_4x obj_grid_r2_c7.png,9774,1,292,326,74.5,4
53,6_320x stock m270_4x obj_grid_r2_c7.png,9775,1,480,308,74.5,4
53,6_320x stock m270_4x obj_grid_r2_c7.png,9776,1,181,300,74.5,4
53,6_320x stock m270_4x obj_grid_r2_c7.png,9777,1,470,295,46.0,3
53,6_320x stock m270_4x obj_grid_r2_c7.png,9778,1,437,291,74.5,4
53,6_320x stock m270_4x obj_grid_r2_c7.png,9779,1,492,285,74.5,4
53,6_320x stock m270_4x obj_grid_r2_c7.png,9780,1,449,283,46.0,3
53,6_320x stock m270_4x obj_grid_r2_c7.png,9781,1,420,282,46.0,3
53,6_320x stock m270_4x obj_grid_r2_c7.png,9782,1,445,268,46.0,3
53,6_320x stock m270_4x obj_grid_r2_c7.png,9783,1,484,256,46.0,3
53,6_320x stock m270_4x obj_grid_r2_c7.png,9784,1,439,255,74.5,4
53,6_320x stock m270_4x obj_grid_r2_c7.png,9785,1,460,246,46.0,3
53,6_320x stock m270_4x obj_grid_r2_c7.png,9786,1,3,225,43.0,3
53,6_320x stock m270_4x obj_grid_r2_c7.png,9787,1,435,209,74.5,4
53,6_320x stock m270_4x obj_grid_r2_c7.png,9788,1,458,203,46.0,3
53,6_320x stock m270_4x obj_grid_r2_c7.png,9789,1,424,179,74.5,4
53,6_320x stock m270_4x obj_grid_r2_c7.png,9790,1,443,170,74.5,4
53,6_320x stock m270_4x obj_grid_r2_c7.png,9791,1,473,121,74.5,4
53,6_320x stock m270_4x obj_grid_r2_c7.png,9792,1,440,88,46.0,3
53,6_320x stock m270_4x obj_grid_r2_c7.png,9793,1,406,80,31.5,3
53,6_320x stock m270_4x obj_grid_r2_c7.png,9794,1,484,80,46.0,3
53,6_320x stock m270_4x obj_grid_r2_c7.png,9795,1,445,50,46.0,3
53,6_320x stock m270_4x obj_grid_r2_c7.png,9796,1,118,35,104.0,5
53,6_320x stock m270_4x obj_grid_r2_c7.png,9797,1,403,26,46.0,3
53,6_320x stock m270_4x obj_grid_r2_c7.png,9798,1,386,20,31.5,3
53,6_320x stock m270_4x obj_grid_r2_c7.png,9799,1,471,17,104.0,5
53,6_320x stock m270_4x obj_grid_r2_c7.png,9800,1,411,9,46.0,3
53,6_320x stock m270_4x obj_grid_r2_c7.png,9801,1,270,496,31.5,3
53,6_320x stock m270_4x obj_grid_r2_c7.png,9802,1,460,476,74.5,4
53,6_320x stock m270_4x obj_grid_r2_c7.png,9803,1,486,470,74.5,4
53,6_320x stock m270_4x obj_grid_r2_c7.png,9804,1,252,431,104.0,5
53,6_320x stock m270_4x obj_grid_r2_c7.png,9805,1,189,426,46.0,3
53,6_320x stock m270_4x obj_grid_r2_c7.png,9806,1,490,420,74.5,4
53,6_320x stock m270_4x obj_grid_r2_c7.png,9807,1,481,405,46.0,3
53,6_320x stock m270_4x obj_grid_r2_c7.png,9808,1,454,380,74.5,4
53,6_320x stock m270_4x obj_grid_r2_c7.png,9809,1,447,342,46.0,3
53,6_320x stock m270_4x obj_grid_r2_c7.png,9810,1,416,316,31.5,3
53,6_320x stock m270_4x obj_grid_r2_c7.png,9811,1,305,312,46.0,3
53,6_320x stock m270_4x obj_grid_r2_c7.png,9812,1,403,304,46.0,3
53,6_320x stock m270_4x obj_grid_r2_c7.png,9813,1,398,277,46.0,3
53,6_320x stock m270_4x obj_grid_r2_c7.png,9814,1,450,223,74.5,4
53,6_320x stock m270_4x obj_grid_r2_c7.png,9815,1,403,215,31.5,3
53,6_320x stock m270_4x obj_grid_r2_c7.png,9816,1,133,198,104.0,5
53,6_320x stock m270_4x obj_grid_r2_c7.png,9817,1,381,167,31.5,3
53,6_320x stock m270_4x obj_grid_r2_c7.png,9818,1,378,155,46.0,3
53,6_320x stock m270_4x obj_grid_r2_c7.png,9819,1,358,154,31.5,3
53,6_320x stock m270_4x obj_grid_r2_c7.png,9820,1,388,138,31.5,3
53,6_320x stock m270_4x obj_grid_r2_c7.png,9821,1,36,131,8.0,1
53,6_320x stock m270_4x obj_grid_r2_c7.png,9822,1,374,131,46.0,3
53,6_320x stock m270_4x obj_grid_r2_c7.png,9823,1,431,98,46.0,3
53,6_320x stock m270_4x obj_grid_r2_c7.png,9824,1,65,82,104.0,5
53,6_320x stock m270_4x obj_grid_r2_c7.png,9825,1,370,62,46.0,3
53,6_320x stock m270_4x obj_grid_r2_c7.png,9826,1,22,32,74.5,4
53,6_320x stock m270_4x obj_grid_r2_c7.png,9827,1,389,3,43.0,3
53,6_320x stock m270_4x obj_grid_r2_c7.png,9828,1,428,503,46.0,3
53,6_320x stock m270_4x obj_grid_r2_c7.png,9829,1,392,479,46.0,3
53,6_320x stock m270_4x obj_grid_r2_c7.png,9830,1,458,454,74.5,4
53,6_320x stock m270_4x obj_grid_r2_c7.png,9831,1,415,443,46.0,3
53,6_320x stock m270_4x obj_grid_r2_c7.png,9832,1,403,417,46.0,3
53,6_320x stock m270_4x obj_grid_r2_c7.png,9833,1,414,414,46.0,3
53,6_320x stock m270_4x obj_grid_r2_c7.png,9834,1,345,405,46.0,3
53,6_320x stock m270_4x obj_grid_r2_c7.png,9835,1,391,404,46.0,3
53,6_320x stock m270_4x obj_grid_r2_c7.png,9836,1,471,394,46.0,3
53,6_320x stock m270_4x obj_grid_r2_c7.png,9837,1,433,339,46.0,3
53,6_320x stock m270_4x obj_grid_r2_c7.png,9838,1,273,299,46.0,3
53,6_320x stock m270_4x obj_grid_r2_c7.png,9839,1,340,294,31.5,3
53,6_320x stock m270_4x obj_grid_r2_c7.png,9840,1,234,291,104.0,5
53,6_320x stock m270_4x obj_grid_r2_c7.png,9841,1,303,237,46.0,3
53,6_320x stock m270_4x obj_grid_r2_c7.png,9842,1,359,227,46.0,3
53,6_320x stock m270_4x obj_grid_r2_c7.png,9843,1,83,223,74.5,4
53,6_320x stock m270_4x obj_grid_r2_c7.png,9844,1,328,209,46.0,3
53,6_320x stock m270_4x obj_grid_r2_c7.png,9845,1,343,185,46.0,3
53,6_320x stock m270_4x obj_grid_r2_c7.png,9846,1,323,187,46.0,3
53,6_320x stock m270_4x obj_grid_r2_c7.png,9847,1,279,184,31.5,3
53,6_320x stock m270_4x obj_grid_r2_c7.png,9848,1,341,163,46.0,3
53,6_320x stock m270_4x obj_grid_r2_c7.png,9849,1,292,122,31.5,3
53,6_320x stock m270_4x obj_grid_r2_c7.png,9850,1,314,111,46.0,3
53,6_320x stock m270_4x obj_grid_r2_c7.png,9851,1,367,88,46.0,3
53,6_320x stock m270_4x obj_grid_r2_c7.png,9852,1,441,17,74.5,4
53,6_320x stock m270_4x obj_grid_r2_c7.png,9853,1,399,14,74.5,4
53,6_320x stock m270_4x obj_grid_r2_c7.png,9854,1,275,6,46.0,3
53,6_320x stock m270_4x obj_grid_r2_c7.png,9855,1,375,488,74.5,4
53,6_320x stock m270_4x obj_grid_r2_c7.png,9856,1,333,482,74.5,4
53,6_320x stock m270_4x obj_grid_r2_c7.png,9857,1,353,483,74.5,4
53,6_320x stock m270_4x obj_grid_r2_c7.png,9858,1,353,472,46.0,3
53,6_320x stock m270_4x obj_grid_r2_c7.png,9859,1,324,462,31.5,3
53,6_320x stock m270_4x obj_grid_r2_c7.png,9860,1,283,435,46.0,3
53,6_320x stock m270_4x obj_grid_r2_c7.png,9861,1,372,434,74.5,4
53,6_320x stock m270_4x obj_grid_r2_c7.png,9862,1,363,415,74.5,4
53,6_320x stock m270_4x obj_grid_r2_c7.png,9863,1,298,406,46.0,3
53,6_320x stock m270_4x obj_grid_r2_c7.png,9864,1,346,388,46.0,3
53,6_320x stock m270_4x obj_grid_r2_c7.png,9865,1,375,375,31.5,3
53,6_320x stock m270_4x obj_grid_r2_c7.png,9866,1,354,371,46.0,3
53,6_320x stock m270_4x obj_grid_r2_c7.png,9867,1,370,353,46.0,3
53,6_320x stock m270_4x obj_grid_r2_c7.png,9868,1,65,333,104.0,5
53,6_320x stock m270_4x obj_grid_r2_c7.png,9869,1,168,328,74.5,4
53,6_320x stock m270_4x obj_grid_r2_c7.png,9870,1,301,298,31.5,3
53,6_320x stock m270_4x obj_grid_r2_c7.png,9871,1,290,295,46.0,3
53,6_320x stock m270_4x obj_grid_r2_c7.png,9872,1,73,281,46.0,3
53,6_320x stock m270_4x obj_grid_r2_c7.png,9873,1,306,279,46.0,3
53,6_320x stock m270_4x obj_grid_r2_c7.png,9874,1,275,277,74.5,4
53,6_320x stock m270_4x obj_grid_r2_c7.png,9875,1,346,262,46.0,3
53,6_320x stock m270_4x obj_grid_r2_c7.png,9876,1,313,255,74.5,4
53,6_320x stock m270_4x obj_grid_r2_c7.png,9877,1,394,258,190.0,7
53,6_320x stock m270_4x obj_grid_r2_c7.png,9878,1,290,243,46.0,3
53,6_320x stock m270_4x obj_grid_r2_c7.png,9879,1,269,240,46.0,3
53,6_320x stock m270_4x obj_grid_r2_c7.png,9880,1,295,226,46.0,3
53,6_320x stock m270_4x obj_grid_r2_c7.png,9881,1,302,216,46.0,3
53,6_320x stock m270_4x obj_grid_r2_c7.png,9882,1,94,214,31.5,3
53,6_320x stock m270_4x obj_grid_r2_c7.png,9883,1,280,212,74.5,4
53,6_320x stock m270_4x obj_grid_r2_c7.png,9884,1,235,205,46.0,3
53,6_320x stock m270_4x obj_grid_r2_c7.png,9885,1,315,203,46.0,3
53,6_320x stock m270_4x obj_grid_r2_c7.png,9886,1,270,179,31.5,3
53,6_320x stock m270_4x obj_grid_r2_c7.png,9887,1,251,171,31.5,3
53,6_320x stock m270_4x obj_grid_r2_c7.png,9888,1,121,156,46.0,3
53,6_320x stock m270_4x obj_grid_r2_c7.png,9889,1,401,157,190.0,7
53,6_320x stock m270_4x obj_grid_r2_c7.png,9890,1,291,145,74.5,4
53,6_320x stock m270_4x obj_grid_r2_c7.png,9891,1,321,143,74.5,4
53,6_320x stock m270_4x obj_grid_r2_c7.png,9892,1,279,135,46.0,3
53,6_320x stock m270_4x obj_grid_r2_c7.png,9893,1,135,126,46.0,3
53,6_320x stock m270_4x obj_grid_r2_c7.png,9894,1,275,124,46.0,3
53,6_320x stock m270_4x obj_grid_r2_c7.png,9895,1,122,99,31.5,3
53,6_320x stock m270_4x obj_grid_r2_c7.png,9896,1,304,99,46.0,3
53,6_320x stock m270_4x obj_grid_r2_c7.png,9897,1,252,75,46.0,3
53,6_320x stock m270_4x obj_grid_r2_c7.png,9898,1,233,53,31.5,3
53,6_320x stock m270_4x obj_grid_r2_c7.png,9899,1,328,50,46.0,3
53,6_320x stock m270_4x obj_grid_r2_c7.png,9900,1,271,48,46.0,3
53,6_320x stock m270_4x obj_grid_r2_c7.png,9901,1,315,41,46.0,3
53,6_320x stock m270_4x obj_grid_r2_c7.png,9902,1,152,39,31.5,3
53,6_320x stock m270_4x obj_grid_r2_c7.png,9903,1,220,21,46.0,3
53,6_320x stock m270_4x obj_grid_r2_c7.png,9904,1,86,21,46.0,3
53,6_320x stock m270_4x obj_grid_r2_c7.png,9905,1,256,20,31.5,3
53,6_320x stock m270_4x obj_grid_r2_c7.png,9906,1,171,16,46.0,3
53,6_320x stock m270_4x obj_grid_r2_c7.png,9907,1,179,5,31.5,3
53,6_320x stock m270_4x obj_grid_r2_c7.png,9908,1,298,506,46.0,3
53,6_320x stock m270_4x obj_grid_r2_c7.png,9909,1,314,484,46.0,3
53,6_320x stock m270_4x obj_grid_r2_c7.png,9910,1,171,458,31.5,3
53,6_320x stock m270_4x obj_grid_r2_c7.png,9911,1,380,449,74.5,4
53,6_320x stock m270_4x obj_grid_r2_c7.png,9912,1,278,447,46.0,3
53,6_320x stock m270_4x obj_grid_r2_c7.png,9913,1,303,441,46.0,3
53,6_320x stock m270_4x obj_grid_r2_c7.png,9914,1,162,430,104.0,5
53,6_320x stock m270_4x obj_grid_r2_c7.png,9915,1,298,423,46.0,3
53,6_320x stock m270_4x obj_grid_r2_c7.png,9916,1,314,411,46.0,3
53,6_320x stock m270_4x obj_grid_r2_c7.png,9917,1,251,411,74.5,4
53,6_320x stock m270_4x obj_grid_r2_c7.png,9918,1,283,404,31.5,3
53,6_320x stock m270_4x obj_grid_r2_c7.png,9919,1,294,390,31.5,3
53,6_320x stock m270_4x obj_grid_r2_c7.png,9920,1,270,392,74.5,4
53,6_320x stock m270_4x obj_grid_r2_c7.png,9921,1,197,385,46.0,3
53,6_320x stock m270_4x obj_grid_r2_c7.png,9922,1,317,382,74.5,4
53,6_320x stock m270_4x obj_grid_r2_c7.png,9923,1,241,382,74.5,4
53,6_320x stock m270_4x obj_grid_r2_c7.png,9924,1,4,369,31.5,3
53,6_320x stock m270_4x obj_grid_r2_c7.png,9925,1,133,368,46.0,3
53,6_320x stock m270_4x obj_grid_r2_c7.png,9926,1,120,365,46.0,3
53,6_320x stock m270_4x obj_grid_r2_c7.png,9927,1,305,364,74.5,4
53,6_320x stock m270_4x obj_grid_r2_c7.png,9928,1,288,364,74.5,4
53,6_320x stock m270_4x obj_grid_r2_c7.png,9929,1,247,348,46.0,3
53,6_320x stock m270_4x obj_grid_r2_c7.png,9930,1,325,346,74.5,4
53,6_320x stock m270_4x obj_grid_r2_c7.png,9931,1,221,345,46.0,3
53,6_320x stock m270_4x obj_grid_r2_c7.png,9932,1,49,345,46.0,3
53,6_320x stock m270_4x obj_grid_r2_c7.png,9933,1,18,301,74.5,4
53,6_320x stock m270_4x obj_grid_r2_c7.png,9934,1,148,285,46.0,3
53,6_320x stock m270_4x obj_grid_r2_c7.png,9935,1,199,272,74.5,4
53,6_320x stock m270_4x obj_grid_r2_c7.png,9936,1,235,268,46.0,3
53,6_320x stock m270_4x obj_grid_r2_c7.png,9937,1,174,267,74.5,4
53,6_320x stock m270_4x obj_grid_r2_c7.png,9938,1,252,262,31.5,3
53,6_320x stock m270_4x obj_grid_r2_c7.png,9939,1,244,255,31.5,3
53,6_320x stock m270_4x obj_grid_r2_c7.png,9940,1,226,247,46.0,3
53,6_320x stock m270_4x obj_grid_r2_c7.png,9941,1,100,248,74.5,4
53,6_320x stock m270_4x obj_grid_r2_c7.png,9942,1,244,237,31.5,3
53,6_320x stock m270_4x obj_grid_r2_c7.png,9943,1,280,236,46.0,3
53,6_320x stock m270_4x obj_grid_r2_c7.png,9944,1,66,234,46.0,3
53,6_320x stock m270_4x obj_grid_r2_c7.png,9945,1,251,230,46.0,3
53,6_320x stock m270_4x obj_grid_r2_c7.png,9946,1,227,229,46.0,3
53,6_320x stock m270_4x obj_grid_r2_c7.png,9947,1,238,226,46.0,3
53,6_320x stock m270_4x obj_grid_r2_c7.png,9948,1,188,214,46.0,3
53,6_320x stock m270_4x obj_grid_r2_c7.png,9949,1,315,214,74.5,4
53,6_320x stock m270_4x obj_grid_r2_c7.png,9950,1,157,214,46.0,3
53,6_320x stock m270_4x obj_grid_r2_c7.png,9951,1,86,205,31.5,3
53,6_320x stock m270_4x obj_grid_r2_c7.png,9952,1,204,200,46.0,3
53,6_320x stock m270_4x obj_grid_r2_c7.png,9953,1,61,200,74.5,4
53,6_320x stock m270_4x obj_grid_r2_c7.png,9954,1,4,199,31.5,3
53,6_320x stock m270_4x obj_grid_r2_c7.png,9955,1,266,196,74.5,4
53,6_320x stock m270_4x obj_grid_r2_c7.png,9956,1,103,195,74.5,4
53,6_320x stock m270_4x obj_grid_r2_c7.png,9957,1,156,185,46.0,3
53,6_320x stock m270_4x obj_grid_r2_c7.png,9958,1,34,174,46.0,3
53,6_320x stock m270_4x obj_grid_r2_c7.png,9959,1,297,174,318.0,10
53,6_320x stock m270_4x obj_grid_r2_c7.png,9960,1,110,166,46.0,3
53,6_320x stock m270_4x obj_grid_r2_c7.png,9961,1,155,164,46.0,3
53,6_320x stock m270_4x obj_grid_r2_c7.png,9962,1,241,167,104.0,5
53,6_320x stock m270_4x obj_grid_r2_c7.png,9963,1,28,152,31.5,3
53,6_320x stock m270_4x obj_grid_r2_c7.png,9964,1,58,147,46.0,3
53,6_320x stock m270_4x obj_grid_r2_c7.png,9965,1,219,142,46.0,3
53,6_320x stock m270_4x obj_grid_r2_c7.png,9966,1,186,136,74.5,4
53,6_320x stock m270_4x obj_grid_r2_c7.png,9967,1,64,136,46.0,3
53,6_320x stock m270_4x obj_grid_r2_c7.png,9968,1,252,123,104.0,5
53,6_320x stock m270_4x obj_grid_r2_c7.png,9969,1,148,116,46.0,3
53,6_320x stock m270_4x obj_grid_r2_c7.png,9970,1,161,115,31.5,3
53,6_320x stock m270_4x obj_grid_r2_c7.png,9971,1,130,111,104.0,5
53,6_320x stock m270_4x obj_grid_r2_c7.png,9972,1,217,102,46.0,3
53,6_320x stock m270_4x obj_grid_r2_c7.png,9973,1,4,102,31.5,3
53,6_320x stock m270_4x obj_grid_r2_c7.png,9974,1,265,100,74.5,4
53,6_320x stock m270_4x obj_grid_r2_c7.png,9975,1,176,97,31.5,3
53,6_320x stock m270_4x obj_grid_r2_c7.png,9976,1,79,96,31.5,3
53,6_320x stock m270_4x obj_grid_r2_c7.png,9977,1,136,73,46.0,3
53,6_320x stock m270_4x obj_grid_r2_c7.png,9978,1,86,73,46.0,3
53,6_320x stock m270_4x obj_grid_r2_c7.png,9979,1,74,71,46.0,3
53,6_320x stock m270_4x obj_grid_r2_c7.png,9980,1,42,70,74.5,4
53,6_320x stock m270_4x obj_grid_r2_c7.png,9981,1,190,64,74.5,4
53,6_320x stock m270_4x obj_grid_r2_c7.png,9982,1,251,62,74.5,4
53,6_320x stock m270_4x obj_grid_r2_c7.png,9983,1,149,57,46.0,3
53,6_320x stock m270_4x obj_grid_r2_c7.png,9984,1,66,43,46.0,3
53,6_320x stock m270_4x obj_grid_r2_c7.png,9985,1,221,44,104.0,5
53,6_320x stock m270_4x obj_grid_r2_c7.png,9986,1,79,39,31.5,3
53,6_320x stock m270_4x obj_grid_r2_c7.png,9987,1,34,35,46.0,3
53,6_320x stock m270_4x obj_grid_r2_c7.png,9988,1,135,33,46.0,3
53,6_320x stock m270_4x obj_grid_r2_c7.png,9989,1,6,24,31.5,3
53,6_320x stock m270_4x obj_grid_r2_c7.png,9990,1,197,7,74.5,4
53,6_320x stock m270_4x obj_grid_r2_c7.png,9991,1,30,503,46.0,3
53,6_320x stock m270_4x obj_grid_r2_c7.png,9992,1,134,501,46.0,3
53,6_320x stock m270_4x obj_grid_r2_c7.png,9993,1,96,490,46.0,3
53,6_320x stock m270_4x obj_grid_r2_c7.png,9994,1,226,484,46.0,3
53,6_320x stock m270_4x obj_grid_r2_c7.png,9995,1,168,484,46.0,3
53,6_320x stock m270_4x obj_grid_r2_c7.png,9996,1,153,483,46.0,3
53,6_320x stock m270_4x obj_grid_r2_c7.png,9997,1,131,486,147.5,6
53,6_320x stock m270_4x obj_grid_r2_c7.png,9998,1,247,479,31.5,3
53,6_320x stock m270_4x obj_grid_r2_c7.png,9999,1,237,474,31.5,3
53,6_320x stock m270_4x obj_grid_r2_c7.png,10000,1,220,469,46.0,3
53,6_320x stock m270_4x obj_grid_r2_c7.png,10001,1,265,469,46.0,3
53,6_320x stock m270_4x obj_grid_r2_c7.png,10002,1,190,468,46.0,3
53,6_320x stock m270_4x obj_grid_r2_c7.png,10003,1,188,457,46.0,3
53,6_320x stock m270_4x obj_grid_r2_c7.png,10004,1,98,457,46.0,3
53,6_320x stock m270_4x obj_grid_r2_c7.png,10005,1,24,456,31.5,3
53,6_320x stock m270_4x obj_grid_r2_c7.png,10006,1,252,452,46.0,3
53,6_320x stock m270_4x obj_grid_r2_c7.png,10007,1,78,446,46.0,3
53,6_320x stock m270_4x obj_grid_r2_c7.png,10008,1,28,440,31.5,3
53,6_320x stock m270_4x obj_grid_r2_c7.png,10009,1,212,426,31.5,3
53,6_320x stock m270_4x obj_grid_r2_c7.png,10010,1,186,414,46.0,3
53,6_320x stock m270_4x obj_grid_r2_c7.png,10011,1,54,408,46.0,3
53,6_320x stock m270_4x obj_grid_r2_c7.png,10012,1,148,392,46.0,3
53,6_320x stock m270_4x obj_grid_r2_c7.png,10013,1,44,391,46.0,3
53,6_320x stock m270_4x obj_grid_r2_c7.png,10014,1,57,390,46.0,3
53,6_320x stock m270_4x obj_grid_r2_c7.png,10015,1,109,379,46.0,3
53,6_320x stock m270_4x obj_grid_r2_c7.png,10016,1,184,371,46.0,3
53,6_320x stock m270_4x obj_grid_r2_c7.png,10017,1,212,364,46.0,3
53,6_320x stock m270_4x obj_grid_r2_c7.png,10018,1,55,363,46.0,3
53,6_320x stock m270_4x obj_grid_r2_c7.png,10019,1,110,357,46.0,3
53,6_320x stock m270_4x obj_grid_r2_c7.png,10020,1,130,355,46.0,3
53,6_320x stock m270_4x obj_grid_r2_c7.png,10021,1,68,349,31.5,3
53,6_320x stock m270_4x obj_grid_r2_c7.png,10022,1,176,337,46.0,3
53,6_320x stock m270_4x obj_grid_r2_c7.png,10023,1,143,334,74.5,4
53,6_320x stock m270_4x obj_grid_r2_c7.png,10024,1,112,322,74.5,4
53,6_320x stock m270_4x obj_grid_r2_c7.png,10025,1,66,318,74.5,4
53,6_320x stock m270_4x obj_grid_r2_c7.png,10026,1,134,316,46.0,3
53,6_320x stock m270_4x obj_grid_r2_c7.png,10027,1,248,313,46.0,3
53,6_320x stock m270_4x obj_grid_r2_c7.png,10028,1,35,309,46.0,3
53,6_320x stock m270_4x obj_grid_r2_c7.png,10029,1,102,307,104.0,5
53,6_320x stock m270_4x obj_grid_r2_c7.png,10030,1,133,304,46.0,3
53,6_320x stock m270_4x obj_grid_r2_c7.png,10031,1,60,303,46.0,3
53,6_320x stock m270_4x obj_grid_r2_c7.png,10032,1,130,297,31.5,3
53,6_320x stock m270_4x obj_grid_r2_c7.png,10033,1,156,297,46.0,3
53,6_320x stock m270_4x obj_grid_r2_c7.png,10034,1,250,293,46.0,3
53,6_320x stock m270_4x obj_grid_r2_c7.png,10035,1,53,282,46.0,3
53,6_320x stock m270_4x obj_grid_r2_c7.png,10036,1,178,281,46.0,3
53,6_320x stock m270_4x obj_grid_r2_c7.png,10037,1,63,274,46.0,3
53,6_320x stock m270_4x obj_grid_r2_c7.png,10038,1,52,267,46.0,3
53,6_320x stock m270_4x obj_grid_r2_c7.png,10039,1,33,258,74.5,4
53,6_320x stock m270_4x obj_grid_r2_c7.png,10040,1,167,253,74.5,4
53,6_320x stock m270_4x obj_grid_r2_c7.png,10041,1,186,244,74.5,4
53,6_320x stock m270_4x obj_grid_r2_c7.png,10042,1,178,224,74.5,4
53,6_320x stock m270_4x obj_grid_r2_c7.png,10043,1,109,218,46.0,3
53,6_320x stock m270_4x obj_grid_r2_c7.png,10044,1,9,173,74.5,4
53,6_320x stock m270_4x obj_grid_r2_c7.png,10045,1,41,156,46.0,3
53,6_320x stock m270_4x obj_grid_r2_c7.png,10046,1,83,140,46.0,3
53,6_320x stock m270_4x obj_grid_r2_c7.png,10047,1,71,507,43.0,3
53,6_320x stock m270_4x obj_grid_r2_c7.png,10048,1,148,507,46.0,3
53,6_320x stock m270_4x obj_grid_r2_c7.png,10049,1,162,504,46.0,3
53,6_320x stock m270_4x obj_grid_r2_c7.png,10050,1,123,438,46.0,3
53,6_320x stock m270_4x obj_grid_r2_c7.png,10051,1,79,419,46.0,3
53,6_320x stock m270_4x obj_grid_r2_c7.png,10052,1,36,416,46.0,3
53,6_320x stock m270_4x obj_grid_r2_c7.png,10053,1,120,399,74.5,4
53,6_320x stock m270_4x obj_grid_r2_c7.png,10054,1,339,356,190.0,7
53,6_320x stock m270_4x obj_grid_r2_c7.png,10055,1,92,354,46.0,3
53,6_320x stock m270_4x obj_grid_r2_c7.png,10056,1,89,336,46.0,3
53,6_320x stock m270_4x obj_grid_r2_c7.png,10057,1,5,326,46.0,3
53,6_320x stock m270_4x obj_grid_r2_c7.png,10058,1,224,66,74.5,4
53,6_320x stock m270_4x obj_grid_r2_c7.png,10059,1,184,398,147.5,6
53,6_320x stock m270_4x obj_grid_r2_c7.png,10060,1,64,377,74.5,4
53,6_320x stock m270_4x obj_grid_r2_c7.png,10061,1,147,453,190.0,7
53,6_320x stock m270_4x obj_grid_r2_c7.png,10062,1,82,238,147.5,6
53,6_320x stock m270_4x obj_grid_r2_c7.png,10063,1,91,179,190.0,7
54,6_320x stock m270_4x obj_grid_r3_c0.png,10064,1,57,498,46.0,3
54,6_320x stock m270_4x obj_grid_r3_c0.png,10065,1,117,495,147.5,6
54,6_320x stock m270_4x obj_grid_r3_c0.png,10066,1,61,455,104.0,5
54,6_320x stock m270_4x obj_grid_r3_c0.png,10067,1,73,406,74.5,4
54,6_320x stock m270_4x obj_grid_r3_c0.png,10068,1,46,272,46.0,3
54,6_320x stock m270_4x obj_grid_r3_c0.png,10069,1,156,245,46.0,3
54,6_320x stock m270_4x obj_grid_r3_c0.png,10070,1,51,156,46.0,3
54,6_320x stock m270_4x obj_grid_r3_c0.png,10071,1,172,490,31.5,3
54,6_320x stock m270_4x obj_grid_r3_c0.png,10072,1,65,478,104.0,5
54,6_320x stock m270_4x obj_grid_r3_c0.png,10073,1,59,405,46.0,3
54,6_320x stock m270_4x obj_grid_r3_c0.png,10074,1,252,350,74.5,4
54,6_320x stock m270_4x obj_grid_r3_c0.png,10075,1,136,260,46.0,3
54,6_320x stock m270_4x obj_grid_r3_c0.png,10076,1,97,229,74.5,4
54,6_320x stock m270_4x obj_grid_r3_c0.png,10077,1,26,220,46.0,3
54,6_320x stock m270_4x obj_grid_r3_c0.png,10078,1,114,186,46.0,3
54,6_320x stock m270_4x obj_grid_r3_c0.png,10079,1,16,59,46.0,3
54,6_320x stock m270_4x obj_grid_r3_c0.png,10080,1,163,473,31.5,3
54,6_320x stock m270_4x obj_grid_r3_c0.png,10081,1,77,471,74.5,4
54,6_320x stock m270_4x obj_grid_r3_c0.png,10082,1,74,448,31.5,3
54,6_320x stock m270_4x obj_grid_r3_c0.png,10083,1,79,426,31.5,3
54,6_320x stock m270_4x obj_grid_r3_c0.png,10084,1,342,421,31.5,3
54,6_320x stock m270_4x obj_grid_r3_c0.png,10085,1,51,395,46.0,3
54,6_320x stock m270_4x obj_grid_r3_c0.png,10086,1,92,391,46.0,3
54,6_320x stock m270_4x obj_grid_r3_c0.png,10087,1,37,341,74.5,4
54,6_320x stock m270_4x obj_grid_r3_c0.png,10088,1,41,307,46.0,3
54,6_320x stock m270_4x obj_grid_r3_c0.png,10089,1,173,235,31.5,3
54,6_320x stock m270_4x obj_grid_r3_c0.png,10090,1,57,126,31.5,3
54,6_320x stock m270_4x obj_grid_r3_c0.png,10091,1,167,445,46.0,3
54,6_320x stock m270_4x obj_grid_r3_c0.png,10092,1,104,384,31.5,3
54,6_320x stock m270_4x obj_grid_r3_c0.png,10093,1,51,337,46.0,3
54,6_320x stock m270_4x obj_grid_r3_c0.png,10094,1,106,254,147.5,6
54,6_320x stock m270_4x obj_grid_r3_c0.png,10095,1,139,125,31.5,3
54,6_320x stock m270_4x obj_grid_r3_c0.png,10096,1,17,102,74.5,4
54,6_320x stock m270_4x obj_grid_r3_c0.png,10097,1,61,85,74.5,4
54,6_320x stock m270_4x obj_grid_r3_c0.png,10098,1,50,44,104.0,5
54,6_320x stock m270_4x obj_grid_r3_c0.png,10099,1,137,39,31.5,3
54,6_320x stock m270_4x obj_grid_r3_c0.png,10100,1,99,405,74.5,4
54,6_320x stock m270_4x obj_grid_r3_c0.png,10101,1,127,396,74.5,4
54,6_320x stock m270_4x obj_grid_r3_c0.png,10102,1,181,384,147.5,6
54,6_320x stock m270_4x obj_grid_r3_c0.png,10103,1,324,379,31.5,3
54,6_320x stock m270_4x obj_grid_r3_c0.png,10104,1,91,363,104.0,5
54,6_320x stock m270_4x obj_grid_r3_c0.png,10105,1,116,358,46.0,3
54,6_320x stock m270_4x obj_grid_r3_c0.png,10106,1,94,329,46.0,3
54,6_320x stock m270_4x obj_grid_r3_c0.png,10107,1,133,321,190.0,7
54,6_320x stock m270_4x obj_grid_r3_c0.png,10108,1,253,316,104.0,5
54,6_320x stock m270_4x obj_grid_r3_c0.png,10109,1,88,296,74.5,4
54,6_320x stock m270_4x obj_grid_r3_c0.png,10110,1,200,261,74.5,4
54,6_320x stock m270_4x obj_grid_r3_c0.png,10111,1,271,247,31.5,3
54,6_320x stock m270_4x obj_grid_r3_c0.png,10112,1,50,238,46.0,3
54,6_320x stock m270_4x obj_grid_r3_c0.png,10113,1,65,226,74.5,4
54,6_320x stock m270_4x obj_grid_r3_c0.png,10114,1,37,185,104.0,5
54,6_320x stock m270_4x obj_grid_r3_c0.png,10115,1,310,167,74.5,4
54,6_320x stock m270_4x obj_grid_r3_c0.png,10116,1,25,144,46.0,3
54,6_320x stock m270_4x obj_grid_r3_c0.png,10117,1,353,135,46.0,3
54,6_320x stock m270_4x obj_grid_r3_c0.png,10118,1,12,130,147.5,6
54,6_320x stock m270_4x obj_grid_r3_c0.png,10119,1,41,123,46.0,3
54,6_320x stock m270_4x obj_grid_r3_c0.png,10120,1,42,65,46.0,3
54,6_320x stock m270_4x obj_grid_r3_c0.png,10121,1,82,44,46.0,3
54,6_320x stock m270_4x obj_grid_r3_c0.png,10122,1,52,10,31.5,3
54,6_320x stock m270_4x obj_grid_r3_c0.png,10123,1,241,466,46.0,3
54,6_320x stock m270_4x obj_grid_r3_c0.png,10124,1,191,457,46.0,3
54,6_320x stock m270_4x obj_grid_r3_c0.png,10125,1,175,453,46.0,3
54,6_320x stock m270_4x obj_grid_r3_c0.png,10126,1,189,399,31.5,3
54,6_320x stock m270_4x obj_grid_r3_c0.png,10127,1,133,354,46.0,3
54,6_320x stock m270_4x obj_grid_r3_c0.png,10128,1,160,353,46.0,3
54,6_320x stock m270_4x obj_grid_r3_c0.png,10129,1,111,319,46.0,3
54,6_320x stock m270_4x obj_grid_r3_c0.png,10130,1,133,297,46.0,3
54,6_320x stock m270_4x obj_grid_r3_c0.png,10131,1,83,276,74.5,4
54,6_320x stock m270_4x obj_grid_r3_c0.png,10132,1,111,270,74.5,4
54,6_320x stock m270_4x obj_grid_r3_c0.png,10133,1,98,209,31.5,3
54,6_320x stock m270_4x obj_grid_r3_c0.png,10134,1,208,167,74.5,4
54,6_320x stock m270_4x obj_grid_r3_c0.png,10135,1,98,159,104.0,5
54,6_320x stock m270_4x obj_grid_r3_c0.png,10136,1,290,136,74.5,4
54,6_320x stock m270_4x obj_grid_r3_c0.png,10137,1,135,69,104.0,5
54,6_320x stock m270_4x obj_grid_r3_c0.png,10138,1,204,475,46.0,3
54,6_320x stock m270_4x obj_grid_r3_c0.png,10139,1,368,390,31.5,3
54,6_320x stock m270_4x obj_grid_r3_c0.png,10140,1,128,370,104.0,5
54,6_320x stock m270_4x obj_grid_r3_c0.png,10141,1,347,360,74.5,4
54,6_320x stock m270_4x obj_grid_r3_c0.png,10142,1,148,344,74.5,4
54,6_320x stock m270_4x obj_grid_r3_c0.png,10143,1,159,322,74.5,4
54,6_320x stock m270_4x obj_grid_r3_c0.png,10144,1,172,315,74.5,4
54,6_320x stock m270_4x obj_grid_r3_c0.png,10145,1,150,299,46.0,3
54,6_320x stock m270_4x obj_grid_r3_c0.png,10146,1,128,280,74.5,4
54,6_320x stock m270_4x obj_grid_r3_c0.png,10147,1,407,237,31.5,3
54,6_320x stock m270_4x obj_grid_r3_c0.png,10148,1,323,207,46.0,3
54,6_320x stock m270_4x obj_grid_r3_c0.png,10149,1,345,202,46.0,3
54,6_320x stock m270_4x obj_grid_r3_c0.png,10150,1,330,98,74.5,4
54,6_320x stock m270_4x obj_grid_r3_c0.png,10151,1,112,62,46.0,3
54,6_320x stock m270_4x obj_grid_r3_c0.png,10152,1,98,59,46.0,3
54,6_320x stock m270_4x obj_grid_r3_c0.png,10153,1,193,43,104.0,5
54,6_320x stock m270_4x obj_grid_r3_c0.png,10154,1,403,505,74.5,4
54,6_320x stock m270_4x obj_grid_r3_c0.png,10155,1,379,459,366.0,10
54,6_320x stock m270_4x obj_grid_r3_c0.png,10156,1,331,432,74.5,4
54,6_320x stock m270_4x obj_grid_r3_c0.png,10157,1,222,408,46.0,3
54,6_320x stock m270_4x obj_grid_r3_c0.png,10158,1,219,397,46.0,3
54,6_320x stock m270_4x obj_grid_r3_c0.png,10159,1,231,387,46.0,3
54,6_320x stock m270_4x obj_grid_r3_c0.png,10160,1,234,366,46.0,3
54,6_320x stock m270_4x obj_grid_r3_c0.png,10161,1,432,362,104.0,5
54,6_320x stock m270_4x obj_grid_r3_c0.png,10162,1,208,356,74.5,4
54,6_320x stock m270_4x obj_grid_r3_c0.png,10163,1,294,341,31.5,3
54,6_320x stock m270_4x obj_grid_r3_c0.png,10164,1,210,307,31.5,3
54,6_320x stock m270_4x obj_grid_r3_c0.png,10165,1,186,294,104.0,5
54,6_320x stock m270_4x obj_grid_r3_c0.png,10166,1,439,264,74.5,4
54,6_320x stock m270_4x obj_grid_r3_c0.png,10167,1,175,252,46.0,3
54,6_320x stock m270_4x obj_grid_r3_c0.png,10168,1,149,227,74.5,4
54,6_320x stock m270_4x obj_grid_r3_c0.png,10169,1,117,216,74.5,4
54,6_320x stock m270_4x obj_grid_r3_c0.png,10170,1,199,176,46.0,3
54,6_320x stock m270_4x obj_grid_r3_c0.png,10171,1,158,177,46.0,3
54,6_320x stock m270_4x obj_grid_r3_c0.png,10172,1,144,175,74.5,4
54,6_320x stock m270_4x obj_grid_r3_c0.png,10173,1,172,164,46.0,3
54,6_320x stock m270_4x obj_grid_r3_c0.png,10174,1,118,159,46.0,3
54,6_320x stock m270_4x obj_grid_r3_c0.png,10175,1,462,138,74.5,4
54,6_320x stock m270_4x obj_grid_r3_c0.png,10176,1,150,139,74.5,4
54,6_320x stock m270_4x obj_grid_r3_c0.png,10177,1,374,119,46.0,3
54,6_320x stock m270_4x obj_grid_r3_c0.png,10178,1,189,119,46.0,3
54,6_320x stock m270_4x obj_grid_r3_c0.png,10179,1,155,93,31.5,3
54,6_320x stock m270_4x obj_grid_r3_c0.png,10180,1,106,89,74.5,4
54,6_320x stock m270_4x obj_grid_r3_c0.png,10181,1,142,86,46.0,3
54,6_320x stock m270_4x obj_grid_r3_c0.png,10182,1,171,81,31.5,3
54,6_320x stock m270_4x obj_grid_r3_c0.png,10183,1,152,66,31.5,3
54,6_320x stock m270_4x obj_grid_r3_c0.png,10184,1,277,43,46.0,3
54,6_320x stock m270_4x obj_grid_r3_c0.png,10185,1,438,33,74.5,4
54,6_320x stock m270_4x obj_grid_r3_c0.png,10186,1,102,34,74.5,4
54,6_320x stock m270_4x obj_grid_r3_c0.png,10187,1,140,11,31.5,3
54,6_320x stock m270_4x obj_grid_r3_c0.png,10188,1,116,7,46.0,3
54,6_320x stock m270_4x obj_grid_r3_c0.png,10189,1,185,8,31.5,3
54,6_320x stock m270_4x obj_grid_r3_c0.png,10190,1,289,496,46.0,3
54,6_320x stock m270_4x obj_grid_r3_c0.png,10191,1,327,495,31.5,3
54,6_320x stock m270_4x obj_grid_r3_c0.png,10192,1,280,484,74.5,4
54,6_320x stock m270_4x obj_grid_r3_c0.png,10193,1,242,431,74.5,4
54,6_320x stock m270_4x obj_grid_r3_c0.png,10194,1,363,427,74.5,4
54,6_320x stock m270_4x obj_grid_r3_c0.png,10195,1,338,410,46.0,3
54,6_320x stock m270_4x obj_grid_r3_c0.png,10196,1,252,396,147.5,6
54,6_320x stock m270_4x obj_grid_r3_c0.png,10197,1,288,391,46.0,3
54,6_320x stock m270_4x obj_grid_r3_c0.png,10198,1,328,393,31.5,3
54,6_320x stock m270_4x obj_grid_r3_c0.png,10199,1,276,384,46.0,3
54,6_320x stock m270_4x obj_grid_r3_c0.png,10200,1,219,380,74.5,4
54,6_320x stock m270_4x obj_grid_r3_c0.png,10201,1,259,373,31.5,3
54,6_320x stock m270_4x obj_grid_r3_c0.png,10202,1,392,368,46.0,3
54,6_320x stock m270_4x obj_grid_r3_c0.png,10203,1,362,366,74.5,4
54,6_320x stock m270_4x obj_grid_r3_c0.png,10204,1,303,361,31.5,3
54,6_320x stock m270_4x obj_grid_r3_c0.png,10205,1,315,356,46.0,3
54,6_320x stock m270_4x obj_grid_r3_c0.png,10206,1,278,346,31.5,3
54,6_320x stock m270_4x obj_grid_r3_c0.png,10207,1,224,328,74.5,4
54,6_320x stock m270_4x obj_grid_r3_c0.png,10208,1,288,298,31.5,3
54,6_320x stock m270_4x obj_grid_r3_c0.png,10209,1,270,297,46.0,3
54,6_320x stock m270_4x obj_grid_r3_c0.png,10210,1,215,292,74.5,4
54,6_320x stock m270_4x obj_grid_r3_c0.png,10211,1,231,281,31.5,3
54,6_320x stock m270_4x obj_grid_r3_c0.png,10212,1,251,274,46.0,3
54,6_320x stock m270_4x obj_grid_r3_c0.png,10213,1,228,263,46.0,3
54,6_320x stock m270_4x obj_grid_r3_c0.png,10214,1,242,146,46.0,3
54,6_320x stock m270_4x obj_grid_r3_c0.png,10215,1,213,142,46.0,3
54,6_320x stock m270_4x obj_grid_r3_c0.png,10216,1,169,118,46.0,3
54,6_320x stock m270_4x obj_grid_r3_c0.png,10217,1,211,114,31.5,3
54,6_320x stock m270_4x obj_grid_r3_c0.png,10218,1,198,112,31.5,3
54,6_320x stock m270_4x obj_grid_r3_c0.png,10219,1,231,108,46.0,3
54,6_320x stock m270_4x obj_grid_r3_c0.png,10220,1,125,99,74.5,4
54,6_320x stock m270_4x obj_grid_r3_c0.png,10221,1,239,88,31.5,3
54,6_320x stock m270_4x obj_grid_r3_c0.png,10222,1,199,85,74.5,4
54,6_320x stock m270_4x obj_grid_r3_c0.png,10223,1,213,48,46.0,3
54,6_320x stock m270_4x obj_grid_r3_c0.png,10224,1,217,35,46.0,3
54,6_320x stock m270_4x obj_grid_r3_c0.png,10225,1,304,35,31.5,3
54,6_320x stock m270_4x obj_grid_r3_c0.png,10226,1,213,22,46.0,3
54,6_320x stock m270_4x obj_grid_r3_c0.png,10227,1,125,16,46.0,3
54,6_320x stock m270_4x obj_grid_r3_c0.png,10228,1,233,11,31.5,3
54,6_320x stock m270_4x obj_grid_r3_c0.png,10229,1,363,502,31.5,3
54,6_320x stock m270_4x obj_grid_r3_c0.png,10230,1,410,484,104.0,5
54,6_320x stock m270_4x obj_grid_r3_c0.png,10231,1,347,479,46.0,3
54,6_320x stock m270_4x obj_grid_r3_c0.png,10232,1,279,465,74.5,4
54,6_320x stock m270_4x obj_grid_r3_c0.png,10233,1,381,432,46.0,3
54,6_320x stock m270_4x obj_grid_r3_c0.png,10234,1,401,429,31.5,3
54,6_320x stock m270_4x obj_grid_r3_c0.png,10235,1,437,428,104.0,5
54,6_320x stock m270_4x obj_grid_r3_c0.png,10236,1,389,420,31.5,3
54,6_320x stock m270_4x obj_grid_r3_c0.png,10237,1,308,393,46.0,3
54,6_320x stock m270_4x obj_grid_r3_c0.png,10238,1,345,346,46.0,3
54,6_320x stock m270_4x obj_grid_r3_c0.png,10239,1,238,341,74.5,4
54,6_320x stock m270_4x obj_grid_r3_c0.png,10240,1,346,317,46.0,3
54,6_320x stock m270_4x obj_grid_r3_c0.png,10241,1,269,310,46.0,3
54,6_320x stock m270_4x obj_grid_r3_c0.png,10242,1,277,277,74.5,4
54,6_320x stock m270_4x obj_grid_r3_c0.png,10243,1,319,270,31.5,3
54,6_320x stock m270_4x obj_grid_r3_c0.png,10244,1,428,262,46.0,3
54,6_320x stock m270_4x obj_grid_r3_c0.png,10245,1,317,244,46.0,3
54,6_320x stock m270_4x obj_grid_r3_c0.png,10246,1,300,234,46.0,3
54,6_320x stock m270_4x obj_grid_r3_c0.png,10247,1,355,234,46.0,3
54,6_320x stock m270_4x obj_grid_r3_c0.png,10248,1,326,229,46.0,3
54,6_320x stock m270_4x obj_grid_r3_c0.png,10249,1,402,209,46.0,3
54,6_320x stock m270_4x obj_grid_r3_c0.png,10250,1,337,192,46.0,3
54,6_320x stock m270_4x obj_grid_r3_c0.png,10251,1,240,193,74.5,4
54,6_320x stock m270_4x obj_grid_r3_c0.png,10252,1,272,192,46.0,3
54,6_320x stock m270_4x obj_grid_r3_c0.png,10253,1,261,177,31.5,3
54,6_320x stock m270_4x obj_grid_r3_c0.png,10254,1,279,174,46.0,3
54,6_320x stock m270_4x obj_grid_r3_c0.png,10255,1,236,173,74.5,4
54,6_320x stock m270_4x obj_grid_r3_c0.png,10256,1,294,166,46.0,3
54,6_320x stock m270_4x obj_grid_r3_c0.png,10257,1,276,155,46.0,3
54,6_320x stock m270_4x obj_grid_r3_c0.png,10258,1,260,154,46.0,3
54,6_320x stock m270_4x obj_grid_r3_c0.png,10259,1,266,142,46.0,3
54,6_320x stock m270_4x obj_grid_r3_c0.png,10260,1,333,137,46.0,3
54,6_320x stock m270_4x obj_grid_r3_c0.png,10261,1,266,128,46.0,3
54,6_320x stock m270_4x obj_grid_r3_c0.png,10262,1,265,115,46.0,3
54,6_320x stock m270_4x obj_grid_r3_c0.png,10263,1,313,91,31.5,3
54,6_320x stock m270_4x obj_grid_r3_c0.png,10264,1,226,86,46.0,3
54,6_320x stock m270_4x obj_grid_r3_c0.png,10265,1,491,85,31.5,3
54,6_320x stock m270_4x obj_grid_r3_c0.png,10266,1,288,68,46.0,3
54,6_320x stock m270_4x obj_grid_r3_c0.png,10267,1,200,69,46.0,3
54,6_320x stock m270_4x obj_grid_r3_c0.png,10268,1,256,61,31.5,3
54,6_320x stock m270_4x obj_grid_r3_c0.png,10269,1,289,52,31.5,3
54,6_320x stock m270_4x obj_grid_r3_c0.png,10270,1,328,44,31.5,3
54,6_320x stock m270_4x obj_grid_r3_c0.png,10271,1,296,44,31.5,3
54,6_320x stock m270_4x obj_grid_r3_c0.png,10272,1,226,44,46.0,3
54,6_320x stock m270_4x obj_grid_r3_c0.png,10273,1,233,27,46.0,3
54,6_320x stock m270_4x obj_grid_r3_c0.png,10274,1,255,25,46.0,3
54,6_320x stock m270_4x obj_grid_r3_c0.png,10275,1,271,20,46.0,3
54,6_320x stock m270_4x obj_grid_r3_c0.png,10276,1,264,16,31.5,3
54,6_320x stock m270_4x obj_grid_r3_c0.png,10277,1,244,10,31.5,3
54,6_320x stock m270_4x obj_grid_r3_c0.png,10278,1,383,478,46.0,3
54,6_320x stock m270_4x obj_grid_r3_c0.png,10279,1,411,446,46.0,3
54,6_320x stock m270_4x obj_grid_r3_c0.png,10280,1,391,389,46.0,3
54,6_320x stock m270_4x obj_grid_r3_c0.png,10281,1,504,370,31.5,3
54,6_320x stock m270_4x obj_grid_r3_c0.png,10282,1,471,366,31.5,3
54,6_320x stock m270_4x obj_grid_r3_c0.png,10283,1,421,326,46.0,3
54,6_320x stock m270_4x obj_grid_r3_c0.png,10284,1,430,318,46.0,3
54,6_320x stock m270_4x obj_grid_r3_c0.png,10285,1,420,313,46.0,3
54,6_320x stock m270_4x obj_grid_r3_c0.png,10286,1,431,305,46.0,3
54,6_320x stock m270_4x obj_grid_r3_c0.png,10287,1,370,297,31.5,3
54,6_320x stock m270_4x obj_grid_r3_c0.png,10288,1,354,279,31.5,3
54,6_320x stock m270_4x obj_grid_r3_c0.png,10289,1,296,277,74.5,4
54,6_320x stock m270_4x obj_grid_r3_c0.png,10290,1,409,274,46.0,3
54,6_320x stock m270_4x obj_grid_r3_c0.png,10291,1,419,256,46.0,3
54,6_320x stock m270_4x obj_grid_r3_c0.png,10292,1,372,255,46.0,3
54,6_320x stock m270_4x obj_grid_r3_c0.png,10293,1,341,251,74.5,4
54,6_320x stock m270_4x obj_grid_r3_c0.png,10294,1,367,243,46.0,3
54,6_320x stock m270_4x obj_grid_r3_c0.png,10295,1,423,237,31.5,3
54,6_320x stock m270_4x obj_grid_r3_c0.png,10296,1,448,227,46.0,3
54,6_320x stock m270_4x obj_grid_r3_c0.png,10297,1,398,219,31.5,3
54,6_320x stock m270_4x obj_grid_r3_c0.png,10298,1,259,210,74.5,4
54,6_320x stock m270_4x obj_grid_r3_c0.png,10299,1,355,206,46.0,3
54,6_320x stock m270_4x obj_grid_r3_c0.png,10300,1,379,175,46.0,3
54,6_320x stock m270_4x obj_grid_r3_c0.png,10301,1,420,170,31.5,3
54,6_320x stock m270_4x obj_grid_r3_c0.png,10302,1,409,169,46.0,3
54,6_320x stock m270_4x obj_grid_r3_c0.png,10303,1,435,157,74.5,4
54,6_320x stock m270_4x obj_grid_r3_c0.png,10304,1,354,151,31.5,3
54,6_320x stock m270_4x obj_grid_r3_c0.png,10305,1,432,145,46.0,3
54,6_320x stock m270_4x obj_grid_r3_c0.png,10306,1,307,139,74.5,4
54,6_320x stock m270_4x obj_grid_r3_c0.png,10307,1,409,133,31.5,3
54,6_320x stock m270_4x obj_grid_r3_c0.png,10308,1,428,132,46.0,3
54,6_320x stock m270_4x obj_grid_r3_c0.png,10309,1,441,124,46.0,3
54,6_320x stock m270_4x obj_grid_r3_c0.png,10310,1,421,124,31.5,3
54,6_320x stock m270_4x obj_grid_r3_c0.png,10311,1,343,123,46.0,3
54,6_320x stock m270_4x obj_grid_r3_c0.png,10312,1,312,117,46.0,3
54,6_320x stock m270_4x obj_grid_r3_c0.png,10313,1,366,113,31.5,3
54,6_320x stock m270_4x obj_grid_r3_c0.png,10314,1,385,107,46.0,3
54,6_320x stock m270_4x obj_grid_r3_c0.png,10315,1,421,103,46.0,3
54,6_320x stock m270_4x obj_grid_r3_c0.png,10316,1,300,100,46.0,3
54,6_320x stock m270_4x obj_grid_r3_c0.png,10317,1,277,94,74.5,4
54,6_320x stock m270_4x obj_grid_r3_c0.png,10318,1,405,93,46.0,3
54,6_320x stock m270_4x obj_grid_r3_c0.png,10319,1,340,89,31.5,3
54,6_320x stock m270_4x obj_grid_r3_c0.png,10320,1,381,88,46.0,3
54,6_320x stock m270_4x obj_grid_r3_c0.png,10321,1,400,84,46.0,3
54,6_320x stock m270_4x obj_grid_r3_c0.png,10322,1,362,78,46.0,3
54,6_320x stock m270_4x obj_grid_r3_c0.png,10323,1,319,71,31.5,3
54,6_320x stock m270_4x obj_grid_r3_c0.png,10324,1,437,63,31.5,3
54,6_320x stock m270_4x obj_grid_r3_c0.png,10325,1,500,51,31.5,3
54,6_320x stock m270_4x obj_grid_r3_c0.png,10326,1,381,50,46.0,3
54,6_320x stock m270_4x obj_grid_r3_c0.png,10327,1,472,48,46.0,3
54,6_320x stock m270_4x obj_grid_r3_c0.png,10328,1,350,47,31.5,3
54,6_320x stock m270_4x obj_grid_r3_c0.png,10329,1,480,43,46.0,3
54,6_320x stock m270_4x obj_grid_r3_c0.png,10330,1,465,40,46.0,3
54,6_320x stock m270_4x obj_grid_r3_c0.png,10331,1,404,39,104.0,5
54,6_320x stock m270_4x obj_grid_r3_c0.png,10332,1,349,25,46.0,3
54,6_320x stock m270_4x obj_grid_r3_c0.png,10333,1,287,9,46.0,3
54,6_320x stock m270_4x obj_grid_r3_c0.png,10334,1,491,499,46.0,3
54,6_320x stock m270_4x obj_grid_r3_c0.png,10335,1,507,498,31.5,3
54,6_320x stock m270_4x obj_grid_r3_c0.png,10336,1,444,463,74.5,4
54,6_320x stock m270_4x obj_grid_r3_c0.png,10337,1,497,454,46.0,3
54,6_320x stock m270_4x obj_grid_r3_c0.png,10338,1,427,449,46.0,3
54,6_320x stock m270_4x obj_grid_r3_c0.png,10339,1,486,442,46.0,3
54,6_320x stock m270_4x obj_grid_r3_c0.png,10340,1,496,421,46.0,3
54,6_320x stock m270_4x obj_grid_r3_c0.png,10341,1,455,398,46.0,3
54,6_320x stock m270_4x obj_grid_r3_c0.png,10342,1,468,385,46.0,3
54,6_320x stock m270_4x obj_grid_r3_c0.png,10343,1,454,378,46.0,3
54,6_320x stock m270_4x obj_grid_r3_c0.png,10344,1,488,364,46.0,3
54,6_320x stock m270_4x obj_grid_r3_c0.png,10345,1,476,347,46.0,3
54,6_320x stock m270_4x obj_grid_r3_c0.png,10346,1,439,334,46.0,3
54,6_320x stock m270_4x obj_grid_r3_c0.png,10347,1,503,320,46.0,3
54,6_320x stock m270_4x obj_grid_r3_c0.png,10348,1,488,308,46.0,3
54,6_320x stock m270_4x obj_grid_r3_c0.png,10349,1,401,307,46.0,3
54,6_320x stock m270_4x obj_grid_r3_c0.png,10350,1,453,306,46.0,3
54,6_320x stock m270_4x obj_grid_r3_c0.png,10351,1,444,301,46.0,3
54,6_320x stock m270_4x obj_grid_r3_c0.png,10352,1,468,300,46.0,3
54,6_320x stock m270_4x obj_grid_r3_c0.png,10353,1,421,279,46.0,3
54,6_320x stock m270_4x obj_grid_r3_c0.png,10354,1,343,277,31.5,3
54,6_320x stock m270_4x obj_grid_r3_c0.png,10355,1,474,249,46.0,3
54,6_320x stock m270_4x obj_grid_r3_c0.png,10356,1,332,220,46.0,3
54,6_320x stock m270_4x obj_grid_r3_c0.png,10357,1,498,214,46.0,3
54,6_320x stock m270_4x obj_grid_r3_c0.png,10358,1,457,200,46.0,3
54,6_320x stock m270_4x obj_grid_r3_c0.png,10359,1,375,194,46.0,3
54,6_320x stock m270_4x obj_grid_r3_c0.png,10360,1,424,190,46.0,3
54,6_320x stock m270_4x obj_grid_r3_c0.png,10361,1,434,186,31.5,3
54,6_320x stock m270_4x obj_grid_r3_c0.png,10362,1,395,178,74.5,4
54,6_320x stock m270_4x obj_grid_r3_c0.png,10363,1,496,174,46.0,3
54,6_320x stock m270_4x obj_grid_r3_c0.png,10364,1,401,160,46.0,3
54,6_320x stock m270_4x obj_grid_r3_c0.png,10365,1,451,146,46.0,3
54,6_320x stock m270_4x obj_grid_r3_c0.png,10366,1,400,145,46.0,3
54,6_320x stock m270_4x obj_grid_r3_c0.png,10367,1,502,128,46.0,3
54,6_320x stock m270_4x obj_grid_r3_c0.png,10368,1,448,115,46.0,3
54,6_320x stock m270_4x obj_grid_r3_c0.png,10369,1,453,97,74.5,4
54,6_320x stock m270_4x obj_grid_r3_c0.png,10370,1,469,96,46.0,3
54,6_320x stock m270_4x obj_grid_r3_c0.png,10371,1,477,80,46.0,3
54,6_320x stock m270_4x obj_grid_r3_c0.png,10372,1,385,62,46.0,3
54,6_320x stock m270_4x obj_grid_r3_c0.png,10373,1,492,30,46.0,3
54,6_320x stock m270_4x obj_grid_r3_c0.png,10374,1,489,19,46.0,3
54,6_320x stock m270_4x obj_grid_r3_c0.png,10375,1,405,8,46.0,3
54,6_320x stock m270_4x obj_grid_r3_c0.png,10376,1,460,417,147.5,6
54,6_320x stock m270_4x obj_grid_r3_c0.png,10377,1,501,356,46.0,3
54,6_320x stock m270_4x obj_grid_r3_c0.png,10378,1,452,336,46.0,3
54,6_320x stock m270_4x obj_grid_r3_c0.png,10379,1,494,476,147.5,6
54,6_320x stock m270_4x obj_grid_r3_c0.png,10380,1,411,396,190.0,7
55,7_5120x stock m270_4xobj_4_grid_r0_c3.png,10381,1,247,277,46.0,3
55,7_5120x stock m270_4xobj_4_grid_r0_c3.png,10382,1,56,197,31.5,3
55,7_5120x stock m270_4xobj_4_grid_r0_c3.png,10383,1,404,165,31.5,3
55,7_5120x stock m270_4xobj_4_grid_r0_c3.png,10384,1,180,106,46.0,3
55,7_5120x stock m270_4xobj_4_grid_r0_c3.png,10385,1,130,83,31.5,3
55,7_5120x stock m270_4xobj_4_grid_r0_c3.png,10386,1,355,58,46.0,3
55,7_5120x stock m270_4xobj_4_grid_r0_c3.png,10387,1,113,218,46.0,3
55,7_5120x stock m270_4xobj_4_grid_r0_c3.png,10388,1,423,177,46.0,3
55,7_5120x stock m270_4xobj_4_grid_r0_c3.png,10389,1,369,128,46.0,3
55,7_5120x stock m270_4xobj_4_grid_r0_c3.png,10390,1,362,115,46.0,3
55,7_5120x stock m270_4xobj_4_grid_r0_c3.png,10391,1,229,490,46.0,3
55,7_5120x stock m270_4xobj_4_grid_r0_c3.png,10392,1,220,470,46.0,3
55,7_5120x stock m270_4xobj_4_grid_r0_c3.png,10393,1,12,443,46.0,3
55,7_5120x stock m270_4xobj_4_grid_r0_c3.png,10394,1,275,311,46.0,3
55,7_5120x stock m270_4xobj_4_grid_r0_c3.png,10395,1,123,146,31.5,3
55,7_5120x stock m270_4xobj_4_grid_r0_c3.png,10396,1,15,53,46.0,3
55,7_5120x stock m270_4xobj_4_grid_r0_c3.png,10397,1,64,499,46.0,3
55,7_5120x stock m270_4xobj_4_grid_r0_c3.png,10398,1,260,369,46.0,3
55,7_5120x stock m270_4xobj_4_grid_r0_c3.png,10399,1,98,19,8.0,1
55,7_5120x stock m270_4xobj_4_grid_r0_c3.png,10400,1,330,12,31.5,3
55,7_5120x stock m270_4xobj_4_grid_r0_c3.png,10401,1,134,217,8.0,1
56,7_5120x stock m270_4xobj_4_grid_r0_c4.png,10402,1,277,143,46.0,3
56,7_5120x stock m270_4xobj_4_grid_r0_c4.png,10403,1,484,110,31.5,3
56,7_5120x stock m270_4xobj_4_grid_r0_c4.png,10404,1,467,106,46.0,3
56,7_5120x stock m270_4xobj_4_grid_r0_c4.png,10405,1,395,99,46.0,3
56,7_5120x stock m270_4xobj_4_grid_r0_c4.png,10406,1,301,59,46.0,3
56,7_5120x stock m270_4xobj_4_grid_r0_c4.png,10407,1,307,420,31.5,3
56,7_5120x stock m270_4xobj_4_grid_r0_c4.png,10408,1,418,293,46.0,3
56,7_5120x stock m270_4xobj_4_grid_r0_c4.png,10409,1,340,211,46.0,3
56,7_5120x stock m270_4xobj_4_grid_r0_c4.png,10410,1,116,117,46.0,3
56,7_5120x stock m270_4xobj_4_grid_r0_c4.png,10411,1,145,116,104.0,5
56,7_5120x stock m270_4xobj_4_grid_r0_c4.png,10412,1,325,99,46.0,3
56,7_5120x stock m270_4xobj_4_grid_r0_c4.png,10413,1,504,78,46.0,3
56,7_5120x stock m270_4xobj_4_grid_r0_c4.png,10414,1,339,51,46.0,3
56,7_5120x stock m270_4xobj_4_grid_r0_c4.png,10415,1,456,43,46.0,3
56,7_5120x stock m270_4xobj_4_grid_r0_c4.png,10416,1,54,444,46.0,3
56,7_5120x stock m270_4xobj_4_grid_r0_c4.png,10417,1,311,387,46.0,3
56,7_5120x stock m270_4xobj_4_grid_r0_c4.png,10418,1,214,29,46.0,3
56,7_5120x stock m270_4xobj_4_grid_r0_c4.png,10419,1,196,329,46.0,3
56,7_5120x stock m270_4xobj_4_grid_r0_c4.png,10420,1,69,269,46.0,3
56,7_5120x stock m270_4xobj_4_grid_r0_c4.png,10421,1,259,442,74.5,4
56,7_5120x stock m270_4xobj_4_grid_r0_c4.png,10422,1,384,15,8.0,1
56,7_5120x stock m270_4xobj_4_grid_r0_c4.png,10423,1,427,120,8.0,1
56,7_5120x stock m270_4xobj_4_grid_r0_c4.png,10424,1,323,62,31.5,3
56,7_5120x stock m270_4xobj_4_grid_r0_c4.png,10425,1,500,267,8.0,1
56,7_5120x stock m270_4xobj_4_grid_r0_c4.png,10426,1,237,155,46.0,3
56,7_5120x stock m270_4xobj_4_grid_r0_c4.png,10427,1,272,259,31.5,3
57,7_5120x stock m270_4xobj_4_grid_r0_c5.png,10428,1,219,99,46.0,3
57,7_5120x stock m270_4xobj_4_grid_r0_c5.png,10429,1,293,95,46.0,3
57,7_5120x stock m270_4xobj_4_grid_r0_c5.png,10430,1,29,78,46.0,3
57,7_5120x stock m270_4xobj_4_grid_r0_c5.png,10431,1,125,59,31.5,3
57,7_5120x stock m270_4xobj_4_grid_r0_c5.png,10432,1,495,32,46.0,3
57,7_5120x stock m270_4xobj_4_grid_r0_c5.png,10433,1,468,8,31.5,3
57,7_5120x stock m270_4xobj_4_grid_r0_c5.png,10434,1,306,309,31.5,3
57,7_5120x stock m270_4xobj_4_grid_r0_c5.png,10435,1,194,243,31.5,3
57,7_5120x stock m270_4xobj_4_grid_r0_c5.png,10436,1,9,110,46.0,3
57,7_5120x stock m270_4xobj_4_grid_r0_c5.png,10437,1,436,9,46.0,3
57,7_5120x stock m270_4xobj_4_grid_r0_c5.png,10438,1,442,294,74.5,4
57,7_5120x stock m270_4xobj_4_grid_r0_c5.png,10439,1,497,156,46.0,3
57,7_5120x stock m270_4xobj_4_grid_r0_c5.png,10440,1,59,99,46.0,3
57,7_5120x stock m270_4xobj_4_grid_r0_c5.png,10441,1,440,444,46.0,3
57,7_5120x stock m270_4xobj_4_grid_r0_c5.png,10442,1,353,314,74.5,4
57,7_5120x stock m270_4xobj_4_grid_r0_c5.png,10443,1,167,272,46.0,3
57,7_5120x stock m270_4xobj_4_grid_r0_c5.png,10444,1,115,244,46.0,3
57,7_5120x stock m270_4xobj_4_grid_r0_c5.png,10445,1,83,214,74.5,4
57,7_5120x stock m270_4xobj_4_grid_r0_c5.png,10446,1,86,106,74.5,4
57,7_5120x stock m270_4xobj_4_grid_r0_c5.png,10447,1,232,431,74.5,4
57,7_5120x stock m270_4xobj_4_grid_r0_c5.png,10448,1,457,391,46.0,3
57,7_5120x stock m270_4xobj_4_grid_r0_c5.png,10449,1,344,411,74.5,4
57,7_5120x stock m270_4xobj_4_grid_r0_c5.png,10450,1,274,6,31.5,3
57,7_5120x stock m270_4xobj_4_grid_r0_c5.png,10451,1,379,59,31.5,3
57,7_5120x stock m270_4xobj_4_grid_r0_c5.png,10452,1,302,242,31.5,3
57,7_5120x stock m270_4xobj_4_grid_r0_c5.png,10453,1,368,114,8.0,1
57,7_5120x stock m270_4xobj_4_grid_r0_c5.png,10454,1,335,100,8.0,1
57,7_5120x stock m270_4xobj_4_grid_r0_c5.png,10455,1,91,44,31.5,3
57,7_5120x stock m270_4xobj_4_grid_r0_c5.png,10456,1,66,17,31.5,3
57,7_5120x stock m270_4xobj_4_grid_r0_c5.png,10457,1,83,10,8.0,1
57,7_5120x stock m270_4xobj_4_grid_r0_c5.png,10458,1,381,299,8.0,1
57,7_5120x stock m270_4xobj_4_grid_r0_c5.png,10459,1,435,271,31.5,3
57,7_5120x stock m270_4xobj_4_grid_r0_c5.png,10460,1,395,198,31.5,3
57,7_5120x stock m270_4xobj_4_grid_r0_c5.png,10461,1,455,193,31.5,3
57,7_5120x stock m270_4xobj_4_grid_r0_c5.png,10462,1,24,24,8.0,1
57,7_5120x stock m270_4xobj_4_grid_r0_c5.png,10463,1,5,24,31.5,3
57,7_5120x stock m270_4xobj_4_grid_r0_c5.png,10464,1,480,385,31.5,3
57,7_5120x stock m270_4xobj_4_grid_r0_c5.png,10465,1,218,255,31.5,3
57,7_5120x stock m270_4xobj_4_grid_r0_c5.png,10466,1,72,237,8.0,1
57,7_5120x stock m270_4xobj_4_grid_r0_c5.png,10467,1,145,212,8.0,1
57,7_5120x stock m270_4xobj_4_grid_r0_c5.png,10468,1,72,178,31.5,3
57,7_5120x stock m270_4xobj_4_grid_r0_c5.png,10469,1,318,378,8.0,1
57,7_5120x stock m270_4xobj_4_grid_r0_c5.png,10470,1,51,339,31.5,3
58,7_5120x stock m270_4xobj_4_grid_r0_c6.png,10471,1,222,228,31.5,3
58,7_5120x stock m270_4xobj_4_grid_r0_c6.png,10472,1,484,99,31.5,3
58,7_5120x stock m270_4xobj_4_grid_r0_c6.png,10473,1,92,86,46.0,3
58,7_5120x stock m270_4xobj_4_grid_r0_c6.png,10474,1,273,42,31.5,3
58,7_5120x stock m270_4xobj_4_grid_r0_c6.png,10475,1,418,34,31.5,3
58,7_5120x stock m270_4xobj_4_grid_r0_c6.png,10476,1,20,32,46.0,3
58,7_5120x stock m270_4xobj_4_grid_r0_c6.png,10477,1,460,31,46.0,3
58,7_5120x stock m270_4xobj_4_grid_r0_c6.png,10478,1,113,15,46.0,3
58,7_5120x stock m270_4xobj_4_grid_r0_c6.png,10479,1,207,2,28.0,2
58,7_5120x stock m270_4xobj_4_grid_r0_c6.png,10480,1,386,473,46.0,3
58,7_5120x stock m270_4xobj_4_grid_r0_c6.png,10481,1,132,384,31.5,3
58,7_5120x stock m270_4xobj_4_grid_r0_c6.png,10482,1,448,321,46.0,3
58,7_5120x stock m270_4xobj_4_grid_r0_c6.png,10483,1,232,98,74.5,4
58,7_5120x stock m270_4xobj_4_grid_r0_c6.png,10484,1,412,504,74.5,4
58,7_5120x stock m270_4xobj_4_grid_r0_c6.png,10485,1,82,361,31.5,3
58,7_5120x stock m270_4xobj_4_grid_r0_c6.png,10486,1,97,225,74.5,4
58,7_5120x stock m270_4xobj_4_grid_r0_c6.png,10487,1,22,156,46.0,3
58,7_5120x stock m270_4xobj_4_grid_r0_c6.png,10488,1,44,57,46.0,3
58,7_5120x stock m270_4xobj_4_grid_r0_c6.png,10489,1,327,471,46.0,3
58,7_5120x stock m270_4xobj_4_grid_r0_c6.png,10490,1,181,444,74.5,4
58,7_5120x stock m270_4xobj_4_grid_r0_c6.png,10491,1,100,426,46.0,3
58,7_5120x stock m270_4xobj_4_grid_r0_c6.png,10492,1,74,402,74.5,4
58,7_5120x stock m270_4xobj_4_grid_r0_c6.png,10493,1,438,389,46.0,3
58,7_5120x stock m270_4xobj_4_grid_r0_c6.png,10494,1,237,388,46.0,3
58,7_5120x stock m270_4xobj_4_grid_r0_c6.png,10495,1,356,202,74.5,4
58,7_5120x stock m270_4xobj_4_grid_r0_c6.png,10496,1,130,503,46.0,3
58,7_5120x stock m270_4xobj_4_grid_r0_c6.png,10497,1,198,374,74.5,4
58,7_5120x stock m270_4xobj_4_grid_r0_c6.png,10498,1,195,360,74.5,4
58,7_5120x stock m270_4xobj_4_grid_r0_c6.png,10499,1,350,280,74.5,4
58,7_5120x stock m270_4xobj_4_grid_r0_c6.png,10500,1,361,232,8.0,1
58,7_5120x stock m270_4xobj_4_grid_r0_c6.png,10501,1,447,75,31.5,3
58,7_5120x stock m270_4xobj_4_grid_r0_c6.png,10502,1,391,44,31.5,3
58,7_5120x stock m270_4xobj_4_grid_r0_c6.png,10503,1,284,18,31.5,3
58,7_5120x stock m270_4xobj_4_grid_r0_c6.png,10504,1,333,244,8.0,1
58,7_5120x stock m270_4xobj_4_grid_r0_c6.png,10505,1,377,223,31.5,3
58,7_5120x stock m270_4xobj_4_grid_r0_c6.png,10506,1,278,132,8.0,1
58,7_5120x stock m270_4xobj_4_grid_r0_c6.png,10507,1,401,122,31.5,3
58,7_5120x stock m270_4xobj_4_grid_r0_c6.png,10508,1,463,94,31.5,3
58,7_5120x stock m270_4xobj_4_grid_r0_c6.png,10509,1,292,86,31.5,3
58,7_5120x stock m270_4xobj_4_grid_r0_c6.png,10510,1,143,32,31.5,3
58,7_5120x stock m270_4xobj_4_grid_r0_c6.png,10511,1,130,27,31.5,3
58,7_5120x stock m270_4xobj_4_grid_r0_c6.png,10512,1,500,428,8.0,1
58,7_5120x stock m270_4xobj_4_grid_r0_c6.png,10513,1,254,296,8.0,1
58,7_5120x stock m270_4xobj_4_grid_r0_c6.png,10514,1,97,166,31.5,3
58,7_5120x stock m270_4xobj_4_grid_r0_c6.png,10515,1,205,131,31.5,3
58,7_5120x stock m270_4xobj_4_grid_r0_c6.png,10516,1,215,104,31.5,3
58,7_5120x stock m270_4xobj_4_grid_r0_c6.png,10517,1,348,497,8.0,1
58,7_5120x stock m270_4xobj_4_grid_r0_c6.png,10518,1,434,459,31.5,3
58,7_5120x stock m270_4xobj_4_grid_r0_c6.png,10519,1,403,448,31.5,3
58,7_5120x stock m270_4xobj_4_grid_r0_c6.png,10520,1,213,365,31.5,3
58,7_5120x stock m270_4xobj_4_grid_r0_c6.png,10521,1,260,346,8.0,1
58,7_5120x stock m270_4xobj_4_grid_r0_c6.png,10522,1,236,420,31.5,3
58,7_5120x stock m270_4xobj_4_grid_r0_c6.png,10523,1,174,347,31.5,3
58,7_5120x stock m270_4xobj_4_grid_r0_c6.png,10524,1,129,321,8.0,1
58,7_5120x stock m270_4xobj_4_grid_r0_c6.png,10525,1,106,397,31.5,3
58,7_5120x stock m270_4xobj_4_grid_r0_c6.png,10526,1,6,382,8.0,1
58,7_5120x stock m270_4xobj_4_grid_r0_c6.png,10527,1,42,369,31.5,3
58,7_5120x stock m270_4xobj_4_grid_r0_c6.png,10528,1,35,417,8.0,1
59,7_5120x stock m270_4xobj_4_grid_r0_c7.png,10529,1,406,23,31.5,3
59,7_5120x stock m270_4xobj_4_grid_r0_c7.png,10530,1,414,456,31.5,3
59,7_5120x stock m270_4xobj_4_grid_r0_c7.png,10531,1,280,91,46.0,3
59,7_5120x stock m270_4xobj_4_grid_r0_c7.png,10532,1,99,5,31.5,3
59,7_5120x stock m270_4xobj_4_grid_r0_c7.png,10533,1,403,479,46.0,3
59,7_5120x stock m270_4xobj_4_grid_r0_c7.png,10534,1,242,222,31.5,3
59,7_5120x stock m270_4xobj_4_grid_r0_c7.png,10535,1,421,160,8.0,1
59,7_5120x stock m270_4xobj_4_grid_r0_c7.png,10536,1,167,90,31.5,3
59,7_5120x stock m270_4xobj_4_grid_r0_c7.png,10537,1,188,459,31.5,3
59,7_5120x stock m270_4xobj_4_grid_r0_c7.png,10538,1,75,347,46.0,3
59,7_5120x stock m270_4xobj_4_grid_r0_c7.png,10539,1,57,336,46.0,3
59,7_5120x stock m270_4xobj_4_grid_r0_c7.png,10540,1,26,165,46.0,3
59,7_5120x stock m270_4xobj_4_grid_r0_c7.png,10541,1,111,109,31.5,3
59,7_5120x stock m270_4xobj_4_grid_r0_c7.png,10542,1,9,99,31.5,3
59,7_5120x stock m270_4xobj_4_grid_r0_c7.png,10543,1,81,13,46.0,3
59,7_5120x stock m270_4xobj_4_grid_r0_c7.png,10544,1,237,475,31.5,3
59,7_5120x stock m270_4xobj_4_grid_r0_c7.png,10545,1,125,343,46.0,3
59,7_5120x stock m270_4xobj_4_grid_r0_c7.png,10546,1,62,175,46.0,3
59,7_5120x stock m270_4xobj_4_grid_r0_c7.png,10547,1,370,160,8.0,1
59,7_5120x stock m270_4xobj_4_grid_r0_c7.png,10548,1,7,124,46.0,3
59,7_5120x stock m270_4xobj_4_grid_r0_c7.png,10549,1,226,457,46.0,3
59,7_5120x stock m270_4xobj_4_grid_r0_c7.png,10550,1,462,416,31.5,3
59,7_5120x stock m270_4xobj_4_grid_r0_c7.png,10551,1,140,146,46.0,3
59,7_5120x stock m270_4xobj_4_grid_r0_c7.png,10552,1,76,141,46.0,3
59,7_5120x stock m270_4xobj_4_grid_r0_c7.png,10553,1,159,298,74.5,4
59,7_5120x stock m270_4xobj_4_grid_r0_c7.png,10554,1,225,26,31.5,3
59,7_5120x stock m270_4xobj_4_grid_r0_c7.png,10555,1,82,503,46.0,3
59,7_5120x stock m270_4xobj_4_grid_r0_c7.png,10556,1,156,459,46.0,3
59,7_5120x stock m270_4xobj_4_grid_r0_c7.png,10557,1,333,333,8.0,1
59,7_5120x stock m270_4xobj_4_grid_r0_c7.png,10558,1,220,159,8.0,1
59,7_5120x stock m270_4xobj_4_grid_r0_c7.png,10559,1,289,336,31.5,3
59,7_5120x stock m270_4xobj_4_grid_r0_c7.png,10560,1,217,307,8.0,1
59,7_5120x stock m270_4xobj_4_grid_r0_c7.png,10561,1,226,291,8.0,1
59,7_5120x stock m270_4xobj_4_grid_r0_c7.png,10562,1,173,244,31.5,3
59,7_5120x stock m270_4xobj_4_grid_r0_c7.png,10563,1,300,480,31.5,3
59,7_5120x stock m270_4xobj_4_grid_r0_c7.png,10564,1,124,451,8.0,1
60,7_5120x stock m270_4xobj_4_grid_r2_c5.png,10565,1,487,341,46.0,3
60,7_5120x stock m270_4xobj_4_grid_r2_c5.png,10566,1,300,236,31.5,3
60,7_5120x stock m270_4xobj_4_grid_r2_c5.png,10567,1,31,236,74.5,4
60,7_5120x stock m270_4xobj_4_grid_r2_c5.png,10568,1,458,195,46.0,3
60,7_5120x stock m270_4xobj_4_grid_r2_c5.png,10569,1,110,143,74.5,4
60,7_5120x stock m270_4xobj_4_grid_r2_c5.png,10570,1,493,100,46.0,3
60,7_5120x stock m270_4xobj_4_grid_r2_c5.png,10571,1,165,100,46.0,3
60,7_5120x stock m270_4xobj_4_grid_r2_c5.png,10572,1,417,77,74.5,4
60,7_5120x stock m270_4xobj_4_grid_r2_c5.png,10573,1,397,67,31.5,3
60,7_5120x stock m270_4xobj_4_grid_r2_c5.png,10574,1,241,42,46.0,3
60,7_5120x stock m270_4xobj_4_grid_r2_c5.png,10575,1,372,28,74.5,4
60,7_5120x stock m270_4xobj_4_grid_r2_c5.png,10576,1,355,365,46.0,3
60,7_5120x stock m270_4xobj_4_grid_r2_c5.png,10577,1,37,323,46.0,3
60,7_5120x stock m270_4xobj_4_grid_r2_c5.png,10578,1,125,248,46.0,3
60,7_5120x stock m270_4xobj_4_grid_r2_c5.png,10579,1,490,239,74.5,4
60,7_5120x stock m270_4xobj_4_grid_r2_c5.png,10580,1,484,216,46.0,3
60,7_5120x stock m270_4xobj_4_grid_r2_c5.png,10581,1,480,138,46.0,3
60,7_5120x stock m270_4xobj_4_grid_r2_c5.png,10582,1,271,106,74.5,4
60,7_5120x stock m270_4xobj_4_grid_r2_c5.png,10583,1,479,94,46.0,3
60,7_5120x stock m270_4xobj_4_grid_r2_c5.png,10584,1,244,437,31.5,3
60,7_5120x stock m270_4xobj_4_grid_r2_c5.png,10585,1,200,436,46.0,3
60,7_5120x stock m270_4xobj_4_grid_r2_c5.png,10586,1,228,403,46.0,3
60,7_5120x stock m270_4xobj_4_grid_r2_c5.png,10587,1,276,336,31.5,3
60,7_5120x stock m270_4xobj_4_grid_r2_c5.png,10588,1,143,305,46.0,3
60,7_5120x stock m270_4xobj_4_grid_r2_c5.png,10589,1,194,36,46.0,3
60,7_5120x stock m270_4xobj_4_grid_r2_c5.png,10590,1,370,502,74.5,4
60,7_5120x stock m270_4xobj_4_grid_r2_c5.png,10591,1,228,489,46.0,3
60,7_5120x stock m270_4xobj_4_grid_r2_c5.png,10592,1,32,378,46.0,3
60,7_5120x stock m270_4xobj_4_grid_r2_c5.png,10593,1,507,275,43.0,3
60,7_5120x stock m270_4xobj_4_grid_r2_c5.png,10594,1,132,416,46.0,3
60,7_5120x stock m270_4xobj_4_grid_r2_c5.png,10595,1,498,391,46.0,3
60,7_5120x stock m270_4xobj_4_grid_r2_c5.png,10596,1,30,255,74.5,4
60,7_5120x stock m270_4xobj_4_grid_r2_c5.png,10597,1,293,37,31.5,3
60,7_5120x stock m270_4xobj_4_grid_r2_c5.png,10598,1,437,191,8.0,1
60,7_5120x stock m270_4xobj_4_grid_r2_c5.png,10599,1,425,145,31.5,3
60,7_5120x stock m270_4xobj_4_grid_r2_c5.png,10600,1,76,247,31.5,3
60,7_5120x stock m270_4xobj_4_grid_r2_c5.png,10601,1,188,388,31.5,3
61,7_5120x stock m270_4xobj_4_grid_r2_c6.png,10602,1,356,8,104.0,5
61,7_5120x stock m270_4xobj_4_grid_r2_c6.png,10603,1,360,128,74.5,4
61,7_5120x stock m270_4xobj_4_grid_r2_c6.png,10604,1,323,89,46.0,3
61,7_5120x stock m270_4xobj_4_grid_r2_c6.png,10605,1,394,15,46.0,3
61,7_5120x stock m270_4xobj_4_grid_r2_c6.png,10606,1,210,415,31.5,3
61,7_5120x stock m270_4xobj_4_grid_r2_c6.png,10607,1,139,327,46.0,3
61,7_5120x stock m270_4xobj_4_grid_r2_c6.png,10608,1,33,275,46.0,3
61,7_5120x stock m270_4xobj_4_grid_r2_c6.png,10609,1,295,188,46.0,3
61,7_5120x stock m270_4xobj_4_grid_r2_c6.png,10610,1,354,183,46.0,3
61,7_5120x stock m270_4xobj_4_grid_r2_c6.png,10611,1,179,173,31.5,3
61,7_5120x stock m270_4xobj_4_grid_r2_c6.png,10612,1,140,166,46.0,3
61,7_5120x stock m270_4xobj_4_grid_r2_c6.png,10613,1,18,100,46.0,3
61,7_5120x stock m270_4xobj_4_grid_r2_c6.png,10614,1,178,491,46.0,3
61,7_5120x stock m270_4xobj_4_grid_r2_c6.png,10615,1,237,440,46.0,3
61,7_5120x stock m270_4xobj_4_grid_r2_c6.png,10616,1,12,341,46.0,3
61,7_5120x stock m270_4xobj_4_grid_r2_c6.png,10617,1,152,330,46.0,3
61,7_5120x stock m270_4xobj_4_grid_r2_c6.png,10618,1,15,239,74.5,4
61,7_5120x stock m270_4xobj_4_grid_r2_c6.png,10619,1,9,216,46.0,3
61,7_5120x stock m270_4xobj_4_grid_r2_c6.png,10620,1,5,138,46.0,3
61,7_5120x stock m270_4xobj_4_grid_r2_c6.png,10621,1,99,113,46.0,3
61,7_5120x stock m270_4xobj_4_grid_r2_c6.png,10622,1,114,48,46.0,3
61,7_5120x stock m270_4xobj_4_grid_r2_c6.png,10623,1,301,507,46.0,3
61,7_5120x stock m270_4xobj_4_grid_r2_c6.png,10624,1,192,504,74.5,4
61,7_5120x stock m270_4xobj_4_grid_r2_c6.png,10625,1,499,461,104.0,5
61,7_5120x stock m270_4xobj_4_grid_r2_c6.png,10626,1,170,398,46.0,3
61,7_5120x stock m270_4xobj_4_grid_r2_c6.png,10627,1,23,391,46.0,3
61,7_5120x stock m270_4xobj_4_grid_r2_c6.png,10628,1,326,380,46.0,3
61,7_5120x stock m270_4xobj_4_grid_r2_c6.png,10629,1,71,377,74.5,4
61,7_5120x stock m270_4xobj_4_grid_r2_c6.png,10630,1,143,267,46.0,3
61,7_5120x stock m270_4xobj_4_grid_r2_c6.png,10631,1,4,94,46.0,3
61,7_5120x stock m270_4xobj_4_grid_r2_c6.png,10632,1,402,205,74.5,4
61,7_5120x stock m270_4xobj_4_grid_r2_c6.png,10633,1,410,374,74.5,4
61,7_5120x stock m270_4xobj_4_grid_r2_c6.png,10634,1,476,49,31.5,3
61,7_5120x stock m270_4xobj_4_grid_r2_c6.png,10635,1,497,94,31.5,3
61,7_5120x stock m270_4xobj_4_grid_r2_c6.png,10636,1,470,31,31.5,3
61,7_5120x stock m270_4xobj_4_grid_r2_c6.png,10637,1,507,150,31.5,3
61,7_5120x stock m270_4xobj_4_grid_r2_c6.png,10638,1,425,102,31.5,3
61,7_5120x stock m270_4xobj_4_grid_r2_c6.png,10639,1,309,47,8.0,1
61,7_5120x stock m270_4xobj_4_grid_r2_c6.png,10640,1,398,236,46.0,3
61,7_5120x stock m270_4xobj_4_grid_r2_c6.png,10641,1,165,103,31.5,3
61,7_5120x stock m270_4xobj_4_grid_r2_c6.png,10642,1,161,267,31.5,3
61,7_5120x stock m270_4xobj_4_grid_r2_c6.png,10643,1,174,221,31.5,3
62,7_5120x stock m270_4xobj_4_grid_r2_c7.png,10644,1,400,168,46.0,3
62,7_5120x stock m270_4xobj_4_grid_r2_c7.png,10645,1,278,162,46.0,3
62,7_5120x stock m270_4xobj_4_grid_r2_c7.png,10646,1,247,143,31.5,3
62,7_5120x stock m270_4xobj_4_grid_r2_c7.png,10647,1,143,73,31.5,3
62,7_5120x stock m270_4xobj_4_grid_r2_c7.png,10648,1,230,36,46.0,3
62,7_5120x stock m270_4xobj_4_grid_r2_c7.png,10649,1,352,22,31.5,3
62,7_5120x stock m270_4xobj_4_grid_r2_c7.png,10650,1,164,11,31.5,3
62,7_5120x stock m270_4xobj_4_grid_r2_c7.png,10651,1,309,267,46.0,3
62,7_5120x stock m270_4xobj_4_grid_r2_c7.png,10652,1,79,221,46.0,3
62,7_5120x stock m270_4xobj_4_grid_r2_c7.png,10653,1,155,80,31.5,3
62,7_5120x stock m270_4xobj_4_grid_r2_c7.png,10654,1,181,10,46.0,3
62,7_5120x stock m270_4xobj_4_grid_r2_c7.png,10655,1,471,460,74.5,4
62,7_5120x stock m270_4xobj_4_grid_r2_c7.png,10656,1,231,441,46.0,3
62,7_5120x stock m270_4xobj_4_grid_r2_c7.png,10657,1,98,415,31.5,3
62,7_5120x stock m270_4xobj_4_grid_r2_c7.png,10658,1,199,330,46.0,3
62,7_5120x stock m270_4xobj_4_grid_r2_c7.png,10659,1,108,164,46.0,3
62,7_5120x stock m270_4xobj_4_grid_r2_c7.png,10660,1,195,124,74.5,4
62,7_5120x stock m270_4xobj_4_grid_r2_c7.png,10661,1,92,96,46.0,3
62,7_5120x stock m270_4xobj_4_grid_r2_c7.png,10662,1,168,77,46.0,3
62,7_5120x stock m270_4xobj_4_grid_r2_c7.png,10663,1,46,66,104.0,5
62,7_5120x stock m270_4xobj_4_grid_r2_c7.png,10664,1,134,34,74.5,4
62,7_5120x stock m270_4xobj_4_grid_r2_c7.png,10665,1,98,356,46.0,3
62,7_5120x stock m270_4xobj_4_grid_r2_c7.png,10666,1,49,477,46.0,3
62,7_5120x stock m270_4xobj_4_grid_r2_c7.png,10667,1,268,257,74.5,4
62,7_5120x stock m270_4xobj_4_grid_r2_c7.png,10668,1,274,222,46.0,3
62,7_5120x stock m270_4xobj_4_grid_r2_c7.png,10669,1,502,12,31.5,3
62,7_5120x stock m270_4xobj_4_grid_r2_c7.png,10670,1,503,170,31.5,3
62,7_5120x stock m270_4xobj_4_grid_r2_c7.png,10671,1,491,72,31.5,3
62,7_5120x stock m270_4xobj_4_grid_r2_c7.png,10672,1,447,18,8.0,1
62,7_5120x stock m270_4xobj_4_grid_r2_c7.png,10673,1,466,337,31.5,3
62,7_5120x stock m270_4xobj_4_grid_r2_c7.png,10674,1,437,207,8.0,1
62,7_5120x stock m270_4xobj_4_grid_r2_c7.png,10675,1,401,92,8.0,1
62,7_5120x stock m270_4xobj_4_grid_r2_c7.png,10676,1,375,82,8.0,1
62,7_5120x stock m270_4xobj_4_grid_r2_c7.png,10677,1,388,30,8.0,1
62,7_5120x stock m270_4xobj_4_grid_r2_c7.png,10678,1,415,503,31.5,3
62,7_5120x stock m270_4xobj_4_grid_r2_c7.png,10679,1,411,182,8.0,1
62,7_5120x stock m270_4xobj_4_grid_r2_c7.png,10680,1,364,146,8.0,1
62,7_5120x stock m270_4xobj_4_grid_r2_c7.png,10681,1,309,113,8.0,1
62,7_5120x stock m270_4xobj_4_grid_r2_c7.png,10682,1,399,491,31.5,3
62,7_5120x stock m270_4xobj_4_grid_r2_c7.png,10683,1,404,477,31.5,3
62,7_5120x stock m270_4xobj_4_grid_r2_c7.png,10684,1,392,256,31.5,3
62,7_5120x stock m270_4xobj_4_grid_r2_c7.png,10685,1,350,244,8.0,1
62,7_5120x stock m270_4xobj_4_grid_r2_c7.png,10686,1,191,72,31.5,3
62,7_5120x stock m270_4xobj_4_grid_r2_c7.png,10687,1,361,437,31.5,3
62,7_5120x stock m270_4xobj_4_grid_r2_c7.png,10688,1,199,197,8.0,1
62,7_5120x stock m270_4xobj_4_grid_r2_c7.png,10689,1,177,181,8.0,1
62,7_5120x stock m270_4xobj_4_grid_r2_c7.png,10690,1,198,141,8.0,1
62,7_5120x stock m270_4xobj_4_grid_r2_c7.png,10691,1,139,130,31.5,3
62,7_5120x stock m270_4xobj_4_grid_r2_c7.png,10692,1,150,117,8.0,1
62,7_5120x stock m270_4xobj_4_grid_r2_c7.png,10693,1,327,487,8.0,1
62,7_5120x stock m270_4xobj_4_grid_r2_c7.png,10694,1,304,325,8.0,1
62,7_5120x stock m270_4xobj_4_grid_r2_c7.png,10695,1,165,292,8.0,1
62,7_5120x stock m270_4xobj_4_grid_r2_c7.png,10696,1,177,289,8.0,1
62,7_5120x stock m270_4xobj_4_grid_r2_c7.png,10697,1,166,261,31.5,3
62,7_5120x stock m270_4xobj_4_grid_r2_c7.png,10698,1,140,262,31.5,3
62,7_5120x stock m270_4xobj_4_grid_r2_c7.png,10699,1,198,470,31.5,3
62,7_5120x stock m270_4xobj_4_grid_r2_c7.png,10700,1,179,410,31.5,3
62,7_5120x stock m270_4xobj_4_grid_r2_c7.png,10701,1,147,402,31.5,3
62,7_5120x stock m270_4xobj_4_grid_r2_c7.png,10702,1,196,383,8.0,1
62,7_5120x stock m270_4xobj_4_grid_r2_c7.png,10703,1,199,370,8.0,1
63,7_5120x stock m270_4xobj_4_grid_r3_c0.png,10704,1,502,267,31.5,3
63,7_5120x stock m270_4xobj_4_grid_r3_c0.png,10705,1,403,113,46.0,3
63,7_5120x stock m270_4xobj_4_grid_r3_c0.png,10706,1,503,41,46.0,3
63,7_5120x stock m270_4xobj_4_grid_r3_c0.png,10707,1,333,41,46.0,3
63,7_5120x stock m270_4xobj_4_grid_r3_c0.png,10708,1,245,42,46.0,3
63,7_5120x stock m270_4xobj_4_grid_r3_c0.png,10709,1,334,357,46.0,3
63,7_5120x stock m270_4xobj_4_grid_r3_c0.png,10710,1,336,321,46.0,3
63,7_5120x stock m270_4xobj_4_grid_r3_c0.png,10711,1,293,505,46.0,3
63,7_5120x stock m270_4xobj_4_grid_r3_c0.png,10712,1,413,458,46.0,3
63,7_5120x stock m270_4xobj_4_grid_r3_c0.png,10713,1,181,317,31.5,3
63,7_5120x stock m270_4xobj_4_grid_r3_c0.png,10714,1,165,250,31.5,3
63,7_5120x stock m270_4xobj_4_grid_r3_c0.png,10715,1,153,92,46.0,3
63,7_5120x stock m270_4xobj_4_grid_r3_c0.png,10716,1,114,481,46.0,3
63,7_5120x stock m270_4xobj_4_grid_r3_c0.png,10717,1,257,454,31.5,3
63,7_5120x stock m270_4xobj_4_grid_r3_c0.png,10718,1,254,344,74.5,4
63,7_5120x stock m270_4xobj_4_grid_r3_c0.png,10719,1,210,318,46.0,3
63,7_5120x stock m270_4xobj_4_grid_r3_c0.png,10720,1,2,123,27.0,2
63,7_5120x stock m270_4xobj_4_grid_r3_c0.png,10721,1,11,84,31.5,3
63,7_5120x stock m270_4xobj_4_grid_r3_c0.png,10722,1,40,73,46.0,3
63,7_5120x stock m270_4xobj_4_grid_r3_c0.png,10723,1,149,426,46.0,3
63,7_5120x stock m270_4xobj_4_grid_r3_c0.png,10724,1,271,415,46.0,3
63,7_5120x stock m270_4xobj_4_grid_r3_c0.png,10725,1,68,414,46.0,3
63,7_5120x stock m270_4xobj_4_grid_r3_c0.png,10726,1,42,388,46.0,3
63,7_5120x stock m270_4xobj_4_grid_r3_c0.png,10727,1,131,375,46.0,3
63,7_5120x stock m270_4xobj_4_grid_r3_c0.png,10728,1,85,88,46.0,3
63,7_5120x stock m270_4xobj_4_grid_r3_c0.png,10729,1,337,503,46.0,3
63,7_5120x stock m270_4xobj_4_grid_r3_c0.png,10730,1,168,499,46.0,3
63,7_5120x stock m270_4xobj_4_grid_r3_c0.png,10731,1,11,380,31.5,3
63,7_5120x stock m270_4xobj_4_grid_r3_c0.png,10732,1,123,454,46.0,3
63,7_5120x stock m270_4xobj_4_grid_r3_c0.png,10733,1,60,394,74.5,4
64,7_5120x stock m270_4xobj_4_grid_r3_c1.png,10734,1,444,223,46.0,3
64,7_5120x stock m270_4xobj_4_grid_r3_c1.png,10735,1,476,130,46.0,3
64,7_5120x stock m270_4xobj_4_grid_r3_c1.png,10736,1,322,120,46.0,3
64,7_5120x stock m270_4xobj_4_grid_r3_c1.png,10737,1,300,114,46.0,3
64,7_5120x stock m270_4xobj_4_grid_r3_c1.png,10738,1,501,4,46.0,3
64,7_5120x stock m270_4xobj_4_grid_r3_c1.png,10739,1,254,328,46.0,3
64,7_5120x stock m270_4xobj_4_grid_r3_c1.png,10740,1,362,265,46.0,3
64,7_5120x stock m270_4xobj_4_grid_r3_c1.png,10741,1,303,263,46.0,3
64,7_5120x stock m270_4xobj_4_grid_r3_c1.png,10742,1,192,58,46.0,3
64,7_5120x stock m270_4xobj_4_grid_r3_c1.png,10743,1,347,25,46.0,3
64,7_5120x stock m270_4xobj_4_grid_r3_c1.png,10744,1,375,375,46.0,3
64,7_5120x stock m270_4xobj_4_grid_r3_c1.png,10745,1,366,362,46.0,3
64,7_5120x stock m270_4xobj_4_grid_r3_c1.png,10746,1,481,319,46.0,3
64,7_5120x stock m270_4xobj_4_grid_r3_c1.png,10747,1,343,267,46.0,3
64,7_5120x stock m270_4xobj_4_grid_r3_c1.png,10748,1,194,146,46.0,3
64,7_5120x stock m270_4xobj_4_grid_r3_c1.png,10749,1,58,66,46.0,3
64,7_5120x stock m270_4xobj_4_grid_r3_c1.png,10750,1,89,43,46.0,3
64,7_5120x stock m270_4xobj_4_grid_r3_c1.png,10751,1,28,41,46.0,3
64,7_5120x stock m270_4xobj_4_grid_r3_c1.png,10752,1,221,479,46.0,3
64,7_5120x stock m270_4xobj_4_grid_r3_c1.png,10753,1,337,474,46.0,3
64,7_5120x stock m270_4xobj_4_grid_r3_c1.png,10754,1,126,450,46.0,3
64,7_5120x stock m270_4xobj_4_grid_r3_c1.png,10755,1,27,267,31.5,3
64,7_5120x stock m270_4xobj_4_grid_r3_c1.png,10756,1,232,266,46.0,3
64,7_5120x stock m270_4xobj_4_grid_r3_c1.png,10757,1,172,216,46.0,3
64,7_5120x stock m270_4xobj_4_grid_r3_c1.png,10758,1,343,168,46.0,3
64,7_5120x stock m270_4xobj_4_grid_r3_c1.png,10759,1,161,476,46.0,3
64,7_5120x stock m270_4xobj_4_grid_r3_c1.png,10760,1,114,346,46.0,3
65,8_10240x stock m270_4xobj_2_grid_r3_c3.png,10761,1,503,362,46.0,3
65,8_10240x stock m270_4xobj_2_grid_r3_c3.png,10762,1,238,355,46.0,3
65,8_10240x stock m270_4xobj_2_grid_r3_c3.png,10763,1,191,478,46.0,3
65,8_10240x stock m270_4xobj_2_grid_r3_c3.png,10764,1,466,284,46.0,3
65,8_10240x stock m270_4xobj_2_grid_r3_c3.png,10765,1,252,75,46.0,3
65,8_10240x stock m270_4xobj_2_grid_r3_c3.png,10766,1,8,332,46.0,3
66,8_10240x stock m270_4xobj_2_grid_r3_c4.png,10767,1,315,478,46.0,3
66,8_10240x stock m270_4xobj_2_grid_r3_c4.png,10768,1,348,434,31.5,3
66,8_10240x stock m270_4xobj_2_grid_r3_c4.png,10769,1,402,347,46.0,3
66,8_10240x stock m270_4xobj_2_grid_r3_c4.png,10770,1,245,48,74.5,4
66,8_10240x stock m270_4xobj_2_grid_r3_c4.png,10771,1,124,10,46.0,3
66,8_10240x stock m270_4xobj_2_grid_r3_c4.png,10772,1,28,362,46.0,3
66,8_10240x stock m270_4xobj_2_grid_r3_c4.png,10773,1,48,437,46.0,3
66,8_10240x stock m270_4xobj_2_grid_r3_c4.png,10774,1,410,405,31.5,3
67,8_10240x stock m270_4xobj_2_grid_r3_c5.png,10775,1,296,436,46.0,3
67,8_10240x stock m270_4xobj_2_grid_r3_c5.png,10776,1,286,65,74.5,4
67,8_10240x stock m270_4xobj_2_grid_r3_c5.png,10777,1,502,400,46.0,3
67,8_10240x stock m270_4xobj_2_grid_r3_c5.png,10778,1,227,475,46.0,3
67,8_10240x stock m270_4xobj_2_grid_r3_c5.png,10779,1,451,138,31.5,3
67,8_10240x stock m270_4xobj_2_grid_r3_c5.png,10780,1,394,116,8.0,1
67,8_10240x stock m270_4xobj_2_grid_r3_c5.png,10781,1,265,191,31.5,3
67,8_10240x stock m270_4xobj_2_grid_r3_c5.png,10782,1,316,317,31.5,3
67,8_10240x stock m270_4xobj_2_grid_r3_c5.png,10783,1,243,313,31.5,3
67,8_10240x stock m270_4xobj_2_grid_r3_c5.png,10784,1,298,313,31.5,3
67,8_10240x stock m270_4xobj_2_grid_r3_c5.png,10785,1,155,261,31.5,3
67,8_10240x stock m270_4xobj_2_grid_r3_c5.png,10786,1,45,173,31.5,3
67,8_10240x stock m270_4xobj_2_grid_r3_c5.png,10787,1,469,489,31.5,3
67,8_10240x stock m270_4xobj_2_grid_r3_c5.png,10788,1,109,320,8.0,1
68,8_10240x stock m270_4xobj_2_grid_r3_c6.png,10789,1,115,496,46.0,3
68,8_10240x stock m270_4xobj_2_grid_r3_c6.png,10790,1,436,378,46.0,3
68,8_10240x stock m270_4xobj_2_grid_r3_c6.png,10791,1,407,253,74.5,4
68,8_10240x stock m270_4xobj_2_grid_r3_c6.png,10792,1,261,31,74.5,4
68,8_10240x stock m270_4xobj_2_grid_r3_c6.png,10793,1,154,5,74.5,4
68,8_10240x stock m270_4xobj_2_grid_r3_c6.png,10794,1,327,150,46.0,3
68,8_10240x stock m270_4xobj_2_grid_r3_c6.png,10795,1,27,400,46.0,3
68,8_10240x stock m270_4xobj_2_grid_r3_c6.png,10796,1,264,88,8.0,1
68,8_10240x stock m270_4xobj_2_grid_r3_c6.png,10797,1,296,271,31.5,3
68,8_10240x stock m270_4xobj_2_grid_r3_c6.png,10798,1,293,224,31.5,3
68,8_10240x stock m270_4xobj_2_grid_r3_c6.png,10799,1,164,218,8.0,1
68,8_10240x stock m270_4xobj_2_grid_r3_c6.png,10800,1,317,180,8.0,1
68,8_10240x stock m270_4xobj_2_grid_r3_c6.png,10801,1,173,175,31.5,3
68,8_10240x stock m270_4xobj_2_grid_r3_c6.png,10802,1,286,425,8.0,1
68,8_10240x stock m270_4xobj_2_grid_r3_c6.png,10803,1,228,415,8.0,1
68,8_10240x stock m270_4xobj_2_grid_r3_c6.png,10804,1,162,452,31.5,3
69,8_10240x stock m270_4xobj_2_grid_r3_c7.png,10805,1,435,296,74.5,4
69,8_10240x stock m270_4xobj_2_grid_r3_c7.png,10806,1,404,28,46.0,3
69,8_10240x stock m270_4xobj_2_grid_r3_c7.png,10807,1,313,103,31.5,3
69,8_10240x stock m270_4xobj_2_grid_r3_c7.png,10808,1,412,57,74.5,4
69,8_10240x stock m270_4xobj_2_grid_r3_c7.png,10809,1,61,352,31.5,3
69,8_10240x stock m270_4xobj_2_grid_r3_c7.png,10810,1,280,70,46.0,3
69,8_10240x stock m270_4xobj_2_grid_r3_c7.png,10811,1,137,32,46.0,3
69,8_10240x stock m270_4xobj_2_grid_r3_c7.png,10812,1,465,446,8.0,1
69,8_10240x stock m270_4xobj_2_grid_r3_c7.png,10813,1,462,405,8.0,1
69,8_10240x stock m270_4xobj_2_grid_r3_c7.png,10814,1,187,329,46.0,3
69,8_10240x stock m270_4xobj_2_grid_r3_c7.png,10815,1,419,501,8.0,1
69,8_10240x stock m270_4xobj_2_grid_r3_c7.png,10816,1,426,391,31.5,3
69,8_10240x stock m270_4xobj_2_grid_r3_c7.png,10817,1,433,52,31.5,3
69,8_10240x stock m270_4xobj_2_grid_r3_c7.png,10818,1,350,433,8.0,1
69,8_10240x stock m270_4xobj_2_grid_r3_c7.png,10819,1,346,358,8.0,1
69,8_10240x stock m270_4xobj_2_grid_r3_c7.png,10820,1,366,362,8.0,1
69,8_10240x stock m270_4xobj_2_grid_r3_c7.png,10821,1,364,185,31.5,3
69,8_10240x stock m270_4xobj_2_grid_r3_c7.png,10822,1,323,306,31.5,3
69,8_10240x stock m270_4xobj_2_grid_r3_c7.png,10823,1,315,287,31.5,3
69,8_10240x stock m270_4xobj_2_grid_r3_c7.png,10824,1,353,217,8.0,1
69,8_10240x stock m270_4xobj_2_grid_r3_c7.png,10825,1,337,134,8.0,1
69,8_10240x stock m270_4xobj_2_grid_r3_c7.png,10826,1,344,114,31.5,3
69,8_10240x stock m270_4xobj_2_grid_r3_c7.png,10827,1,280,493,31.5,3
69,8_10240x stock m270_4xobj_2_grid_r3_c7.png,10828,1,293,257,8.0,1
69,8_10240x stock m270_4xobj_2_grid_r3_c7.png,10829,1,301,221,31.5,3
69,8_10240x stock m270_4xobj_2_grid_r3_c7.png,10830,1,311,157,8.0,1
69,8_10240x stock m270_4xobj_2_grid_r3_c7.png,10831,1,237,84,8.0,1
69,8_10240x stock m270_4xobj_2_grid_r3_c7.png,10832,1,253,76,8.0,1
69,8_10240x stock m270_4xobj_2_grid_r3_c7.png,10833,1,244,53,8.0,1
69,8_10240x stock m270_4xobj_2_grid_r3_c7.png,10834,1,252,501,8.0,1
69,8_10240x stock m270_4xobj_2_grid_r3_c7.png,10835,1,302,310,8.0,1
69,8_10240x stock m270_4xobj_2_grid_r3_c7.png,10836,1,272,283,8.0,1
69,8_10240x stock m270_4xobj_2_grid_r3_c7.png,10837,1,186,124,31.5,3
69,8_10240x stock m270_4xobj_2_grid_r3_c7.png,10838,1,213,131,31.5,3
69,8_10240x stock m270_4xobj_2_grid_r3_c7.png,10839,1,116,79,8.0,1
69,8_10240x stock m270_4xobj_2_grid_r3_c7.png,10840,1,236,278,31.5,3
69,8_10240x stock m270_4xobj_2_grid_r3_c7.png,10841,1,175,352,8.0,1
69,8_10240x stock m270_4xobj_2_grid_r3_c7.png,10842,1,95,304,31.5,3
69,8_10240x stock m270_4xobj_2_grid_r3_c7.png,10843,1,137,387,31.5,3
69,8_10240x stock m270_4xobj_2_grid_r3_c7.png,10844,1,112,373,31.5,3
70,8_10240x stock m270_4xobj_3_grid_r0_c0.png,10845,1,489,393,31.5,3
70,8_10240x stock m270_4xobj_3_grid_r0_c0.png,10846,1,479,155,46.0,3
70,8_10240x stock m270_4xobj_3_grid_r0_c0.png,10847,1,411,314,46.0,3
70,8_10240x stock m270_4xobj_3_grid_r0_c0.png,10848,1,438,269,46.0,3
70,8_10240x stock m270_4xobj_3_grid_r0_c0.png,10849,1,445,238,46.0,3
70,8_10240x stock m270_4xobj_3_grid_r0_c0.png,10850,1,330,206,74.5,4
70,8_10240x stock m270_4xobj_3_grid_r0_c0.png,10851,1,318,384,31.5,3
70,8_10240x stock m270_4xobj_3_grid_r0_c0.png,10852,1,354,288,46.0,3
70,8_10240x stock m270_4xobj_3_grid_r0_c0.png,10853,1,392,225,46.0,3
70,8_10240x stock m270_4xobj_3_grid_r0_c0.png,10854,1,340,13,31.5,3
70,8_10240x stock m270_4xobj_3_grid_r0_c0.png,10855,1,238,398,46.0,3
70,8_10240x stock m270_4xobj_3_grid_r0_c0.png,10856,1,291,91,46.0,3
70,8_10240x stock m270_4xobj_3_grid_r0_c0.png,10857,1,305,10,46.0,3
70,8_10240x stock m270_4xobj_3_grid_r0_c0.png,10858,1,179,344,46.0,3
70,8_10240x stock m270_4xobj_3_grid_r0_c0.png,10859,1,180,291,31.5,3
70,8_10240x stock m270_4xobj_3_grid_r0_c0.png,10860,1,77,166,74.5,4
70,8_10240x stock m270_4xobj_3_grid_r0_c0.png,10861,1,44,344,74.5,4
70,8_10240x stock m270_4xobj_3_grid_r0_c0.png,10862,1,241,289,46.0,3
70,8_10240x stock m270_4xobj_3_grid_r0_c0.png,10863,1,51,73,74.5,4
70,8_10240x stock m270_4xobj_3_grid_r0_c0.png,10864,1,136,412,104.0,5
70,8_10240x stock m270_4xobj_3_grid_r0_c0.png,10865,1,65,333,74.5,4
70,8_10240x stock m270_4xobj_3_grid_r0_c0.png,10866,1,442,102,8.0,1
70,8_10240x stock m270_4xobj_3_grid_r0_c0.png,10867,1,80,104,8.0,1
70,8_10240x stock m270_4xobj_3_grid_r0_c0.png,10868,1,109,64,31.5,3
70,8_10240x stock m270_4xobj_3_grid_r0_c0.png,10869,1,263,190,8.0,1
71,8_10240x stock m270_4xobj_4_grid_r1_c4.png,10870,1,484,489,46.0,3
71,8_10240x stock m270_4xobj_4_grid_r1_c4.png,10871,1,460,226,46.0,3
71,8_10240x stock m270_4xobj_4_grid_r1_c4.png,10872,1,402,75,46.0,3
71,8_10240x stock m270_4xobj_4_grid_r1_c4.png,10873,1,440,53,46.0,3
71,8_10240x stock m270_4xobj_4_grid_r1_c4.png,10874,1,48,40,46.0,3
71,8_10240x stock m270_4xobj_4_grid_r1_c4.png,10875,1,53,14,46.0,3
71,8_10240x stock m270_4xobj_4_grid_r1_c4.png,10876,1,128,9,46.0,3
71,8_10240x stock m270_4xobj_4_grid_r1_c4.png,10877,1,382,393,46.0,3
71,8_10240x stock m270_4xobj_4_grid_r1_c4.png,10878,1,291,365,46.0,3
71,8_10240x stock m270_4xobj_4_grid_r1_c4.png,10879,1,317,312,74.5,4
71,8_10240x stock m270_4xobj_4_grid_r1_c4.png,10880,1,296,290,46.0,3
71,8_10240x stock m270_4xobj_4_grid_r1_c4.png,10881,1,177,253,74.5,4
71,8_10240x stock m270_4xobj_4_grid_r1_c4.png,10882,1,294,203,74.5,4
71,8_10240x stock m270_4xobj_4_grid_r1_c4.png,10883,1,447,409,46.0,3
71,8_10240x stock m270_4xobj_4_grid_r1_c4.png,10884,1,422,321,46.0,3
71,8_10240x stock m270_4xobj_4_grid_r1_c4.png,10885,1,34,259,46.0,3
71,8_10240x stock m270_4xobj_4_grid_r1_c4.png,10886,1,50,297,46.0,3
71,8_10240x stock m270_4xobj_4_grid_r1_c4.png,10887,1,172,110,31.5,3
72,8_10240x stock m270_4xobj_4_grid_r1_c5.png,10888,1,357,37,190.0,7
72,8_10240x stock m270_4xobj_4_grid_r1_c5.png,10889,1,384,131,46.0,3
72,8_10240x stock m270_4xobj_4_grid_r1_c5.png,10890,1,9,489,46.0,3
72,8_10240x stock m270_4xobj_4_grid_r1_c5.png,10891,1,508,388,31.5,3
72,8_10240x stock m270_4xobj_4_grid_r1_c5.png,10892,1,147,304,46.0,3
72,8_10240x stock m270_4xobj_4_grid_r1_c5.png,10893,1,44,296,74.5,4
72,8_10240x stock m270_4xobj_4_grid_r1_c5.png,10894,1,141,225,46.0,3
72,8_10240x stock m270_4xobj_4_grid_r1_c5.png,10895,1,149,197,46.0,3
72,8_10240x stock m270_4xobj_4_grid_r1_c5.png,10896,1,146,177,31.5,3
72,8_10240x stock m270_4xobj_4_grid_r1_c5.png,10897,1,339,146,74.5,4
72,8_10240x stock m270_4xobj_4_grid_r1_c5.png,10898,1,108,81,46.0,3
72,8_10240x stock m270_4xobj_4_grid_r1_c5.png,10899,1,286,72,46.0,3
72,8_10240x stock m270_4xobj_4_grid_r1_c5.png,10900,1,208,505,46.0,3
72,8_10240x stock m270_4xobj_4_grid_r1_c5.png,10901,1,122,183,46.0,3
72,8_10240x stock m270_4xobj_4_grid_r1_c5.png,10902,1,227,23,104.0,5
72,8_10240x stock m270_4xobj_4_grid_r1_c5.png,10903,1,341,228,74.5,4
72,8_10240x stock m270_4xobj_4_grid_r1_c5.png,10904,1,503,133,46.0,3
73,8_10240x stock m270_4xobj_4_grid_r1_c6.png,10905,1,413,441,46.0,3
73,8_10240x stock m270_4xobj_4_grid_r1_c6.png,10906,1,396,381,46.0,3
73,8_10240x stock m270_4xobj_4_grid_r1_c6.png,10907,1,463,361,31.5,3
73,8_10240x stock m270_4xobj_4_grid_r1_c6.png,10908,1,377,262,31.5,3
73,8_10240x stock m270_4xobj_4_grid_r1_c6.png,10909,1,337,236,46.0,3
73,8_10240x stock m270_4xobj_4_grid_r1_c6.png,10910,1,494,231,46.0,3
73,8_10240x stock m270_4xobj_4_grid_r1_c6.png,10911,1,363,197,46.0,3
73,8_10240x stock m270_4xobj_4_grid_r1_c6.png,10912,1,82,148,46.0,3
73,8_10240x stock m270_4xobj_4_grid_r1_c6.png,10913,1,122,140,46.0,3
73,8_10240x stock m270_4xobj_4_grid_r1_c6.png,10914,1,129,419,46.0,3
73,8_10240x stock m270_4xobj_4_grid_r1_c6.png,10915,1,465,419,31.5,3
73,8_10240x stock m270_4xobj_4_grid_r1_c6.png,10916,1,33,388,74.5,4
73,8_10240x stock m270_4xobj_4_grid_r1_c6.png,10917,1,334,312,46.0,3
73,8_10240x stock m270_4xobj_4_grid_r1_c6.png,10918,1,198,312,74.5,4
73,8_10240x stock m270_4xobj_4_grid_r1_c6.png,10919,1,361,29,46.0,3
73,8_10240x stock m270_4xobj_4_grid_r1_c6.png,10920,1,79,317,46.0,3
73,8_10240x stock m270_4xobj_4_grid_r1_c6.png,10921,1,389,9,46.0,3
73,8_10240x stock m270_4xobj_4_grid_r1_c6.png,10922,1,59,500,74.5,4
73,8_10240x stock m270_4xobj_4_grid_r1_c6.png,10923,1,458,324,46.0,3
73,8_10240x stock m270_4xobj_4_grid_r1_c6.png,10924,1,28,133,46.0,3
73,8_10240x stock m270_4xobj_4_grid_r1_c6.png,10925,1,209,476,46.0,3
73,8_10240x stock m270_4xobj_4_grid_r1_c6.png,10926,1,167,9,74.5,4
73,8_10240x stock m270_4xobj_4_grid_r1_c6.png,10927,1,499,162,8.0,1
73,8_10240x stock m270_4xobj_4_grid_r1_c6.png,10928,1,451,103,8.0,1
73,8_10240x stock m270_4xobj_4_grid_r1_c6.png,10929,1,473,92,31.5,3
73,8_10240x stock m270_4xobj_4_grid_r1_c6.png,10930,1,480,412,31.5,3
73,8_10240x stock m270_4xobj_4_grid_r1_c6.png,10931,1,345,303,31.5,3
73,8_10240x stock m270_4xobj_4_grid_r1_c6.png,10932,1,359,279,31.5,3
73,8_10240x stock m270_4xobj_4_grid_r1_c6.png,10933,1,274,247,31.5,3
73,8_10240x stock m270_4xobj_4_grid_r1_c6.png,10934,1,258,161,8.0,1
73,8_10240x stock m270_4xobj_4_grid_r1_c6.png,10935,1,318,152,8.0,1
73,8_10240x stock m270_4xobj_4_grid_r1_c6.png,10936,1,336,137,31.5,3
73,8_10240x stock m270_4xobj_4_grid_r1_c6.png,10937,1,292,91,31.5,3
73,8_10240x stock m270_4xobj_4_grid_r1_c6.png,10938,1,281,75,31.5,3
73,8_10240x stock m270_4xobj_4_grid_r1_c6.png,10939,1,314,499,8.0,1
73,8_10240x stock m270_4xobj_4_grid_r1_c6.png,10940,1,437,482,8.0,1
73,8_10240x stock m270_4xobj_4_grid_r1_c6.png,10941,1,339,460,31.5,3
73,8_10240x stock m270_4xobj_4_grid_r1_c6.png,10942,1,362,413,8.0,1
73,8_10240x stock m270_4xobj_4_grid_r1_c6.png,10943,1,125,255,31.5,3
73,8_10240x stock m270_4xobj_4_grid_r1_c6.png,10944,1,104,131,31.5,3
73,8_10240x stock m270_4xobj_4_grid_r1_c6.png,10945,1,97,119,31.5,3
73,8_10240x stock m270_4xobj_4_grid_r1_c6.png,10946,1,102,94,31.5,3
73,8_10240x stock m270_4xobj_4_grid_r1_c6.png,10947,1,248,451,31.5,3
73,8_10240x stock m270_4xobj_4_grid_r1_c6.png,10948,1,303,452,31.5,3
73,8_10240x stock m270_4xobj_4_grid_r1_c6.png,10949,1,181,402,31.5,3
73,8_10240x stock m270_4xobj_4_grid_r1_c6.png,10950,1,114,386,46.0,3
73,8_10240x stock m270_4xobj_4_grid_r1_c6.png,10951,1,50,274,8.0,1
73,8_10240x stock m270_4xobj_4_grid_r1_c6.png,10952,1,34,253,31.5,3
73,8_10240x stock m270_4xobj_4_grid_r1_c6.png,10953,1,87,478,31.5,3
73,8_10240x stock m270_4xobj_4_grid_r1_c6.png,10954,1,282,410,31.5,3
74,8_10240x stock m270_4xobj_4_grid_r1_c7.png,10955,1,218,463,46.0,3
74,8_10240x stock m270_4xobj_4_grid_r1_c7.png,10956,1,399,432,31.5,3
74,8_10240x stock m270_4xobj_4_grid_r1_c7.png,10957,1,231,286,46.0,3
74,8_10240x stock m270_4xobj_4_grid_r1_c7.png,10958,1,19,231,31.5,3
74,8_10240x stock m270_4xobj_4_grid_r1_c7.png,10959,1,61,218,74.5,4
74,8_10240x stock m270_4xobj_4_grid_r1_c7.png,10960,1,441,71,74.5,4
74,8_10240x stock m270_4xobj_4_grid_r1_c7.png,10961,1,282,66,46.0,3
74,8_10240x stock m270_4xobj_4_grid_r1_c7.png,10962,1,135,185,46.0,3
74,8_10240x stock m270_4xobj_4_grid_r1_c7.png,10963,1,320,42,46.0,3
74,8_10240x stock m270_4xobj_4_grid_r1_c7.png,10964,1,252,410,31.5,3
74,8_10240x stock m270_4xobj_4_grid_r1_c7.png,10965,1,48,341,46.0,3
74,8_10240x stock m270_4xobj_4_grid_r1_c7.png,10966,1,90,64,46.0,3
74,8_10240x stock m270_4xobj_4_grid_r1_c7.png,10967,1,492,75,8.0,1
74,8_10240x stock m270_4xobj_4_grid_r1_c7.png,10968,1,113,505,46.0,3
74,8_10240x stock m270_4xobj_4_grid_r1_c7.png,10969,1,469,128,8.0,1
74,8_10240x stock m270_4xobj_4_grid_r1_c7.png,10970,1,455,123,31.5,3
74,8_10240x stock m270_4xobj_4_grid_r1_c7.png,10971,1,154,34,74.5,4
74,8_10240x stock m270_4xobj_4_grid_r1_c7.png,10972,1,416,76,31.5,3
74,8_10240x stock m270_4xobj_4_grid_r1_c7.png,10973,1,452,189,8.0,1
74,8_10240x stock m270_4xobj_4_grid_r1_c7.png,10974,1,362,84,31.5,3
74,8_10240x stock m270_4xobj_4_grid_r1_c7.png,10975,1,380,36,8.0,1
74,8_10240x stock m270_4xobj_4_grid_r1_c7.png,10976,1,359,24,8.0,1
74,8_10240x stock m270_4xobj_4_grid_r1_c7.png,10977,1,446,386,8.0,1
74,8_10240x stock m270_4xobj_4_grid_r1_c7.png,10978,1,373,136,31.5,3
74,8_10240x stock m270_4xobj_4_grid_r1_c7.png,10979,1,409,386,31.5,3
74,8_10240x stock m270_4xobj_4_grid_r1_c7.png,10980,1,398,262,8.0,1
74,8_10240x stock m270_4xobj_4_grid_r1_c7.png,10981,1,364,321,8.0,1
74,8_10240x stock m270_4xobj_4_grid_r1_c7.png,10982,1,372,241,8.0,1
74,8_10240x stock m270_4xobj_4_grid_r1_c7.png,10983,1,359,227,31.5,3
74,8_10240x stock m270_4xobj_4_grid_r1_c7.png,10984,1,294,196,31.5,3
74,8_10240x stock m270_4xobj_4_grid_r1_c7.png,10985,1,228,80,8.0,1
74,8_10240x stock m270_4xobj_4_grid_r1_c7.png,10986,1,265,59,8.0,1
74,8_10240x stock m270_4xobj_4_grid_r1_c7.png,10987,1,197,49,31.5,3
74,8_10240x stock m270_4xobj_4_grid_r1_c7.png,10988,1,274,357,31.5,3
74,8_10240x stock m270_4xobj_4_grid_r1_c7.png,10989,1,306,267,31.5,3
74,8_10240x stock m270_4xobj_4_grid_r1_c7.png,10990,1,300,245,31.5,3
74,8_10240x stock m270_4xobj_4_grid_r1_c7.png,10991,1,315,225,31.5,3
74,8_10240x stock m270_4xobj_4_grid_r1_c7.png,10992,1,109,165,31.5,3
74,8_10240x stock m270_4xobj_4_grid_r1_c7.png,10993,1,38,124,31.5,3
74,8_10240x stock m270_4xobj_4_grid_r1_c7.png,10994,1,126,109,31.5,3
74,8_10240x stock m270_4xobj_4_grid_r1_c7.png,10995,1,50,32,8.0,1
74,8_10240x stock m270_4xobj_4_grid_r1_c7.png,10996,1,87,496,46.0,3
74,8_10240x stock m270_4xobj_4_grid_r1_c7.png,10997,1,282,492,8.0,1
74,8_10240x stock m270_4xobj_4_grid_r1_c7.png,10998,1,299,421,31.5,3
74,8_10240x stock m270_4xobj_4_grid_r1_c7.png,10999,1,193,368,31.5,3
74,8_10240x stock m270_4xobj_4_grid_r1_c7.png,11000,1,164,334,8.0,1
74,8_10240x stock m270_4xobj_4_grid_r1_c7.png,11001,1,193,293,31.5,3
74,8_10240x stock m270_4xobj_4_grid_r1_c7.png,11002,1,37,263,8.0,1
74,8_10240x stock m270_4xobj_4_grid_r1_c7.png,11003,1,60,386,31.5,3
74,8_10240x stock m270_4xobj_4_grid_r1_c7.png,11004,1,155,378,31.5,3
74,8_10240x stock m270_4xobj_4_grid_r1_c7.png,11005,1,43,358,8.0,1
74,8_10240x stock m270_4xobj_4_grid_r1_c7.png,11006,1,79,318,31.5,3
74,8_10240x stock m270_4xobj_4_grid_r1_c7.png,11007,1,93,285,31.5,3
74,8_10240x stock m270_4xobj_4_grid_r1_c7.png,11008,1,65,476,8.0,1
75,8_10240x stock m270_4xobj_4_grid_r2_c0.png,11009,1,346,37,74.5,4
75,8_10240x stock m270_4xobj_4_grid_r2_c0.png,11010,1,248,238,46.0,3
75,8_10240x stock m270_4xobj_4_grid_r2_c0.png,11011,1,207,97,46.0,3
75,8_10240x stock m270_4xobj_4_grid_r2_c0.png,11012,1,217,242,46.0,3
75,8_10240x stock m270_4xobj_4_grid_r2_c0.png,11013,1,64,167,31.5,3
75,8_10240x stock m270_4xobj_4_grid_r2_c0.png,11014,1,93,240,46.0,3
75,8_10240x stock m270_4xobj_4_grid_r2_c0.png,11015,1,226,444,46.0,3
75,8_10240x stock m270_4xobj_4_grid_r2_c0.png,11016,1,178,388,31.5,3
75,8_10240x stock m270_4xobj_4_grid_r2_c0.png,11017,1,22,416,31.5,3
75,8_10240x stock m270_4xobj_4_grid_r2_c0.png,11018,1,203,496,46.0,3
