image_id,image_filename,bead_id,category_id,x,y,area,approx_radius
1,3_320x stock m270_4xobj_3_grid_r0_c6.png,1,1,325,508,38.0,3
1,3_320x stock m270_4xobj_3_grid_r0_c6.png,2,1,300,507,46.0,3
1,3_320x stock m270_4xobj_3_grid_r0_c6.png,3,1,135,432,46.0,3
1,3_320x stock m270_4xobj_3_grid_r0_c6.png,4,1,134,443,46.0,3
1,3_320x stock m270_4xobj_3_grid_r0_c6.png,5,1,146,470,46.0,3
1,3_320x stock m270_4xobj_3_grid_r0_c6.png,6,1,146,461,46.0,3
1,3_320x stock m270_4xobj_3_grid_r0_c6.png,7,1,122,470,46.0,3
1,3_320x stock m270_4xobj_3_grid_r0_c6.png,8,1,123,464,46.0,3
1,3_320x stock m270_4xobj_3_grid_r0_c6.png,9,1,57,70,46.0,3
1,3_320x stock m270_4xobj_3_grid_r0_c6.png,10,1,53,66,46.0,3
1,3_320x stock m270_4xobj_3_grid_r0_c6.png,11,1,195,65,46.0,3
1,3_320x stock m270_4xobj_3_grid_r0_c6.png,12,1,192,71,46.0,3
1,3_320x stock m270_4xobj_3_grid_r0_c6.png,13,1,198,136,46.0,3
1,3_320x stock m270_4xobj_3_grid_r0_c6.png,14,1,204,139,46.0,3
1,3_320x stock m270_4xobj_3_grid_r0_c6.png,15,1,210,135,46.0,3
1,3_320x stock m270_4xobj_3_grid_r0_c6.png,16,1,152,135,46.0,3
1,3_320x stock m270_4xobj_3_grid_r0_c6.png,17,1,151,142,46.0,3
1,3_320x stock m270_4xobj_3_grid_r0_c6.png,18,1,112,266,46.0,3
1,3_320x stock m270_4xobj_3_grid_r0_c6.png,19,1,116,261,46.0,3
1,3_320x stock m270_4xobj_3_grid_r0_c6.png,20,1,273,109,46.0,3
1,3_320x stock m270_4xobj_3_grid_r0_c6.png,21,1,281,111,46.0,3
1,3_320x stock m270_4xobj_3_grid_r0_c6.png,22,1,289,110,46.0,3
1,3_320x stock m270_4xobj_3_grid_r0_c6.png,23,1,111,98,46.0,3
1,3_320x stock m270_4xobj_3_grid_r0_c6.png,24,1,116,92,46.0,3
1,3_320x stock m270_4xobj_3_grid_r0_c6.png,25,1,214,160,46.0,3
1,3_320x stock m270_4xobj_3_grid_r0_c6.png,26,1,390,158,46.0,3
1,3_320x stock m270_4xobj_3_grid_r0_c6.png,27,1,109,153,31.5,3
1,3_320x stock m270_4xobj_3_grid_r0_c6.png,28,1,403,150,46.0,3
1,3_320x stock m270_4xobj_3_grid_r0_c6.png,29,1,278,144,46.0,3
1,3_320x stock m270_4xobj_3_grid_r0_c6.png,30,1,321,139,31.5,3
1,3_320x stock m270_4xobj_3_grid_r0_c6.png,31,1,172,131,31.5,3
1,3_320x stock m270_4xobj_3_grid_r0_c6.png,32,1,364,123,31.5,3
1,3_320x stock m270_4xobj_3_grid_r0_c6.png,33,1,311,121,104.0,5
1,3_320x stock m270_4xobj_3_grid_r0_c6.png,34,1,413,119,46.0,3
1,3_320x stock m270_4xobj_3_grid_r0_c6.png,35,1,179,66,46.0,3
1,3_320x stock m270_4xobj_3_grid_r0_c6.png,36,1,150,181,31.5,3
1,3_320x stock m270_4xobj_3_grid_r0_c6.png,37,1,118,119,46.0,3
1,3_320x stock m270_4xobj_3_grid_r0_c6.png,38,1,245,204,46.0,3
1,3_320x stock m270_4xobj_3_grid_r0_c6.png,39,1,351,116,74.5,4
1,3_320x stock m270_4xobj_3_grid_r0_c6.png,40,1,158,113,46.0,3
1,3_320x stock m270_4xobj_3_grid_r0_c6.png,41,1,99,113,46.0,3
1,3_320x stock m270_4xobj_3_grid_r0_c6.png,42,1,218,113,46.0,3
1,3_320x stock m270_4xobj_3_grid_r0_c6.png,43,1,370,105,46.0,3
1,3_320x stock m270_4xobj_3_grid_r0_c6.png,44,1,329,100,46.0,3
1,3_320x stock m270_4xobj_3_grid_r0_c6.png,45,1,183,98,31.5,3
1,3_320x stock m270_4xobj_3_grid_r0_c6.png,46,1,217,97,46.0,3
1,3_320x stock m270_4xobj_3_grid_r0_c6.png,47,1,78,95,46.0,3
1,3_320x stock m270_4xobj_3_grid_r0_c6.png,48,1,103,444,74.5,4
1,3_320x stock m270_4xobj_3_grid_r0_c6.png,49,1,390,88,46.0,3
1,3_320x stock m270_4xobj_3_grid_r0_c6.png,50,1,334,84,46.0,3
1,3_320x stock m270_4xobj_3_grid_r0_c6.png,51,1,181,82,46.0,3
1,3_320x stock m270_4xobj_3_grid_r0_c6.png,52,1,476,76,74.5,4
1,3_320x stock m270_4xobj_3_grid_r0_c6.png,53,1,378,74,46.0,3
1,3_320x stock m270_4xobj_3_grid_r0_c6.png,54,1,487,74,46.0,3
1,3_320x stock m270_4xobj_3_grid_r0_c6.png,55,1,157,70,31.5,3
1,3_320x stock m270_4xobj_3_grid_r0_c6.png,56,1,395,64,46.0,3
1,3_320x stock m270_4xobj_3_grid_r0_c6.png,57,1,142,60,31.5,3
1,3_320x stock m270_4xobj_3_grid_r0_c6.png,58,1,50,55,46.0,3
1,3_320x stock m270_4xobj_3_grid_r0_c6.png,59,1,183,51,46.0,3
1,3_320x stock m270_4xobj_3_grid_r0_c6.png,60,1,203,49,46.0,3
1,3_320x stock m270_4xobj_3_grid_r0_c6.png,61,1,379,40,31.5,3
1,3_320x stock m270_4xobj_3_grid_r0_c6.png,62,1,217,39,31.5,3
1,3_320x stock m270_4xobj_3_grid_r0_c6.png,63,1,232,35,46.0,3
1,3_320x stock m270_4xobj_3_grid_r0_c6.png,64,1,465,35,74.5,4
1,3_320x stock m270_4xobj_3_grid_r0_c6.png,65,1,14,30,46.0,3
1,3_320x stock m270_4xobj_3_grid_r0_c6.png,66,1,172,25,46.0,3
1,3_320x stock m270_4xobj_3_grid_r0_c6.png,67,1,189,507,46.0,3
1,3_320x stock m270_4xobj_3_grid_r0_c6.png,68,1,354,506,31.5,3
1,3_320x stock m270_4xobj_3_grid_r0_c6.png,69,1,67,493,31.5,3
1,3_320x stock m270_4xobj_3_grid_r0_c6.png,70,1,463,475,31.5,3
1,3_320x stock m270_4xobj_3_grid_r0_c6.png,71,1,484,472,46.0,3
1,3_320x stock m270_4xobj_3_grid_r0_c6.png,72,1,384,470,46.0,3
1,3_320x stock m270_4xobj_3_grid_r0_c6.png,73,1,402,341,46.0,3
1,3_320x stock m270_4xobj_3_grid_r0_c6.png,74,1,355,462,31.5,3
1,3_320x stock m270_4xobj_3_grid_r0_c6.png,75,1,289,456,46.0,3
1,3_320x stock m270_4xobj_3_grid_r0_c6.png,76,1,326,449,46.0,3
1,3_320x stock m270_4xobj_3_grid_r0_c6.png,77,1,448,434,46.0,3
1,3_320x stock m270_4xobj_3_grid_r0_c6.png,78,1,189,434,46.0,3
1,3_320x stock m270_4xobj_3_grid_r0_c6.png,79,1,308,429,46.0,3
1,3_320x stock m270_4xobj_3_grid_r0_c6.png,80,1,189,416,46.0,3
1,3_320x stock m270_4xobj_3_grid_r0_c6.png,81,1,410,413,46.0,3
1,3_320x stock m270_4xobj_3_grid_r0_c6.png,82,1,268,406,31.5,3
1,3_320x stock m270_4xobj_3_grid_r0_c6.png,83,1,249,388,31.5,3
1,3_320x stock m270_4xobj_3_grid_r0_c6.png,84,1,408,386,31.5,3
1,3_320x stock m270_4xobj_3_grid_r0_c6.png,85,1,368,381,31.5,3
1,3_320x stock m270_4xobj_3_grid_r0_c6.png,86,1,386,376,46.0,3
1,3_320x stock m270_4xobj_3_grid_r0_c6.png,87,1,439,369,46.0,3
1,3_320x stock m270_4xobj_3_grid_r0_c6.png,88,1,117,361,46.0,3
1,3_320x stock m270_4xobj_3_grid_r0_c6.png,89,1,482,359,74.5,4
1,3_320x stock m270_4xobj_3_grid_r0_c6.png,90,1,276,358,31.5,3
1,3_320x stock m270_4xobj_3_grid_r0_c6.png,91,1,41,493,31.5,3
1,3_320x stock m270_4xobj_3_grid_r0_c6.png,92,1,210,277,46.0,3
1,3_320x stock m270_4xobj_3_grid_r0_c6.png,93,1,259,275,31.5,3
1,3_320x stock m270_4xobj_3_grid_r0_c6.png,94,1,40,271,31.5,3
1,3_320x stock m270_4xobj_3_grid_r0_c6.png,95,1,285,268,46.0,3
1,3_320x stock m270_4xobj_3_grid_r0_c6.png,96,1,482,246,74.5,4
1,3_320x stock m270_4xobj_3_grid_r0_c6.png,97,1,62,242,46.0,3
1,3_320x stock m270_4xobj_3_grid_r0_c6.png,98,1,94,242,46.0,3
1,3_320x stock m270_4xobj_3_grid_r0_c6.png,99,1,127,241,46.0,3
1,3_320x stock m270_4xobj_3_grid_r0_c6.png,100,1,111,241,46.0,3
1,3_320x stock m270_4xobj_3_grid_r0_c6.png,101,1,261,239,46.0,3
1,3_320x stock m270_4xobj_3_grid_r0_c6.png,102,1,157,229,31.5,3
1,3_320x stock m270_4xobj_3_grid_r0_c6.png,103,1,12,224,46.0,3
1,3_320x stock m270_4xobj_3_grid_r0_c6.png,104,1,51,219,46.0,3
1,3_320x stock m270_4xobj_3_grid_r0_c6.png,105,1,281,219,46.0,3
1,3_320x stock m270_4xobj_3_grid_r0_c6.png,106,1,363,217,46.0,3
1,3_320x stock m270_4xobj_3_grid_r0_c6.png,107,1,82,214,46.0,3
1,3_320x stock m270_4xobj_3_grid_r0_c6.png,108,1,34,210,31.5,3
1,3_320x stock m270_4xobj_3_grid_r0_c6.png,109,1,79,202,46.0,3
1,3_320x stock m270_4xobj_3_grid_r0_c6.png,110,1,427,202,46.0,3
1,3_320x stock m270_4xobj_3_grid_r0_c6.png,111,1,345,183,74.5,4
1,3_320x stock m270_4xobj_3_grid_r0_c6.png,112,1,259,180,46.0,3
1,3_320x stock m270_4xobj_3_grid_r0_c6.png,113,1,221,173,74.5,4
1,3_320x stock m270_4xobj_3_grid_r0_c6.png,114,1,30,171,31.5,3
1,3_320x stock m270_4xobj_3_grid_r0_c6.png,115,1,321,168,74.5,4
1,3_320x stock m270_4xobj_3_grid_r0_c6.png,116,1,458,167,46.0,3
1,3_320x stock m270_4xobj_3_grid_r0_c6.png,117,1,337,144,104.0,5
1,3_320x stock m270_4xobj_3_grid_r0_c6.png,118,1,139,135,46.0,3
1,3_320x stock m270_4xobj_3_grid_r0_c6.png,119,1,119,47,46.0,3
1,3_320x stock m270_4xobj_3_grid_r0_c6.png,120,1,339,14,74.5,4
1,3_320x stock m270_4xobj_3_grid_r0_c6.png,121,1,148,12,46.0,3
1,3_320x stock m270_4xobj_3_grid_r0_c6.png,122,1,348,493,31.5,3
1,3_320x stock m270_4xobj_3_grid_r0_c6.png,123,1,68,481,46.0,3
1,3_320x stock m270_4xobj_3_grid_r0_c6.png,124,1,275,474,46.0,3
1,3_320x stock m270_4xobj_3_grid_r0_c6.png,125,1,42,473,31.5,3
1,3_320x stock m270_4xobj_3_grid_r0_c6.png,126,1,377,459,46.0,3
1,3_320x stock m270_4xobj_3_grid_r0_c6.png,127,1,196,448,46.0,3
1,3_320x stock m270_4xobj_3_grid_r0_c6.png,128,1,80,439,46.0,3
1,3_320x stock m270_4xobj_3_grid_r0_c6.png,129,1,247,431,31.5,3
1,3_320x stock m270_4xobj_3_grid_r0_c6.png,130,1,173,422,46.0,3
1,3_320x stock m270_4xobj_3_grid_r0_c6.png,131,1,325,418,31.5,3
1,3_320x stock m270_4xobj_3_grid_r0_c6.png,132,1,211,418,46.0,3
1,3_320x stock m270_4xobj_3_grid_r0_c6.png,133,1,120,417,31.5,3
1,3_320x stock m270_4xobj_3_grid_r0_c6.png,134,1,244,406,31.5,3
1,3_320x stock m270_4xobj_3_grid_r0_c6.png,135,1,84,400,46.0,3
1,3_320x stock m270_4xobj_3_grid_r0_c6.png,136,1,314,399,74.5,4
1,3_320x stock m270_4xobj_3_grid_r0_c6.png,137,1,174,392,46.0,3
1,3_320x stock m270_4xobj_3_grid_r0_c6.png,138,1,144,386,31.5,3
1,3_320x stock m270_4xobj_3_grid_r0_c6.png,139,1,256,373,46.0,3
1,3_320x stock m270_4xobj_3_grid_r0_c6.png,140,1,178,356,46.0,3
1,3_320x stock m270_4xobj_3_grid_r0_c6.png,141,1,16,352,46.0,3
1,3_320x stock m270_4xobj_3_grid_r0_c6.png,142,1,156,344,31.5,3
1,3_320x stock m270_4xobj_3_grid_r0_c6.png,143,1,201,326,31.5,3
1,3_320x stock m270_4xobj_3_grid_r0_c6.png,144,1,34,324,46.0,3
1,3_320x stock m270_4xobj_3_grid_r0_c6.png,145,1,121,324,31.5,3
1,3_320x stock m270_4xobj_3_grid_r0_c6.png,146,1,75,320,74.5,4
1,3_320x stock m270_4xobj_3_grid_r0_c6.png,147,1,397,320,74.5,4
1,3_320x stock m270_4xobj_3_grid_r0_c6.png,148,1,301,320,74.5,4
1,3_320x stock m270_4xobj_3_grid_r0_c6.png,149,1,14,267,46.0,3
1,3_320x stock m270_4xobj_3_grid_r0_c6.png,150,1,49,192,46.0,3
1,3_320x stock m270_4xobj_3_grid_r0_c6.png,151,1,299,97,74.5,4
1,3_320x stock m270_4xobj_3_grid_r0_c6.png,152,1,346,25,74.5,4
1,3_320x stock m270_4xobj_3_grid_r0_c6.png,153,1,112,10,74.5,4
1,3_320x stock m270_4xobj_3_grid_r0_c6.png,154,1,116,506,46.0,3
1,3_320x stock m270_4xobj_3_grid_r0_c6.png,155,1,102,498,46.0,3
1,3_320x stock m270_4xobj_3_grid_r0_c6.png,156,1,55,493,31.5,3
1,3_320x stock m270_4xobj_3_grid_r0_c6.png,157,1,459,494,74.5,4
1,3_320x stock m270_4xobj_3_grid_r0_c6.png,158,1,288,489,46.0,3
1,3_320x stock m270_4xobj_3_grid_r0_c6.png,159,1,140,486,46.0,3
1,3_320x stock m270_4xobj_3_grid_r0_c6.png,160,1,53,482,46.0,3
1,3_320x stock m270_4xobj_3_grid_r0_c6.png,161,1,93,460,46.0,3
1,3_320x stock m270_4xobj_3_grid_r0_c6.png,162,1,26,456,46.0,3
1,3_320x stock m270_4xobj_3_grid_r0_c6.png,163,1,77,450,46.0,3
1,3_320x stock m270_4xobj_3_grid_r0_c6.png,164,1,57,445,46.0,3
1,3_320x stock m270_4xobj_3_grid_r0_c6.png,165,1,71,428,74.5,4
1,3_320x stock m270_4xobj_3_grid_r0_c6.png,166,1,89,420,74.5,4
1,3_320x stock m270_4xobj_3_grid_r0_c6.png,167,1,146,419,46.0,3
1,3_320x stock m270_4xobj_3_grid_r0_c6.png,168,1,104,416,46.0,3
1,3_320x stock m270_4xobj_3_grid_r0_c6.png,169,1,57,412,74.5,4
1,3_320x stock m270_4xobj_3_grid_r0_c6.png,170,1,102,389,46.0,3
1,3_320x stock m270_4xobj_3_grid_r0_c6.png,171,1,441,387,46.0,3
1,3_320x stock m270_4xobj_3_grid_r0_c6.png,172,1,40,386,46.0,3
1,3_320x stock m270_4xobj_3_grid_r0_c6.png,173,1,100,357,46.0,3
1,3_320x stock m270_4xobj_3_grid_r0_c6.png,174,1,3,348,31.5,3
1,3_320x stock m270_4xobj_3_grid_r0_c6.png,175,1,309,347,46.0,3
1,3_320x stock m270_4xobj_3_grid_r0_c6.png,176,1,386,310,74.5,4
1,3_320x stock m270_4xobj_3_grid_r0_c6.png,177,1,16,292,74.5,4
1,3_320x stock m270_4xobj_3_grid_r0_c6.png,178,1,30,480,46.0,3
1,3_320x stock m270_4xobj_3_grid_r0_c6.png,179,1,92,473,46.0,3
1,3_320x stock m270_4xobj_3_grid_r0_c6.png,180,1,231,414,74.5,4
1,3_320x stock m270_4xobj_3_grid_r0_c6.png,181,1,380,492,104.0,5
1,3_320x stock m270_4xobj_3_grid_r0_c6.png,182,1,414,446,31.5,3
1,3_320x stock m270_4xobj_3_grid_r0_c6.png,183,1,362,437,31.5,3
1,3_320x stock m270_4xobj_3_grid_r0_c6.png,184,1,462,400,74.5,4
1,3_320x stock m270_4xobj_3_grid_r0_c6.png,185,1,160,378,104.0,5
1,3_320x stock m270_4xobj_3_grid_r0_c6.png,186,1,433,357,74.5,4
1,3_320x stock m270_4xobj_3_grid_r0_c6.png,187,1,497,352,104.0,5
1,3_320x stock m270_4xobj_3_grid_r0_c6.png,188,1,419,337,104.0,5
1,3_320x stock m270_4xobj_3_grid_r0_c6.png,189,1,482,321,104.0,5
1,3_320x stock m270_4xobj_3_grid_r0_c6.png,190,1,167,299,31.5,3
1,3_320x stock m270_4xobj_3_grid_r0_c6.png,191,1,264,266,31.5,3
1,3_320x stock m270_4xobj_3_grid_r0_c6.png,192,1,211,230,74.5,4
1,3_320x stock m270_4xobj_3_grid_r0_c6.png,193,1,433,173,31.5,3
1,3_320x stock m270_4xobj_3_grid_r0_c6.png,194,1,341,163,104.0,5
1,3_320x stock m270_4xobj_3_grid_r0_c6.png,195,1,354,155,31.5,3
1,3_320x stock m270_4xobj_3_grid_r0_c6.png,196,1,292,155,74.5,4
1,3_320x stock m270_4xobj_3_grid_r0_c6.png,197,1,478,157,31.5,3
1,3_320x stock m270_4xobj_3_grid_r0_c6.png,198,1,2,135,27.0,2
1,3_320x stock m270_4xobj_3_grid_r0_c6.png,199,1,46,132,74.5,4
1,3_320x stock m270_4xobj_3_grid_r0_c6.png,200,1,438,130,104.0,5
1,3_320x stock m270_4xobj_3_grid_r0_c6.png,201,1,234,95,31.5,3
1,3_320x stock m270_4xobj_3_grid_r0_c6.png,202,1,189,39,31.5,3
1,3_320x stock m270_4xobj_3_grid_r0_c6.png,203,1,410,38,46.0,3
1,3_320x stock m270_4xobj_3_grid_r0_c6.png,204,1,439,32,46.0,3
1,3_320x stock m270_4xobj_3_grid_r0_c6.png,205,1,97,21,31.5,3
1,3_320x stock m270_4xobj_3_grid_r0_c6.png,206,1,360,13,46.0,3
1,3_320x stock m270_4xobj_3_grid_r0_c6.png,207,1,159,495,74.5,4
1,3_320x stock m270_4xobj_3_grid_r0_c6.png,208,1,197,482,46.0,3
1,3_320x stock m270_4xobj_3_grid_r0_c6.png,209,1,402,456,104.0,5
1,3_320x stock m270_4xobj_3_grid_r0_c6.png,210,1,467,443,46.0,3
1,3_320x stock m270_4xobj_3_grid_r0_c6.png,211,1,130,400,104.0,5
1,3_320x stock m270_4xobj_3_grid_r0_c6.png,212,1,280,326,147.5,6
1,3_320x stock m270_4xobj_3_grid_r0_c6.png,213,1,362,318,31.5,3
1,3_320x stock m270_4xobj_3_grid_r0_c6.png,214,1,406,292,31.5,3
1,3_320x stock m270_4xobj_3_grid_r0_c6.png,215,1,325,293,31.5,3
1,3_320x stock m270_4xobj_3_grid_r0_c6.png,216,1,410,263,46.0,3
1,3_320x stock m270_4xobj_3_grid_r0_c6.png,217,1,385,222,31.5,3
1,3_320x stock m270_4xobj_3_grid_r0_c6.png,218,1,339,212,46.0,3
1,3_320x stock m270_4xobj_3_grid_r0_c6.png,219,1,299,212,46.0,3
1,3_320x stock m270_4xobj_3_grid_r0_c6.png,220,1,287,191,31.5,3
1,3_320x stock m270_4xobj_3_grid_r0_c6.png,221,1,394,186,31.5,3
1,3_320x stock m270_4xobj_3_grid_r0_c6.png,222,1,383,183,31.5,3
1,3_320x stock m270_4xobj_3_grid_r0_c6.png,223,1,205,182,46.0,3
1,3_320x stock m270_4xobj_3_grid_r0_c6.png,224,1,466,155,46.0,3
1,3_320x stock m270_4xobj_3_grid_r0_c6.png,225,1,460,130,46.0,3
1,3_320x stock m270_4xobj_3_grid_r0_c6.png,226,1,346,127,46.0,3
1,3_320x stock m270_4xobj_3_grid_r0_c6.png,227,1,235,124,74.5,4
1,3_320x stock m270_4xobj_3_grid_r0_c6.png,228,1,476,112,31.5,3
1,3_320x stock m270_4xobj_3_grid_r0_c6.png,229,1,66,110,104.0,5
1,3_320x stock m270_4xobj_3_grid_r0_c6.png,230,1,508,107,27.5,2
1,3_320x stock m270_4xobj_3_grid_r0_c6.png,231,1,151,88,46.0,3
1,3_320x stock m270_4xobj_3_grid_r0_c6.png,232,1,124,82,31.5,3
1,3_320x stock m270_4xobj_3_grid_r0_c6.png,233,1,446,79,46.0,3
1,3_320x stock m270_4xobj_3_grid_r0_c6.png,234,1,307,77,74.5,4
1,3_320x stock m270_4xobj_3_grid_r0_c6.png,235,1,28,59,31.5,3
1,3_320x stock m270_4xobj_3_grid_r0_c6.png,236,1,337,59,31.5,3
1,3_320x stock m270_4xobj_3_grid_r0_c6.png,237,1,321,46,31.5,3
1,3_320x stock m270_4xobj_3_grid_r0_c6.png,238,1,26,45,31.5,3
1,3_320x stock m270_4xobj_3_grid_r0_c6.png,239,1,50,42,46.0,3
1,3_320x stock m270_4xobj_3_grid_r0_c6.png,240,1,175,36,46.0,3
1,3_320x stock m270_4xobj_3_grid_r0_c6.png,241,1,87,34,31.5,3
1,3_320x stock m270_4xobj_3_grid_r0_c6.png,242,1,268,28,46.0,3
1,3_320x stock m270_4xobj_3_grid_r0_c6.png,243,1,29,28,31.5,3
1,3_320x stock m270_4xobj_3_grid_r0_c6.png,244,1,290,34,31.5,3
1,3_320x stock m270_4xobj_3_grid_r0_c6.png,245,1,461,22,46.0,3
1,3_320x stock m270_4xobj_3_grid_r0_c6.png,246,1,262,18,46.0,3
1,3_320x stock m270_4xobj_3_grid_r0_c6.png,247,1,84,14,46.0,3
1,3_320x stock m270_4xobj_3_grid_r0_c6.png,248,1,434,15,74.5,4
1,3_320x stock m270_4xobj_3_grid_r0_c6.png,249,1,248,8,74.5,4
1,3_320x stock m270_4xobj_3_grid_r0_c6.png,250,1,389,7,46.0,3
1,3_320x stock m270_4xobj_3_grid_r0_c6.png,251,1,490,498,31.5,3
1,3_320x stock m270_4xobj_3_grid_r0_c6.png,252,1,16,471,104.0,5
1,3_320x stock m270_4xobj_3_grid_r0_c6.png,253,1,243,461,46.0,3
1,3_320x stock m270_4xobj_3_grid_r0_c6.png,254,1,482,423,31.5,3
1,3_320x stock m270_4xobj_3_grid_r0_c6.png,255,1,360,420,31.5,3
1,3_320x stock m270_4xobj_3_grid_r0_c6.png,256,1,367,412,31.5,3
1,3_320x stock m270_4xobj_3_grid_r0_c6.png,257,1,430,401,46.0,3
1,3_320x stock m270_4xobj_3_grid_r0_c6.png,258,1,490,396,31.5,3
1,3_320x stock m270_4xobj_3_grid_r0_c6.png,259,1,206,392,31.5,3
1,3_320x stock m270_4xobj_3_grid_r0_c6.png,260,1,187,394,74.5,4
1,3_320x stock m270_4xobj_3_grid_r0_c6.png,261,1,508,374,31.5,3
1,3_320x stock m270_4xobj_3_grid_r0_c6.png,262,1,85,375,104.0,5
1,3_320x stock m270_4xobj_3_grid_r0_c6.png,263,1,257,360,46.0,3
1,3_320x stock m270_4xobj_3_grid_r0_c6.png,264,1,388,341,31.5,3
1,3_320x stock m270_4xobj_3_grid_r0_c6.png,265,1,464,314,46.0,3
1,3_320x stock m270_4xobj_3_grid_r0_c6.png,266,1,458,305,46.0,3
1,3_320x stock m270_4xobj_3_grid_r0_c6.png,267,1,400,301,31.5,3
1,3_320x stock m270_4xobj_3_grid_r0_c6.png,268,1,444,297,46.0,3
1,3_320x stock m270_4xobj_3_grid_r0_c6.png,269,1,250,292,46.0,3
1,3_320x stock m270_4xobj_3_grid_r0_c6.png,270,1,266,291,31.5,3
1,3_320x stock m270_4xobj_3_grid_r0_c6.png,271,1,421,281,46.0,3
1,3_320x stock m270_4xobj_3_grid_r0_c6.png,272,1,397,275,46.0,3
1,3_320x stock m270_4xobj_3_grid_r0_c6.png,273,1,461,270,46.0,3
1,3_320x stock m270_4xobj_3_grid_r0_c6.png,274,1,227,266,46.0,3
1,3_320x stock m270_4xobj_3_grid_r0_c6.png,275,1,449,265,31.5,3
1,3_320x stock m270_4xobj_3_grid_r0_c6.png,276,1,368,263,31.5,3
1,3_320x stock m270_4xobj_3_grid_r0_c6.png,277,1,205,261,31.5,3
1,3_320x stock m270_4xobj_3_grid_r0_c6.png,278,1,492,260,46.0,3
1,3_320x stock m270_4xobj_3_grid_r0_c6.png,279,1,289,251,74.5,4
1,3_320x stock m270_4xobj_3_grid_r0_c6.png,280,1,226,246,31.5,3
1,3_320x stock m270_4xobj_3_grid_r0_c6.png,281,1,416,230,46.0,3
1,3_320x stock m270_4xobj_3_grid_r0_c6.png,282,1,185,228,74.5,4
1,3_320x stock m270_4xobj_3_grid_r0_c6.png,283,1,73,227,31.5,3
1,3_320x stock m270_4xobj_3_grid_r0_c6.png,284,1,141,226,31.5,3
1,3_320x stock m270_4xobj_3_grid_r0_c6.png,285,1,437,223,46.0,3
1,3_320x stock m270_4xobj_3_grid_r0_c6.png,286,1,179,212,104.0,5
1,3_320x stock m270_4xobj_3_grid_r0_c6.png,287,1,102,212,31.5,3
1,3_320x stock m270_4xobj_3_grid_r0_c6.png,288,1,392,208,74.5,4
1,3_320x stock m270_4xobj_3_grid_r0_c6.png,289,1,260,207,46.0,3
1,3_320x stock m270_4xobj_3_grid_r0_c6.png,290,1,63,195,46.0,3
1,3_320x stock m270_4xobj_3_grid_r0_c6.png,291,1,126,191,31.5,3
1,3_320x stock m270_4xobj_3_grid_r0_c6.png,292,1,229,185,46.0,3
1,3_320x stock m270_4xobj_3_grid_r0_c6.png,293,1,312,183,74.5,4
1,3_320x stock m270_4xobj_3_grid_r0_c6.png,294,1,80,178,46.0,3
1,3_320x stock m270_4xobj_3_grid_r0_c6.png,295,1,237,167,74.5,4
1,3_320x stock m270_4xobj_3_grid_r0_c6.png,296,1,122,278,46.0,3
1,3_320x stock m270_4xobj_3_grid_r0_c6.png,297,1,477,277,46.0,3
1,3_320x stock m270_4xobj_3_grid_r0_c6.png,298,1,74,280,31.5,3
1,3_320x stock m270_4xobj_3_grid_r0_c6.png,299,1,277,283,46.0,3
1,3_320x stock m270_4xobj_3_grid_r0_c6.png,300,1,221,285,46.0,3
1,3_320x stock m270_4xobj_3_grid_r0_c6.png,301,1,182,301,46.0,3
1,3_320x stock m270_4xobj_3_grid_r0_c6.png,302,1,286,309,46.0,3
1,3_320x stock m270_4xobj_3_grid_r0_c6.png,303,1,218,314,46.0,3
1,3_320x stock m270_4xobj_3_grid_r0_c6.png,304,1,239,314,74.5,4
1,3_320x stock m270_4xobj_3_grid_r0_c6.png,305,1,114,316,46.0,3
1,3_320x stock m270_4xobj_3_grid_r0_c6.png,306,1,8,325,46.0,3
1,3_320x stock m270_4xobj_3_grid_r0_c6.png,307,1,324,336,46.0,3
1,3_320x stock m270_4xobj_3_grid_r0_c6.png,308,1,243,249,31.5,3
1,3_320x stock m270_4xobj_3_grid_r0_c6.png,309,1,130,221,31.5,3
1,3_320x stock m270_4xobj_3_grid_r0_c6.png,310,1,497,161,74.5,4
1,3_320x stock m270_4xobj_3_grid_r0_c6.png,311,1,269,156,31.5,3
1,3_320x stock m270_4xobj_3_grid_r0_c6.png,312,1,158,138,46.0,3
1,3_320x stock m270_4xobj_3_grid_r0_c6.png,313,1,383,405,104.0,5
1,3_320x stock m270_4xobj_3_grid_r0_c6.png,314,1,160,286,31.5,3
1,3_320x stock m270_4xobj_3_grid_r0_c6.png,315,1,486,207,46.0,3
1,3_320x stock m270_4xobj_3_grid_r0_c6.png,316,1,360,175,74.5,4
1,3_320x stock m270_4xobj_3_grid_r0_c6.png,317,1,20,69,46.0,3
1,3_320x stock m270_4xobj_3_grid_r0_c6.png,318,1,255,488,74.5,4
1,3_320x stock m270_4xobj_3_grid_r0_c6.png,319,1,331,484,74.5,4
1,3_320x stock m270_4xobj_3_grid_r0_c6.png,320,1,44,456,74.5,4
1,3_320x stock m270_4xobj_3_grid_r0_c6.png,321,1,237,443,31.5,3
1,3_320x stock m270_4xobj_3_grid_r0_c6.png,322,1,211,352,46.0,3
1,3_320x stock m270_4xobj_3_grid_r0_c6.png,323,1,483,197,31.5,3
1,3_320x stock m270_4xobj_3_grid_r0_c6.png,324,1,8,173,74.5,4
1,3_320x stock m270_4xobj_3_grid_r0_c6.png,325,1,192,149,46.0,3
1,3_320x stock m270_4xobj_3_grid_r0_c6.png,326,1,79,70,74.5,4
1,3_320x stock m270_4xobj_3_grid_r0_c6.png,327,1,482,497,31.5,3
1,3_320x stock m270_4xobj_3_grid_r0_c6.png,328,1,119,343,31.5,3
1,3_320x stock m270_4xobj_3_grid_r0_c6.png,329,1,111,347,31.5,3
1,3_320x stock m270_4xobj_3_grid_r0_c6.png,330,1,473,178,31.5,3
1,3_320x stock m270_4xobj_3_grid_r0_c6.png,331,1,444,51,31.5,3
1,3_320x stock m270_4xobj_3_grid_r0_c6.png,332,1,450,52,31.5,3
1,3_320x stock m270_4xobj_3_grid_r0_c6.png,333,1,152,293,31.5,3
1,3_320x stock m270_4xobj_3_grid_r0_c6.png,334,1,165,276,31.5,3
1,3_320x stock m270_4xobj_3_grid_r0_c6.png,335,1,162,276,31.5,3
1,3_320x stock m270_4xobj_3_grid_r0_c6.png,336,1,169,276,31.5,3
1,3_320x stock m270_4xobj_3_grid_r0_c6.png,337,1,178,241,31.5,3
1,3_320x stock m270_4xobj_3_grid_r0_c6.png,338,1,170,245,31.5,3
1,3_320x stock m270_4xobj_3_grid_r0_c6.png,339,1,171,251,31.5,3
1,3_320x stock m270_4xobj_3_grid_r0_c6.png,340,1,128,215,31.5,3
1,3_320x stock m270_4xobj_3_grid_r0_c6.png,341,1,129,210,31.5,3
1,3_320x stock m270_4xobj_3_grid_r0_c6.png,342,1,137,200,31.5,3
1,3_320x stock m270_4xobj_3_grid_r0_c6.png,343,1,142,205,31.5,3
1,3_320x stock m270_4xobj_3_grid_r0_c6.png,344,1,149,205,31.5,3
1,3_320x stock m270_4xobj_3_grid_r0_c6.png,345,1,129,230,31.5,3
1,3_320x stock m270_4xobj_3_grid_r0_c6.png,346,1,143,186,46.0,3
1,3_320x stock m270_4xobj_3_grid_r0_c6.png,347,1,155,173,46.0,3
1,3_320x stock m270_4xobj_3_grid_r0_c6.png,348,1,420,396,31.5,3
1,3_320x stock m270_4xobj_3_grid_r0_c6.png,349,1,454,444,46.0,3
1,3_320x stock m270_4xobj_3_grid_r0_c6.png,350,1,459,448,46.0,3
1,3_320x stock m270_4xobj_3_grid_r0_c6.png,351,1,432,475,46.0,3
1,3_320x stock m270_4xobj_3_grid_r0_c6.png,352,1,439,482,46.0,3
1,3_320x stock m270_4xobj_3_grid_r0_c6.png,353,1,434,450,46.0,3
1,3_320x stock m270_4xobj_3_grid_r0_c6.png,354,1,352,450,46.0,3
1,3_320x stock m270_4xobj_3_grid_r0_c6.png,355,1,349,427,46.0,3
1,3_320x stock m270_4xobj_3_grid_r0_c6.png,356,1,346,439,46.0,3
1,3_320x stock m270_4xobj_3_grid_r0_c6.png,357,1,157,454,46.0,3
1,3_320x stock m270_4xobj_3_grid_r0_c6.png,358,1,150,508,38.0,3
1,3_320x stock m270_4xobj_3_grid_r0_c6.png,359,1,140,507,46.0,3
1,3_320x stock m270_4xobj_3_grid_r0_c6.png,360,1,290,475,46.0,3
1,3_320x stock m270_4xobj_3_grid_r0_c6.png,361,1,294,469,46.0,3
1,3_320x stock m270_4xobj_3_grid_r0_c6.png,362,1,303,468,46.0,3
1,3_320x stock m270_4xobj_3_grid_r0_c6.png,363,1,271,443,46.0,3
1,3_320x stock m270_4xobj_3_grid_r0_c6.png,364,1,280,446,46.0,3
1,3_320x stock m270_4xobj_3_grid_r0_c6.png,365,1,179,455,46.0,3
1,3_320x stock m270_4xobj_3_grid_r0_c6.png,366,1,180,448,46.0,3
1,3_320x stock m270_4xobj_3_grid_r0_c6.png,367,1,223,443,46.0,3
1,3_320x stock m270_4xobj_3_grid_r0_c6.png,368,1,216,447,46.0,3
1,3_320x stock m270_4xobj_3_grid_r0_c6.png,369,1,212,453,46.0,3
1,3_320x stock m270_4xobj_3_grid_r0_c6.png,370,1,216,476,46.0,3
1,3_320x stock m270_4xobj_3_grid_r0_c6.png,371,1,218,468,46.0,3
1,3_320x stock m270_4xobj_3_grid_r0_c6.png,372,1,206,473,46.0,3
1,3_320x stock m270_4xobj_3_grid_r0_c6.png,373,1,208,479,46.0,3
1,3_320x stock m270_4xobj_3_grid_r0_c6.png,374,1,222,483,46.0,3
1,3_320x stock m270_4xobj_3_grid_r0_c6.png,375,1,260,425,46.0,3
1,3_320x stock m270_4xobj_3_grid_r0_c6.png,376,1,259,432,46.0,3
1,3_320x stock m270_4xobj_3_grid_r0_c6.png,377,1,266,435,46.0,3
1,3_320x stock m270_4xobj_3_grid_r0_c6.png,378,1,336,406,46.0,3
1,3_320x stock m270_4xobj_3_grid_r0_c6.png,379,1,490,309,46.0,3
1,3_320x stock m270_4xobj_3_grid_r0_c6.png,380,1,413,371,46.0,3
1,3_320x stock m270_4xobj_3_grid_r0_c6.png,381,1,453,367,46.0,3
1,3_320x stock m270_4xobj_3_grid_r0_c6.png,382,1,453,359,46.0,3
1,3_320x stock m270_4xobj_3_grid_r0_c6.png,383,1,286,349,46.0,3
1,3_320x stock m270_4xobj_3_grid_r0_c6.png,384,1,286,344,46.0,3
1,3_320x stock m270_4xobj_3_grid_r0_c6.png,385,1,290,339,46.0,3
1,3_320x stock m270_4xobj_3_grid_r0_c6.png,386,1,356,316,46.0,3
1,3_320x stock m270_4xobj_3_grid_r0_c6.png,387,1,333,315,46.0,3
1,3_320x stock m270_4xobj_3_grid_r0_c6.png,388,1,296,28,46.0,3
1,3_320x stock m270_4xobj_3_grid_r0_c6.png,389,1,260,43,46.0,3
1,3_320x stock m270_4xobj_3_grid_r0_c6.png,390,1,266,57,46.0,3
1,3_320x stock m270_4xobj_3_grid_r0_c6.png,391,1,270,62,46.0,3
1,3_320x stock m270_4xobj_3_grid_r0_c6.png,392,1,244,54,46.0,3
1,3_320x stock m270_4xobj_3_grid_r0_c6.png,393,1,256,57,46.0,3
1,3_320x stock m270_4xobj_3_grid_r0_c6.png,394,1,250,37,46.0,3
1,3_320x stock m270_4xobj_3_grid_r0_c6.png,395,1,248,32,46.0,3
1,3_320x stock m270_4xobj_3_grid_r0_c6.png,396,1,93,29,46.0,3
1,3_320x stock m270_4xobj_3_grid_r0_c6.png,397,1,215,28,46.0,3
1,3_320x stock m270_4xobj_3_grid_r0_c6.png,398,1,211,18,46.0,3
1,3_320x stock m270_4xobj_3_grid_r0_c6.png,399,1,206,14,46.0,3
1,3_320x stock m270_4xobj_3_grid_r0_c6.png,400,1,152,32,46.0,3
1,3_320x stock m270_4xobj_3_grid_r0_c6.png,401,1,148,35,46.0,3
1,3_320x stock m270_4xobj_3_grid_r0_c6.png,402,1,141,45,46.0,3
1,3_320x stock m270_4xobj_3_grid_r0_c6.png,403,1,135,44,46.0,3
1,3_320x stock m270_4xobj_3_grid_r0_c6.png,404,1,382,195,46.0,3
1,3_320x stock m270_4xobj_3_grid_r0_c6.png,405,1,290,204,46.0,3
1,3_320x stock m270_4xobj_3_grid_r0_c6.png,406,1,280,205,46.0,3
1,3_320x stock m270_4xobj_3_grid_r0_c6.png,407,1,296,220,46.0,3
1,3_320x stock m270_4xobj_3_grid_r0_c6.png,408,1,241,212,46.0,3
1,3_320x stock m270_4xobj_3_grid_r0_c6.png,409,1,102,143,46.0,3
1,3_320x stock m270_4xobj_3_grid_r0_c6.png,410,1,113,141,46.0,3
1,3_320x stock m270_4xobj_3_grid_r0_c6.png,411,1,109,163,46.0,3
1,3_320x stock m270_4xobj_3_grid_r0_c6.png,412,1,114,173,46.0,3
1,3_320x stock m270_4xobj_3_grid_r0_c6.png,413,1,130,165,46.0,3
1,3_320x stock m270_4xobj_3_grid_r0_c6.png,414,1,139,169,46.0,3
2,3_320x stock m270_4xobj_3_grid_r1_c0.png,415,1,444,354,74.5,4
2,3_320x stock m270_4xobj_3_grid_r1_c0.png,416,1,412,334,31.5,3
2,3_320x stock m270_4xobj_3_grid_r1_c0.png,417,1,405,337,31.5,3
2,3_320x stock m270_4xobj_3_grid_r1_c0.png,418,1,420,333,31.5,3
2,3_320x stock m270_4xobj_3_grid_r1_c0.png,419,1,429,328,31.5,3
2,3_320x stock m270_4xobj_3_grid_r1_c0.png,420,1,121,394,46.0,3
2,3_320x stock m270_4xobj_3_grid_r1_c0.png,421,1,46,480,46.0,3
2,3_320x stock m270_4xobj_3_grid_r1_c0.png,422,1,48,472,46.0,3
2,3_320x stock m270_4xobj_3_grid_r1_c0.png,423,1,70,481,46.0,3
2,3_320x stock m270_4xobj_3_grid_r1_c0.png,424,1,73,471,46.0,3
2,3_320x stock m270_4xobj_3_grid_r1_c0.png,425,1,410,282,147.5,6
2,3_320x stock m270_4xobj_3_grid_r1_c0.png,426,1,398,286,147.5,6
2,3_320x stock m270_4xobj_3_grid_r1_c0.png,427,1,19,43,31.5,3
2,3_320x stock m270_4xobj_3_grid_r1_c0.png,428,1,23,146,31.5,3
2,3_320x stock m270_4xobj_3_grid_r1_c0.png,429,1,455,269,31.5,3
2,3_320x stock m270_4xobj_3_grid_r1_c0.png,430,1,404,366,31.5,3
2,3_320x stock m270_4xobj_3_grid_r1_c0.png,431,1,397,371,31.5,3
2,3_320x stock m270_4xobj_3_grid_r1_c0.png,432,1,384,380,31.5,3
2,3_320x stock m270_4xobj_3_grid_r1_c0.png,433,1,382,367,31.5,3
2,3_320x stock m270_4xobj_3_grid_r1_c0.png,434,1,379,360,31.5,3
2,3_320x stock m270_4xobj_3_grid_r1_c0.png,435,1,319,356,147.5,6
2,3_320x stock m270_4xobj_3_grid_r1_c0.png,436,1,308,381,147.5,6
2,3_320x stock m270_4xobj_3_grid_r1_c0.png,437,1,244,379,31.5,3
2,3_320x stock m270_4xobj_3_grid_r1_c0.png,438,1,222,383,31.5,3
2,3_320x stock m270_4xobj_3_grid_r1_c0.png,439,1,52,437,31.5,3
2,3_320x stock m270_4xobj_3_grid_r1_c0.png,440,1,60,445,31.5,3
2,3_320x stock m270_4xobj_3_grid_r1_c0.png,441,1,52,446,31.5,3
2,3_320x stock m270_4xobj_3_grid_r1_c0.png,442,1,71,441,31.5,3
2,3_320x stock m270_4xobj_3_grid_r1_c0.png,443,1,64,265,31.5,3
2,3_320x stock m270_4xobj_3_grid_r1_c0.png,444,1,69,272,31.5,3
2,3_320x stock m270_4xobj_3_grid_r1_c0.png,445,1,65,286,31.5,3
2,3_320x stock m270_4xobj_3_grid_r1_c0.png,446,1,65,292,31.5,3
2,3_320x stock m270_4xobj_3_grid_r1_c0.png,447,1,76,286,31.5,3
2,3_320x stock m270_4xobj_3_grid_r1_c0.png,448,1,3,280,31.5,3
2,3_320x stock m270_4xobj_3_grid_r1_c0.png,449,1,6,288,31.5,3
2,3_320x stock m270_4xobj_3_grid_r1_c0.png,450,1,61,208,31.5,3
2,3_320x stock m270_4xobj_3_grid_r1_c0.png,451,1,57,214,31.5,3
2,3_320x stock m270_4xobj_3_grid_r1_c0.png,452,1,277,180,31.5,3
2,3_320x stock m270_4xobj_3_grid_r1_c0.png,453,1,476,224,31.5,3
2,3_320x stock m270_4xobj_3_grid_r1_c0.png,454,1,471,217,31.5,3
2,3_320x stock m270_4xobj_3_grid_r1_c0.png,455,1,451,224,31.5,3
2,3_320x stock m270_4xobj_3_grid_r1_c0.png,456,1,453,219,31.5,3
2,3_320x stock m270_4xobj_3_grid_r1_c0.png,457,1,457,214,31.5,3
2,3_320x stock m270_4xobj_3_grid_r1_c0.png,458,1,449,212,31.5,3
2,3_320x stock m270_4xobj_3_grid_r1_c0.png,459,1,508,252,27.5,2
2,3_320x stock m270_4xobj_3_grid_r1_c0.png,460,1,463,165,31.5,3
2,3_320x stock m270_4xobj_3_grid_r1_c0.png,461,1,472,172,31.5,3
2,3_320x stock m270_4xobj_3_grid_r1_c0.png,462,1,450,173,31.5,3
2,3_320x stock m270_4xobj_3_grid_r1_c0.png,463,1,445,177,31.5,3
2,3_320x stock m270_4xobj_3_grid_r1_c0.png,464,1,440,179,31.5,3
2,3_320x stock m270_4xobj_3_grid_r1_c0.png,465,1,433,172,31.5,3
2,3_320x stock m270_4xobj_3_grid_r1_c0.png,466,1,266,179,31.5,3
2,3_320x stock m270_4xobj_3_grid_r1_c0.png,467,1,271,183,31.5,3
2,3_320x stock m270_4xobj_3_grid_r1_c0.png,468,1,226,219,31.5,3
2,3_320x stock m270_4xobj_3_grid_r1_c0.png,469,1,224,227,31.5,3
2,3_320x stock m270_4xobj_3_grid_r1_c0.png,470,1,124,307,31.5,3
2,3_320x stock m270_4xobj_3_grid_r1_c0.png,471,1,131,307,31.5,3
2,3_320x stock m270_4xobj_3_grid_r1_c0.png,472,1,122,298,31.5,3
2,3_320x stock m270_4xobj_3_grid_r1_c0.png,473,1,230,289,31.5,3
2,3_320x stock m270_4xobj_3_grid_r1_c0.png,474,1,233,285,31.5,3
2,3_320x stock m270_4xobj_3_grid_r1_c0.png,475,1,242,287,31.5,3
2,3_320x stock m270_4xobj_3_grid_r1_c0.png,476,1,263,297,31.5,3
2,3_320x stock m270_4xobj_3_grid_r1_c0.png,477,1,258,289,31.5,3
2,3_320x stock m270_4xobj_3_grid_r1_c0.png,478,1,197,335,31.5,3
2,3_320x stock m270_4xobj_3_grid_r1_c0.png,479,1,194,326,31.5,3
2,3_320x stock m270_4xobj_3_grid_r1_c0.png,480,1,253,184,31.5,3
2,3_320x stock m270_4xobj_3_grid_r1_c0.png,481,1,246,186,31.5,3
2,3_320x stock m270_4xobj_3_grid_r1_c0.png,482,1,271,220,31.5,3
2,3_320x stock m270_4xobj_3_grid_r1_c0.png,483,1,165,239,31.5,3
2,3_320x stock m270_4xobj_3_grid_r1_c0.png,484,1,182,241,31.5,3
2,3_320x stock m270_4xobj_3_grid_r1_c0.png,485,1,175,233,31.5,3
2,3_320x stock m270_4xobj_3_grid_r1_c0.png,486,1,159,232,31.5,3
2,3_320x stock m270_4xobj_3_grid_r1_c0.png,487,1,150,234,31.5,3
2,3_320x stock m270_4xobj_3_grid_r1_c0.png,488,1,33,258,31.5,3
2,3_320x stock m270_4xobj_3_grid_r1_c0.png,489,1,46,170,31.5,3
2,3_320x stock m270_4xobj_3_grid_r1_c0.png,490,1,49,177,31.5,3
2,3_320x stock m270_4xobj_3_grid_r1_c0.png,491,1,19,176,31.5,3
2,3_320x stock m270_4xobj_3_grid_r1_c0.png,492,1,127,138,31.5,3
2,3_320x stock m270_4xobj_3_grid_r1_c0.png,493,1,135,141,31.5,3
2,3_320x stock m270_4xobj_3_grid_r1_c0.png,494,1,501,70,31.5,3
2,3_320x stock m270_4xobj_3_grid_r1_c0.png,495,1,505,4,31.5,3
2,3_320x stock m270_4xobj_3_grid_r1_c0.png,496,1,472,13,31.5,3
2,3_320x stock m270_4xobj_3_grid_r1_c0.png,497,1,351,15,31.5,3
2,3_320x stock m270_4xobj_3_grid_r1_c0.png,498,1,364,18,31.5,3
2,3_320x stock m270_4xobj_3_grid_r1_c0.png,499,1,369,10,31.5,3
2,3_320x stock m270_4xobj_3_grid_r1_c0.png,500,1,386,11,31.5,3
2,3_320x stock m270_4xobj_3_grid_r1_c0.png,501,1,322,32,31.5,3
2,3_320x stock m270_4xobj_3_grid_r1_c0.png,502,1,65,50,31.5,3
2,3_320x stock m270_4xobj_3_grid_r1_c0.png,503,1,55,55,31.5,3
2,3_320x stock m270_4xobj_3_grid_r1_c0.png,504,1,141,109,31.5,3
2,3_320x stock m270_4xobj_3_grid_r1_c0.png,505,1,142,119,31.5,3
2,3_320x stock m270_4xobj_3_grid_r1_c0.png,506,1,458,478,31.5,3
2,3_320x stock m270_4xobj_3_grid_r1_c0.png,507,1,460,488,31.5,3
2,3_320x stock m270_4xobj_3_grid_r1_c0.png,508,1,495,501,31.5,3
2,3_320x stock m270_4xobj_3_grid_r1_c0.png,509,1,441,392,31.5,3
2,3_320x stock m270_4xobj_3_grid_r1_c0.png,510,1,444,399,31.5,3
2,3_320x stock m270_4xobj_3_grid_r1_c0.png,511,1,466,434,31.5,3
2,3_320x stock m270_4xobj_3_grid_r1_c0.png,512,1,474,438,31.5,3
2,3_320x stock m270_4xobj_3_grid_r1_c0.png,513,1,334,500,31.5,3
2,3_320x stock m270_4xobj_3_grid_r1_c0.png,514,1,344,500,31.5,3
2,3_320x stock m270_4xobj_3_grid_r1_c0.png,515,1,355,383,31.5,3
2,3_320x stock m270_4xobj_3_grid_r1_c0.png,516,1,238,373,31.5,3
2,3_320x stock m270_4xobj_3_grid_r1_c0.png,517,1,236,380,31.5,3
2,3_320x stock m270_4xobj_3_grid_r1_c0.png,518,1,190,373,31.5,3
2,3_320x stock m270_4xobj_3_grid_r1_c0.png,519,1,185,379,31.5,3
2,3_320x stock m270_4xobj_3_grid_r1_c0.png,520,1,175,382,31.5,3
2,3_320x stock m270_4xobj_3_grid_r1_c0.png,521,1,177,391,31.5,3
2,3_320x stock m270_4xobj_3_grid_r1_c0.png,522,1,145,400,31.5,3
2,3_320x stock m270_4xobj_3_grid_r1_c0.png,523,1,141,408,31.5,3
2,3_320x stock m270_4xobj_3_grid_r1_c0.png,524,1,145,405,31.5,3
2,3_320x stock m270_4xobj_3_grid_r1_c0.png,525,1,133,412,31.5,3
2,3_320x stock m270_4xobj_3_grid_r1_c0.png,526,1,111,403,31.5,3
2,3_320x stock m270_4xobj_3_grid_r1_c0.png,527,1,16,336,31.5,3
2,3_320x stock m270_4xobj_3_grid_r1_c0.png,528,1,24,333,31.5,3
2,3_320x stock m270_4xobj_3_grid_r1_c0.png,529,1,73,377,31.5,3
2,3_320x stock m270_4xobj_3_grid_r1_c0.png,530,1,81,372,31.5,3
2,3_320x stock m270_4xobj_3_grid_r1_c0.png,531,1,70,370,31.5,3
2,3_320x stock m270_4xobj_3_grid_r1_c0.png,532,1,24,395,31.5,3
2,3_320x stock m270_4xobj_3_grid_r1_c0.png,533,1,16,394,31.5,3
2,3_320x stock m270_4xobj_3_grid_r1_c0.png,534,1,28,401,31.5,3
2,3_320x stock m270_4xobj_3_grid_r1_c0.png,535,1,19,457,31.5,3
2,3_320x stock m270_4xobj_3_grid_r1_c0.png,536,1,27,463,31.5,3
2,3_320x stock m270_4xobj_3_grid_r1_c0.png,537,1,57,489,31.5,3
2,3_320x stock m270_4xobj_3_grid_r1_c0.png,538,1,66,493,31.5,3
2,3_320x stock m270_4xobj_3_grid_r1_c0.png,539,1,60,504,31.5,3
2,3_320x stock m270_4xobj_3_grid_r1_c0.png,540,1,70,508,31.5,3
2,3_320x stock m270_4xobj_3_grid_r1_c0.png,541,1,235,505,31.5,3
2,3_320x stock m270_4xobj_3_grid_r1_c0.png,542,1,241,497,31.5,3
2,3_320x stock m270_4xobj_3_grid_r1_c0.png,543,1,213,498,31.5,3
2,3_320x stock m270_4xobj_3_grid_r1_c0.png,544,1,217,490,31.5,3
2,3_320x stock m270_4xobj_3_grid_r1_c0.png,545,1,272,488,31.5,3
2,3_320x stock m270_4xobj_3_grid_r1_c0.png,546,1,320,508,31.5,3
2,3_320x stock m270_4xobj_3_grid_r1_c0.png,547,1,276,454,31.5,3
2,3_320x stock m270_4xobj_3_grid_r1_c0.png,548,1,272,458,31.5,3
2,3_320x stock m270_4xobj_3_grid_r1_c0.png,549,1,274,467,31.5,3
2,3_320x stock m270_4xobj_3_grid_r1_c0.png,550,1,214,399,31.5,3
2,3_320x stock m270_4xobj_3_grid_r1_c0.png,551,1,221,398,31.5,3
2,3_320x stock m270_4xobj_3_grid_r1_c0.png,552,1,221,405,31.5,3
2,3_320x stock m270_4xobj_3_grid_r1_c0.png,553,1,106,484,31.5,3
2,3_320x stock m270_4xobj_3_grid_r1_c0.png,554,1,105,491,31.5,3
2,3_320x stock m270_4xobj_3_grid_r1_c0.png,555,1,207,469,31.5,3
2,3_320x stock m270_4xobj_3_grid_r1_c0.png,556,1,212,475,31.5,3
2,3_320x stock m270_4xobj_3_grid_r1_c0.png,557,1,196,507,31.5,3
2,3_320x stock m270_4xobj_3_grid_r1_c0.png,558,1,189,505,31.5,3
2,3_320x stock m270_4xobj_3_grid_r1_c0.png,559,1,329,48,31.5,3
2,3_320x stock m270_4xobj_3_grid_r1_c0.png,560,1,335,49,31.5,3
2,3_320x stock m270_4xobj_3_grid_r1_c0.png,561,1,342,82,31.5,3
2,3_320x stock m270_4xobj_3_grid_r1_c0.png,562,1,350,79,31.5,3
2,3_320x stock m270_4xobj_3_grid_r1_c0.png,563,1,358,79,31.5,3
2,3_320x stock m270_4xobj_3_grid_r1_c0.png,564,1,54,26,31.5,3
2,3_320x stock m270_4xobj_3_grid_r1_c0.png,565,1,51,17,31.5,3
2,3_320x stock m270_4xobj_3_grid_r1_c0.png,566,1,124,15,31.5,3
2,3_320x stock m270_4xobj_3_grid_r1_c0.png,567,1,129,8,31.5,3
2,3_320x stock m270_4xobj_3_grid_r1_c0.png,568,1,149,66,31.5,3
2,3_320x stock m270_4xobj_3_grid_r1_c0.png,569,1,154,71,31.5,3
2,3_320x stock m270_4xobj_3_grid_r1_c0.png,570,1,210,143,31.5,3
2,3_320x stock m270_4xobj_3_grid_r1_c0.png,571,1,215,149,31.5,3
2,3_320x stock m270_4xobj_3_grid_r1_c0.png,572,1,418,225,31.5,3
2,3_320x stock m270_4xobj_3_grid_r1_c0.png,573,1,420,232,31.5,3
2,3_320x stock m270_4xobj_3_grid_r1_c0.png,574,1,439,218,31.5,3
2,3_320x stock m270_4xobj_3_grid_r1_c0.png,575,1,431,215,31.5,3
2,3_320x stock m270_4xobj_3_grid_r1_c0.png,576,1,415,133,31.5,3
2,3_320x stock m270_4xobj_3_grid_r1_c0.png,577,1,408,134,31.5,3
2,3_320x stock m270_4xobj_3_grid_r1_c0.png,578,1,139,187,31.5,3
2,3_320x stock m270_4xobj_3_grid_r1_c0.png,579,1,145,205,31.5,3
2,3_320x stock m270_4xobj_3_grid_r1_c0.png,580,1,146,199,31.5,3
2,3_320x stock m270_4xobj_3_grid_r1_c0.png,581,1,149,192,31.5,3
2,3_320x stock m270_4xobj_3_grid_r1_c0.png,582,1,139,166,31.5,3
2,3_320x stock m270_4xobj_3_grid_r1_c0.png,583,1,130,173,31.5,3
2,3_320x stock m270_4xobj_3_grid_r1_c0.png,584,1,153,101,31.5,3
2,3_320x stock m270_4xobj_3_grid_r1_c0.png,585,1,158,108,31.5,3
2,3_320x stock m270_4xobj_3_grid_r1_c0.png,586,1,266,96,31.5,3
2,3_320x stock m270_4xobj_3_grid_r1_c0.png,587,1,271,105,31.5,3
2,3_320x stock m270_4xobj_3_grid_r1_c0.png,588,1,348,143,31.5,3
2,3_320x stock m270_4xobj_3_grid_r1_c0.png,589,1,433,144,31.5,3
2,3_320x stock m270_4xobj_3_grid_r1_c0.png,590,1,442,147,31.5,3
2,3_320x stock m270_4xobj_3_grid_r1_c0.png,591,1,366,221,31.5,3
2,3_320x stock m270_4xobj_3_grid_r1_c0.png,592,1,368,229,31.5,3
2,3_320x stock m270_4xobj_3_grid_r1_c0.png,593,1,361,194,31.5,3
2,3_320x stock m270_4xobj_3_grid_r1_c0.png,594,1,273,479,31.5,3
2,3_320x stock m270_4xobj_3_grid_r1_c0.png,595,1,106,176,248.5,8
2,3_320x stock m270_4xobj_3_grid_r1_c0.png,596,1,316,366,31.5,3
2,3_320x stock m270_4xobj_3_grid_r1_c0.png,597,1,422,137,31.5,3
2,3_320x stock m270_4xobj_3_grid_r1_c0.png,598,1,130,197,31.5,3
2,3_320x stock m270_4xobj_3_grid_r1_c0.png,599,1,259,327,46.0,3
2,3_320x stock m270_4xobj_3_grid_r1_c0.png,600,1,445,276,46.0,3
2,3_320x stock m270_4xobj_3_grid_r1_c0.png,601,1,182,39,74.5,4
2,3_320x stock m270_4xobj_3_grid_r1_c0.png,602,1,324,22,46.0,3
2,3_320x stock m270_4xobj_3_grid_r1_c0.png,603,1,466,5,31.5,3
2,3_320x stock m270_4xobj_3_grid_r1_c0.png,604,1,508,461,27.5,2
2,3_320x stock m270_4xobj_3_grid_r1_c0.png,605,1,354,370,46.0,3
2,3_320x stock m270_4xobj_3_grid_r1_c0.png,606,1,411,266,31.5,3
2,3_320x stock m270_4xobj_3_grid_r1_c0.png,607,1,30,181,104.0,5
2,3_320x stock m270_4xobj_3_grid_r1_c0.png,608,1,154,169,104.0,5
2,3_320x stock m270_4xobj_3_grid_r1_c0.png,609,1,343,134,46.0,3
2,3_320x stock m270_4xobj_3_grid_r1_c0.png,610,1,282,62,46.0,3
2,3_320x stock m270_4xobj_3_grid_r1_c0.png,611,1,299,458,74.5,4
2,3_320x stock m270_4xobj_3_grid_r1_c0.png,612,1,267,391,74.5,4
2,3_320x stock m270_4xobj_3_grid_r1_c0.png,613,1,400,323,46.0,3
2,3_320x stock m270_4xobj_3_grid_r1_c0.png,614,1,403,300,31.5,3
2,3_320x stock m270_4xobj_3_grid_r1_c0.png,615,1,178,298,74.5,4
2,3_320x stock m270_4xobj_3_grid_r1_c0.png,616,1,429,254,74.5,4
2,3_320x stock m270_4xobj_3_grid_r1_c0.png,617,1,272,235,46.0,3
2,3_320x stock m270_4xobj_3_grid_r1_c0.png,618,1,463,231,104.0,5
2,3_320x stock m270_4xobj_3_grid_r1_c0.png,619,1,60,117,46.0,3
2,3_320x stock m270_4xobj_3_grid_r1_c0.png,620,1,108,41,46.0,3
2,3_320x stock m270_4xobj_3_grid_r1_c0.png,621,1,185,448,74.5,4
2,3_320x stock m270_4xobj_3_grid_r1_c0.png,622,1,53,427,46.0,3
2,3_320x stock m270_4xobj_3_grid_r1_c0.png,623,1,24,420,46.0,3
2,3_320x stock m270_4xobj_3_grid_r1_c0.png,624,1,365,416,74.5,4
2,3_320x stock m270_4xobj_3_grid_r1_c0.png,625,1,38,414,46.0,3
2,3_320x stock m270_4xobj_3_grid_r1_c0.png,626,1,505,291,104.0,5
2,3_320x stock m270_4xobj_3_grid_r1_c0.png,627,1,27,261,46.0,3
2,3_320x stock m270_4xobj_3_grid_r1_c0.png,628,1,430,235,46.0,3
2,3_320x stock m270_4xobj_3_grid_r1_c0.png,629,1,174,215,74.5,4
2,3_320x stock m270_4xobj_3_grid_r1_c0.png,630,1,379,182,74.5,4
2,3_320x stock m270_4xobj_3_grid_r1_c0.png,631,1,134,165,46.0,3
2,3_320x stock m270_4xobj_3_grid_r1_c0.png,632,1,295,114,74.5,4
2,3_320x stock m270_4xobj_3_grid_r1_c0.png,633,1,197,86,46.0,3
2,3_320x stock m270_4xobj_3_grid_r1_c0.png,634,1,410,87,74.5,4
2,3_320x stock m270_4xobj_3_grid_r1_c0.png,635,1,337,89,31.5,3
2,3_320x stock m270_4xobj_3_grid_r1_c0.png,636,1,122,36,31.5,3
2,3_320x stock m270_4xobj_3_grid_r1_c0.png,637,1,507,403,46.0,3
2,3_320x stock m270_4xobj_3_grid_r1_c0.png,638,1,157,340,74.5,4
2,3_320x stock m270_4xobj_3_grid_r1_c0.png,639,1,312,309,147.5,6
2,3_320x stock m270_4xobj_3_grid_r1_c0.png,640,1,128,280,46.0,3
2,3_320x stock m270_4xobj_3_grid_r1_c0.png,641,1,114,192,46.0,3
2,3_320x stock m270_4xobj_3_grid_r1_c0.png,642,1,373,160,46.0,3
2,3_320x stock m270_4xobj_3_grid_r1_c0.png,643,1,40,151,104.0,5
2,3_320x stock m270_4xobj_3_grid_r1_c0.png,644,1,489,145,46.0,3
2,3_320x stock m270_4xobj_3_grid_r1_c0.png,645,1,501,104,31.5,3
2,3_320x stock m270_4xobj_3_grid_r1_c0.png,646,1,342,8,31.5,3
2,3_320x stock m270_4xobj_3_grid_r1_c0.png,647,1,154,391,104.0,5
2,3_320x stock m270_4xobj_3_grid_r1_c0.png,648,1,433,387,8.0,1
2,3_320x stock m270_4xobj_3_grid_r1_c0.png,649,1,181,357,104.0,5
2,3_320x stock m270_4xobj_3_grid_r1_c0.png,650,1,466,355,74.5,4
2,3_320x stock m270_4xobj_3_grid_r1_c0.png,651,1,466,341,46.0,3
2,3_320x stock m270_4xobj_3_grid_r1_c0.png,652,1,479,334,46.0,3
2,3_320x stock m270_4xobj_3_grid_r1_c0.png,653,1,375,330,46.0,3
2,3_320x stock m270_4xobj_3_grid_r1_c0.png,654,1,492,325,46.0,3
2,3_320x stock m270_4xobj_3_grid_r1_c0.png,655,1,403,311,31.5,3
2,3_320x stock m270_4xobj_3_grid_r1_c0.png,656,1,209,303,46.0,3
2,3_320x stock m270_4xobj_3_grid_r1_c0.png,657,1,498,226,46.0,3
2,3_320x stock m270_4xobj_3_grid_r1_c0.png,658,1,229,208,31.5,3
2,3_320x stock m270_4xobj_3_grid_r1_c0.png,659,1,352,200,31.5,3
2,3_320x stock m270_4xobj_3_grid_r1_c0.png,660,1,416,166,74.5,4
2,3_320x stock m270_4xobj_3_grid_r1_c0.png,661,1,410,144,46.0,3
2,3_320x stock m270_4xobj_3_grid_r1_c0.png,662,1,475,139,46.0,3
2,3_320x stock m270_4xobj_3_grid_r1_c0.png,663,1,53,136,104.0,5
2,3_320x stock m270_4xobj_3_grid_r1_c0.png,664,1,349,111,31.5,3
2,3_320x stock m270_4xobj_3_grid_r1_c0.png,665,1,249,105,46.0,3
2,3_320x stock m270_4xobj_3_grid_r1_c0.png,666,1,462,91,46.0,3
2,3_320x stock m270_4xobj_3_grid_r1_c0.png,667,1,322,91,46.0,3
2,3_320x stock m270_4xobj_3_grid_r1_c0.png,668,1,204,74,31.5,3
2,3_320x stock m270_4xobj_3_grid_r1_c0.png,669,1,485,71,46.0,3
2,3_320x stock m270_4xobj_3_grid_r1_c0.png,670,1,343,68,31.5,3
2,3_320x stock m270_4xobj_3_grid_r1_c0.png,671,1,381,66,31.5,3
2,3_320x stock m270_4xobj_3_grid_r1_c0.png,672,1,371,63,46.0,3
2,3_320x stock m270_4xobj_3_grid_r1_c0.png,673,1,485,57,46.0,3
2,3_320x stock m270_4xobj_3_grid_r1_c0.png,674,1,432,50,46.0,3
2,3_320x stock m270_4xobj_3_grid_r1_c0.png,675,1,466,51,31.5,3
2,3_320x stock m270_4xobj_3_grid_r1_c0.png,676,1,399,38,31.5,3
2,3_320x stock m270_4xobj_3_grid_r1_c0.png,677,1,453,35,46.0,3
2,3_320x stock m270_4xobj_3_grid_r1_c0.png,678,1,299,33,46.0,3
2,3_320x stock m270_4xobj_3_grid_r1_c0.png,679,1,396,26,31.5,3
2,3_320x stock m270_4xobj_3_grid_r1_c0.png,680,1,483,25,46.0,3
2,3_320x stock m270_4xobj_3_grid_r1_c0.png,681,1,339,19,31.5,3
2,3_320x stock m270_4xobj_3_grid_r1_c0.png,682,1,434,18,46.0,3
2,3_320x stock m270_4xobj_3_grid_r1_c0.png,683,1,304,15,46.0,3
2,3_320x stock m270_4xobj_3_grid_r1_c0.png,684,1,293,10,46.0,3
2,3_320x stock m270_4xobj_3_grid_r1_c0.png,685,1,440,4,46.0,3
2,3_320x stock m270_4xobj_3_grid_r1_c0.png,686,1,491,508,31.5,3
2,3_320x stock m270_4xobj_3_grid_r1_c0.png,687,1,471,498,46.0,3
2,3_320x stock m270_4xobj_3_grid_r1_c0.png,688,1,452,498,46.0,3
2,3_320x stock m270_4xobj_3_grid_r1_c0.png,689,1,320,496,31.5,3
2,3_320x stock m270_4xobj_3_grid_r1_c0.png,690,1,190,495,31.5,3
2,3_320x stock m270_4xobj_3_grid_r1_c0.png,691,1,447,487,46.0,3
2,3_320x stock m270_4xobj_3_grid_r1_c0.png,692,1,324,484,31.5,3
2,3_320x stock m270_4xobj_3_grid_r1_c0.png,693,1,394,482,46.0,3
2,3_320x stock m270_4xobj_3_grid_r1_c0.png,694,1,249,482,46.0,3
2,3_320x stock m270_4xobj_3_grid_r1_c0.png,695,1,363,480,46.0,3
2,3_320x stock m270_4xobj_3_grid_r1_c0.png,696,1,236,465,31.5,3
2,3_320x stock m270_4xobj_3_grid_r1_c0.png,697,1,182,459,31.5,3
2,3_320x stock m270_4xobj_3_grid_r1_c0.png,698,1,352,455,46.0,3
2,3_320x stock m270_4xobj_3_grid_r1_c0.png,699,1,458,448,46.0,3
2,3_320x stock m270_4xobj_3_grid_r1_c0.png,700,1,442,447,46.0,3
2,3_320x stock m270_4xobj_3_grid_r1_c0.png,701,1,241,444,46.0,3
2,3_320x stock m270_4xobj_3_grid_r1_c0.png,702,1,372,428,31.5,3
2,3_320x stock m270_4xobj_3_grid_r1_c0.png,703,1,437,419,46.0,3
2,3_320x stock m270_4xobj_3_grid_r1_c0.png,704,1,498,416,31.5,3
2,3_320x stock m270_4xobj_3_grid_r1_c0.png,705,1,471,397,46.0,3
2,3_320x stock m270_4xobj_3_grid_r1_c0.png,706,1,449,386,31.5,3
2,3_320x stock m270_4xobj_3_grid_r1_c0.png,707,1,329,374,31.5,3
2,3_320x stock m270_4xobj_3_grid_r1_c0.png,708,1,425,362,46.0,3
2,3_320x stock m270_4xobj_3_grid_r1_c0.png,709,1,403,351,46.0,3
2,3_320x stock m270_4xobj_3_grid_r1_c0.png,710,1,226,338,46.0,3
2,3_320x stock m270_4xobj_3_grid_r1_c0.png,711,1,445,334,31.5,3
2,3_320x stock m270_4xobj_3_grid_r1_c0.png,712,1,298,327,46.0,3
2,3_320x stock m270_4xobj_3_grid_r1_c0.png,713,1,282,322,46.0,3
2,3_320x stock m270_4xobj_3_grid_r1_c0.png,714,1,388,319,46.0,3
2,3_320x stock m270_4xobj_3_grid_r1_c0.png,715,1,466,309,46.0,3
2,3_320x stock m270_4xobj_3_grid_r1_c0.png,716,1,426,302,46.0,3
2,3_320x stock m270_4xobj_3_grid_r1_c0.png,717,1,218,294,31.5,3
2,3_320x stock m270_4xobj_3_grid_r1_c0.png,718,1,486,287,74.5,4
2,3_320x stock m270_4xobj_3_grid_r1_c0.png,719,1,284,281,46.0,3
2,3_320x stock m270_4xobj_3_grid_r1_c0.png,720,1,186,264,46.0,3
2,3_320x stock m270_4xobj_3_grid_r1_c0.png,721,1,322,263,46.0,3
2,3_320x stock m270_4xobj_3_grid_r1_c0.png,722,1,277,264,46.0,3
2,3_320x stock m270_4xobj_3_grid_r1_c0.png,723,1,260,263,31.5,3
2,3_320x stock m270_4xobj_3_grid_r1_c0.png,724,1,462,260,46.0,3
2,3_320x stock m270_4xobj_3_grid_r1_c0.png,725,1,390,259,46.0,3
2,3_320x stock m270_4xobj_3_grid_r1_c0.png,726,1,174,254,46.0,3
2,3_320x stock m270_4xobj_3_grid_r1_c0.png,727,1,331,253,46.0,3
2,3_320x stock m270_4xobj_3_grid_r1_c0.png,728,1,408,249,46.0,3
2,3_320x stock m270_4xobj_3_grid_r1_c0.png,729,1,484,236,74.5,4
2,3_320x stock m270_4xobj_3_grid_r1_c0.png,730,1,192,229,46.0,3
2,3_320x stock m270_4xobj_3_grid_r1_c0.png,731,1,312,221,46.0,3
2,3_320x stock m270_4xobj_3_grid_r1_c0.png,732,1,311,209,46.0,3
2,3_320x stock m270_4xobj_3_grid_r1_c0.png,733,1,29,217,31.5,3
2,3_320x stock m270_4xobj_3_grid_r1_c0.png,734,1,489,199,74.5,4
2,3_320x stock m270_4xobj_3_grid_r1_c0.png,735,1,413,197,46.0,3
2,3_320x stock m270_4xobj_3_grid_r1_c0.png,736,1,262,193,46.0,3
2,3_320x stock m270_4xobj_3_grid_r1_c0.png,737,1,323,190,46.0,3
2,3_320x stock m270_4xobj_3_grid_r1_c0.png,738,1,482,185,46.0,3
2,3_320x stock m270_4xobj_3_grid_r1_c0.png,739,1,356,185,31.5,3
2,3_320x stock m270_4xobj_3_grid_r1_c0.png,740,1,317,179,46.0,3
2,3_320x stock m270_4xobj_3_grid_r1_c0.png,741,1,205,176,46.0,3
2,3_320x stock m270_4xobj_3_grid_r1_c0.png,742,1,245,175,46.0,3
2,3_320x stock m270_4xobj_3_grid_r1_c0.png,743,1,228,176,46.0,3
2,3_320x stock m270_4xobj_3_grid_r1_c0.png,744,1,300,175,46.0,3
2,3_320x stock m270_4xobj_3_grid_r1_c0.png,745,1,485,169,46.0,3
2,3_320x stock m270_4xobj_3_grid_r1_c0.png,746,1,507,167,46.0,3
2,3_320x stock m270_4xobj_3_grid_r1_c0.png,747,1,206,161,46.0,3
2,3_320x stock m270_4xobj_3_grid_r1_c0.png,748,1,284,156,31.5,3
2,3_320x stock m270_4xobj_3_grid_r1_c0.png,749,1,403,154,46.0,3
2,3_320x stock m270_4xobj_3_grid_r1_c0.png,750,1,362,155,31.5,3
2,3_320x stock m270_4xobj_3_grid_r1_c0.png,751,1,387,153,46.0,3
2,3_320x stock m270_4xobj_3_grid_r1_c0.png,752,1,302,150,46.0,3
2,3_320x stock m270_4xobj_3_grid_r1_c0.png,753,1,17,149,31.5,3
2,3_320x stock m270_4xobj_3_grid_r1_c0.png,754,1,461,148,74.5,4
2,3_320x stock m270_4xobj_3_grid_r1_c0.png,755,1,277,147,46.0,3
2,3_320x stock m270_4xobj_3_grid_r1_c0.png,756,1,260,144,46.0,3
2,3_320x stock m270_4xobj_3_grid_r1_c0.png,757,1,316,135,46.0,3
2,3_320x stock m270_4xobj_3_grid_r1_c0.png,758,1,169,130,31.5,3
2,3_320x stock m270_4xobj_3_grid_r1_c0.png,759,1,135,126,31.5,3
2,3_320x stock m270_4xobj_3_grid_r1_c0.png,760,1,453,115,74.5,4
2,3_320x stock m270_4xobj_3_grid_r1_c0.png,761,1,167,114,31.5,3
2,3_320x stock m270_4xobj_3_grid_r1_c0.png,762,1,362,108,46.0,3
2,3_320x stock m270_4xobj_3_grid_r1_c0.png,763,1,183,106,46.0,3
2,3_320x stock m270_4xobj_3_grid_r1_c0.png,764,1,383,106,46.0,3
2,3_320x stock m270_4xobj_3_grid_r1_c0.png,765,1,402,99,46.0,3
2,3_320x stock m270_4xobj_3_grid_r1_c0.png,766,1,91,96,46.0,3
2,3_320x stock m270_4xobj_3_grid_r1_c0.png,767,1,353,90,31.5,3
2,3_320x stock m270_4xobj_3_grid_r1_c0.png,768,1,116,80,31.5,3
2,3_320x stock m270_4xobj_3_grid_r1_c0.png,769,1,284,78,46.0,3
2,3_320x stock m270_4xobj_3_grid_r1_c0.png,770,1,84,71,104.0,5
2,3_320x stock m270_4xobj_3_grid_r1_c0.png,771,1,422,63,74.5,4
2,3_320x stock m270_4xobj_3_grid_r1_c0.png,772,1,295,60,46.0,3
2,3_320x stock m270_4xobj_3_grid_r1_c0.png,773,1,256,54,46.0,3
2,3_320x stock m270_4xobj_3_grid_r1_c0.png,774,1,274,51,46.0,3
2,3_320x stock m270_4xobj_3_grid_r1_c0.png,775,1,346,44,31.5,3
2,3_320x stock m270_4xobj_3_grid_r1_c0.png,776,1,483,40,46.0,3
2,3_320x stock m270_4xobj_3_grid_r1_c0.png,777,1,388,38,31.5,3
2,3_320x stock m270_4xobj_3_grid_r1_c0.png,778,1,200,37,46.0,3
2,3_320x stock m270_4xobj_3_grid_r1_c0.png,779,1,155,37,46.0,3
2,3_320x stock m270_4xobj_3_grid_r1_c0.png,780,1,46,32,46.0,3
2,3_320x stock m270_4xobj_3_grid_r1_c0.png,781,1,369,32,46.0,3
2,3_320x stock m270_4xobj_3_grid_r1_c0.png,782,1,159,26,31.5,3
2,3_320x stock m270_4xobj_3_grid_r1_c0.png,783,1,248,19,46.0,3
2,3_320x stock m270_4xobj_3_grid_r1_c0.png,784,1,112,11,46.0,3
2,3_320x stock m270_4xobj_3_grid_r1_c0.png,785,1,266,8,46.0,3
2,3_320x stock m270_4xobj_3_grid_r1_c0.png,786,1,226,8,46.0,3
2,3_320x stock m270_4xobj_3_grid_r1_c0.png,787,1,59,6,46.0,3
2,3_320x stock m270_4xobj_3_grid_r1_c0.png,788,1,15,2,28.0,2
2,3_320x stock m270_4xobj_3_grid_r1_c0.png,789,1,359,502,31.5,3
2,3_320x stock m270_4xobj_3_grid_r1_c0.png,790,1,128,495,31.5,3
2,3_320x stock m270_4xobj_3_grid_r1_c0.png,791,1,364,493,31.5,3
2,3_320x stock m270_4xobj_3_grid_r1_c0.png,792,1,404,489,46.0,3
2,3_320x stock m270_4xobj_3_grid_r1_c0.png,793,1,158,483,46.0,3
2,3_320x stock m270_4xobj_3_grid_r1_c0.png,794,1,127,483,46.0,3
2,3_320x stock m270_4xobj_3_grid_r1_c0.png,795,1,298,483,46.0,3
2,3_320x stock m270_4xobj_3_grid_r1_c0.png,796,1,408,472,46.0,3
2,3_320x stock m270_4xobj_3_grid_r1_c0.png,797,1,390,467,46.0,3
2,3_320x stock m270_4xobj_3_grid_r1_c0.png,798,1,194,468,46.0,3
2,3_320x stock m270_4xobj_3_grid_r1_c0.png,799,1,151,460,46.0,3
2,3_320x stock m270_4xobj_3_grid_r1_c0.png,800,1,242,455,46.0,3
2,3_320x stock m270_4xobj_3_grid_r1_c0.png,801,1,173,452,31.5,3
2,3_320x stock m270_4xobj_3_grid_r1_c0.png,802,1,334,451,46.0,3
2,3_320x stock m270_4xobj_3_grid_r1_c0.png,803,1,138,444,31.5,3
2,3_320x stock m270_4xobj_3_grid_r1_c0.png,804,1,36,441,31.5,3
2,3_320x stock m270_4xobj_3_grid_r1_c0.png,805,1,379,436,31.5,3
2,3_320x stock m270_4xobj_3_grid_r1_c0.png,806,1,296,437,46.0,3
2,3_320x stock m270_4xobj_3_grid_r1_c0.png,807,1,119,436,31.5,3
2,3_320x stock m270_4xobj_3_grid_r1_c0.png,808,1,329,436,46.0,3
2,3_320x stock m270_4xobj_3_grid_r1_c0.png,809,1,398,435,46.0,3
2,3_320x stock m270_4xobj_3_grid_r1_c0.png,810,1,349,432,46.0,3
2,3_320x stock m270_4xobj_3_grid_r1_c0.png,811,1,279,431,46.0,3
2,3_320x stock m270_4xobj_3_grid_r1_c0.png,812,1,192,428,46.0,3
2,3_320x stock m270_4xobj_3_grid_r1_c0.png,813,1,172,427,46.0,3
2,3_320x stock m270_4xobj_3_grid_r1_c0.png,814,1,299,424,46.0,3
2,3_320x stock m270_4xobj_3_grid_r1_c0.png,815,1,76,425,46.0,3
2,3_320x stock m270_4xobj_3_grid_r1_c0.png,816,1,230,424,46.0,3
2,3_320x stock m270_4xobj_3_grid_r1_c0.png,817,1,391,421,74.5,4
2,3_320x stock m270_4xobj_3_grid_r1_c0.png,818,1,244,421,46.0,3
2,3_320x stock m270_4xobj_3_grid_r1_c0.png,819,1,162,413,46.0,3
2,3_320x stock m270_4xobj_3_grid_r1_c0.png,820,1,320,408,46.0,3
2,3_320x stock m270_4xobj_3_grid_r1_c0.png,821,1,189,408,46.0,3
2,3_320x stock m270_4xobj_3_grid_r1_c0.png,822,1,289,403,46.0,3
2,3_320x stock m270_4xobj_3_grid_r1_c0.png,823,1,69,395,46.0,3
2,3_320x stock m270_4xobj_3_grid_r1_c0.png,824,1,101,394,46.0,3
2,3_320x stock m270_4xobj_3_grid_r1_c0.png,825,1,242,392,46.0,3
2,3_320x stock m270_4xobj_3_grid_r1_c0.png,826,1,410,385,46.0,3
2,3_320x stock m270_4xobj_3_grid_r1_c0.png,827,1,141,383,46.0,3
2,3_320x stock m270_4xobj_3_grid_r1_c0.png,828,1,376,381,31.5,3
2,3_320x stock m270_4xobj_3_grid_r1_c0.png,829,1,116,379,46.0,3
2,3_320x stock m270_4xobj_3_grid_r1_c0.png,830,1,137,371,46.0,3
2,3_320x stock m270_4xobj_3_grid_r1_c0.png,831,1,431,370,46.0,3
2,3_320x stock m270_4xobj_3_grid_r1_c0.png,832,1,283,367,46.0,3
2,3_320x stock m270_4xobj_3_grid_r1_c0.png,833,1,196,365,31.5,3
2,3_320x stock m270_4xobj_3_grid_r1_c0.png,834,1,222,363,74.5,4
2,3_320x stock m270_4xobj_3_grid_r1_c0.png,835,1,162,364,31.5,3
2,3_320x stock m270_4xobj_3_grid_r1_c0.png,836,1,291,349,74.5,4
2,3_320x stock m270_4xobj_3_grid_r1_c0.png,837,1,44,347,46.0,3
2,3_320x stock m270_4xobj_3_grid_r1_c0.png,838,1,482,345,46.0,3
2,3_320x stock m270_4xobj_3_grid_r1_c0.png,839,1,172,342,46.0,3
2,3_320x stock m270_4xobj_3_grid_r1_c0.png,840,1,249,337,46.0,3
2,3_320x stock m270_4xobj_3_grid_r1_c0.png,841,1,157,330,46.0,3
2,3_320x stock m270_4xobj_3_grid_r1_c0.png,842,1,15,320,46.0,3
2,3_320x stock m270_4xobj_3_grid_r1_c0.png,843,1,127,318,46.0,3
2,3_320x stock m270_4xobj_3_grid_r1_c0.png,844,1,264,313,46.0,3
2,3_320x stock m270_4xobj_3_grid_r1_c0.png,845,1,239,311,46.0,3
2,3_320x stock m270_4xobj_3_grid_r1_c0.png,846,1,69,307,46.0,3
2,3_320x stock m270_4xobj_3_grid_r1_c0.png,847,1,155,295,46.0,3
2,3_320x stock m270_4xobj_3_grid_r1_c0.png,848,1,198,291,46.0,3
2,3_320x stock m270_4xobj_3_grid_r1_c0.png,849,1,346,290,46.0,3
2,3_320x stock m270_4xobj_3_grid_r1_c0.png,850,1,144,286,46.0,3
2,3_320x stock m270_4xobj_3_grid_r1_c0.png,851,1,214,279,46.0,3
2,3_320x stock m270_4xobj_3_grid_r1_c0.png,852,1,171,278,46.0,3
2,3_320x stock m270_4xobj_3_grid_r1_c0.png,853,1,316,275,46.0,3
2,3_320x stock m270_4xobj_3_grid_r1_c0.png,854,1,115,272,46.0,3
2,3_320x stock m270_4xobj_3_grid_r1_c0.png,855,1,242,272,46.0,3
2,3_320x stock m270_4xobj_3_grid_r1_c0.png,856,1,425,271,46.0,3
2,3_320x stock m270_4xobj_3_grid_r1_c0.png,857,1,223,269,46.0,3
2,3_320x stock m270_4xobj_3_grid_r1_c0.png,858,1,199,265,46.0,3
2,3_320x stock m270_4xobj_3_grid_r1_c0.png,859,1,239,253,46.0,3
2,3_320x stock m270_4xobj_3_grid_r1_c0.png,860,1,305,251,46.0,3
2,3_320x stock m270_4xobj_3_grid_r1_c0.png,861,1,10,256,147.5,6
2,3_320x stock m270_4xobj_3_grid_r1_c0.png,862,1,102,249,31.5,3
2,3_320x stock m270_4xobj_3_grid_r1_c0.png,863,1,277,247,31.5,3
2,3_320x stock m270_4xobj_3_grid_r1_c0.png,864,1,218,244,46.0,3
2,3_320x stock m270_4xobj_3_grid_r1_c0.png,865,1,83,242,31.5,3
2,3_320x stock m270_4xobj_3_grid_r1_c0.png,866,1,259,241,31.5,3
2,3_320x stock m270_4xobj_3_grid_r1_c0.png,867,1,321,227,46.0,3
2,3_320x stock m270_4xobj_3_grid_r1_c0.png,868,1,107,223,46.0,3
2,3_320x stock m270_4xobj_3_grid_r1_c0.png,869,1,127,222,46.0,3
2,3_320x stock m270_4xobj_3_grid_r1_c0.png,870,1,93,222,46.0,3
2,3_320x stock m270_4xobj_3_grid_r1_c0.png,871,1,194,211,46.0,3
2,3_320x stock m270_4xobj_3_grid_r1_c0.png,872,1,205,201,46.0,3
2,3_320x stock m270_4xobj_3_grid_r1_c0.png,873,1,222,188,46.0,3
2,3_320x stock m270_4xobj_3_grid_r1_c0.png,874,1,69,158,74.5,4
2,3_320x stock m270_4xobj_3_grid_r1_c0.png,875,1,94,157,31.5,3
2,3_320x stock m270_4xobj_3_grid_r1_c0.png,876,1,104,154,31.5,3
2,3_320x stock m270_4xobj_3_grid_r1_c0.png,877,1,238,152,46.0,3
2,3_320x stock m270_4xobj_3_grid_r1_c0.png,878,1,324,151,74.5,4
2,3_320x stock m270_4xobj_3_grid_r1_c0.png,879,1,197,149,46.0,3
2,3_320x stock m270_4xobj_3_grid_r1_c0.png,880,1,184,148,46.0,3
2,3_320x stock m270_4xobj_3_grid_r1_c0.png,881,1,13,132,31.5,3
2,3_320x stock m270_4xobj_3_grid_r1_c0.png,882,1,89,126,46.0,3
2,3_320x stock m270_4xobj_3_grid_r1_c0.png,883,1,25,126,31.5,3
2,3_320x stock m270_4xobj_3_grid_r1_c0.png,884,1,41,118,46.0,3
2,3_320x stock m270_4xobj_3_grid_r1_c0.png,885,1,81,114,46.0,3
2,3_320x stock m270_4xobj_3_grid_r1_c0.png,886,1,128,107,31.5,3
2,3_320x stock m270_4xobj_3_grid_r1_c0.png,887,1,222,100,46.0,3
2,3_320x stock m270_4xobj_3_grid_r1_c0.png,888,1,43,99,46.0,3
2,3_320x stock m270_4xobj_3_grid_r1_c0.png,889,1,58,97,46.0,3
2,3_320x stock m270_4xobj_3_grid_r1_c0.png,890,1,119,95,74.5,4
2,3_320x stock m270_4xobj_3_grid_r1_c0.png,891,1,68,88,46.0,3
2,3_320x stock m270_4xobj_3_grid_r1_c0.png,892,1,150,85,46.0,3
2,3_320x stock m270_4xobj_3_grid_r1_c0.png,893,1,446,87,248.5,8
2,3_320x stock m270_4xobj_3_grid_r1_c0.png,894,1,26,80,31.5,3
2,3_320x stock m270_4xobj_3_grid_r1_c0.png,895,1,17,75,31.5,3
2,3_320x stock m270_4xobj_3_grid_r1_c0.png,896,1,118,70,46.0,3
2,3_320x stock m270_4xobj_3_grid_r1_c0.png,897,1,68,67,46.0,3
2,3_320x stock m270_4xobj_3_grid_r1_c0.png,898,1,38,58,46.0,3
2,3_320x stock m270_4xobj_3_grid_r1_c0.png,899,1,20,59,46.0,3
2,3_320x stock m270_4xobj_3_grid_r1_c0.png,900,1,247,32,46.0,3
2,3_320x stock m270_4xobj_3_grid_r1_c0.png,901,1,9,30,46.0,3
2,3_320x stock m270_4xobj_3_grid_r1_c0.png,902,1,31,508,31.5,3
2,3_320x stock m270_4xobj_3_grid_r1_c0.png,903,1,141,500,46.0,3
2,3_320x stock m270_4xobj_3_grid_r1_c0.png,904,1,10,494,46.0,3
2,3_320x stock m270_4xobj_3_grid_r1_c0.png,905,1,43,494,46.0,3
2,3_320x stock m270_4xobj_3_grid_r1_c0.png,906,1,136,475,46.0,3
2,3_320x stock m270_4xobj_3_grid_r1_c0.png,907,1,35,474,46.0,3
2,3_320x stock m270_4xobj_3_grid_r1_c0.png,908,1,83,465,46.0,3
2,3_320x stock m270_4xobj_3_grid_r1_c0.png,909,1,120,454,46.0,3
2,3_320x stock m270_4xobj_3_grid_r1_c0.png,910,1,16,441,46.0,3
2,3_320x stock m270_4xobj_3_grid_r1_c0.png,911,1,330,420,46.0,3
2,3_320x stock m270_4xobj_3_grid_r1_c0.png,912,1,48,377,46.0,3
2,3_320x stock m270_4xobj_3_grid_r1_c0.png,913,1,154,372,31.5,3
2,3_320x stock m270_4xobj_3_grid_r1_c0.png,914,1,92,370,46.0,3
2,3_320x stock m270_4xobj_3_grid_r1_c0.png,915,1,20,362,46.0,3
2,3_320x stock m270_4xobj_3_grid_r1_c0.png,916,1,104,357,46.0,3
2,3_320x stock m270_4xobj_3_grid_r1_c0.png,917,1,238,358,46.0,3
2,3_320x stock m270_4xobj_3_grid_r1_c0.png,918,1,129,353,46.0,3
2,3_320x stock m270_4xobj_3_grid_r1_c0.png,919,1,118,346,46.0,3
2,3_320x stock m270_4xobj_3_grid_r1_c0.png,920,1,113,333,46.0,3
2,3_320x stock m270_4xobj_3_grid_r1_c0.png,921,1,130,331,46.0,3
2,3_320x stock m270_4xobj_3_grid_r1_c0.png,922,1,58,329,31.5,3
2,3_320x stock m270_4xobj_3_grid_r1_c0.png,923,1,143,322,46.0,3
2,3_320x stock m270_4xobj_3_grid_r1_c0.png,924,1,46,290,46.0,3
2,3_320x stock m270_4xobj_3_grid_r1_c0.png,925,1,98,289,46.0,3
2,3_320x stock m270_4xobj_3_grid_r1_c0.png,926,1,58,253,46.0,3
2,3_320x stock m270_4xobj_3_grid_r1_c0.png,927,1,116,241,46.0,3
2,3_320x stock m270_4xobj_3_grid_r1_c0.png,928,1,100,234,46.0,3
2,3_320x stock m270_4xobj_3_grid_r1_c0.png,929,1,12,234,46.0,3
2,3_320x stock m270_4xobj_3_grid_r1_c0.png,930,1,37,233,46.0,3
2,3_320x stock m270_4xobj_3_grid_r1_c0.png,931,1,60,191,46.0,3
2,3_320x stock m270_4xobj_3_grid_r1_c0.png,932,1,46,192,46.0,3
2,3_320x stock m270_4xobj_3_grid_r1_c0.png,933,1,12,159,46.0,3
2,3_320x stock m270_4xobj_3_grid_r1_c0.png,934,1,5,93,31.5,3
2,3_320x stock m270_4xobj_3_grid_r1_c0.png,935,1,125,48,46.0,3
2,3_320x stock m270_4xobj_3_grid_r1_c0.png,936,1,79,32,46.0,3
2,3_320x stock m270_4xobj_3_grid_r1_c0.png,937,1,29,483,46.0,3
2,3_320x stock m270_4xobj_3_grid_r1_c0.png,938,1,45,458,46.0,3
2,3_320x stock m270_4xobj_3_grid_r1_c0.png,939,1,258,448,74.5,4
2,3_320x stock m270_4xobj_3_grid_r1_c0.png,940,1,68,322,46.0,3
2,3_320x stock m270_4xobj_3_grid_r1_c0.png,941,1,103,310,46.0,3
2,3_320x stock m270_4xobj_3_grid_r1_c0.png,942,1,11,302,74.5,4
2,3_320x stock m270_4xobj_3_grid_r1_c0.png,943,1,24,283,46.0,3
2,3_320x stock m270_4xobj_3_grid_r1_c0.png,944,1,359,241,46.0,3
2,3_320x stock m270_4xobj_3_grid_r1_c0.png,945,1,68,172,46.0,3
3,3_320x stock m270_4xobj_3_grid_r1_c1.png,946,1,238,5,74.5,4
3,3_320x stock m270_4xobj_3_grid_r1_c1.png,947,1,490,413,46.0,3
3,3_320x stock m270_4xobj_3_grid_r1_c1.png,948,1,370,367,31.5,3
3,3_320x stock m270_4xobj_3_grid_r1_c1.png,949,1,128,119,74.5,4
3,3_320x stock m270_4xobj_3_grid_r1_c1.png,950,1,312,65,74.5,4
3,3_320x stock m270_4xobj_3_grid_r1_c1.png,951,1,324,486,46.0,3
3,3_320x stock m270_4xobj_3_grid_r1_c1.png,952,1,231,266,46.0,3
3,3_320x stock m270_4xobj_3_grid_r1_c1.png,953,1,99,243,46.0,3
3,3_320x stock m270_4xobj_3_grid_r1_c1.png,954,1,130,92,104.0,5
3,3_320x stock m270_4xobj_3_grid_r1_c1.png,955,1,417,487,46.0,3
3,3_320x stock m270_4xobj_3_grid_r1_c1.png,956,1,97,467,46.0,3
3,3_320x stock m270_4xobj_3_grid_r1_c1.png,957,1,508,416,38.0,3
3,3_320x stock m270_4xobj_3_grid_r1_c1.png,958,1,113,406,74.5,4
3,3_320x stock m270_4xobj_3_grid_r1_c1.png,959,1,265,395,46.0,3
3,3_320x stock m270_4xobj_3_grid_r1_c1.png,960,1,143,298,74.5,4
3,3_320x stock m270_4xobj_3_grid_r1_c1.png,961,1,150,228,46.0,3
3,3_320x stock m270_4xobj_3_grid_r1_c1.png,962,1,400,175,46.0,3
3,3_320x stock m270_4xobj_3_grid_r1_c1.png,963,1,186,81,46.0,3
3,3_320x stock m270_4xobj_3_grid_r1_c1.png,964,1,83,495,46.0,3
3,3_320x stock m270_4xobj_3_grid_r1_c1.png,965,1,134,480,46.0,3
3,3_320x stock m270_4xobj_3_grid_r1_c1.png,966,1,506,453,46.0,3
3,3_320x stock m270_4xobj_3_grid_r1_c1.png,967,1,287,443,74.5,4
3,3_320x stock m270_4xobj_3_grid_r1_c1.png,968,1,74,243,74.5,4
3,3_320x stock m270_4xobj_3_grid_r1_c1.png,969,1,84,121,74.5,4
3,3_320x stock m270_4xobj_3_grid_r1_c1.png,970,1,403,21,31.5,3
3,3_320x stock m270_4xobj_3_grid_r1_c1.png,971,1,5,1,7.0,1
3,3_320x stock m270_4xobj_3_grid_r1_c1.png,972,1,253,447,46.0,3
3,3_320x stock m270_4xobj_3_grid_r1_c1.png,973,1,95,292,104.0,5
3,3_320x stock m270_4xobj_3_grid_r1_c1.png,974,1,454,252,74.5,4
3,3_320x stock m270_4xobj_3_grid_r1_c1.png,975,1,503,184,31.5,3
3,3_320x stock m270_4xobj_3_grid_r1_c1.png,976,1,107,167,31.5,3
3,3_320x stock m270_4xobj_3_grid_r1_c1.png,977,1,146,159,31.5,3
3,3_320x stock m270_4xobj_3_grid_r1_c1.png,978,1,336,113,31.5,3
3,3_320x stock m270_4xobj_3_grid_r1_c1.png,979,1,473,102,31.5,3
3,3_320x stock m270_4xobj_3_grid_r1_c1.png,980,1,481,94,31.5,3
3,3_320x stock m270_4xobj_3_grid_r1_c1.png,981,1,485,77,74.5,4
3,3_320x stock m270_4xobj_3_grid_r1_c1.png,982,1,452,41,46.0,3
3,3_320x stock m270_4xobj_3_grid_r1_c1.png,983,1,505,34,46.0,3
3,3_320x stock m270_4xobj_3_grid_r1_c1.png,984,1,331,34,46.0,3
3,3_320x stock m270_4xobj_3_grid_r1_c1.png,985,1,438,30,46.0,3
3,3_320x stock m270_4xobj_3_grid_r1_c1.png,986,1,424,28,46.0,3
3,3_320x stock m270_4xobj_3_grid_r1_c1.png,987,1,445,16,46.0,3
3,3_320x stock m270_4xobj_3_grid_r1_c1.png,988,1,441,16,31.5,3
3,3_320x stock m270_4xobj_3_grid_r1_c1.png,989,1,372,14,46.0,3
3,3_320x stock m270_4xobj_3_grid_r1_c1.png,990,1,332,7,46.0,3
3,3_320x stock m270_4xobj_3_grid_r1_c1.png,991,1,250,7,31.5,3
3,3_320x stock m270_4xobj_3_grid_r1_c1.png,992,1,450,5,46.0,3
3,3_320x stock m270_4xobj_3_grid_r1_c1.png,993,1,97,3,31.5,3
3,3_320x stock m270_4xobj_3_grid_r1_c1.png,994,1,444,492,8.0,1
3,3_320x stock m270_4xobj_3_grid_r1_c1.png,995,1,427,490,31.5,3
3,3_320x stock m270_4xobj_3_grid_r1_c1.png,996,1,356,404,31.5,3
3,3_320x stock m270_4xobj_3_grid_r1_c1.png,997,1,100,373,104.0,5
3,3_320x stock m270_4xobj_3_grid_r1_c1.png,998,1,386,342,31.5,3
3,3_320x stock m270_4xobj_3_grid_r1_c1.png,999,1,435,55,46.0,3
3,3_320x stock m270_4xobj_3_grid_r1_c1.png,1000,1,229,53,46.0,3
3,3_320x stock m270_4xobj_3_grid_r1_c1.png,1001,1,181,50,46.0,3
3,3_320x stock m270_4xobj_3_grid_r1_c1.png,1002,1,313,39,46.0,3
3,3_320x stock m270_4xobj_3_grid_r1_c1.png,1003,1,366,38,46.0,3
3,3_320x stock m270_4xobj_3_grid_r1_c1.png,1004,1,189,36,46.0,3
3,3_320x stock m270_4xobj_3_grid_r1_c1.png,1005,1,377,34,31.5,3
3,3_320x stock m270_4xobj_3_grid_r1_c1.png,1006,1,197,30,31.5,3
3,3_320x stock m270_4xobj_3_grid_r1_c1.png,1007,1,482,25,46.0,3
3,3_320x stock m270_4xobj_3_grid_r1_c1.png,1008,1,43,25,46.0,3
3,3_320x stock m270_4xobj_3_grid_r1_c1.png,1009,1,383,19,46.0,3
3,3_320x stock m270_4xobj_3_grid_r1_c1.png,1010,1,266,17,46.0,3
3,3_320x stock m270_4xobj_3_grid_r1_c1.png,1011,1,216,17,46.0,3
3,3_320x stock m270_4xobj_3_grid_r1_c1.png,1012,1,310,15,46.0,3
3,3_320x stock m270_4xobj_3_grid_r1_c1.png,1013,1,229,14,31.5,3
3,3_320x stock m270_4xobj_3_grid_r1_c1.png,1014,1,460,497,46.0,3
3,3_320x stock m270_4xobj_3_grid_r1_c1.png,1015,1,466,488,31.5,3
3,3_320x stock m270_4xobj_3_grid_r1_c1.png,1016,1,348,484,31.5,3
3,3_320x stock m270_4xobj_3_grid_r1_c1.png,1017,1,427,479,46.0,3
3,3_320x stock m270_4xobj_3_grid_r1_c1.png,1018,1,264,297,31.5,3
3,3_320x stock m270_4xobj_3_grid_r1_c1.png,1019,1,271,292,31.5,3
3,3_320x stock m270_4xobj_3_grid_r1_c1.png,1020,1,350,303,31.5,3
3,3_320x stock m270_4xobj_3_grid_r1_c1.png,1021,1,351,294,31.5,3
3,3_320x stock m270_4xobj_3_grid_r1_c1.png,1022,1,314,277,31.5,3
3,3_320x stock m270_4xobj_3_grid_r1_c1.png,1023,1,309,281,31.5,3
3,3_320x stock m270_4xobj_3_grid_r1_c1.png,1024,1,348,274,31.5,3
3,3_320x stock m270_4xobj_3_grid_r1_c1.png,1025,1,353,279,31.5,3
3,3_320x stock m270_4xobj_3_grid_r1_c1.png,1026,1,357,275,31.5,3
3,3_320x stock m270_4xobj_3_grid_r1_c1.png,1027,1,381,243,31.5,3
3,3_320x stock m270_4xobj_3_grid_r1_c1.png,1028,1,375,236,31.5,3
3,3_320x stock m270_4xobj_3_grid_r1_c1.png,1029,1,309,247,31.5,3
3,3_320x stock m270_4xobj_3_grid_r1_c1.png,1030,1,317,246,31.5,3
3,3_320x stock m270_4xobj_3_grid_r1_c1.png,1031,1,451,236,31.5,3
3,3_320x stock m270_4xobj_3_grid_r1_c1.png,1032,1,459,239,31.5,3
3,3_320x stock m270_4xobj_3_grid_r1_c1.png,1033,1,469,232,31.5,3
3,3_320x stock m270_4xobj_3_grid_r1_c1.png,1034,1,478,234,31.5,3
3,3_320x stock m270_4xobj_3_grid_r1_c1.png,1035,1,484,233,31.5,3
3,3_320x stock m270_4xobj_3_grid_r1_c1.png,1036,1,452,190,31.5,3
3,3_320x stock m270_4xobj_3_grid_r1_c1.png,1037,1,451,199,31.5,3
3,3_320x stock m270_4xobj_3_grid_r1_c1.png,1038,1,460,200,31.5,3
3,3_320x stock m270_4xobj_3_grid_r1_c1.png,1039,1,251,145,31.5,3
3,3_320x stock m270_4xobj_3_grid_r1_c1.png,1040,1,241,141,31.5,3
3,3_320x stock m270_4xobj_3_grid_r1_c1.png,1041,1,259,130,31.5,3
3,3_320x stock m270_4xobj_3_grid_r1_c1.png,1042,1,262,120,31.5,3
3,3_320x stock m270_4xobj_3_grid_r1_c1.png,1043,1,177,118,31.5,3
3,3_320x stock m270_4xobj_3_grid_r1_c1.png,1044,1,182,113,31.5,3
3,3_320x stock m270_4xobj_3_grid_r1_c1.png,1045,1,472,94,31.5,3
3,3_320x stock m270_4xobj_3_grid_r1_c1.png,1046,1,505,172,31.5,3
3,3_320x stock m270_4xobj_3_grid_r1_c1.png,1047,1,470,170,31.5,3
3,3_320x stock m270_4xobj_3_grid_r1_c1.png,1048,1,485,160,31.5,3
3,3_320x stock m270_4xobj_3_grid_r1_c1.png,1049,1,478,156,31.5,3
3,3_320x stock m270_4xobj_3_grid_r1_c1.png,1050,1,262,170,31.5,3
3,3_320x stock m270_4xobj_3_grid_r1_c1.png,1051,1,269,176,31.5,3
3,3_320x stock m270_4xobj_3_grid_r1_c1.png,1052,1,206,197,31.5,3
3,3_320x stock m270_4xobj_3_grid_r1_c1.png,1053,1,198,193,31.5,3
3,3_320x stock m270_4xobj_3_grid_r1_c1.png,1054,1,170,308,31.5,3
3,3_320x stock m270_4xobj_3_grid_r1_c1.png,1055,1,161,308,31.5,3
3,3_320x stock m270_4xobj_3_grid_r1_c1.png,1056,1,133,330,31.5,3
3,3_320x stock m270_4xobj_3_grid_r1_c1.png,1057,1,127,335,31.5,3
3,3_320x stock m270_4xobj_3_grid_r1_c1.png,1058,1,131,324,31.5,3
3,3_320x stock m270_4xobj_3_grid_r1_c1.png,1059,1,123,349,31.5,3
3,3_320x stock m270_4xobj_3_grid_r1_c1.png,1060,1,126,359,31.5,3
3,3_320x stock m270_4xobj_3_grid_r1_c1.png,1061,1,145,379,31.5,3
3,3_320x stock m270_4xobj_3_grid_r1_c1.png,1062,1,157,380,31.5,3
3,3_320x stock m270_4xobj_3_grid_r1_c1.png,1063,1,43,402,31.5,3
3,3_320x stock m270_4xobj_3_grid_r1_c1.png,1064,1,35,406,31.5,3
3,3_320x stock m270_4xobj_3_grid_r1_c1.png,1065,1,31,400,31.5,3
3,3_320x stock m270_4xobj_3_grid_r1_c1.png,1066,1,51,286,31.5,3
3,3_320x stock m270_4xobj_3_grid_r1_c1.png,1067,1,43,284,31.5,3
3,3_320x stock m270_4xobj_3_grid_r1_c1.png,1068,1,110,281,31.5,3
3,3_320x stock m270_4xobj_3_grid_r1_c1.png,1069,1,118,273,31.5,3
3,3_320x stock m270_4xobj_3_grid_r1_c1.png,1070,1,176,345,31.5,3
3,3_320x stock m270_4xobj_3_grid_r1_c1.png,1071,1,183,340,31.5,3
3,3_320x stock m270_4xobj_3_grid_r1_c1.png,1072,1,247,396,31.5,3
3,3_320x stock m270_4xobj_3_grid_r1_c1.png,1073,1,257,390,31.5,3
3,3_320x stock m270_4xobj_3_grid_r1_c1.png,1074,1,293,408,31.5,3
3,3_320x stock m270_4xobj_3_grid_r1_c1.png,1075,1,199,279,31.5,3
3,3_320x stock m270_4xobj_3_grid_r1_c1.png,1076,1,298,402,31.5,3
3,3_320x stock m270_4xobj_3_grid_r1_c1.png,1077,1,303,322,31.5,3
3,3_320x stock m270_4xobj_3_grid_r1_c1.png,1078,1,306,313,31.5,3
3,3_320x stock m270_4xobj_3_grid_r1_c1.png,1079,1,115,167,31.5,3
3,3_320x stock m270_4xobj_3_grid_r1_c1.png,1080,1,100,172,31.5,3
3,3_320x stock m270_4xobj_3_grid_r1_c1.png,1081,1,157,182,31.5,3
3,3_320x stock m270_4xobj_3_grid_r1_c1.png,1082,1,157,174,31.5,3
3,3_320x stock m270_4xobj_3_grid_r1_c1.png,1083,1,454,340,31.5,3
3,3_320x stock m270_4xobj_3_grid_r1_c1.png,1084,1,384,331,31.5,3
3,3_320x stock m270_4xobj_3_grid_r1_c1.png,1085,1,30,290,74.5,4
3,3_320x stock m270_4xobj_3_grid_r1_c1.png,1086,1,234,284,31.5,3
3,3_320x stock m270_4xobj_3_grid_r1_c1.png,1087,1,442,241,31.5,3
3,3_320x stock m270_4xobj_3_grid_r1_c1.png,1088,1,366,226,46.0,3
3,3_320x stock m270_4xobj_3_grid_r1_c1.png,1089,1,378,223,31.5,3
3,3_320x stock m270_4xobj_3_grid_r1_c1.png,1090,1,483,218,31.5,3
3,3_320x stock m270_4xobj_3_grid_r1_c1.png,1091,1,427,210,46.0,3
3,3_320x stock m270_4xobj_3_grid_r1_c1.png,1092,1,483,207,31.5,3
3,3_320x stock m270_4xobj_3_grid_r1_c1.png,1093,1,415,207,46.0,3
3,3_320x stock m270_4xobj_3_grid_r1_c1.png,1094,1,113,206,74.5,4
3,3_320x stock m270_4xobj_3_grid_r1_c1.png,1095,1,504,199,46.0,3
3,3_320x stock m270_4xobj_3_grid_r1_c1.png,1096,1,337,196,46.0,3
3,3_320x stock m270_4xobj_3_grid_r1_c1.png,1097,1,493,191,46.0,3
3,3_320x stock m270_4xobj_3_grid_r1_c1.png,1098,1,425,188,46.0,3
3,3_320x stock m270_4xobj_3_grid_r1_c1.png,1099,1,355,187,46.0,3
3,3_320x stock m270_4xobj_3_grid_r1_c1.png,1100,1,322,184,46.0,3
3,3_320x stock m270_4xobj_3_grid_r1_c1.png,1101,1,206,180,46.0,3
3,3_320x stock m270_4xobj_3_grid_r1_c1.png,1102,1,374,168,46.0,3
3,3_320x stock m270_4xobj_3_grid_r1_c1.png,1103,1,395,163,46.0,3
3,3_320x stock m270_4xobj_3_grid_r1_c1.png,1104,1,52,156,74.5,4
3,3_320x stock m270_4xobj_3_grid_r1_c1.png,1105,1,454,151,46.0,3
3,3_320x stock m270_4xobj_3_grid_r1_c1.png,1106,1,392,140,46.0,3
3,3_320x stock m270_4xobj_3_grid_r1_c1.png,1107,1,365,138,46.0,3
3,3_320x stock m270_4xobj_3_grid_r1_c1.png,1108,1,65,137,31.5,3
3,3_320x stock m270_4xobj_3_grid_r1_c1.png,1109,1,380,134,46.0,3
3,3_320x stock m270_4xobj_3_grid_r1_c1.png,1110,1,398,128,46.0,3
3,3_320x stock m270_4xobj_3_grid_r1_c1.png,1111,1,423,118,46.0,3
3,3_320x stock m270_4xobj_3_grid_r1_c1.png,1112,1,236,109,31.5,3
3,3_320x stock m270_4xobj_3_grid_r1_c1.png,1113,1,486,106,46.0,3
3,3_320x stock m270_4xobj_3_grid_r1_c1.png,1114,1,506,104,46.0,3
3,3_320x stock m270_4xobj_3_grid_r1_c1.png,1115,1,387,102,46.0,3
3,3_320x stock m270_4xobj_3_grid_r1_c1.png,1116,1,374,99,46.0,3
3,3_320x stock m270_4xobj_3_grid_r1_c1.png,1117,1,244,94,46.0,3
3,3_320x stock m270_4xobj_3_grid_r1_c1.png,1118,1,412,90,46.0,3
3,3_320x stock m270_4xobj_3_grid_r1_c1.png,1119,1,214,86,46.0,3
3,3_320x stock m270_4xobj_3_grid_r1_c1.png,1120,1,333,82,46.0,3
3,3_320x stock m270_4xobj_3_grid_r1_c1.png,1121,1,313,79,46.0,3
3,3_320x stock m270_4xobj_3_grid_r1_c1.png,1122,1,498,77,31.5,3
3,3_320x stock m270_4xobj_3_grid_r1_c1.png,1123,1,379,74,31.5,3
3,3_320x stock m270_4xobj_3_grid_r1_c1.png,1124,1,177,73,31.5,3
3,3_320x stock m270_4xobj_3_grid_r1_c1.png,1125,1,462,71,46.0,3
3,3_320x stock m270_4xobj_3_grid_r1_c1.png,1126,1,33,146,147.5,6
3,3_320x stock m270_4xobj_3_grid_r1_c1.png,1127,1,301,221,46.0,3
3,3_320x stock m270_4xobj_3_grid_r1_c1.png,1128,1,55,443,46.0,3
3,3_320x stock m270_4xobj_3_grid_r1_c1.png,1129,1,506,272,70.5,4
3,3_320x stock m270_4xobj_3_grid_r1_c1.png,1130,1,366,331,46.0,3
3,3_320x stock m270_4xobj_3_grid_r1_c1.png,1131,1,7,345,46.0,3
3,3_320x stock m270_4xobj_3_grid_r1_c1.png,1132,1,61,355,31.5,3
3,3_320x stock m270_4xobj_3_grid_r1_c1.png,1133,1,51,358,46.0,3
3,3_320x stock m270_4xobj_3_grid_r1_c1.png,1134,1,44,376,46.0,3
3,3_320x stock m270_4xobj_3_grid_r1_c1.png,1135,1,340,397,74.5,4
3,3_320x stock m270_4xobj_3_grid_r1_c1.png,1136,1,67,413,74.5,4
3,3_320x stock m270_4xobj_3_grid_r1_c1.png,1137,1,311,429,46.0,3
3,3_320x stock m270_4xobj_3_grid_r1_c1.png,1138,1,70,430,74.5,4
3,3_320x stock m270_4xobj_3_grid_r1_c1.png,1139,1,268,447,46.0,3
3,3_320x stock m270_4xobj_3_grid_r1_c1.png,1140,1,144,453,46.0,3
3,3_320x stock m270_4xobj_3_grid_r1_c1.png,1141,1,65,462,46.0,3
3,3_320x stock m270_4xobj_3_grid_r1_c1.png,1142,1,115,462,46.0,3
3,3_320x stock m270_4xobj_3_grid_r1_c1.png,1143,1,46,468,46.0,3
3,3_320x stock m270_4xobj_3_grid_r1_c1.png,1144,1,167,480,31.5,3
3,3_320x stock m270_4xobj_3_grid_r1_c1.png,1145,1,78,485,46.0,3
3,3_320x stock m270_4xobj_3_grid_r1_c1.png,1146,1,168,493,46.0,3
3,3_320x stock m270_4xobj_3_grid_r1_c1.png,1147,1,236,500,46.0,3
3,3_320x stock m270_4xobj_3_grid_r1_c1.png,1148,1,267,502,104.0,5
3,3_320x stock m270_4xobj_3_grid_r1_c1.png,1149,1,451,502,46.0,3
3,3_320x stock m270_4xobj_3_grid_r1_c1.png,1150,1,105,503,46.0,3
3,3_320x stock m270_4xobj_3_grid_r1_c1.png,1151,1,8,40,46.0,3
3,3_320x stock m270_4xobj_3_grid_r1_c1.png,1152,1,103,81,46.0,3
3,3_320x stock m270_4xobj_3_grid_r1_c1.png,1153,1,145,95,46.0,3
3,3_320x stock m270_4xobj_3_grid_r1_c1.png,1154,1,218,103,46.0,3
3,3_320x stock m270_4xobj_3_grid_r1_c1.png,1155,1,155,117,46.0,3
3,3_320x stock m270_4xobj_3_grid_r1_c1.png,1156,1,51,138,46.0,3
3,3_320x stock m270_4xobj_3_grid_r1_c1.png,1157,1,68,143,31.5,3
3,3_320x stock m270_4xobj_3_grid_r1_c1.png,1158,1,468,143,46.0,3
3,3_320x stock m270_4xobj_3_grid_r1_c1.png,1159,1,122,158,46.0,3
3,3_320x stock m270_4xobj_3_grid_r1_c1.png,1160,1,217,165,46.0,3
3,3_320x stock m270_4xobj_3_grid_r1_c1.png,1161,1,33,167,46.0,3
3,3_320x stock m270_4xobj_3_grid_r1_c1.png,1162,1,10,169,46.0,3
3,3_320x stock m270_4xobj_3_grid_r1_c1.png,1163,1,7,185,46.0,3
3,3_320x stock m270_4xobj_3_grid_r1_c1.png,1164,1,124,190,46.0,3
3,3_320x stock m270_4xobj_3_grid_r1_c1.png,1165,1,14,199,46.0,3
3,3_320x stock m270_4xobj_3_grid_r1_c1.png,1166,1,90,210,46.0,3
3,3_320x stock m270_4xobj_3_grid_r1_c1.png,1167,1,135,221,46.0,3
3,3_320x stock m270_4xobj_3_grid_r1_c1.png,1168,1,40,223,46.0,3
3,3_320x stock m270_4xobj_3_grid_r1_c1.png,1169,1,23,226,46.0,3
3,3_320x stock m270_4xobj_3_grid_r1_c1.png,1170,1,10,236,46.0,3
3,3_320x stock m270_4xobj_3_grid_r1_c1.png,1171,1,132,240,46.0,3
3,3_320x stock m270_4xobj_3_grid_r1_c1.png,1172,1,194,255,46.0,3
3,3_320x stock m270_4xobj_3_grid_r1_c1.png,1173,1,63,257,31.5,3
3,3_320x stock m270_4xobj_3_grid_r1_c1.png,1174,1,132,260,46.0,3
3,3_320x stock m270_4xobj_3_grid_r1_c1.png,1175,1,53,263,31.5,3
3,3_320x stock m270_4xobj_3_grid_r1_c1.png,1176,1,43,271,46.0,3
3,3_320x stock m270_4xobj_3_grid_r1_c1.png,1177,1,11,287,74.5,4
3,3_320x stock m270_4xobj_3_grid_r1_c1.png,1178,1,488,290,31.5,3
3,3_320x stock m270_4xobj_3_grid_r1_c1.png,1179,1,252,292,46.0,3
3,3_320x stock m270_4xobj_3_grid_r1_c1.png,1180,1,282,294,46.0,3
3,3_320x stock m270_4xobj_3_grid_r1_c1.png,1181,1,81,304,46.0,3
3,3_320x stock m270_4xobj_3_grid_r1_c1.png,1182,1,115,308,31.5,3
3,3_320x stock m270_4xobj_3_grid_r1_c1.png,1183,1,114,321,31.5,3
3,3_320x stock m270_4xobj_3_grid_r1_c1.png,1184,1,193,321,31.5,3
3,3_320x stock m270_4xobj_3_grid_r1_c1.png,1185,1,101,322,46.0,3
3,3_320x stock m270_4xobj_3_grid_r1_c1.png,1186,1,80,326,46.0,3
3,3_320x stock m270_4xobj_3_grid_r1_c1.png,1187,1,4,334,31.5,3
3,3_320x stock m270_4xobj_3_grid_r1_c1.png,1188,1,61,338,31.5,3
3,3_320x stock m270_4xobj_3_grid_r1_c1.png,1189,1,229,341,46.0,3
3,3_320x stock m270_4xobj_3_grid_r1_c1.png,1190,1,52,344,31.5,3
3,3_320x stock m270_4xobj_3_grid_r1_c1.png,1191,1,445,345,31.5,3
3,3_320x stock m270_4xobj_3_grid_r1_c1.png,1192,1,495,356,46.0,3
3,3_320x stock m270_4xobj_3_grid_r1_c1.png,1193,1,178,359,46.0,3
3,3_320x stock m270_4xobj_3_grid_r1_c1.png,1194,1,205,364,46.0,3
3,3_320x stock m270_4xobj_3_grid_r1_c1.png,1195,1,133,366,31.5,3
3,3_320x stock m270_4xobj_3_grid_r1_c1.png,1196,1,390,367,46.0,3
3,3_320x stock m270_4xobj_3_grid_r1_c1.png,1197,1,428,370,46.0,3
3,3_320x stock m270_4xobj_3_grid_r1_c1.png,1198,1,189,371,46.0,3
3,3_320x stock m270_4xobj_3_grid_r1_c1.png,1199,1,262,374,46.0,3
3,3_320x stock m270_4xobj_3_grid_r1_c1.png,1200,1,494,385,104.0,5
3,3_320x stock m270_4xobj_3_grid_r1_c1.png,1201,1,173,391,31.5,3
3,3_320x stock m270_4xobj_3_grid_r1_c1.png,1202,1,194,399,46.0,3
3,3_320x stock m270_4xobj_3_grid_r1_c1.png,1203,1,216,399,46.0,3
3,3_320x stock m270_4xobj_3_grid_r1_c1.png,1204,1,174,403,31.5,3
3,3_320x stock m270_4xobj_3_grid_r1_c1.png,1205,1,252,413,31.5,3
3,3_320x stock m270_4xobj_3_grid_r1_c1.png,1206,1,23,416,31.5,3
3,3_320x stock m270_4xobj_3_grid_r1_c1.png,1207,1,133,419,46.0,3
3,3_320x stock m270_4xobj_3_grid_r1_c1.png,1208,1,288,426,46.0,3
3,3_320x stock m270_4xobj_3_grid_r1_c1.png,1209,1,468,429,46.0,3
3,3_320x stock m270_4xobj_3_grid_r1_c1.png,1210,1,272,434,31.5,3
3,3_320x stock m270_4xobj_3_grid_r1_c1.png,1211,1,242,435,46.0,3
3,3_320x stock m270_4xobj_3_grid_r1_c1.png,1212,1,435,444,46.0,3
3,3_320x stock m270_4xobj_3_grid_r1_c1.png,1213,1,333,453,46.0,3
3,3_320x stock m270_4xobj_3_grid_r1_c1.png,1214,1,364,457,46.0,3
3,3_320x stock m270_4xobj_3_grid_r1_c1.png,1215,1,418,464,46.0,3
3,3_320x stock m270_4xobj_3_grid_r1_c1.png,1216,1,156,469,46.0,3
3,3_320x stock m270_4xobj_3_grid_r1_c1.png,1217,1,225,482,31.5,3
3,3_320x stock m270_4xobj_3_grid_r1_c1.png,1218,1,387,485,46.0,3
3,3_320x stock m270_4xobj_3_grid_r1_c1.png,1219,1,505,500,31.5,3
3,3_320x stock m270_4xobj_3_grid_r1_c1.png,1220,1,253,502,31.5,3
3,3_320x stock m270_4xobj_3_grid_r1_c1.png,1221,1,427,505,46.0,3
3,3_320x stock m270_4xobj_3_grid_r1_c1.png,1222,1,17,507,31.5,3
3,3_320x stock m270_4xobj_3_grid_r1_c1.png,1223,1,156,9,46.0,3
3,3_320x stock m270_4xobj_3_grid_r1_c1.png,1224,1,201,13,31.5,3
3,3_320x stock m270_4xobj_3_grid_r1_c1.png,1225,1,75,14,46.0,3
3,3_320x stock m270_4xobj_3_grid_r1_c1.png,1226,1,8,25,46.0,3
3,3_320x stock m270_4xobj_3_grid_r1_c1.png,1227,1,84,26,46.0,3
3,3_320x stock m270_4xobj_3_grid_r1_c1.png,1228,1,50,34,46.0,3
3,3_320x stock m270_4xobj_3_grid_r1_c1.png,1229,1,112,46,46.0,3
3,3_320x stock m270_4xobj_3_grid_r1_c1.png,1230,1,44,53,46.0,3
3,3_320x stock m270_4xobj_3_grid_r1_c1.png,1231,1,194,54,46.0,3
3,3_320x stock m270_4xobj_3_grid_r1_c1.png,1232,1,10,57,46.0,3
3,3_320x stock m270_4xobj_3_grid_r1_c1.png,1233,1,350,59,46.0,3
3,3_320x stock m270_4xobj_3_grid_r1_c1.png,1234,1,335,64,46.0,3
3,3_320x stock m270_4xobj_3_grid_r1_c1.png,1235,1,89,65,31.5,3
3,3_320x stock m270_4xobj_3_grid_r1_c1.png,1236,1,137,66,46.0,3
3,3_320x stock m270_4xobj_3_grid_r1_c1.png,1237,1,10,71,46.0,3
3,3_320x stock m270_4xobj_3_grid_r1_c1.png,1238,1,199,76,31.5,3
3,3_320x stock m270_4xobj_3_grid_r1_c1.png,1239,1,150,78,46.0,3
3,3_320x stock m270_4xobj_3_grid_r1_c1.png,1240,1,76,85,46.0,3
3,3_320x stock m270_4xobj_3_grid_r1_c1.png,1241,1,54,91,46.0,3
3,3_320x stock m270_4xobj_3_grid_r1_c1.png,1242,1,108,92,46.0,3
3,3_320x stock m270_4xobj_3_grid_r1_c1.png,1243,1,26,104,31.5,3
3,3_320x stock m270_4xobj_3_grid_r1_c1.png,1244,1,297,110,46.0,3
3,3_320x stock m270_4xobj_3_grid_r1_c1.png,1245,1,56,115,46.0,3
3,3_320x stock m270_4xobj_3_grid_r1_c1.png,1246,1,244,120,31.5,3
3,3_320x stock m270_4xobj_3_grid_r1_c1.png,1247,1,200,125,46.0,3
3,3_320x stock m270_4xobj_3_grid_r1_c1.png,1248,1,273,124,46.0,3
3,3_320x stock m270_4xobj_3_grid_r1_c1.png,1249,1,316,127,46.0,3
3,3_320x stock m270_4xobj_3_grid_r1_c1.png,1250,1,146,129,46.0,3
3,3_320x stock m270_4xobj_3_grid_r1_c1.png,1251,1,417,137,46.0,3
3,3_320x stock m270_4xobj_3_grid_r1_c1.png,1252,1,14,145,46.0,3
3,3_320x stock m270_4xobj_3_grid_r1_c1.png,1253,1,175,153,46.0,3
3,3_320x stock m270_4xobj_3_grid_r1_c1.png,1254,1,335,161,46.0,3
3,3_320x stock m270_4xobj_3_grid_r1_c1.png,1255,1,215,184,31.5,3
3,3_320x stock m270_4xobj_3_grid_r1_c1.png,1256,1,404,187,46.0,3
3,3_320x stock m270_4xobj_3_grid_r1_c1.png,1257,1,245,189,46.0,3
3,3_320x stock m270_4xobj_3_grid_r1_c1.png,1258,1,362,192,31.5,3
3,3_320x stock m270_4xobj_3_grid_r1_c1.png,1259,1,108,193,31.5,3
3,3_320x stock m270_4xobj_3_grid_r1_c1.png,1260,1,373,196,46.0,3
3,3_320x stock m270_4xobj_3_grid_r1_c1.png,1261,1,89,198,46.0,3
3,3_320x stock m270_4xobj_3_grid_r1_c1.png,1262,1,263,198,46.0,3
3,3_320x stock m270_4xobj_3_grid_r1_c1.png,1263,1,238,204,46.0,3
3,3_320x stock m270_4xobj_3_grid_r1_c1.png,1264,1,296,206,46.0,3
3,3_320x stock m270_4xobj_3_grid_r1_c1.png,1265,1,212,208,46.0,3
3,3_320x stock m270_4xobj_3_grid_r1_c1.png,1266,1,451,220,46.0,3
3,3_320x stock m270_4xobj_3_grid_r1_c1.png,1267,1,80,223,104.0,5
3,3_320x stock m270_4xobj_3_grid_r1_c1.png,1268,1,410,223,46.0,3
3,3_320x stock m270_4xobj_3_grid_r1_c1.png,1269,1,205,224,46.0,3
3,3_320x stock m270_4xobj_3_grid_r1_c1.png,1270,1,421,225,46.0,3
3,3_320x stock m270_4xobj_3_grid_r1_c1.png,1271,1,172,226,31.5,3
3,3_320x stock m270_4xobj_3_grid_r1_c1.png,1272,1,287,230,31.5,3
3,3_320x stock m270_4xobj_3_grid_r1_c1.png,1273,1,312,230,46.0,3
3,3_320x stock m270_4xobj_3_grid_r1_c1.png,1274,1,110,230,46.0,3
3,3_320x stock m270_4xobj_3_grid_r1_c1.png,1275,1,229,231,46.0,3
3,3_320x stock m270_4xobj_3_grid_r1_c1.png,1276,1,122,235,31.5,3
3,3_320x stock m270_4xobj_3_grid_r1_c1.png,1277,1,243,237,46.0,3
3,3_320x stock m270_4xobj_3_grid_r1_c1.png,1278,1,280,239,31.5,3
3,3_320x stock m270_4xobj_3_grid_r1_c1.png,1279,1,170,242,46.0,3
3,3_320x stock m270_4xobj_3_grid_r1_c1.png,1280,1,201,242,46.0,3
3,3_320x stock m270_4xobj_3_grid_r1_c1.png,1281,1,390,249,46.0,3
3,3_320x stock m270_4xobj_3_grid_r1_c1.png,1282,1,335,255,46.0,3
3,3_320x stock m270_4xobj_3_grid_r1_c1.png,1283,1,381,258,46.0,3
3,3_320x stock m270_4xobj_3_grid_r1_c1.png,1284,1,263,264,46.0,3
3,3_320x stock m270_4xobj_3_grid_r1_c1.png,1285,1,102,265,46.0,3
3,3_320x stock m270_4xobj_3_grid_r1_c1.png,1286,1,401,267,74.5,4
3,3_320x stock m270_4xobj_3_grid_r1_c1.png,1287,1,429,268,46.0,3
3,3_320x stock m270_4xobj_3_grid_r1_c1.png,1288,1,455,284,46.0,3
3,3_320x stock m270_4xobj_3_grid_r1_c1.png,1289,1,426,287,46.0,3
3,3_320x stock m270_4xobj_3_grid_r1_c1.png,1290,1,324,287,46.0,3
3,3_320x stock m270_4xobj_3_grid_r1_c1.png,1291,1,501,294,46.0,3
3,3_320x stock m270_4xobj_3_grid_r1_c1.png,1292,1,293,297,46.0,3
3,3_320x stock m270_4xobj_3_grid_r1_c1.png,1293,1,384,301,46.0,3
3,3_320x stock m270_4xobj_3_grid_r1_c1.png,1294,1,219,301,31.5,3
3,3_320x stock m270_4xobj_3_grid_r1_c1.png,1295,1,365,307,46.0,3
3,3_320x stock m270_4xobj_3_grid_r1_c1.png,1296,1,473,311,46.0,3
3,3_320x stock m270_4xobj_3_grid_r1_c1.png,1297,1,179,312,46.0,3
3,3_320x stock m270_4xobj_3_grid_r1_c1.png,1298,1,201,313,31.5,3
3,3_320x stock m270_4xobj_3_grid_r1_c1.png,1299,1,227,318,31.5,3
3,3_320x stock m270_4xobj_3_grid_r1_c1.png,1300,1,289,324,46.0,3
3,3_320x stock m270_4xobj_3_grid_r1_c1.png,1301,1,17,325,46.0,3
3,3_320x stock m270_4xobj_3_grid_r1_c1.png,1302,1,485,327,46.0,3
3,3_320x stock m270_4xobj_3_grid_r1_c1.png,1303,1,303,335,46.0,3
3,3_320x stock m270_4xobj_3_grid_r1_c1.png,1304,1,327,339,46.0,3
3,3_320x stock m270_4xobj_3_grid_r1_c1.png,1305,1,379,358,31.5,3
3,3_320x stock m270_4xobj_3_grid_r1_c1.png,1306,1,466,368,46.0,3
3,3_320x stock m270_4xobj_3_grid_r1_c1.png,1307,1,443,373,46.0,3
3,3_320x stock m270_4xobj_3_grid_r1_c1.png,1308,1,451,388,31.5,3
3,3_320x stock m270_4xobj_3_grid_r1_c1.png,1309,1,237,392,31.5,3
3,3_320x stock m270_4xobj_3_grid_r1_c1.png,1310,1,464,393,46.0,3
3,3_320x stock m270_4xobj_3_grid_r1_c1.png,1311,1,500,405,31.5,3
3,3_320x stock m270_4xobj_3_grid_r1_c1.png,1312,1,234,407,46.0,3
3,3_320x stock m270_4xobj_3_grid_r1_c1.png,1313,1,446,423,46.0,3
3,3_320x stock m270_4xobj_3_grid_r1_c1.png,1314,1,256,427,46.0,3
3,3_320x stock m270_4xobj_3_grid_r1_c1.png,1315,1,491,440,46.0,3
3,3_320x stock m270_4xobj_3_grid_r1_c1.png,1316,1,503,440,46.0,3
3,3_320x stock m270_4xobj_3_grid_r1_c1.png,1317,1,454,458,46.0,3
3,3_320x stock m270_4xobj_3_grid_r1_c1.png,1318,1,346,466,31.5,3
3,3_320x stock m270_4xobj_3_grid_r1_c1.png,1319,1,35,468,31.5,3
3,3_320x stock m270_4xobj_3_grid_r1_c1.png,1320,1,455,55,46.0,3
3,3_320x stock m270_4xobj_3_grid_r1_c1.png,1321,1,143,174,31.5,3
3,3_320x stock m270_4xobj_3_grid_r1_c1.png,1322,1,344,114,31.5,3
3,3_320x stock m270_4xobj_3_grid_r1_c1.png,1323,1,301,174,31.5,3
3,3_320x stock m270_4xobj_3_grid_r1_c1.png,1324,1,295,168,31.5,3
3,3_320x stock m270_4xobj_3_grid_r1_c1.png,1325,1,285,169,31.5,3
3,3_320x stock m270_4xobj_3_grid_r1_c1.png,1326,1,293,155,31.5,3
3,3_320x stock m270_4xobj_3_grid_r1_c1.png,1327,1,37,109,31.5,3
3,3_320x stock m270_4xobj_3_grid_r1_c1.png,1328,1,39,100,31.5,3
3,3_320x stock m270_4xobj_3_grid_r1_c1.png,1329,1,187,224,31.5,3
3,3_320x stock m270_4xobj_3_grid_r1_c1.png,1330,1,186,232,31.5,3
3,3_320x stock m270_4xobj_3_grid_r1_c1.png,1331,1,38,81,31.5,3
3,3_320x stock m270_4xobj_3_grid_r1_c1.png,1332,1,38,72,31.5,3
3,3_320x stock m270_4xobj_3_grid_r1_c1.png,1333,1,31,69,31.5,3
3,3_320x stock m270_4xobj_3_grid_r1_c1.png,1334,1,25,71,31.5,3
3,3_320x stock m270_4xobj_3_grid_r1_c1.png,1335,1,80,59,31.5,3
3,3_320x stock m270_4xobj_3_grid_r1_c1.png,1336,1,70,57,31.5,3
3,3_320x stock m270_4xobj_3_grid_r1_c1.png,1337,1,151,46,31.5,3
3,3_320x stock m270_4xobj_3_grid_r1_c1.png,1338,1,156,43,31.5,3
3,3_320x stock m270_4xobj_3_grid_r1_c1.png,1339,1,151,40,31.5,3
3,3_320x stock m270_4xobj_3_grid_r1_c1.png,1340,1,94,13,31.5,3
3,3_320x stock m270_4xobj_3_grid_r1_c1.png,1341,1,105,13,31.5,3
3,3_320x stock m270_4xobj_3_grid_r1_c1.png,1342,1,191,13,31.5,3
3,3_320x stock m270_4xobj_3_grid_r1_c1.png,1343,1,192,19,31.5,3
3,3_320x stock m270_4xobj_3_grid_r1_c1.png,1344,1,268,67,31.5,3
3,3_320x stock m270_4xobj_3_grid_r1_c1.png,1345,1,279,70,31.5,3
3,3_320x stock m270_4xobj_3_grid_r1_c1.png,1346,1,290,21,31.5,3
3,3_320x stock m270_4xobj_3_grid_r1_c1.png,1347,1,287,30,31.5,3
3,3_320x stock m270_4xobj_3_grid_r1_c1.png,1348,1,465,42,31.5,3
3,3_320x stock m270_4xobj_3_grid_r1_c1.png,1349,1,467,52,31.5,3
3,3_320x stock m270_4xobj_3_grid_r1_c1.png,1350,1,450,67,31.5,3
3,3_320x stock m270_4xobj_3_grid_r1_c1.png,1351,1,444,73,31.5,3
3,3_320x stock m270_4xobj_3_grid_r1_c1.png,1352,1,451,79,31.5,3
3,3_320x stock m270_4xobj_3_grid_r1_c1.png,1353,1,408,45,31.5,3
3,3_320x stock m270_4xobj_3_grid_r1_c1.png,1354,1,402,39,31.5,3
3,3_320x stock m270_4xobj_3_grid_r1_c1.png,1355,1,407,32,31.5,3
3,3_320x stock m270_4xobj_3_grid_r1_c1.png,1356,1,395,17,31.5,3
3,3_320x stock m270_4xobj_3_grid_r1_c1.png,1357,1,431,135,31.5,3
3,3_320x stock m270_4xobj_3_grid_r1_c1.png,1358,1,437,127,31.5,3
3,3_320x stock m270_4xobj_3_grid_r1_c1.png,1359,1,213,453,31.5,3
3,3_320x stock m270_4xobj_3_grid_r1_c1.png,1360,1,199,454,31.5,3
3,3_320x stock m270_4xobj_3_grid_r1_c1.png,1361,1,38,452,31.5,3
3,3_320x stock m270_4xobj_3_grid_r1_c1.png,1362,1,33,458,31.5,3
3,3_320x stock m270_4xobj_3_grid_r1_c1.png,1363,1,350,447,31.5,3
3,3_320x stock m270_4xobj_3_grid_r1_c1.png,1364,1,354,439,31.5,3
3,3_320x stock m270_4xobj_3_grid_r1_c1.png,1365,1,391,432,31.5,3
3,3_320x stock m270_4xobj_3_grid_r1_c1.png,1366,1,380,435,31.5,3
3,3_320x stock m270_4xobj_3_grid_r1_c1.png,1367,1,334,508,31.5,3
3,3_320x stock m270_4xobj_3_grid_r1_c1.png,1368,1,363,483,31.5,3
3,3_320x stock m270_4xobj_3_grid_r1_c1.png,1369,1,358,489,31.5,3
3,3_320x stock m270_4xobj_3_grid_r1_c1.png,1370,1,371,495,31.5,3
3,3_320x stock m270_4xobj_3_grid_r1_c1.png,1371,1,379,506,31.5,3
3,3_320x stock m270_4xobj_3_grid_r1_c1.png,1372,1,448,482,31.5,3
3,3_320x stock m270_4xobj_3_grid_r1_c1.png,1373,1,429,466,31.5,3
3,3_320x stock m270_4xobj_3_grid_r1_c1.png,1374,1,435,470,31.5,3
3,3_320x stock m270_4xobj_3_grid_r1_c1.png,1375,1,442,472,31.5,3
3,3_320x stock m270_4xobj_3_grid_r1_c1.png,1376,1,443,401,31.5,3
3,3_320x stock m270_4xobj_3_grid_r1_c1.png,1377,1,443,393,31.5,3
3,3_320x stock m270_4xobj_3_grid_r1_c1.png,1378,1,486,373,31.5,3
3,3_320x stock m270_4xobj_3_grid_r1_c1.png,1379,1,478,372,31.5,3
3,3_320x stock m270_4xobj_3_grid_r1_c1.png,1380,1,481,421,31.5,3
3,3_320x stock m270_4xobj_3_grid_r1_c1.png,1381,1,468,417,31.5,3
3,3_320x stock m270_4xobj_3_grid_r1_c1.png,1382,1,460,418,31.5,3
3,3_320x stock m270_4xobj_3_grid_r1_c1.png,1383,1,467,409,31.5,3
3,3_320x stock m270_4xobj_3_grid_r1_c1.png,1384,1,363,399,31.5,3
3,3_320x stock m270_4xobj_3_grid_r1_c1.png,1385,1,376,389,31.5,3
3,3_320x stock m270_4xobj_3_grid_r1_c1.png,1386,1,366,390,31.5,3
3,3_320x stock m270_4xobj_3_grid_r1_c1.png,1387,1,358,390,31.5,3
3,3_320x stock m270_4xobj_3_grid_r1_c1.png,1388,1,352,385,31.5,3
3,3_320x stock m270_4xobj_3_grid_r1_c1.png,1389,1,400,328,31.5,3
3,3_320x stock m270_4xobj_3_grid_r1_c1.png,1390,1,401,339,31.5,3
3,3_320x stock m270_4xobj_3_grid_r1_c1.png,1391,1,218,37,31.5,3
3,3_320x stock m270_4xobj_3_grid_r1_c1.png,1392,1,213,43,31.5,3
3,3_320x stock m270_4xobj_3_grid_r1_c1.png,1393,1,349,32,31.5,3
3,3_320x stock m270_4xobj_3_grid_r1_c1.png,1394,1,347,41,31.5,3
3,3_320x stock m270_4xobj_3_grid_r1_c1.png,1395,1,355,475,31.5,3
3,3_320x stock m270_4xobj_3_grid_r1_c1.png,1396,1,494,7,31.5,3
3,3_320x stock m270_4xobj_3_grid_r1_c1.png,1397,1,35,251,31.5,3
3,3_320x stock m270_4xobj_3_grid_r1_c1.png,1398,1,43,258,31.5,3
3,3_320x stock m270_4xobj_3_grid_r1_c1.png,1399,1,73,202,31.5,3
3,3_320x stock m270_4xobj_3_grid_r1_c1.png,1400,1,61,209,31.5,3
3,3_320x stock m270_4xobj_3_grid_r1_c1.png,1401,1,490,254,31.5,3
3,3_320x stock m270_4xobj_3_grid_r1_c1.png,1402,1,489,278,31.5,3
3,3_320x stock m270_4xobj_3_grid_r1_c1.png,1403,1,481,272,31.5,3
3,3_320x stock m270_4xobj_3_grid_r1_c1.png,1404,1,483,263,31.5,3
3,3_320x stock m270_4xobj_3_grid_r1_c1.png,1405,1,274,103,31.5,3
3,3_320x stock m270_4xobj_3_grid_r1_c1.png,1406,1,271,109,31.5,3
3,3_320x stock m270_4xobj_3_grid_r1_c1.png,1407,1,279,112,31.5,3
3,3_320x stock m270_4xobj_3_grid_r1_c1.png,1408,1,19,501,31.5,3
3,3_320x stock m270_4xobj_3_grid_r1_c1.png,1409,1,39,435,31.5,3
3,3_320x stock m270_4xobj_3_grid_r1_c1.png,1410,1,49,432,31.5,3
3,3_320x stock m270_4xobj_3_grid_r1_c1.png,1411,1,145,419,31.5,3
3,3_320x stock m270_4xobj_3_grid_r1_c1.png,1412,1,142,411,31.5,3
3,3_320x stock m270_4xobj_3_grid_r1_c1.png,1413,1,126,472,31.5,3
3,3_320x stock m270_4xobj_3_grid_r1_c1.png,1414,1,135,466,31.5,3
3,3_320x stock m270_4xobj_3_grid_r1_c1.png,1415,1,297,149,31.5,3
3,3_320x stock m270_4xobj_3_grid_r1_c1.png,1416,1,369,343,31.5,3
3,3_320x stock m270_4xobj_3_grid_r1_c1.png,1417,1,356,366,31.5,3
3,3_320x stock m270_4xobj_3_grid_r1_c1.png,1418,1,347,364,31.5,3
3,3_320x stock m270_4xobj_3_grid_r1_c1.png,1419,1,476,472,31.5,3
3,3_320x stock m270_4xobj_3_grid_r1_c1.png,1420,1,478,482,31.5,3
3,3_320x stock m270_4xobj_3_grid_r1_c1.png,1421,1,483,476,31.5,3
3,3_320x stock m270_4xobj_3_grid_r1_c1.png,1422,1,218,285,31.5,3
3,3_320x stock m270_4xobj_3_grid_r1_c1.png,1423,1,225,283,31.5,3
3,3_320x stock m270_4xobj_3_grid_r1_c1.png,1424,1,193,285,31.5,3
3,3_320x stock m270_4xobj_3_grid_r1_c1.png,1425,1,89,409,104.0,5
3,3_320x stock m270_4xobj_3_grid_r1_c1.png,1426,1,412,363,104.0,5
3,3_320x stock m270_4xobj_3_grid_r1_c1.png,1427,1,206,341,104.0,5
3,3_320x stock m270_4xobj_3_grid_r1_c1.png,1428,1,388,317,31.5,3
3,3_320x stock m270_4xobj_3_grid_r1_c1.png,1429,1,496,231,74.5,4
3,3_320x stock m270_4xobj_3_grid_r1_c1.png,1430,1,464,177,31.5,3
3,3_320x stock m270_4xobj_3_grid_r1_c1.png,1431,1,214,147,147.5,6
3,3_320x stock m270_4xobj_3_grid_r1_c1.png,1432,1,223,119,46.0,3
3,3_320x stock m270_4xobj_3_grid_r1_c1.png,1433,1,412,68,74.5,4
4,3_320x stock m270_4xobj_3_grid_r1_c2.png,1434,1,74,204,31.5,3
4,3_320x stock m270_4xobj_3_grid_r1_c2.png,1435,1,56,348,31.5,3
4,3_320x stock m270_4xobj_3_grid_r1_c2.png,1436,1,145,249,46.0,3
4,3_320x stock m270_4xobj_3_grid_r1_c2.png,1437,1,20,355,46.0,3
4,3_320x stock m270_4xobj_3_grid_r1_c2.png,1438,1,282,369,46.0,3
4,3_320x stock m270_4xobj_3_grid_r1_c2.png,1439,1,30,500,46.0,3
4,3_320x stock m270_4xobj_3_grid_r1_c2.png,1440,1,32,273,74.5,4
4,3_320x stock m270_4xobj_3_grid_r1_c2.png,1441,1,10,327,46.0,3
4,3_320x stock m270_4xobj_3_grid_r1_c2.png,1442,1,52,372,46.0,3
4,3_320x stock m270_4xobj_3_grid_r1_c2.png,1443,1,283,397,46.0,3
4,3_320x stock m270_4xobj_3_grid_r1_c2.png,1444,1,136,400,74.5,4
4,3_320x stock m270_4xobj_3_grid_r1_c2.png,1445,1,92,418,46.0,3
4,3_320x stock m270_4xobj_3_grid_r1_c2.png,1446,1,70,428,46.0,3
4,3_320x stock m270_4xobj_3_grid_r1_c2.png,1447,1,16,440,46.0,3
4,3_320x stock m270_4xobj_3_grid_r1_c2.png,1448,1,70,452,46.0,3
4,3_320x stock m270_4xobj_3_grid_r1_c2.png,1449,1,222,468,46.0,3
4,3_320x stock m270_4xobj_3_grid_r1_c2.png,1450,1,71,472,46.0,3
4,3_320x stock m270_4xobj_3_grid_r1_c2.png,1451,1,212,479,46.0,3
4,3_320x stock m270_4xobj_3_grid_r1_c2.png,1452,1,134,486,46.0,3
4,3_320x stock m270_4xobj_3_grid_r1_c2.png,1453,1,39,492,31.5,3
4,3_320x stock m270_4xobj_3_grid_r1_c2.png,1454,1,72,498,46.0,3
4,3_320x stock m270_4xobj_3_grid_r1_c2.png,1455,1,150,497,46.0,3
4,3_320x stock m270_4xobj_3_grid_r1_c2.png,1456,1,64,508,31.5,3
4,3_320x stock m270_4xobj_3_grid_r1_c2.png,1457,1,23,77,46.0,3
4,3_320x stock m270_4xobj_3_grid_r1_c2.png,1458,1,39,86,46.0,3
4,3_320x stock m270_4xobj_3_grid_r1_c2.png,1459,1,457,113,46.0,3
4,3_320x stock m270_4xobj_3_grid_r1_c2.png,1460,1,184,149,46.0,3
4,3_320x stock m270_4xobj_3_grid_r1_c2.png,1461,1,6,159,104.0,5
4,3_320x stock m270_4xobj_3_grid_r1_c2.png,1462,1,114,159,46.0,3
4,3_320x stock m270_4xobj_3_grid_r1_c2.png,1463,1,159,177,46.0,3
4,3_320x stock m270_4xobj_3_grid_r1_c2.png,1464,1,68,179,46.0,3
4,3_320x stock m270_4xobj_3_grid_r1_c2.png,1465,1,52,189,46.0,3
4,3_320x stock m270_4xobj_3_grid_r1_c2.png,1466,1,29,199,46.0,3
4,3_320x stock m270_4xobj_3_grid_r1_c2.png,1467,1,54,208,74.5,4
4,3_320x stock m270_4xobj_3_grid_r1_c2.png,1468,1,220,208,46.0,3
4,3_320x stock m270_4xobj_3_grid_r1_c2.png,1469,1,154,216,46.0,3
4,3_320x stock m270_4xobj_3_grid_r1_c2.png,1470,1,365,244,74.5,4
4,3_320x stock m270_4xobj_3_grid_r1_c2.png,1471,1,262,263,46.0,3
4,3_320x stock m270_4xobj_3_grid_r1_c2.png,1472,1,222,264,46.0,3
4,3_320x stock m270_4xobj_3_grid_r1_c2.png,1473,1,51,272,46.0,3
4,3_320x stock m270_4xobj_3_grid_r1_c2.png,1474,1,79,285,31.5,3
4,3_320x stock m270_4xobj_3_grid_r1_c2.png,1475,1,364,288,46.0,3
4,3_320x stock m270_4xobj_3_grid_r1_c2.png,1476,1,121,289,46.0,3
4,3_320x stock m270_4xobj_3_grid_r1_c2.png,1477,1,13,290,31.5,3
4,3_320x stock m270_4xobj_3_grid_r1_c2.png,1478,1,26,294,46.0,3
4,3_320x stock m270_4xobj_3_grid_r1_c2.png,1479,1,153,297,31.5,3
4,3_320x stock m270_4xobj_3_grid_r1_c2.png,1480,1,129,300,46.0,3
4,3_320x stock m270_4xobj_3_grid_r1_c2.png,1481,1,237,303,46.0,3
4,3_320x stock m270_4xobj_3_grid_r1_c2.png,1482,1,64,303,46.0,3
4,3_320x stock m270_4xobj_3_grid_r1_c2.png,1483,1,100,320,46.0,3
4,3_320x stock m270_4xobj_3_grid_r1_c2.png,1484,1,77,329,46.0,3
4,3_320x stock m270_4xobj_3_grid_r1_c2.png,1485,1,196,347,46.0,3
4,3_320x stock m270_4xobj_3_grid_r1_c2.png,1486,1,73,349,46.0,3
4,3_320x stock m270_4xobj_3_grid_r1_c2.png,1487,1,185,351,31.5,3
4,3_320x stock m270_4xobj_3_grid_r1_c2.png,1488,1,340,361,46.0,3
4,3_320x stock m270_4xobj_3_grid_r1_c2.png,1489,1,238,362,74.5,4
4,3_320x stock m270_4xobj_3_grid_r1_c2.png,1490,1,38,364,46.0,3
4,3_320x stock m270_4xobj_3_grid_r1_c2.png,1491,1,209,364,46.0,3
4,3_320x stock m270_4xobj_3_grid_r1_c2.png,1492,1,321,371,74.5,4
4,3_320x stock m270_4xobj_3_grid_r1_c2.png,1493,1,178,373,46.0,3
4,3_320x stock m270_4xobj_3_grid_r1_c2.png,1494,1,202,375,46.0,3
4,3_320x stock m270_4xobj_3_grid_r1_c2.png,1495,1,368,374,46.0,3
4,3_320x stock m270_4xobj_3_grid_r1_c2.png,1496,1,489,377,46.0,3
4,3_320x stock m270_4xobj_3_grid_r1_c2.png,1497,1,241,381,46.0,3
4,3_320x stock m270_4xobj_3_grid_r1_c2.png,1498,1,134,384,46.0,3
4,3_320x stock m270_4xobj_3_grid_r1_c2.png,1499,1,263,391,46.0,3
4,3_320x stock m270_4xobj_3_grid_r1_c2.png,1500,1,192,395,46.0,3
4,3_320x stock m270_4xobj_3_grid_r1_c2.png,1501,1,171,397,46.0,3
4,3_320x stock m270_4xobj_3_grid_r1_c2.png,1502,1,362,398,46.0,3
4,3_320x stock m270_4xobj_3_grid_r1_c2.png,1503,1,112,398,46.0,3
4,3_320x stock m270_4xobj_3_grid_r1_c2.png,1504,1,25,405,31.5,3
4,3_320x stock m270_4xobj_3_grid_r1_c2.png,1505,1,116,412,31.5,3
4,3_320x stock m270_4xobj_3_grid_r1_c2.png,1506,1,286,415,46.0,3
4,3_320x stock m270_4xobj_3_grid_r1_c2.png,1507,1,251,416,46.0,3
4,3_320x stock m270_4xobj_3_grid_r1_c2.png,1508,1,149,419,31.5,3
4,3_320x stock m270_4xobj_3_grid_r1_c2.png,1509,1,103,422,31.5,3
4,3_320x stock m270_4xobj_3_grid_r1_c2.png,1510,1,47,426,46.0,3
4,3_320x stock m270_4xobj_3_grid_r1_c2.png,1511,1,292,429,46.0,3
4,3_320x stock m270_4xobj_3_grid_r1_c2.png,1512,1,383,432,74.5,4
4,3_320x stock m270_4xobj_3_grid_r1_c2.png,1513,1,222,433,46.0,3
4,3_320x stock m270_4xobj_3_grid_r1_c2.png,1514,1,58,434,46.0,3
4,3_320x stock m270_4xobj_3_grid_r1_c2.png,1515,1,280,434,46.0,3
4,3_320x stock m270_4xobj_3_grid_r1_c2.png,1516,1,109,437,31.5,3
4,3_320x stock m270_4xobj_3_grid_r1_c2.png,1517,1,28,440,46.0,3
4,3_320x stock m270_4xobj_3_grid_r1_c2.png,1518,1,301,451,46.0,3
4,3_320x stock m270_4xobj_3_grid_r1_c2.png,1519,1,113,454,31.5,3
4,3_320x stock m270_4xobj_3_grid_r1_c2.png,1520,1,280,462,46.0,3
4,3_320x stock m270_4xobj_3_grid_r1_c2.png,1521,1,271,471,46.0,3
4,3_320x stock m270_4xobj_3_grid_r1_c2.png,1522,1,439,481,74.5,4
4,3_320x stock m270_4xobj_3_grid_r1_c2.png,1523,1,346,482,46.0,3
4,3_320x stock m270_4xobj_3_grid_r1_c2.png,1524,1,171,483,46.0,3
4,3_320x stock m270_4xobj_3_grid_r1_c2.png,1525,1,334,494,31.5,3
4,3_320x stock m270_4xobj_3_grid_r1_c2.png,1526,1,494,498,46.0,3
4,3_320x stock m270_4xobj_3_grid_r1_c2.png,1527,1,323,499,46.0,3
4,3_320x stock m270_4xobj_3_grid_r1_c2.png,1528,1,345,507,31.5,3
4,3_320x stock m270_4xobj_3_grid_r1_c2.png,1529,1,442,507,31.5,3
4,3_320x stock m270_4xobj_3_grid_r1_c2.png,1530,1,126,11,46.0,3
4,3_320x stock m270_4xobj_3_grid_r1_c2.png,1531,1,40,18,31.5,3
4,3_320x stock m270_4xobj_3_grid_r1_c2.png,1532,1,7,25,46.0,3
4,3_320x stock m270_4xobj_3_grid_r1_c2.png,1533,1,227,30,46.0,3
4,3_320x stock m270_4xobj_3_grid_r1_c2.png,1534,1,30,34,46.0,3
4,3_320x stock m270_4xobj_3_grid_r1_c2.png,1535,1,301,57,46.0,3
4,3_320x stock m270_4xobj_3_grid_r1_c2.png,1536,1,250,60,74.5,4
4,3_320x stock m270_4xobj_3_grid_r1_c2.png,1537,1,105,72,46.0,3
4,3_320x stock m270_4xobj_3_grid_r1_c2.png,1538,1,10,77,104.0,5
4,3_320x stock m270_4xobj_3_grid_r1_c2.png,1539,1,208,85,46.0,3
4,3_320x stock m270_4xobj_3_grid_r1_c2.png,1540,1,158,91,74.5,4
4,3_320x stock m270_4xobj_3_grid_r1_c2.png,1541,1,333,93,74.5,4
4,3_320x stock m270_4xobj_3_grid_r1_c2.png,1542,1,135,101,46.0,3
4,3_320x stock m270_4xobj_3_grid_r1_c2.png,1543,1,31,103,46.0,3
4,3_320x stock m270_4xobj_3_grid_r1_c2.png,1544,1,10,106,46.0,3
4,3_320x stock m270_4xobj_3_grid_r1_c2.png,1545,1,136,125,31.5,3
4,3_320x stock m270_4xobj_3_grid_r1_c2.png,1546,1,383,132,46.0,3
4,3_320x stock m270_4xobj_3_grid_r1_c2.png,1547,1,231,141,46.0,3
4,3_320x stock m270_4xobj_3_grid_r1_c2.png,1548,1,321,149,46.0,3
4,3_320x stock m270_4xobj_3_grid_r1_c2.png,1549,1,233,155,46.0,3
4,3_320x stock m270_4xobj_3_grid_r1_c2.png,1550,1,275,157,31.5,3
4,3_320x stock m270_4xobj_3_grid_r1_c2.png,1551,1,385,159,46.0,3
4,3_320x stock m270_4xobj_3_grid_r1_c2.png,1552,1,103,161,31.5,3
4,3_320x stock m270_4xobj_3_grid_r1_c2.png,1553,1,142,172,46.0,3
4,3_320x stock m270_4xobj_3_grid_r1_c2.png,1554,1,186,172,46.0,3
4,3_320x stock m270_4xobj_3_grid_r1_c2.png,1555,1,268,172,31.5,3
4,3_320x stock m270_4xobj_3_grid_r1_c2.png,1556,1,397,188,46.0,3
4,3_320x stock m270_4xobj_3_grid_r1_c2.png,1557,1,80,189,46.0,3
4,3_320x stock m270_4xobj_3_grid_r1_c2.png,1558,1,18,191,46.0,3
4,3_320x stock m270_4xobj_3_grid_r1_c2.png,1559,1,227,191,46.0,3
4,3_320x stock m270_4xobj_3_grid_r1_c2.png,1560,1,312,195,46.0,3
4,3_320x stock m270_4xobj_3_grid_r1_c2.png,1561,1,110,201,46.0,3
4,3_320x stock m270_4xobj_3_grid_r1_c2.png,1562,1,361,204,46.0,3
4,3_320x stock m270_4xobj_3_grid_r1_c2.png,1563,1,204,206,46.0,3
4,3_320x stock m270_4xobj_3_grid_r1_c2.png,1564,1,8,218,31.5,3
4,3_320x stock m270_4xobj_3_grid_r1_c2.png,1565,1,397,217,46.0,3
4,3_320x stock m270_4xobj_3_grid_r1_c2.png,1566,1,385,227,46.0,3
4,3_320x stock m270_4xobj_3_grid_r1_c2.png,1567,1,201,230,31.5,3
4,3_320x stock m270_4xobj_3_grid_r1_c2.png,1568,1,354,233,46.0,3
4,3_320x stock m270_4xobj_3_grid_r1_c2.png,1569,1,178,239,46.0,3
4,3_320x stock m270_4xobj_3_grid_r1_c2.png,1570,1,311,244,31.5,3
4,3_320x stock m270_4xobj_3_grid_r1_c2.png,1571,1,300,245,46.0,3
4,3_320x stock m270_4xobj_3_grid_r1_c2.png,1572,1,104,252,46.0,3
4,3_320x stock m270_4xobj_3_grid_r1_c2.png,1573,1,356,260,31.5,3
4,3_320x stock m270_4xobj_3_grid_r1_c2.png,1574,1,61,263,31.5,3
4,3_320x stock m270_4xobj_3_grid_r1_c2.png,1575,1,142,263,46.0,3
4,3_320x stock m270_4xobj_3_grid_r1_c2.png,1576,1,189,263,31.5,3
4,3_320x stock m270_4xobj_3_grid_r1_c2.png,1577,1,473,267,74.5,4
4,3_320x stock m270_4xobj_3_grid_r1_c2.png,1578,1,417,269,46.0,3
4,3_320x stock m270_4xobj_3_grid_r1_c2.png,1579,1,287,272,46.0,3
4,3_320x stock m270_4xobj_3_grid_r1_c2.png,1580,1,495,275,46.0,3
4,3_320x stock m270_4xobj_3_grid_r1_c2.png,1581,1,330,277,31.5,3
4,3_320x stock m270_4xobj_3_grid_r1_c2.png,1582,1,432,277,46.0,3
4,3_320x stock m270_4xobj_3_grid_r1_c2.png,1583,1,223,279,31.5,3
4,3_320x stock m270_4xobj_3_grid_r1_c2.png,1584,1,65,280,31.5,3
4,3_320x stock m270_4xobj_3_grid_r1_c2.png,1585,1,133,284,31.5,3
4,3_320x stock m270_4xobj_3_grid_r1_c2.png,1586,1,213,284,31.5,3
4,3_320x stock m270_4xobj_3_grid_r1_c2.png,1587,1,284,284,46.0,3
4,3_320x stock m270_4xobj_3_grid_r1_c2.png,1588,1,110,285,46.0,3
4,3_320x stock m270_4xobj_3_grid_r1_c2.png,1589,1,238,286,46.0,3
4,3_320x stock m270_4xobj_3_grid_r1_c2.png,1590,1,463,287,46.0,3
4,3_320x stock m270_4xobj_3_grid_r1_c2.png,1591,1,326,289,46.0,3
4,3_320x stock m270_4xobj_3_grid_r1_c2.png,1592,1,254,291,46.0,3
4,3_320x stock m270_4xobj_3_grid_r1_c2.png,1593,1,84,294,46.0,3
4,3_320x stock m270_4xobj_3_grid_r1_c2.png,1594,1,223,303,31.5,3
4,3_320x stock m270_4xobj_3_grid_r1_c2.png,1595,1,260,311,46.0,3
4,3_320x stock m270_4xobj_3_grid_r1_c2.png,1596,1,94,312,31.5,3
4,3_320x stock m270_4xobj_3_grid_r1_c2.png,1597,1,246,312,46.0,3
4,3_320x stock m270_4xobj_3_grid_r1_c2.png,1598,1,229,315,46.0,3
4,3_320x stock m270_4xobj_3_grid_r1_c2.png,1599,1,369,315,46.0,3
4,3_320x stock m270_4xobj_3_grid_r1_c2.png,1600,1,344,327,46.0,3
4,3_320x stock m270_4xobj_3_grid_r1_c2.png,1601,1,397,328,46.0,3
4,3_320x stock m270_4xobj_3_grid_r1_c2.png,1602,1,377,327,46.0,3
4,3_320x stock m270_4xobj_3_grid_r1_c2.png,1603,1,415,333,46.0,3
4,3_320x stock m270_4xobj_3_grid_r1_c2.png,1604,1,123,336,31.5,3
4,3_320x stock m270_4xobj_3_grid_r1_c2.png,1605,1,145,337,31.5,3
4,3_320x stock m270_4xobj_3_grid_r1_c2.png,1606,1,317,341,46.0,3
4,3_320x stock m270_4xobj_3_grid_r1_c2.png,1607,1,168,344,46.0,3
4,3_320x stock m270_4xobj_3_grid_r1_c2.png,1608,1,154,345,31.5,3
4,3_320x stock m270_4xobj_3_grid_r1_c2.png,1609,1,131,351,46.0,3
4,3_320x stock m270_4xobj_3_grid_r1_c2.png,1610,1,307,351,46.0,3
4,3_320x stock m270_4xobj_3_grid_r1_c2.png,1611,1,378,357,46.0,3
4,3_320x stock m270_4xobj_3_grid_r1_c2.png,1612,1,495,359,46.0,3
4,3_320x stock m270_4xobj_3_grid_r1_c2.png,1613,1,389,366,46.0,3
4,3_320x stock m270_4xobj_3_grid_r1_c2.png,1614,1,149,366,46.0,3
4,3_320x stock m270_4xobj_3_grid_r1_c2.png,1615,1,390,377,46.0,3
4,3_320x stock m270_4xobj_3_grid_r1_c2.png,1616,1,224,380,46.0,3
4,3_320x stock m270_4xobj_3_grid_r1_c2.png,1617,1,445,380,31.5,3
4,3_320x stock m270_4xobj_3_grid_r1_c2.png,1618,1,20,385,74.5,4
4,3_320x stock m270_4xobj_3_grid_r1_c2.png,1619,1,154,395,31.5,3
4,3_320x stock m270_4xobj_3_grid_r1_c2.png,1620,1,154,406,31.5,3
4,3_320x stock m270_4xobj_3_grid_r1_c2.png,1621,1,414,412,46.0,3
4,3_320x stock m270_4xobj_3_grid_r1_c2.png,1622,1,272,415,46.0,3
4,3_320x stock m270_4xobj_3_grid_r1_c2.png,1623,1,32,417,104.0,5
4,3_320x stock m270_4xobj_3_grid_r1_c2.png,1624,1,373,420,46.0,3
4,3_320x stock m270_4xobj_3_grid_r1_c2.png,1625,1,233,424,46.0,3
4,3_320x stock m270_4xobj_3_grid_r1_c2.png,1626,1,457,433,46.0,3
4,3_320x stock m270_4xobj_3_grid_r1_c2.png,1627,1,313,436,31.5,3
4,3_320x stock m270_4xobj_3_grid_r1_c2.png,1628,1,444,436,46.0,3
4,3_320x stock m270_4xobj_3_grid_r1_c2.png,1629,1,409,447,31.5,3
4,3_320x stock m270_4xobj_3_grid_r1_c2.png,1630,1,116,464,31.5,3
4,3_320x stock m270_4xobj_3_grid_r1_c2.png,1631,1,186,465,46.0,3
4,3_320x stock m270_4xobj_3_grid_r1_c2.png,1632,1,173,467,31.5,3
4,3_320x stock m270_4xobj_3_grid_r1_c2.png,1633,1,342,471,46.0,3
4,3_320x stock m270_4xobj_3_grid_r1_c2.png,1634,1,467,472,46.0,3
4,3_320x stock m270_4xobj_3_grid_r1_c2.png,1635,1,406,488,46.0,3
4,3_320x stock m270_4xobj_3_grid_r1_c2.png,1636,1,319,489,31.5,3
4,3_320x stock m270_4xobj_3_grid_r1_c2.png,1637,1,248,4,46.0,3
4,3_320x stock m270_4xobj_3_grid_r1_c2.png,1638,1,397,7,46.0,3
4,3_320x stock m270_4xobj_3_grid_r1_c2.png,1639,1,209,9,46.0,3
4,3_320x stock m270_4xobj_3_grid_r1_c2.png,1640,1,79,13,46.0,3
4,3_320x stock m270_4xobj_3_grid_r1_c2.png,1641,1,92,16,46.0,3
4,3_320x stock m270_4xobj_3_grid_r1_c2.png,1642,1,173,18,46.0,3
4,3_320x stock m270_4xobj_3_grid_r1_c2.png,1643,1,266,19,46.0,3
4,3_320x stock m270_4xobj_3_grid_r1_c2.png,1644,1,188,21,46.0,3
4,3_320x stock m270_4xobj_3_grid_r1_c2.png,1645,1,389,22,46.0,3
4,3_320x stock m270_4xobj_3_grid_r1_c2.png,1646,1,377,22,46.0,3
4,3_320x stock m270_4xobj_3_grid_r1_c2.png,1647,1,409,25,46.0,3
4,3_320x stock m270_4xobj_3_grid_r1_c2.png,1648,1,86,27,31.5,3
4,3_320x stock m270_4xobj_3_grid_r1_c2.png,1649,1,216,27,46.0,3
4,3_320x stock m270_4xobj_3_grid_r1_c2.png,1650,1,147,30,46.0,3
4,3_320x stock m270_4xobj_3_grid_r1_c2.png,1651,1,505,37,104.0,5
4,3_320x stock m270_4xobj_3_grid_r1_c2.png,1652,1,286,36,46.0,3
4,3_320x stock m270_4xobj_3_grid_r1_c2.png,1653,1,353,40,31.5,3
4,3_320x stock m270_4xobj_3_grid_r1_c2.png,1654,1,60,50,31.5,3
4,3_320x stock m270_4xobj_3_grid_r1_c2.png,1655,1,105,52,46.0,3
4,3_320x stock m270_4xobj_3_grid_r1_c2.png,1656,1,384,53,46.0,3
4,3_320x stock m270_4xobj_3_grid_r1_c2.png,1657,1,225,60,46.0,3
4,3_320x stock m270_4xobj_3_grid_r1_c2.png,1658,1,92,70,31.5,3
4,3_320x stock m270_4xobj_3_grid_r1_c2.png,1659,1,442,74,46.0,3
4,3_320x stock m270_4xobj_3_grid_r1_c2.png,1660,1,312,82,46.0,3
4,3_320x stock m270_4xobj_3_grid_r1_c2.png,1661,1,95,95,31.5,3
4,3_320x stock m270_4xobj_3_grid_r1_c2.png,1662,1,252,96,46.0,3
4,3_320x stock m270_4xobj_3_grid_r1_c2.png,1663,1,352,95,46.0,3
4,3_320x stock m270_4xobj_3_grid_r1_c2.png,1664,1,183,97,46.0,3
4,3_320x stock m270_4xobj_3_grid_r1_c2.png,1665,1,356,106,46.0,3
4,3_320x stock m270_4xobj_3_grid_r1_c2.png,1666,1,256,113,31.5,3
4,3_320x stock m270_4xobj_3_grid_r1_c2.png,1667,1,317,119,46.0,3
4,3_320x stock m270_4xobj_3_grid_r1_c2.png,1668,1,306,123,31.5,3
4,3_320x stock m270_4xobj_3_grid_r1_c2.png,1669,1,120,125,74.5,4
4,3_320x stock m270_4xobj_3_grid_r1_c2.png,1670,1,273,124,46.0,3
4,3_320x stock m270_4xobj_3_grid_r1_c2.png,1671,1,290,127,31.5,3
4,3_320x stock m270_4xobj_3_grid_r1_c2.png,1672,1,422,128,46.0,3
4,3_320x stock m270_4xobj_3_grid_r1_c2.png,1673,1,158,146,46.0,3
4,3_320x stock m270_4xobj_3_grid_r1_c2.png,1674,1,395,155,46.0,3
4,3_320x stock m270_4xobj_3_grid_r1_c2.png,1675,1,75,159,74.5,4
4,3_320x stock m270_4xobj_3_grid_r1_c2.png,1676,1,142,157,46.0,3
4,3_320x stock m270_4xobj_3_grid_r1_c2.png,1677,1,414,159,31.5,3
4,3_320x stock m270_4xobj_3_grid_r1_c2.png,1678,1,355,160,46.0,3
4,3_320x stock m270_4xobj_3_grid_r1_c2.png,1679,1,448,162,31.5,3
4,3_320x stock m270_4xobj_3_grid_r1_c2.png,1680,1,183,162,31.5,3
4,3_320x stock m270_4xobj_3_grid_r1_c2.png,1681,1,407,168,46.0,3
4,3_320x stock m270_4xobj_3_grid_r1_c2.png,1682,1,465,175,46.0,3
4,3_320x stock m270_4xobj_3_grid_r1_c2.png,1683,1,247,176,46.0,3
4,3_320x stock m270_4xobj_3_grid_r1_c2.png,1684,1,451,175,31.5,3
4,3_320x stock m270_4xobj_3_grid_r1_c2.png,1685,1,28,184,31.5,3
4,3_320x stock m270_4xobj_3_grid_r1_c2.png,1686,1,502,185,46.0,3
4,3_320x stock m270_4xobj_3_grid_r1_c2.png,1687,1,212,187,46.0,3
4,3_320x stock m270_4xobj_3_grid_r1_c2.png,1688,1,506,199,46.0,3
4,3_320x stock m270_4xobj_3_grid_r1_c2.png,1689,1,471,201,46.0,3
4,3_320x stock m270_4xobj_3_grid_r1_c2.png,1690,1,313,209,31.5,3
4,3_320x stock m270_4xobj_3_grid_r1_c2.png,1691,1,468,212,46.0,3
4,3_320x stock m270_4xobj_3_grid_r1_c2.png,1692,1,418,220,31.5,3
4,3_320x stock m270_4xobj_3_grid_r1_c2.png,1693,1,323,222,31.5,3
4,3_320x stock m270_4xobj_3_grid_r1_c2.png,1694,1,476,244,31.5,3
4,3_320x stock m270_4xobj_3_grid_r1_c2.png,1695,1,349,246,74.5,4
4,3_320x stock m270_4xobj_3_grid_r1_c2.png,1696,1,453,249,74.5,4
4,3_320x stock m270_4xobj_3_grid_r1_c2.png,1697,1,466,247,31.5,3
4,3_320x stock m270_4xobj_3_grid_r1_c2.png,1698,1,186,253,31.5,3
4,3_320x stock m270_4xobj_3_grid_r1_c2.png,1699,1,311,258,46.0,3
4,3_320x stock m270_4xobj_3_grid_r1_c2.png,1700,1,387,266,31.5,3
4,3_320x stock m270_4xobj_3_grid_r1_c2.png,1701,1,92,273,31.5,3
4,3_320x stock m270_4xobj_3_grid_r1_c2.png,1702,1,394,283,31.5,3
4,3_320x stock m270_4xobj_3_grid_r1_c2.png,1703,1,199,284,31.5,3
4,3_320x stock m270_4xobj_3_grid_r1_c2.png,1704,1,302,299,31.5,3
4,3_320x stock m270_4xobj_3_grid_r1_c2.png,1705,1,423,306,31.5,3
4,3_320x stock m270_4xobj_3_grid_r1_c2.png,1706,1,400,317,31.5,3
4,3_320x stock m270_4xobj_3_grid_r1_c2.png,1707,1,192,336,31.5,3
4,3_320x stock m270_4xobj_3_grid_r1_c2.png,1708,1,502,344,31.5,3
4,3_320x stock m270_4xobj_3_grid_r1_c2.png,1709,1,338,348,31.5,3
4,3_320x stock m270_4xobj_3_grid_r1_c2.png,1710,1,344,371,31.5,3
4,3_320x stock m270_4xobj_3_grid_r1_c2.png,1711,1,389,389,31.5,3
4,3_320x stock m270_4xobj_3_grid_r1_c2.png,1712,1,508,396,38.0,3
4,3_320x stock m270_4xobj_3_grid_r1_c2.png,1713,1,499,404,31.5,3
4,3_320x stock m270_4xobj_3_grid_r1_c2.png,1714,1,508,408,27.5,2
4,3_320x stock m270_4xobj_3_grid_r1_c2.png,1715,1,372,408,46.0,3
4,3_320x stock m270_4xobj_3_grid_r1_c2.png,1716,1,414,432,46.0,3
4,3_320x stock m270_4xobj_3_grid_r1_c2.png,1717,1,110,505,31.5,3
4,3_320x stock m270_4xobj_3_grid_r1_c2.png,1718,1,349,12,46.0,3
4,3_320x stock m270_4xobj_3_grid_r1_c2.png,1719,1,322,22,46.0,3
4,3_320x stock m270_4xobj_3_grid_r1_c2.png,1720,1,255,25,31.5,3
4,3_320x stock m270_4xobj_3_grid_r1_c2.png,1721,1,437,30,46.0,3
4,3_320x stock m270_4xobj_3_grid_r1_c2.png,1722,1,260,39,46.0,3
4,3_320x stock m270_4xobj_3_grid_r1_c2.png,1723,1,165,45,31.5,3
4,3_320x stock m270_4xobj_3_grid_r1_c2.png,1724,1,373,46,46.0,3
4,3_320x stock m270_4xobj_3_grid_r1_c2.png,1725,1,370,59,31.5,3
4,3_320x stock m270_4xobj_3_grid_r1_c2.png,1726,1,468,81,46.0,3
4,3_320x stock m270_4xobj_3_grid_r1_c2.png,1727,1,444,105,46.0,3
4,3_320x stock m270_4xobj_3_grid_r1_c2.png,1728,1,434,108,31.5,3
4,3_320x stock m270_4xobj_3_grid_r1_c2.png,1729,1,396,126,46.0,3
4,3_320x stock m270_4xobj_3_grid_r1_c2.png,1730,1,461,163,31.5,3
4,3_320x stock m270_4xobj_3_grid_r1_c2.png,1731,1,494,173,31.5,3
4,3_320x stock m270_4xobj_3_grid_r1_c2.png,1732,1,427,209,31.5,3
4,3_320x stock m270_4xobj_3_grid_r1_c2.png,1733,1,411,210,46.0,3
4,3_320x stock m270_4xobj_3_grid_r1_c2.png,1734,1,326,232,31.5,3
4,3_320x stock m270_4xobj_3_grid_r1_c2.png,1735,1,448,228,31.5,3
4,3_320x stock m270_4xobj_3_grid_r1_c2.png,1736,1,327,257,104.0,5
4,3_320x stock m270_4xobj_3_grid_r1_c2.png,1737,1,487,322,31.5,3
4,3_320x stock m270_4xobj_3_grid_r1_c2.png,1738,1,31,453,46.0,3
4,3_320x stock m270_4xobj_3_grid_r1_c2.png,1739,1,152,16,104.0,5
4,3_320x stock m270_4xobj_3_grid_r1_c2.png,1740,1,420,59,31.5,3
4,3_320x stock m270_4xobj_3_grid_r1_c2.png,1741,1,12,275,46.0,3
4,3_320x stock m270_4xobj_3_grid_r1_c2.png,1742,1,270,374,46.0,3
4,3_320x stock m270_4xobj_3_grid_r1_c2.png,1743,1,394,400,46.0,3
4,3_320x stock m270_4xobj_3_grid_r1_c2.png,1744,1,411,3,43.0,3
4,3_320x stock m270_4xobj_3_grid_r1_c2.png,1745,1,110,7,46.0,3
4,3_320x stock m270_4xobj_3_grid_r1_c2.png,1746,1,49,9,46.0,3
4,3_320x stock m270_4xobj_3_grid_r1_c2.png,1747,1,356,28,46.0,3
4,3_320x stock m270_4xobj_3_grid_r1_c2.png,1748,1,304,108,104.0,5
4,3_320x stock m270_4xobj_3_grid_r1_c2.png,1749,1,445,206,104.0,5
4,3_320x stock m270_4xobj_3_grid_r1_c2.png,1750,1,45,249,74.5,4
4,3_320x stock m270_4xobj_3_grid_r1_c2.png,1751,1,440,308,104.0,5
4,3_320x stock m270_4xobj_3_grid_r1_c2.png,1752,1,485,77,46.0,3
4,3_320x stock m270_4xobj_3_grid_r1_c2.png,1753,1,494,92,46.0,3
4,3_320x stock m270_4xobj_3_grid_r1_c2.png,1754,1,463,98,74.5,4
4,3_320x stock m270_4xobj_3_grid_r1_c2.png,1755,1,143,112,74.5,4
4,3_320x stock m270_4xobj_3_grid_r1_c2.png,1756,1,325,183,46.0,3
4,3_320x stock m270_4xobj_3_grid_r1_c2.png,1757,1,246,224,46.0,3
4,3_320x stock m270_4xobj_3_grid_r1_c2.png,1758,1,257,228,31.5,3
4,3_320x stock m270_4xobj_3_grid_r1_c2.png,1759,1,243,251,31.5,3
4,3_320x stock m270_4xobj_3_grid_r1_c2.png,1760,1,343,263,74.5,4
4,3_320x stock m270_4xobj_3_grid_r1_c2.png,1761,1,294,310,31.5,3
4,3_320x stock m270_4xobj_3_grid_r1_c2.png,1762,1,474,326,46.0,3
4,3_320x stock m270_4xobj_3_grid_r1_c2.png,1763,1,15,413,31.5,3
4,3_320x stock m270_4xobj_3_grid_r1_c2.png,1764,1,114,478,46.0,3
4,3_320x stock m270_4xobj_3_grid_r1_c2.png,1765,1,412,507,31.5,3
4,3_320x stock m270_4xobj_3_grid_r1_c2.png,1766,1,289,3,43.0,3
4,3_320x stock m270_4xobj_3_grid_r1_c2.png,1767,1,51,164,46.0,3
4,3_320x stock m270_4xobj_3_grid_r1_c2.png,1768,1,318,164,46.0,3
4,3_320x stock m270_4xobj_3_grid_r1_c2.png,1769,1,21,231,104.0,5
4,3_320x stock m270_4xobj_3_grid_r1_c2.png,1770,1,290,232,31.5,3
4,3_320x stock m270_4xobj_3_grid_r1_c2.png,1771,1,277,317,46.0,3
4,3_320x stock m270_4xobj_3_grid_r1_c2.png,1772,1,442,54,147.5,6
4,3_320x stock m270_4xobj_3_grid_r1_c2.png,1773,1,285,207,31.5,3
4,3_320x stock m270_4xobj_3_grid_r1_c2.png,1774,1,257,218,31.5,3
4,3_320x stock m270_4xobj_3_grid_r1_c2.png,1775,1,279,200,31.5,3
4,3_320x stock m270_4xobj_3_grid_r1_c2.png,1776,1,36,133,31.5,3
4,3_320x stock m270_4xobj_3_grid_r1_c2.png,1777,1,40,125,31.5,3
4,3_320x stock m270_4xobj_3_grid_r1_c2.png,1778,1,6,420,31.5,3
4,3_320x stock m270_4xobj_3_grid_r1_c2.png,1779,1,135,423,31.5,3
4,3_320x stock m270_4xobj_3_grid_r1_c2.png,1780,1,141,421,31.5,3
4,3_320x stock m270_4xobj_3_grid_r1_c2.png,1781,1,116,424,31.5,3
4,3_320x stock m270_4xobj_3_grid_r1_c2.png,1782,1,122,433,31.5,3
4,3_320x stock m270_4xobj_3_grid_r1_c2.png,1783,1,138,432,31.5,3
4,3_320x stock m270_4xobj_3_grid_r1_c2.png,1784,1,164,472,31.5,3
4,3_320x stock m270_4xobj_3_grid_r1_c2.png,1785,1,160,480,31.5,3
4,3_320x stock m270_4xobj_3_grid_r1_c2.png,1786,1,3,480,31.5,3
4,3_320x stock m270_4xobj_3_grid_r1_c2.png,1787,1,3,472,31.5,3
4,3_320x stock m270_4xobj_3_grid_r1_c2.png,1788,1,7,476,31.5,3
4,3_320x stock m270_4xobj_3_grid_r1_c2.png,1789,1,3,372,31.5,3
4,3_320x stock m270_4xobj_3_grid_r1_c2.png,1790,1,10,373,31.5,3
4,3_320x stock m270_4xobj_3_grid_r1_c2.png,1791,1,395,444,31.5,3
4,3_320x stock m270_4xobj_3_grid_r1_c2.png,1792,1,397,439,31.5,3
4,3_320x stock m270_4xobj_3_grid_r1_c2.png,1793,1,406,438,31.5,3
4,3_320x stock m270_4xobj_3_grid_r1_c2.png,1794,1,404,429,31.5,3
4,3_320x stock m270_4xobj_3_grid_r1_c2.png,1795,1,318,422,31.5,3
4,3_320x stock m270_4xobj_3_grid_r1_c2.png,1796,1,320,428,31.5,3
4,3_320x stock m270_4xobj_3_grid_r1_c2.png,1797,1,191,498,31.5,3
4,3_320x stock m270_4xobj_3_grid_r1_c2.png,1798,1,191,491,31.5,3
4,3_320x stock m270_4xobj_3_grid_r1_c2.png,1799,1,182,480,31.5,3
4,3_320x stock m270_4xobj_3_grid_r1_c2.png,1800,1,190,477,31.5,3
4,3_320x stock m270_4xobj_3_grid_r1_c2.png,1801,1,226,452,31.5,3
4,3_320x stock m270_4xobj_3_grid_r1_c2.png,1802,1,232,448,31.5,3
4,3_320x stock m270_4xobj_3_grid_r1_c2.png,1803,1,242,488,31.5,3
4,3_320x stock m270_4xobj_3_grid_r1_c2.png,1804,1,249,483,31.5,3
4,3_320x stock m270_4xobj_3_grid_r1_c2.png,1805,1,301,508,26.5,2
4,3_320x stock m270_4xobj_3_grid_r1_c2.png,1806,1,278,509,20.5,2
4,3_320x stock m270_4xobj_3_grid_r1_c2.png,1807,1,283,501,31.5,3
4,3_320x stock m270_4xobj_3_grid_r1_c2.png,1808,1,369,508,26.5,2
4,3_320x stock m270_4xobj_3_grid_r1_c2.png,1809,1,358,509,20.5,2
4,3_320x stock m270_4xobj_3_grid_r1_c2.png,1810,1,508,481,27.5,2
4,3_320x stock m270_4xobj_3_grid_r1_c2.png,1811,1,497,475,31.5,3
4,3_320x stock m270_4xobj_3_grid_r1_c2.png,1812,1,503,480,31.5,3
4,3_320x stock m270_4xobj_3_grid_r1_c2.png,1813,1,490,483,46.0,3
4,3_320x stock m270_4xobj_3_grid_r1_c2.png,1814,1,481,477,46.0,3
4,3_320x stock m270_4xobj_3_grid_r1_c2.png,1815,1,484,466,46.0,3
4,3_320x stock m270_4xobj_3_grid_r1_c2.png,1816,1,483,456,46.0,3
4,3_320x stock m270_4xobj_3_grid_r1_c2.png,1817,1,426,467,46.0,3
4,3_320x stock m270_4xobj_3_grid_r1_c2.png,1818,1,426,476,46.0,3
4,3_320x stock m270_4xobj_3_grid_r1_c2.png,1819,1,456,471,46.0,3
4,3_320x stock m270_4xobj_3_grid_r1_c2.png,1820,1,454,481,46.0,3
4,3_320x stock m270_4xobj_3_grid_r1_c2.png,1821,1,388,482,46.0,3
4,3_320x stock m270_4xobj_3_grid_r1_c2.png,1822,1,391,473,46.0,3
4,3_320x stock m270_4xobj_3_grid_r1_c2.png,1823,1,467,315,104.0,5
4,3_320x stock m270_4xobj_3_grid_r1_c2.png,1824,1,472,303,31.5,3
4,3_320x stock m270_4xobj_3_grid_r1_c2.png,1825,1,508,375,27.5,2
4,3_320x stock m270_4xobj_3_grid_r1_c2.png,1826,1,479,412,31.5,3
4,3_320x stock m270_4xobj_3_grid_r1_c2.png,1827,1,486,417,31.5,3
4,3_320x stock m270_4xobj_3_grid_r1_c2.png,1828,1,473,407,31.5,3
4,3_320x stock m270_4xobj_3_grid_r1_c2.png,1829,1,442,411,31.5,3
4,3_320x stock m270_4xobj_3_grid_r1_c2.png,1830,1,433,407,31.5,3
4,3_320x stock m270_4xobj_3_grid_r1_c2.png,1831,1,448,370,31.5,3
4,3_320x stock m270_4xobj_3_grid_r1_c2.png,1832,1,425,370,31.5,3
4,3_320x stock m270_4xobj_3_grid_r1_c2.png,1833,1,428,378,31.5,3
4,3_320x stock m270_4xobj_3_grid_r1_c2.png,1834,1,473,352,31.5,3
4,3_320x stock m270_4xobj_3_grid_r1_c2.png,1835,1,474,360,31.5,3
4,3_320x stock m270_4xobj_3_grid_r1_c2.png,1836,1,348,350,31.5,3
4,3_320x stock m270_4xobj_3_grid_r1_c2.png,1837,1,355,347,31.5,3
4,3_320x stock m270_4xobj_3_grid_r1_c2.png,1838,1,343,390,31.5,3
4,3_320x stock m270_4xobj_3_grid_r1_c2.png,1839,1,334,390,31.5,3
4,3_320x stock m270_4xobj_3_grid_r1_c2.png,1840,1,321,394,31.5,3
4,3_320x stock m270_4xobj_3_grid_r1_c2.png,1841,1,327,401,31.5,3
4,3_320x stock m270_4xobj_3_grid_r1_c2.png,1842,1,123,380,31.5,3
4,3_320x stock m270_4xobj_3_grid_r1_c2.png,1843,1,117,374,31.5,3
4,3_320x stock m270_4xobj_3_grid_r1_c2.png,1844,1,215,401,31.5,3
4,3_320x stock m270_4xobj_3_grid_r1_c2.png,1845,1,203,405,31.5,3
4,3_320x stock m270_4xobj_3_grid_r1_c2.png,1846,1,175,428,31.5,3
4,3_320x stock m270_4xobj_3_grid_r1_c2.png,1847,1,175,435,31.5,3
4,3_320x stock m270_4xobj_3_grid_r1_c2.png,1848,1,174,444,31.5,3
4,3_320x stock m270_4xobj_3_grid_r1_c2.png,1849,1,65,235,31.5,3
4,3_320x stock m270_4xobj_3_grid_r1_c2.png,1850,1,71,240,31.5,3
4,3_320x stock m270_4xobj_3_grid_r1_c2.png,1851,1,167,198,31.5,3
4,3_320x stock m270_4xobj_3_grid_r1_c2.png,1852,1,201,219,31.5,3
4,3_320x stock m270_4xobj_3_grid_r1_c2.png,1853,1,191,222,31.5,3
4,3_320x stock m270_4xobj_3_grid_r1_c2.png,1854,1,313,42,31.5,3
4,3_320x stock m270_4xobj_3_grid_r1_c2.png,1855,1,310,48,31.5,3
4,3_320x stock m270_4xobj_3_grid_r1_c2.png,1856,1,265,131,31.5,3
4,3_320x stock m270_4xobj_3_grid_r1_c2.png,1857,1,263,139,31.5,3
4,3_320x stock m270_4xobj_3_grid_r1_c2.png,1858,1,146,199,31.5,3
4,3_320x stock m270_4xobj_3_grid_r1_c2.png,1859,1,142,207,31.5,3
4,3_320x stock m270_4xobj_3_grid_r1_c2.png,1860,1,124,186,31.5,3
4,3_320x stock m270_4xobj_3_grid_r1_c2.png,1861,1,119,178,31.5,3
4,3_320x stock m270_4xobj_3_grid_r1_c2.png,1862,1,116,187,31.5,3
4,3_320x stock m270_4xobj_3_grid_r1_c2.png,1863,1,107,192,31.5,3
4,3_320x stock m270_4xobj_3_grid_r1_c2.png,1864,1,101,178,31.5,3
4,3_320x stock m270_4xobj_3_grid_r1_c2.png,1865,1,101,185,31.5,3
4,3_320x stock m270_4xobj_3_grid_r1_c2.png,1866,1,37,173,31.5,3
4,3_320x stock m270_4xobj_3_grid_r1_c2.png,1867,1,30,173,31.5,3
4,3_320x stock m270_4xobj_3_grid_r1_c2.png,1868,1,487,166,46.0,3
4,3_320x stock m270_4xobj_3_grid_r1_c2.png,1869,1,417,117,31.5,3
4,3_320x stock m270_4xobj_3_grid_r1_c2.png,1870,1,412,112,31.5,3
4,3_320x stock m270_4xobj_3_grid_r1_c2.png,1871,1,334,171,31.5,3
4,3_320x stock m270_4xobj_3_grid_r1_c2.png,1872,1,333,163,31.5,3
4,3_320x stock m270_4xobj_3_grid_r1_c2.png,1873,1,377,168,31.5,3
4,3_320x stock m270_4xobj_3_grid_r1_c2.png,1874,1,382,179,31.5,3
4,3_320x stock m270_4xobj_3_grid_r1_c2.png,1875,1,421,184,31.5,3
4,3_320x stock m270_4xobj_3_grid_r1_c2.png,1876,1,427,180,31.5,3
4,3_320x stock m270_4xobj_3_grid_r1_c2.png,1877,1,437,175,31.5,3
4,3_320x stock m270_4xobj_3_grid_r1_c2.png,1878,1,440,182,31.5,3
4,3_320x stock m270_4xobj_3_grid_r1_c2.png,1879,1,480,156,31.5,3
4,3_320x stock m270_4xobj_3_grid_r1_c2.png,1880,1,478,146,31.5,3
4,3_320x stock m270_4xobj_3_grid_r1_c2.png,1881,1,454,153,31.5,3
4,3_320x stock m270_4xobj_3_grid_r1_c2.png,1882,1,462,148,31.5,3
4,3_320x stock m270_4xobj_3_grid_r1_c2.png,1883,1,424,18,31.5,3
4,3_320x stock m270_4xobj_3_grid_r1_c2.png,1884,1,434,17,31.5,3
4,3_320x stock m270_4xobj_3_grid_r1_c2.png,1885,1,453,69,31.5,3
4,3_320x stock m270_4xobj_3_grid_r1_c2.png,1886,1,467,66,31.5,3
4,3_320x stock m270_4xobj_3_grid_r1_c2.png,1887,1,461,63,31.5,3
4,3_320x stock m270_4xobj_3_grid_r1_c2.png,1888,1,20,6,31.5,3
4,3_320x stock m270_4xobj_3_grid_r1_c2.png,1889,1,102,126,31.5,3
4,3_320x stock m270_4xobj_3_grid_r1_c2.png,1890,1,99,135,31.5,3
4,3_320x stock m270_4xobj_3_grid_r1_c2.png,1891,1,78,117,31.5,3
4,3_320x stock m270_4xobj_3_grid_r1_c2.png,1892,1,85,125,31.5,3
4,3_320x stock m270_4xobj_3_grid_r1_c2.png,1893,1,7,94,31.5,3
4,3_320x stock m270_4xobj_3_grid_r1_c2.png,1894,1,125,52,31.5,3
4,3_320x stock m270_4xobj_3_grid_r1_c2.png,1895,1,131,58,31.5,3
4,3_320x stock m270_4xobj_3_grid_r1_c2.png,1896,1,75,63,31.5,3
4,3_320x stock m270_4xobj_3_grid_r1_c2.png,1897,1,71,68,31.5,3
4,3_320x stock m270_4xobj_3_grid_r1_c2.png,1898,1,83,68,31.5,3
4,3_320x stock m270_4xobj_3_grid_r1_c2.png,1899,1,128,66,31.5,3
4,3_320x stock m270_4xobj_3_grid_r1_c2.png,1900,1,291,89,31.5,3
4,3_320x stock m270_4xobj_3_grid_r1_c2.png,1901,1,286,94,31.5,3
4,3_320x stock m270_4xobj_3_grid_r1_c2.png,1902,1,281,91,31.5,3
4,3_320x stock m270_4xobj_3_grid_r1_c2.png,1903,1,232,69,31.5,3
4,3_320x stock m270_4xobj_3_grid_r1_c2.png,1904,1,245,87,31.5,3
4,3_320x stock m270_4xobj_3_grid_r1_c2.png,1905,1,248,82,31.5,3
4,3_320x stock m270_4xobj_3_grid_r1_c2.png,1906,1,241,92,31.5,3
4,3_320x stock m270_4xobj_3_grid_r1_c2.png,1907,1,227,73,31.5,3
4,3_320x stock m270_4xobj_3_grid_r1_c2.png,1908,1,220,75,31.5,3
4,3_320x stock m270_4xobj_3_grid_r1_c2.png,1909,1,330,116,31.5,3
4,3_320x stock m270_4xobj_3_grid_r1_c2.png,1910,1,338,106,31.5,3
4,3_320x stock m270_4xobj_3_grid_r1_c2.png,1911,1,336,122,31.5,3
4,3_320x stock m270_4xobj_3_grid_r1_c2.png,1912,1,300,140,31.5,3
4,3_320x stock m270_4xobj_3_grid_r1_c2.png,1913,1,294,133,31.5,3
4,3_320x stock m270_4xobj_3_grid_r1_c2.png,1914,1,433,67,31.5,3
4,3_320x stock m270_4xobj_3_grid_r1_c2.png,1915,1,429,73,31.5,3
4,3_320x stock m270_4xobj_3_grid_r1_c2.png,1916,1,419,68,31.5,3
4,3_320x stock m270_4xobj_3_grid_r1_c2.png,1917,1,376,66,31.5,3
4,3_320x stock m270_4xobj_3_grid_r1_c2.png,1918,1,403,76,31.5,3
4,3_320x stock m270_4xobj_3_grid_r1_c2.png,1919,1,398,86,31.5,3
4,3_320x stock m270_4xobj_3_grid_r1_c2.png,1920,1,391,88,31.5,3
4,3_320x stock m270_4xobj_3_grid_r1_c2.png,1921,1,339,65,31.5,3
4,3_320x stock m270_4xobj_3_grid_r1_c2.png,1922,1,348,62,31.5,3
4,3_320x stock m270_4xobj_3_grid_r1_c2.png,1923,1,63,41,31.5,3
4,3_320x stock m270_4xobj_3_grid_r1_c2.png,1924,1,54,44,31.5,3
4,3_320x stock m270_4xobj_3_grid_r1_c2.png,1925,1,89,88,31.5,3
4,3_320x stock m270_4xobj_3_grid_r1_c2.png,1926,1,91,81,31.5,3
4,3_320x stock m270_4xobj_3_grid_r1_c2.png,1927,1,75,93,31.5,3
4,3_320x stock m270_4xobj_3_grid_r1_c2.png,1928,1,71,85,31.5,3
4,3_320x stock m270_4xobj_3_grid_r1_c2.png,1929,1,158,43,31.5,3
4,3_320x stock m270_4xobj_3_grid_r1_c2.png,1930,1,153,36,31.5,3
4,3_320x stock m270_4xobj_3_grid_r1_c2.png,1931,1,149,56,31.5,3
4,3_320x stock m270_4xobj_3_grid_r1_c2.png,1932,1,143,60,31.5,3
4,3_320x stock m270_4xobj_3_grid_r1_c2.png,1933,1,142,53,31.5,3
4,3_320x stock m270_4xobj_3_grid_r1_c2.png,1934,1,187,84,31.5,3
4,3_320x stock m270_4xobj_3_grid_r1_c2.png,1935,1,188,75,31.5,3
4,3_320x stock m270_4xobj_3_grid_r1_c2.png,1936,1,195,104,31.5,3
4,3_320x stock m270_4xobj_3_grid_r1_c2.png,1937,1,203,100,31.5,3
4,3_320x stock m270_4xobj_3_grid_r1_c2.png,1938,1,220,239,104.0,5
5,3_320x stock m270_4xobj_3_grid_r1_c3.png,1939,1,28,34,31.5,3
5,3_320x stock m270_4xobj_3_grid_r1_c3.png,1940,1,34,41,31.5,3
5,3_320x stock m270_4xobj_3_grid_r1_c3.png,1941,1,65,17,31.5,3
5,3_320x stock m270_4xobj_3_grid_r1_c3.png,1942,1,61,8,31.5,3
5,3_320x stock m270_4xobj_3_grid_r1_c3.png,1943,1,120,18,31.5,3
5,3_320x stock m270_4xobj_3_grid_r1_c3.png,1944,1,117,28,31.5,3
5,3_320x stock m270_4xobj_3_grid_r1_c3.png,1945,1,88,31,31.5,3
5,3_320x stock m270_4xobj_3_grid_r1_c3.png,1946,1,81,38,31.5,3
5,3_320x stock m270_4xobj_3_grid_r1_c3.png,1947,1,70,37,31.5,3
5,3_320x stock m270_4xobj_3_grid_r1_c3.png,1948,1,63,37,31.5,3
5,3_320x stock m270_4xobj_3_grid_r1_c3.png,1949,1,22,96,31.5,3
5,3_320x stock m270_4xobj_3_grid_r1_c3.png,1950,1,16,89,31.5,3
5,3_320x stock m270_4xobj_3_grid_r1_c3.png,1951,1,67,82,31.5,3
5,3_320x stock m270_4xobj_3_grid_r1_c3.png,1952,1,78,85,31.5,3
5,3_320x stock m270_4xobj_3_grid_r1_c3.png,1953,1,90,82,31.5,3
5,3_320x stock m270_4xobj_3_grid_r1_c3.png,1954,1,100,85,31.5,3
5,3_320x stock m270_4xobj_3_grid_r1_c3.png,1955,1,142,47,31.5,3
5,3_320x stock m270_4xobj_3_grid_r1_c3.png,1956,1,134,51,31.5,3
5,3_320x stock m270_4xobj_3_grid_r1_c3.png,1957,1,170,95,31.5,3
5,3_320x stock m270_4xobj_3_grid_r1_c3.png,1958,1,172,105,31.5,3
5,3_320x stock m270_4xobj_3_grid_r1_c3.png,1959,1,249,55,46.0,3
5,3_320x stock m270_4xobj_3_grid_r1_c3.png,1960,1,257,49,46.0,3
5,3_320x stock m270_4xobj_3_grid_r1_c3.png,1961,1,249,47,46.0,3
5,3_320x stock m270_4xobj_3_grid_r1_c3.png,1962,1,334,27,46.0,3
5,3_320x stock m270_4xobj_3_grid_r1_c3.png,1963,1,342,25,46.0,3
5,3_320x stock m270_4xobj_3_grid_r1_c3.png,1964,1,349,27,46.0,3
5,3_320x stock m270_4xobj_3_grid_r1_c3.png,1965,1,374,27,46.0,3
5,3_320x stock m270_4xobj_3_grid_r1_c3.png,1966,1,369,20,46.0,3
5,3_320x stock m270_4xobj_3_grid_r1_c3.png,1967,1,348,53,46.0,3
5,3_320x stock m270_4xobj_3_grid_r1_c3.png,1968,1,339,85,46.0,3
5,3_320x stock m270_4xobj_3_grid_r1_c3.png,1969,1,345,105,46.0,3
5,3_320x stock m270_4xobj_3_grid_r1_c3.png,1970,1,349,114,46.0,3
5,3_320x stock m270_4xobj_3_grid_r1_c3.png,1971,1,359,119,46.0,3
5,3_320x stock m270_4xobj_3_grid_r1_c3.png,1972,1,362,109,46.0,3
5,3_320x stock m270_4xobj_3_grid_r1_c3.png,1973,1,184,62,38.0,3
5,3_320x stock m270_4xobj_3_grid_r1_c3.png,1974,1,179,57,46.0,3
5,3_320x stock m270_4xobj_3_grid_r1_c3.png,1975,1,431,21,46.0,3
5,3_320x stock m270_4xobj_3_grid_r1_c3.png,1976,1,438,14,46.0,3
5,3_320x stock m270_4xobj_3_grid_r1_c3.png,1977,1,471,15,46.0,3
5,3_320x stock m270_4xobj_3_grid_r1_c3.png,1978,1,231,136,46.0,3
5,3_320x stock m270_4xobj_3_grid_r1_c3.png,1979,1,238,130,46.0,3
5,3_320x stock m270_4xobj_3_grid_r1_c3.png,1980,1,252,161,46.0,3
5,3_320x stock m270_4xobj_3_grid_r1_c3.png,1981,1,271,190,46.0,3
5,3_320x stock m270_4xobj_3_grid_r1_c3.png,1982,1,276,180,46.0,3
5,3_320x stock m270_4xobj_3_grid_r1_c3.png,1983,1,254,202,46.0,3
5,3_320x stock m270_4xobj_3_grid_r1_c3.png,1984,1,255,213,46.0,3
5,3_320x stock m270_4xobj_3_grid_r1_c3.png,1985,1,403,156,46.0,3
5,3_320x stock m270_4xobj_3_grid_r1_c3.png,1986,1,402,147,46.0,3
5,3_320x stock m270_4xobj_3_grid_r1_c3.png,1987,1,405,138,46.0,3
5,3_320x stock m270_4xobj_3_grid_r1_c3.png,1988,1,425,103,46.0,3
5,3_320x stock m270_4xobj_3_grid_r1_c3.png,1989,1,417,110,46.0,3
5,3_320x stock m270_4xobj_3_grid_r1_c3.png,1990,1,186,196,46.0,3
5,3_320x stock m270_4xobj_3_grid_r1_c3.png,1991,1,177,192,46.0,3
5,3_320x stock m270_4xobj_3_grid_r1_c3.png,1992,1,311,144,46.0,3
5,3_320x stock m270_4xobj_3_grid_r1_c3.png,1993,1,322,147,46.0,3
5,3_320x stock m270_4xobj_3_grid_r1_c3.png,1994,1,407,194,46.0,3
5,3_320x stock m270_4xobj_3_grid_r1_c3.png,1995,1,416,200,46.0,3
5,3_320x stock m270_4xobj_3_grid_r1_c3.png,1996,1,431,177,46.0,3
5,3_320x stock m270_4xobj_3_grid_r1_c3.png,1997,1,431,168,46.0,3
5,3_320x stock m270_4xobj_3_grid_r1_c3.png,1998,1,416,80,31.5,3
5,3_320x stock m270_4xobj_3_grid_r1_c3.png,1999,1,409,83,31.5,3
5,3_320x stock m270_4xobj_3_grid_r1_c3.png,2000,1,376,223,31.5,3
5,3_320x stock m270_4xobj_3_grid_r1_c3.png,2001,1,368,217,31.5,3
5,3_320x stock m270_4xobj_3_grid_r1_c3.png,2002,1,384,183,31.5,3
5,3_320x stock m270_4xobj_3_grid_r1_c3.png,2003,1,368,162,31.5,3
5,3_320x stock m270_4xobj_3_grid_r1_c3.png,2004,1,367,156,31.5,3
5,3_320x stock m270_4xobj_3_grid_r1_c3.png,2005,1,365,150,31.5,3
5,3_320x stock m270_4xobj_3_grid_r1_c3.png,2006,1,248,154,31.5,3
5,3_320x stock m270_4xobj_3_grid_r1_c3.png,2007,1,70,108,31.5,3
5,3_320x stock m270_4xobj_3_grid_r1_c3.png,2008,1,65,101,31.5,3
5,3_320x stock m270_4xobj_3_grid_r1_c3.png,2009,1,70,96,31.5,3
5,3_320x stock m270_4xobj_3_grid_r1_c3.png,2010,1,5,156,31.5,3
5,3_320x stock m270_4xobj_3_grid_r1_c3.png,2011,1,4,146,31.5,3
5,3_320x stock m270_4xobj_3_grid_r1_c3.png,2012,1,40,174,31.5,3
5,3_320x stock m270_4xobj_3_grid_r1_c3.png,2013,1,45,168,31.5,3
5,3_320x stock m270_4xobj_3_grid_r1_c3.png,2014,1,62,161,31.5,3
5,3_320x stock m270_4xobj_3_grid_r1_c3.png,2015,1,67,166,31.5,3
5,3_320x stock m270_4xobj_3_grid_r1_c3.png,2016,1,86,256,31.5,3
5,3_320x stock m270_4xobj_3_grid_r1_c3.png,2017,1,85,245,31.5,3
5,3_320x stock m270_4xobj_3_grid_r1_c3.png,2018,1,78,235,31.5,3
5,3_320x stock m270_4xobj_3_grid_r1_c3.png,2019,1,78,242,31.5,3
5,3_320x stock m270_4xobj_3_grid_r1_c3.png,2020,1,69,257,31.5,3
5,3_320x stock m270_4xobj_3_grid_r1_c3.png,2021,1,52,256,31.5,3
5,3_320x stock m270_4xobj_3_grid_r1_c3.png,2022,1,59,260,31.5,3
5,3_320x stock m270_4xobj_3_grid_r1_c3.png,2023,1,181,265,31.5,3
5,3_320x stock m270_4xobj_3_grid_r1_c3.png,2024,1,174,270,31.5,3
5,3_320x stock m270_4xobj_3_grid_r1_c3.png,2025,1,166,269,31.5,3
5,3_320x stock m270_4xobj_3_grid_r1_c3.png,2026,1,159,273,31.5,3
5,3_320x stock m270_4xobj_3_grid_r1_c3.png,2027,1,141,305,31.5,3
5,3_320x stock m270_4xobj_3_grid_r1_c3.png,2028,1,134,311,31.5,3
5,3_320x stock m270_4xobj_3_grid_r1_c3.png,2029,1,126,315,31.5,3
5,3_320x stock m270_4xobj_3_grid_r1_c3.png,2030,1,127,347,31.5,3
5,3_320x stock m270_4xobj_3_grid_r1_c3.png,2031,1,133,354,31.5,3
5,3_320x stock m270_4xobj_3_grid_r1_c3.png,2032,1,124,359,31.5,3
5,3_320x stock m270_4xobj_3_grid_r1_c3.png,2033,1,173,322,31.5,3
5,3_320x stock m270_4xobj_3_grid_r1_c3.png,2034,1,170,329,31.5,3
5,3_320x stock m270_4xobj_3_grid_r1_c3.png,2035,1,164,353,31.5,3
5,3_320x stock m270_4xobj_3_grid_r1_c3.png,2036,1,158,358,31.5,3
5,3_320x stock m270_4xobj_3_grid_r1_c3.png,2037,1,154,364,31.5,3
5,3_320x stock m270_4xobj_3_grid_r1_c3.png,2038,1,13,321,31.5,3
5,3_320x stock m270_4xobj_3_grid_r1_c3.png,2039,1,107,247,31.5,3
5,3_320x stock m270_4xobj_3_grid_r1_c3.png,2040,1,109,239,31.5,3
5,3_320x stock m270_4xobj_3_grid_r1_c3.png,2041,1,58,223,31.5,3
5,3_320x stock m270_4xobj_3_grid_r1_c3.png,2042,1,68,222,31.5,3
5,3_320x stock m270_4xobj_3_grid_r1_c3.png,2043,1,444,263,31.5,3
5,3_320x stock m270_4xobj_3_grid_r1_c3.png,2044,1,434,262,31.5,3
5,3_320x stock m270_4xobj_3_grid_r1_c3.png,2045,1,439,255,31.5,3
5,3_320x stock m270_4xobj_3_grid_r1_c3.png,2046,1,378,259,31.5,3
5,3_320x stock m270_4xobj_3_grid_r1_c3.png,2047,1,391,238,31.5,3
5,3_320x stock m270_4xobj_3_grid_r1_c3.png,2048,1,385,242,31.5,3
5,3_320x stock m270_4xobj_3_grid_r1_c3.png,2049,1,379,238,31.5,3
5,3_320x stock m270_4xobj_3_grid_r1_c3.png,2050,1,472,217,31.5,3
5,3_320x stock m270_4xobj_3_grid_r1_c3.png,2051,1,479,218,31.5,3
5,3_320x stock m270_4xobj_3_grid_r1_c3.png,2052,1,500,271,31.5,3
5,3_320x stock m270_4xobj_3_grid_r1_c3.png,2053,1,508,266,31.5,3
5,3_320x stock m270_4xobj_3_grid_r1_c3.png,2054,1,446,305,31.5,3
5,3_320x stock m270_4xobj_3_grid_r1_c3.png,2055,1,449,295,31.5,3
5,3_320x stock m270_4xobj_3_grid_r1_c3.png,2056,1,474,318,31.5,3
5,3_320x stock m270_4xobj_3_grid_r1_c3.png,2057,1,303,266,31.5,3
5,3_320x stock m270_4xobj_3_grid_r1_c3.png,2058,1,295,253,31.5,3
5,3_320x stock m270_4xobj_3_grid_r1_c3.png,2059,1,294,265,31.5,3
5,3_320x stock m270_4xobj_3_grid_r1_c3.png,2060,1,310,232,31.5,3
5,3_320x stock m270_4xobj_3_grid_r1_c3.png,2061,1,307,239,31.5,3
5,3_320x stock m270_4xobj_3_grid_r1_c3.png,2062,1,310,246,31.5,3
5,3_320x stock m270_4xobj_3_grid_r1_c3.png,2063,1,363,258,31.5,3
5,3_320x stock m270_4xobj_3_grid_r1_c3.png,2064,1,368,255,31.5,3
5,3_320x stock m270_4xobj_3_grid_r1_c3.png,2065,1,372,249,31.5,3
5,3_320x stock m270_4xobj_3_grid_r1_c3.png,2066,1,173,508,26.5,2
5,3_320x stock m270_4xobj_3_grid_r1_c3.png,2067,1,128,504,31.5,3
5,3_320x stock m270_4xobj_3_grid_r1_c3.png,2068,1,161,420,31.5,3
5,3_320x stock m270_4xobj_3_grid_r1_c3.png,2069,1,174,421,31.5,3
5,3_320x stock m270_4xobj_3_grid_r1_c3.png,2070,1,155,414,31.5,3
5,3_320x stock m270_4xobj_3_grid_r1_c3.png,2071,1,160,407,31.5,3
5,3_320x stock m270_4xobj_3_grid_r1_c3.png,2072,1,145,424,31.5,3
5,3_320x stock m270_4xobj_3_grid_r1_c3.png,2073,1,150,434,31.5,3
5,3_320x stock m270_4xobj_3_grid_r1_c3.png,2074,1,176,432,31.5,3
5,3_320x stock m270_4xobj_3_grid_r1_c3.png,2075,1,219,446,31.5,3
5,3_320x stock m270_4xobj_3_grid_r1_c3.png,2076,1,223,454,31.5,3
5,3_320x stock m270_4xobj_3_grid_r1_c3.png,2077,1,248,463,31.5,3
5,3_320x stock m270_4xobj_3_grid_r1_c3.png,2078,1,256,461,31.5,3
5,3_320x stock m270_4xobj_3_grid_r1_c3.png,2079,1,286,501,31.5,3
5,3_320x stock m270_4xobj_3_grid_r1_c3.png,2080,1,282,508,26.5,2
5,3_320x stock m270_4xobj_3_grid_r1_c3.png,2081,1,272,451,31.5,3
5,3_320x stock m270_4xobj_3_grid_r1_c3.png,2082,1,274,444,31.5,3
5,3_320x stock m270_4xobj_3_grid_r1_c3.png,2083,1,282,447,31.5,3
5,3_320x stock m270_4xobj_3_grid_r1_c3.png,2084,1,326,433,31.5,3
5,3_320x stock m270_4xobj_3_grid_r1_c3.png,2085,1,333,443,31.5,3
5,3_320x stock m270_4xobj_3_grid_r1_c3.png,2086,1,342,434,31.5,3
5,3_320x stock m270_4xobj_3_grid_r1_c3.png,2087,1,349,441,31.5,3
5,3_320x stock m270_4xobj_3_grid_r1_c3.png,2088,1,339,361,31.5,3
5,3_320x stock m270_4xobj_3_grid_r1_c3.png,2089,1,370,367,31.5,3
5,3_320x stock m270_4xobj_3_grid_r1_c3.png,2090,1,335,369,31.5,3
5,3_320x stock m270_4xobj_3_grid_r1_c3.png,2091,1,331,379,31.5,3
5,3_320x stock m270_4xobj_3_grid_r1_c3.png,2092,1,328,366,31.5,3
5,3_320x stock m270_4xobj_3_grid_r1_c3.png,2093,1,324,374,31.5,3
5,3_320x stock m270_4xobj_3_grid_r1_c3.png,2094,1,263,305,31.5,3
5,3_320x stock m270_4xobj_3_grid_r1_c3.png,2095,1,256,302,31.5,3
5,3_320x stock m270_4xobj_3_grid_r1_c3.png,2096,1,259,313,31.5,3
5,3_320x stock m270_4xobj_3_grid_r1_c3.png,2097,1,254,308,31.5,3
5,3_320x stock m270_4xobj_3_grid_r1_c3.png,2098,1,70,383,31.5,3
5,3_320x stock m270_4xobj_3_grid_r1_c3.png,2099,1,64,380,31.5,3
5,3_320x stock m270_4xobj_3_grid_r1_c3.png,2100,1,35,410,31.5,3
5,3_320x stock m270_4xobj_3_grid_r1_c3.png,2101,1,11,418,31.5,3
5,3_320x stock m270_4xobj_3_grid_r1_c3.png,2102,1,42,403,31.5,3
5,3_320x stock m270_4xobj_3_grid_r1_c3.png,2103,1,34,396,31.5,3
5,3_320x stock m270_4xobj_3_grid_r1_c3.png,2104,1,8,456,31.5,3
5,3_320x stock m270_4xobj_3_grid_r1_c3.png,2105,1,11,466,31.5,3
5,3_320x stock m270_4xobj_3_grid_r1_c3.png,2106,1,6,477,31.5,3
5,3_320x stock m270_4xobj_3_grid_r1_c3.png,2107,1,14,483,31.5,3
5,3_320x stock m270_4xobj_3_grid_r1_c3.png,2108,1,22,475,31.5,3
5,3_320x stock m270_4xobj_3_grid_r1_c3.png,2109,1,27,480,31.5,3
5,3_320x stock m270_4xobj_3_grid_r1_c3.png,2110,1,48,508,26.5,2
5,3_320x stock m270_4xobj_3_grid_r1_c3.png,2111,1,249,508,26.5,2
5,3_320x stock m270_4xobj_3_grid_r1_c3.png,2112,1,196,508,26.5,2
5,3_320x stock m270_4xobj_3_grid_r1_c3.png,2113,1,312,489,31.5,3
5,3_320x stock m270_4xobj_3_grid_r1_c3.png,2114,1,327,468,31.5,3
5,3_320x stock m270_4xobj_3_grid_r1_c3.png,2115,1,318,465,31.5,3
5,3_320x stock m270_4xobj_3_grid_r1_c3.png,2116,1,372,500,31.5,3
5,3_320x stock m270_4xobj_3_grid_r1_c3.png,2117,1,378,508,31.5,3
5,3_320x stock m270_4xobj_3_grid_r1_c3.png,2118,1,367,491,31.5,3
5,3_320x stock m270_4xobj_3_grid_r1_c3.png,2119,1,370,459,31.5,3
5,3_320x stock m270_4xobj_3_grid_r1_c3.png,2120,1,369,469,31.5,3
5,3_320x stock m270_4xobj_3_grid_r1_c3.png,2121,1,378,466,31.5,3
5,3_320x stock m270_4xobj_3_grid_r1_c3.png,2122,1,392,311,31.5,3
5,3_320x stock m270_4xobj_3_grid_r1_c3.png,2123,1,455,384,31.5,3
5,3_320x stock m270_4xobj_3_grid_r1_c3.png,2124,1,469,381,31.5,3
5,3_320x stock m270_4xobj_3_grid_r1_c3.png,2125,1,488,382,31.5,3
5,3_320x stock m270_4xobj_3_grid_r1_c3.png,2126,1,487,394,31.5,3
5,3_320x stock m270_4xobj_3_grid_r1_c3.png,2127,1,488,434,31.5,3
5,3_320x stock m270_4xobj_3_grid_r1_c3.png,2128,1,495,430,31.5,3
5,3_320x stock m270_4xobj_3_grid_r1_c3.png,2129,1,393,379,31.5,3
5,3_320x stock m270_4xobj_3_grid_r1_c3.png,2130,1,398,368,31.5,3
5,3_320x stock m270_4xobj_3_grid_r1_c3.png,2131,1,443,482,31.5,3
5,3_320x stock m270_4xobj_3_grid_r1_c3.png,2132,1,450,376,31.5,3
5,3_320x stock m270_4xobj_3_grid_r1_c3.png,2133,1,463,358,31.5,3
5,3_320x stock m270_4xobj_3_grid_r1_c3.png,2134,1,461,340,31.5,3
5,3_320x stock m270_4xobj_3_grid_r1_c3.png,2135,1,497,331,31.5,3
5,3_320x stock m270_4xobj_3_grid_r1_c3.png,2136,1,508,329,27.5,2
5,3_320x stock m270_4xobj_3_grid_r1_c3.png,2137,1,484,406,31.5,3
5,3_320x stock m270_4xobj_3_grid_r1_c3.png,2138,1,236,255,31.5,3
5,3_320x stock m270_4xobj_3_grid_r1_c3.png,2139,1,227,246,31.5,3
5,3_320x stock m270_4xobj_3_grid_r1_c3.png,2140,1,182,220,31.5,3
5,3_320x stock m270_4xobj_3_grid_r1_c3.png,2141,1,174,221,31.5,3
5,3_320x stock m270_4xobj_3_grid_r1_c3.png,2142,1,175,213,31.5,3
5,3_320x stock m270_4xobj_3_grid_r1_c3.png,2143,1,249,98,31.5,3
5,3_320x stock m270_4xobj_3_grid_r1_c3.png,2144,1,256,92,31.5,3
5,3_320x stock m270_4xobj_3_grid_r1_c3.png,2145,1,303,62,31.5,3
5,3_320x stock m270_4xobj_3_grid_r1_c3.png,2146,1,306,53,31.5,3
5,3_320x stock m270_4xobj_3_grid_r1_c3.png,2147,1,470,118,31.5,3
5,3_320x stock m270_4xobj_3_grid_r1_c3.png,2148,1,461,112,31.5,3
5,3_320x stock m270_4xobj_3_grid_r1_c3.png,2149,1,470,111,31.5,3
5,3_320x stock m270_4xobj_3_grid_r1_c3.png,2150,1,464,90,31.5,3
5,3_320x stock m270_4xobj_3_grid_r1_c3.png,2151,1,467,84,31.5,3
5,3_320x stock m270_4xobj_3_grid_r1_c3.png,2152,1,480,79,31.5,3
5,3_320x stock m270_4xobj_3_grid_r1_c3.png,2153,1,69,358,31.5,3
5,3_320x stock m270_4xobj_3_grid_r1_c3.png,2154,1,93,359,31.5,3
5,3_320x stock m270_4xobj_3_grid_r1_c3.png,2155,1,102,358,31.5,3
5,3_320x stock m270_4xobj_3_grid_r1_c3.png,2156,1,126,415,31.5,3
5,3_320x stock m270_4xobj_3_grid_r1_c3.png,2157,1,133,411,31.5,3
5,3_320x stock m270_4xobj_3_grid_r1_c3.png,2158,1,129,407,31.5,3
5,3_320x stock m270_4xobj_3_grid_r1_c3.png,2159,1,405,459,31.5,3
5,3_320x stock m270_4xobj_3_grid_r1_c3.png,2160,1,107,453,31.5,3
5,3_320x stock m270_4xobj_3_grid_r1_c3.png,2161,1,413,450,46.0,3
5,3_320x stock m270_4xobj_3_grid_r1_c3.png,2162,1,502,438,46.0,3
5,3_320x stock m270_4xobj_3_grid_r1_c3.png,2163,1,455,424,31.5,3
5,3_320x stock m270_4xobj_3_grid_r1_c3.png,2164,1,332,424,31.5,3
5,3_320x stock m270_4xobj_3_grid_r1_c3.png,2165,1,191,367,31.5,3
5,3_320x stock m270_4xobj_3_grid_r1_c3.png,2166,1,447,365,31.5,3
5,3_320x stock m270_4xobj_3_grid_r1_c3.png,2167,1,256,364,31.5,3
5,3_320x stock m270_4xobj_3_grid_r1_c3.png,2168,1,77,352,31.5,3
5,3_320x stock m270_4xobj_3_grid_r1_c3.png,2169,1,494,346,46.0,3
5,3_320x stock m270_4xobj_3_grid_r1_c3.png,2170,1,375,346,31.5,3
5,3_320x stock m270_4xobj_3_grid_r1_c3.png,2171,1,448,340,46.0,3
5,3_320x stock m270_4xobj_3_grid_r1_c3.png,2172,1,440,331,31.5,3
5,3_320x stock m270_4xobj_3_grid_r1_c3.png,2173,1,482,329,46.0,3
5,3_320x stock m270_4xobj_3_grid_r1_c3.png,2174,1,446,314,31.5,3
5,3_320x stock m270_4xobj_3_grid_r1_c3.png,2175,1,285,314,46.0,3
5,3_320x stock m270_4xobj_3_grid_r1_c3.png,2176,1,411,303,46.0,3
5,3_320x stock m270_4xobj_3_grid_r1_c3.png,2177,1,197,302,46.0,3
5,3_320x stock m270_4xobj_3_grid_r1_c3.png,2178,1,362,296,31.5,3
5,3_320x stock m270_4xobj_3_grid_r1_c3.png,2179,1,189,294,46.0,3
5,3_320x stock m270_4xobj_3_grid_r1_c3.png,2180,1,204,287,46.0,3
5,3_320x stock m270_4xobj_3_grid_r1_c3.png,2181,1,498,284,31.5,3
5,3_320x stock m270_4xobj_3_grid_r1_c3.png,2182,1,415,280,46.0,3
5,3_320x stock m270_4xobj_3_grid_r1_c3.png,2183,1,342,280,46.0,3
5,3_320x stock m270_4xobj_3_grid_r1_c3.png,2184,1,447,274,46.0,3
5,3_320x stock m270_4xobj_3_grid_r1_c3.png,2185,1,473,267,46.0,3
5,3_320x stock m270_4xobj_3_grid_r1_c3.png,2186,1,347,240,46.0,3
5,3_320x stock m270_4xobj_3_grid_r1_c3.png,2187,1,156,224,46.0,3
5,3_320x stock m270_4xobj_3_grid_r1_c3.png,2188,1,490,223,46.0,3
5,3_320x stock m270_4xobj_3_grid_r1_c3.png,2189,1,82,217,46.0,3
5,3_320x stock m270_4xobj_3_grid_r1_c3.png,2190,1,277,206,31.5,3
5,3_320x stock m270_4xobj_3_grid_r1_c3.png,2191,1,153,206,46.0,3
5,3_320x stock m270_4xobj_3_grid_r1_c3.png,2192,1,140,203,31.5,3
5,3_320x stock m270_4xobj_3_grid_r1_c3.png,2193,1,218,182,46.0,3
5,3_320x stock m270_4xobj_3_grid_r1_c3.png,2194,1,263,174,46.0,3
5,3_320x stock m270_4xobj_3_grid_r1_c3.png,2195,1,275,167,46.0,3
5,3_320x stock m270_4xobj_3_grid_r1_c3.png,2196,1,148,167,31.5,3
5,3_320x stock m270_4xobj_3_grid_r1_c3.png,2197,1,210,164,46.0,3
5,3_320x stock m270_4xobj_3_grid_r1_c3.png,2198,1,134,158,46.0,3
5,3_320x stock m270_4xobj_3_grid_r1_c3.png,2199,1,363,139,46.0,3
5,3_320x stock m270_4xobj_3_grid_r1_c3.png,2200,1,440,128,46.0,3
5,3_320x stock m270_4xobj_3_grid_r1_c3.png,2201,1,294,120,46.0,3
5,3_320x stock m270_4xobj_3_grid_r1_c3.png,2202,1,36,116,46.0,3
5,3_320x stock m270_4xobj_3_grid_r1_c3.png,2203,1,220,115,46.0,3
5,3_320x stock m270_4xobj_3_grid_r1_c3.png,2204,1,272,111,46.0,3
5,3_320x stock m270_4xobj_3_grid_r1_c3.png,2205,1,237,111,46.0,3
5,3_320x stock m270_4xobj_3_grid_r1_c3.png,2206,1,123,107,46.0,3
5,3_320x stock m270_4xobj_3_grid_r1_c3.png,2207,1,192,104,46.0,3
5,3_320x stock m270_4xobj_3_grid_r1_c3.png,2208,1,106,96,31.5,3
5,3_320x stock m270_4xobj_3_grid_r1_c3.png,2209,1,163,79,31.5,3
5,3_320x stock m270_4xobj_3_grid_r1_c3.png,2210,1,321,76,46.0,3
5,3_320x stock m270_4xobj_3_grid_r1_c3.png,2211,1,247,69,46.0,3
5,3_320x stock m270_4xobj_3_grid_r1_c3.png,2212,1,94,61,46.0,3
5,3_320x stock m270_4xobj_3_grid_r1_c3.png,2213,1,105,52,46.0,3
5,3_320x stock m270_4xobj_3_grid_r1_c3.png,2214,1,82,49,46.0,3
5,3_320x stock m270_4xobj_3_grid_r1_c3.png,2215,1,334,43,31.5,3
5,3_320x stock m270_4xobj_3_grid_r1_c3.png,2216,1,50,41,46.0,3
5,3_320x stock m270_4xobj_3_grid_r1_c3.png,2217,1,185,37,46.0,3
5,3_320x stock m270_4xobj_3_grid_r1_c3.png,2218,1,164,33,46.0,3
5,3_320x stock m270_4xobj_3_grid_r1_c3.png,2219,1,152,26,46.0,3
5,3_320x stock m270_4xobj_3_grid_r1_c3.png,2220,1,216,25,46.0,3
5,3_320x stock m270_4xobj_3_grid_r1_c3.png,2221,1,273,19,46.0,3
5,3_320x stock m270_4xobj_3_grid_r1_c3.png,2222,1,191,13,31.5,3
5,3_320x stock m270_4xobj_3_grid_r1_c3.png,2223,1,84,3,31.5,3
5,3_320x stock m270_4xobj_3_grid_r1_c3.png,2224,1,361,503,31.5,3
5,3_320x stock m270_4xobj_3_grid_r1_c3.png,2225,1,205,496,31.5,3
5,3_320x stock m270_4xobj_3_grid_r1_c3.png,2226,1,294,491,46.0,3
5,3_320x stock m270_4xobj_3_grid_r1_c3.png,2227,1,465,484,46.0,3
5,3_320x stock m270_4xobj_3_grid_r1_c3.png,2228,1,499,485,104.0,5
5,3_320x stock m270_4xobj_3_grid_r1_c3.png,2229,1,35,480,31.5,3
5,3_320x stock m270_4xobj_3_grid_r1_c3.png,2230,1,401,479,46.0,3
5,3_320x stock m270_4xobj_3_grid_r1_c3.png,2231,1,394,470,46.0,3
5,3_320x stock m270_4xobj_3_grid_r1_c3.png,2232,1,302,467,31.5,3
5,3_320x stock m270_4xobj_3_grid_r1_c3.png,2233,1,98,466,31.5,3
5,3_320x stock m270_4xobj_3_grid_r1_c3.png,2234,1,349,461,46.0,3
5,3_320x stock m270_4xobj_3_grid_r1_c3.png,2235,1,98,453,46.0,3
5,3_320x stock m270_4xobj_3_grid_r1_c3.png,2236,1,424,452,46.0,3
5,3_320x stock m270_4xobj_3_grid_r1_c3.png,2237,1,152,450,31.5,3
5,3_320x stock m270_4xobj_3_grid_r1_c3.png,2238,1,207,439,46.0,3
5,3_320x stock m270_4xobj_3_grid_r1_c3.png,2239,1,68,435,46.0,3
5,3_320x stock m270_4xobj_3_grid_r1_c3.png,2240,1,102,433,46.0,3
5,3_320x stock m270_4xobj_3_grid_r1_c3.png,2241,1,466,430,46.0,3
5,3_320x stock m270_4xobj_3_grid_r1_c3.png,2242,1,200,421,46.0,3
5,3_320x stock m270_4xobj_3_grid_r1_c3.png,2243,1,386,415,46.0,3
5,3_320x stock m270_4xobj_3_grid_r1_c3.png,2244,1,446,413,46.0,3
5,3_320x stock m270_4xobj_3_grid_r1_c3.png,2245,1,323,404,46.0,3
5,3_320x stock m270_4xobj_3_grid_r1_c3.png,2246,1,24,404,31.5,3
5,3_320x stock m270_4xobj_3_grid_r1_c3.png,2247,1,279,402,46.0,3
5,3_320x stock m270_4xobj_3_grid_r1_c3.png,2248,1,369,402,46.0,3
5,3_320x stock m270_4xobj_3_grid_r1_c3.png,2249,1,433,398,46.0,3
5,3_320x stock m270_4xobj_3_grid_r1_c3.png,2250,1,465,396,46.0,3
5,3_320x stock m270_4xobj_3_grid_r1_c3.png,2251,1,152,395,46.0,3
5,3_320x stock m270_4xobj_3_grid_r1_c3.png,2252,1,344,394,46.0,3
5,3_320x stock m270_4xobj_3_grid_r1_c3.png,2253,1,278,391,46.0,3
5,3_320x stock m270_4xobj_3_grid_r1_c3.png,2254,1,418,390,74.5,4
5,3_320x stock m270_4xobj_3_grid_r1_c3.png,2255,1,210,389,46.0,3
5,3_320x stock m270_4xobj_3_grid_r1_c3.png,2256,1,163,386,46.0,3
5,3_320x stock m270_4xobj_3_grid_r1_c3.png,2257,1,224,385,46.0,3
5,3_320x stock m270_4xobj_3_grid_r1_c3.png,2258,1,144,376,46.0,3
5,3_320x stock m270_4xobj_3_grid_r1_c3.png,2259,1,36,374,46.0,3
5,3_320x stock m270_4xobj_3_grid_r1_c3.png,2260,1,236,373,46.0,3
5,3_320x stock m270_4xobj_3_grid_r1_c3.png,2261,1,428,364,31.5,3
5,3_320x stock m270_4xobj_3_grid_r1_c3.png,2262,1,221,362,46.0,3
5,3_320x stock m270_4xobj_3_grid_r1_c3.png,2263,1,35,359,46.0,3
5,3_320x stock m270_4xobj_3_grid_r1_c3.png,2264,1,115,354,31.5,3
5,3_320x stock m270_4xobj_3_grid_r1_c3.png,2265,1,304,354,46.0,3
5,3_320x stock m270_4xobj_3_grid_r1_c3.png,2266,1,417,349,46.0,3
5,3_320x stock m270_4xobj_3_grid_r1_c3.png,2267,1,320,349,46.0,3
5,3_320x stock m270_4xobj_3_grid_r1_c3.png,2268,1,254,347,74.5,4
5,3_320x stock m270_4xobj_3_grid_r1_c3.png,2269,1,27,344,46.0,3
5,3_320x stock m270_4xobj_3_grid_r1_c3.png,2270,1,95,335,46.0,3
5,3_320x stock m270_4xobj_3_grid_r1_c3.png,2271,1,73,334,31.5,3
5,3_320x stock m270_4xobj_3_grid_r1_c3.png,2272,1,307,328,31.5,3
5,3_320x stock m270_4xobj_3_grid_r1_c3.png,2273,1,256,327,46.0,3
5,3_320x stock m270_4xobj_3_grid_r1_c3.png,2274,1,139,325,46.0,3
5,3_320x stock m270_4xobj_3_grid_r1_c3.png,2275,1,315,320,31.5,3
5,3_320x stock m270_4xobj_3_grid_r1_c3.png,2276,1,406,318,46.0,3
5,3_320x stock m270_4xobj_3_grid_r1_c3.png,2277,1,207,314,46.0,3
5,3_320x stock m270_4xobj_3_grid_r1_c3.png,2278,1,98,304,31.5,3
5,3_320x stock m270_4xobj_3_grid_r1_c3.png,2279,1,347,298,46.0,3
5,3_320x stock m270_4xobj_3_grid_r1_c3.png,2280,1,218,299,46.0,3
5,3_320x stock m270_4xobj_3_grid_r1_c3.png,2281,1,379,280,46.0,3
5,3_320x stock m270_4xobj_3_grid_r1_c3.png,2282,1,257,280,31.5,3
5,3_320x stock m270_4xobj_3_grid_r1_c3.png,2283,1,188,271,31.5,3
5,3_320x stock m270_4xobj_3_grid_r1_c3.png,2284,1,132,266,74.5,4
5,3_320x stock m270_4xobj_3_grid_r1_c3.png,2285,1,99,261,31.5,3
5,3_320x stock m270_4xobj_3_grid_r1_c3.png,2286,1,269,256,74.5,4
5,3_320x stock m270_4xobj_3_grid_r1_c3.png,2287,1,145,237,46.0,3
5,3_320x stock m270_4xobj_3_grid_r1_c3.png,2288,1,197,228,74.5,4
5,3_320x stock m270_4xobj_3_grid_r1_c3.png,2289,1,272,226,46.0,3
5,3_320x stock m270_4xobj_3_grid_r1_c3.png,2290,1,230,219,46.0,3
5,3_320x stock m270_4xobj_3_grid_r1_c3.png,2291,1,100,219,46.0,3
5,3_320x stock m270_4xobj_3_grid_r1_c3.png,2292,1,129,202,46.0,3
5,3_320x stock m270_4xobj_3_grid_r1_c3.png,2293,1,31,199,46.0,3
5,3_320x stock m270_4xobj_3_grid_r1_c3.png,2294,1,330,195,46.0,3
5,3_320x stock m270_4xobj_3_grid_r1_c3.png,2295,1,345,186,46.0,3
5,3_320x stock m270_4xobj_3_grid_r1_c3.png,2296,1,27,185,46.0,3
5,3_320x stock m270_4xobj_3_grid_r1_c3.png,2297,1,189,183,46.0,3
5,3_320x stock m270_4xobj_3_grid_r1_c3.png,2298,1,163,177,46.0,3
5,3_320x stock m270_4xobj_3_grid_r1_c3.png,2299,1,85,170,46.0,3
5,3_320x stock m270_4xobj_3_grid_r1_c3.png,2300,1,196,169,31.5,3
5,3_320x stock m270_4xobj_3_grid_r1_c3.png,2301,1,158,160,46.0,3
5,3_320x stock m270_4xobj_3_grid_r1_c3.png,2302,1,193,156,46.0,3
5,3_320x stock m270_4xobj_3_grid_r1_c3.png,2303,1,374,134,46.0,3
5,3_320x stock m270_4xobj_3_grid_r1_c3.png,2304,1,94,108,46.0,3
5,3_320x stock m270_4xobj_3_grid_r1_c3.png,2305,1,49,98,46.0,3
5,3_320x stock m270_4xobj_3_grid_r1_c3.png,2306,1,448,73,74.5,4
5,3_320x stock m270_4xobj_3_grid_r1_c3.png,2307,1,425,52,46.0,3
5,3_320x stock m270_4xobj_3_grid_r1_c3.png,2308,1,117,508,31.5,3
5,3_320x stock m270_4xobj_3_grid_r1_c3.png,2309,1,350,504,31.5,3
5,3_320x stock m270_4xobj_3_grid_r1_c3.png,2310,1,90,498,46.0,3
5,3_320x stock m270_4xobj_3_grid_r1_c3.png,2311,1,335,496,46.0,3
5,3_320x stock m270_4xobj_3_grid_r1_c3.png,2312,1,71,488,46.0,3
5,3_320x stock m270_4xobj_3_grid_r1_c3.png,2313,1,276,483,104.0,5
5,3_320x stock m270_4xobj_3_grid_r1_c3.png,2314,1,343,476,46.0,3
5,3_320x stock m270_4xobj_3_grid_r1_c3.png,2315,1,111,468,31.5,3
5,3_320x stock m270_4xobj_3_grid_r1_c3.png,2316,1,143,463,46.0,3
5,3_320x stock m270_4xobj_3_grid_r1_c3.png,2317,1,167,460,46.0,3
5,3_320x stock m270_4xobj_3_grid_r1_c3.png,2318,1,116,440,46.0,3
5,3_320x stock m270_4xobj_3_grid_r1_c3.png,2319,1,45,429,46.0,3
5,3_320x stock m270_4xobj_3_grid_r1_c3.png,2320,1,113,425,46.0,3
5,3_320x stock m270_4xobj_3_grid_r1_c3.png,2321,1,66,422,46.0,3
5,3_320x stock m270_4xobj_3_grid_r1_c3.png,2322,1,48,418,31.5,3
5,3_320x stock m270_4xobj_3_grid_r1_c3.png,2323,1,308,398,31.5,3
5,3_320x stock m270_4xobj_3_grid_r1_c3.png,2324,1,180,397,46.0,3
5,3_320x stock m270_4xobj_3_grid_r1_c3.png,2325,1,237,392,46.0,3
5,3_320x stock m270_4xobj_3_grid_r1_c3.png,2326,1,117,391,46.0,3
5,3_320x stock m270_4xobj_3_grid_r1_c3.png,2327,1,112,372,46.0,3
5,3_320x stock m270_4xobj_3_grid_r1_c3.png,2328,1,76,364,31.5,3
5,3_320x stock m270_4xobj_3_grid_r1_c3.png,2329,1,20,360,46.0,3
5,3_320x stock m270_4xobj_3_grid_r1_c3.png,2330,1,144,349,74.5,4
5,3_320x stock m270_4xobj_3_grid_r1_c3.png,2331,1,228,346,74.5,4
5,3_320x stock m270_4xobj_3_grid_r1_c3.png,2332,1,64,338,46.0,3
5,3_320x stock m270_4xobj_3_grid_r1_c3.png,2333,1,141,336,46.0,3
5,3_320x stock m270_4xobj_3_grid_r1_c3.png,2334,1,73,306,46.0,3
5,3_320x stock m270_4xobj_3_grid_r1_c3.png,2335,1,49,296,46.0,3
5,3_320x stock m270_4xobj_3_grid_r1_c3.png,2336,1,110,294,31.5,3
5,3_320x stock m270_4xobj_3_grid_r1_c3.png,2337,1,60,283,46.0,3
5,3_320x stock m270_4xobj_3_grid_r1_c3.png,2338,1,20,275,46.0,3
5,3_320x stock m270_4xobj_3_grid_r1_c3.png,2339,1,45,268,31.5,3
5,3_320x stock m270_4xobj_3_grid_r1_c3.png,2340,1,349,202,74.5,4
5,3_320x stock m270_4xobj_3_grid_r1_c3.png,2341,1,63,176,46.0,3
5,3_320x stock m270_4xobj_3_grid_r1_c3.png,2342,1,19,498,46.0,3
5,3_320x stock m270_4xobj_3_grid_r1_c3.png,2343,1,246,485,74.5,4
5,3_320x stock m270_4xobj_3_grid_r1_c3.png,2344,1,174,482,46.0,3
5,3_320x stock m270_4xobj_3_grid_r1_c3.png,2345,1,66,466,46.0,3
5,3_320x stock m270_4xobj_3_grid_r1_c3.png,2346,1,53,453,147.5,6
5,3_320x stock m270_4xobj_3_grid_r1_c3.png,2347,1,85,446,46.0,3
5,3_320x stock m270_4xobj_3_grid_r1_c3.png,2348,1,339,409,74.5,4
5,3_320x stock m270_4xobj_3_grid_r1_c3.png,2349,1,14,377,46.0,3
5,3_320x stock m270_4xobj_3_grid_r1_c3.png,2350,1,209,252,74.5,4
5,3_320x stock m270_4xobj_3_grid_r1_c3.png,2351,1,300,167,46.0,3
5,3_320x stock m270_4xobj_3_grid_r1_c3.png,2352,1,40,491,46.0,3
5,3_320x stock m270_4xobj_3_grid_r1_c3.png,2353,1,138,394,74.5,4
5,3_320x stock m270_4xobj_3_grid_r1_c3.png,2354,1,426,492,318.0,10
5,3_320x stock m270_4xobj_3_grid_r1_c3.png,2355,1,371,482,46.0,3
5,3_320x stock m270_4xobj_3_grid_r1_c3.png,2356,1,482,207,31.5,3
5,3_320x stock m270_4xobj_3_grid_r1_c3.png,2357,1,391,17,46.0,3
5,3_320x stock m270_4xobj_3_grid_r1_c3.png,2358,1,465,328,46.0,3
5,3_320x stock m270_4xobj_3_grid_r1_c3.png,2359,1,462,255,74.5,4
5,3_320x stock m270_4xobj_3_grid_r1_c3.png,2360,1,353,225,74.5,4
5,3_320x stock m270_4xobj_3_grid_r1_c3.png,2361,1,266,207,31.5,3
5,3_320x stock m270_4xobj_3_grid_r1_c3.png,2362,1,410,117,46.0,3
5,3_320x stock m270_4xobj_3_grid_r1_c3.png,2363,1,301,105,74.5,4
5,3_320x stock m270_4xobj_3_grid_r1_c3.png,2364,1,382,47,74.5,4
5,3_320x stock m270_4xobj_3_grid_r1_c3.png,2365,1,505,388,31.5,3
5,3_320x stock m270_4xobj_3_grid_r1_c3.png,2366,1,195,378,46.0,3
5,3_320x stock m270_4xobj_3_grid_r1_c3.png,2367,1,195,328,74.5,4
5,3_320x stock m270_4xobj_3_grid_r1_c3.png,2368,1,440,289,46.0,3
5,3_320x stock m270_4xobj_3_grid_r1_c3.png,2369,1,396,222,74.5,4
5,3_320x stock m270_4xobj_3_grid_r1_c3.png,2370,1,399,176,31.5,3
5,3_320x stock m270_4xobj_3_grid_r1_c3.png,2371,1,120,83,74.5,4
5,3_320x stock m270_4xobj_3_grid_r1_c3.png,2372,1,10,77,46.0,3
5,3_320x stock m270_4xobj_3_grid_r1_c3.png,2373,1,348,66,46.0,3
5,3_320x stock m270_4xobj_3_grid_r1_c3.png,2374,1,469,467,74.5,4
5,3_320x stock m270_4xobj_3_grid_r1_c3.png,2375,1,361,421,46.0,3
5,3_320x stock m270_4xobj_3_grid_r1_c3.png,2376,1,297,374,74.5,4
5,3_320x stock m270_4xobj_3_grid_r1_c3.png,2377,1,376,361,46.0,3
5,3_320x stock m270_4xobj_3_grid_r1_c3.png,2378,1,311,299,74.5,4
5,3_320x stock m270_4xobj_3_grid_r1_c3.png,2379,1,484,290,104.0,5
5,3_320x stock m270_4xobj_3_grid_r1_c3.png,2380,1,122,221,74.5,4
5,3_320x stock m270_4xobj_3_grid_r1_c3.png,2381,1,457,193,104.0,5
5,3_320x stock m270_4xobj_3_grid_r1_c3.png,2382,1,15,169,46.0,3
5,3_320x stock m270_4xobj_3_grid_r1_c3.png,2383,1,424,145,104.0,5
5,3_320x stock m270_4xobj_3_grid_r1_c3.png,2384,1,261,133,74.5,4
5,3_320x stock m270_4xobj_3_grid_r1_c3.png,2385,1,348,41,31.5,3
5,3_320x stock m270_4xobj_3_grid_r1_c3.png,2386,1,458,35,104.0,5
5,3_320x stock m270_4xobj_3_grid_r1_c3.png,2387,1,508,14,27.5,2
5,3_320x stock m270_4xobj_3_grid_r1_c3.png,2388,1,304,500,46.0,3
5,3_320x stock m270_4xobj_3_grid_r1_c3.png,2389,1,212,468,46.0,3
5,3_320x stock m270_4xobj_3_grid_r1_c3.png,2390,1,95,393,74.5,4
5,3_320x stock m270_4xobj_3_grid_r1_c3.png,2391,1,308,224,31.5,3
5,3_320x stock m270_4xobj_3_grid_r1_c3.png,2392,1,455,179,31.5,3
5,3_320x stock m270_4xobj_3_grid_r1_c3.png,2393,1,126,182,74.5,4
5,3_320x stock m270_4xobj_3_grid_r1_c3.png,2394,1,477,158,31.5,3
5,3_320x stock m270_4xobj_3_grid_r1_c3.png,2395,1,494,113,31.5,3
5,3_320x stock m270_4xobj_3_grid_r1_c3.png,2396,1,414,94,31.5,3
5,3_320x stock m270_4xobj_3_grid_r1_c3.png,2397,1,425,80,31.5,3
5,3_320x stock m270_4xobj_3_grid_r1_c3.png,2398,1,505,67,31.5,3
5,3_320x stock m270_4xobj_3_grid_r1_c3.png,2399,1,465,54,46.0,3
5,3_320x stock m270_4xobj_3_grid_r1_c3.png,2400,1,374,39,46.0,3
5,3_320x stock m270_4xobj_3_grid_r1_c3.png,2401,1,312,31,46.0,3
5,3_320x stock m270_4xobj_3_grid_r1_c3.png,2402,1,357,16,46.0,3
5,3_320x stock m270_4xobj_3_grid_r1_c3.png,2403,1,401,501,74.5,4
5,3_320x stock m270_4xobj_3_grid_r1_c3.png,2404,1,221,491,104.0,5
5,3_320x stock m270_4xobj_3_grid_r1_c3.png,2405,1,284,436,31.5,3
5,3_320x stock m270_4xobj_3_grid_r1_c3.png,2406,1,487,413,31.5,3
5,3_320x stock m270_4xobj_3_grid_r1_c3.png,2407,1,506,414,46.0,3
5,3_320x stock m270_4xobj_3_grid_r1_c3.png,2408,1,312,361,31.5,3
5,3_320x stock m270_4xobj_3_grid_r1_c3.png,2409,1,7,328,31.5,3
5,3_320x stock m270_4xobj_3_grid_r1_c3.png,2410,1,242,315,74.5,4
5,3_320x stock m270_4xobj_3_grid_r1_c3.png,2411,1,388,302,31.5,3
5,3_320x stock m270_4xobj_3_grid_r1_c3.png,2412,1,499,296,31.5,3
5,3_320x stock m270_4xobj_3_grid_r1_c3.png,2413,1,65,265,31.5,3
5,3_320x stock m270_4xobj_3_grid_r1_c3.png,2414,1,318,248,31.5,3
5,3_320x stock m270_4xobj_3_grid_r1_c3.png,2415,1,429,214,46.0,3
5,3_320x stock m270_4xobj_3_grid_r1_c3.png,2416,1,498,211,46.0,3
5,3_320x stock m270_4xobj_3_grid_r1_c3.png,2417,1,304,207,46.0,3
5,3_320x stock m270_4xobj_3_grid_r1_c3.png,2418,1,448,205,46.0,3
5,3_320x stock m270_4xobj_3_grid_r1_c3.png,2419,1,508,188,27.5,2
5,3_320x stock m270_4xobj_3_grid_r1_c3.png,2420,1,411,182,31.5,3
5,3_320x stock m270_4xobj_3_grid_r1_c3.png,2421,1,338,170,46.0,3
5,3_320x stock m270_4xobj_3_grid_r1_c3.png,2422,1,170,166,104.0,5
5,3_320x stock m270_4xobj_3_grid_r1_c3.png,2423,1,265,160,46.0,3
5,3_320x stock m270_4xobj_3_grid_r1_c3.png,2424,1,389,158,46.0,3
5,3_320x stock m270_4xobj_3_grid_r1_c3.png,2425,1,280,158,46.0,3
5,3_320x stock m270_4xobj_3_grid_r1_c3.png,2426,1,440,151,46.0,3
5,3_320x stock m270_4xobj_3_grid_r1_c3.png,2427,1,478,146,46.0,3
5,3_320x stock m270_4xobj_3_grid_r1_c3.png,2428,1,394,127,31.5,3
5,3_320x stock m270_4xobj_3_grid_r1_c3.png,2429,1,273,127,46.0,3
5,3_320x stock m270_4xobj_3_grid_r1_c3.png,2430,1,376,124,46.0,3
5,3_320x stock m270_4xobj_3_grid_r1_c3.png,2431,1,339,119,31.5,3
5,3_320x stock m270_4xobj_3_grid_r1_c3.png,2432,1,111,115,46.0,3
5,3_320x stock m270_4xobj_3_grid_r1_c3.png,2433,1,507,114,46.0,3
5,3_320x stock m270_4xobj_3_grid_r1_c3.png,2434,1,248,109,46.0,3
5,3_320x stock m270_4xobj_3_grid_r1_c3.png,2435,1,225,98,46.0,3
5,3_320x stock m270_4xobj_3_grid_r1_c3.png,2436,1,471,97,46.0,3
5,3_320x stock m270_4xobj_3_grid_r1_c3.png,2437,1,293,96,46.0,3
5,3_320x stock m270_4xobj_3_grid_r1_c3.png,2438,1,205,94,46.0,3
5,3_320x stock m270_4xobj_3_grid_r1_c3.png,2439,1,376,92,46.0,3
5,3_320x stock m270_4xobj_3_grid_r1_c3.png,2440,1,331,87,31.5,3
5,3_320x stock m270_4xobj_3_grid_r1_c3.png,2441,1,137,84,46.0,3
5,3_320x stock m270_4xobj_3_grid_r1_c3.png,2442,1,191,75,46.0,3
5,3_320x stock m270_4xobj_3_grid_r1_c3.png,2443,1,402,70,46.0,3
5,3_320x stock m270_4xobj_3_grid_r1_c3.png,2444,1,232,67,46.0,3
5,3_320x stock m270_4xobj_3_grid_r1_c3.png,2445,1,45,66,46.0,3
5,3_320x stock m270_4xobj_3_grid_r1_c3.png,2446,1,500,53,46.0,3
5,3_320x stock m270_4xobj_3_grid_r1_c3.png,2447,1,362,30,46.0,3
5,3_320x stock m270_4xobj_3_grid_r1_c3.png,2448,1,505,27,31.5,3
5,3_320x stock m270_4xobj_3_grid_r1_c3.png,2449,1,448,22,46.0,3
5,3_320x stock m270_4xobj_3_grid_r1_c3.png,2450,1,239,19,46.0,3
5,3_320x stock m270_4xobj_3_grid_r1_c3.png,2451,1,170,15,46.0,3
5,3_320x stock m270_4xobj_3_grid_r1_c3.png,2452,1,250,11,31.5,3
5,3_320x stock m270_4xobj_3_grid_r1_c3.png,2453,1,480,3,31.5,3
5,3_320x stock m270_4xobj_3_grid_r1_c3.png,2454,1,316,481,31.5,3
5,3_320x stock m270_4xobj_3_grid_r1_c3.png,2455,1,225,466,31.5,3
6,3_320x stock m270_4xobj_3_grid_r3_c3.png,2456,1,85,33,31.5,3
6,3_320x stock m270_4xobj_3_grid_r3_c3.png,2457,1,232,239,31.5,3
6,3_320x stock m270_4xobj_3_grid_r3_c3.png,2458,1,232,250,31.5,3
6,3_320x stock m270_4xobj_3_grid_r3_c3.png,2459,1,361,318,31.5,3
6,3_320x stock m270_4xobj_3_grid_r3_c3.png,2460,1,362,310,31.5,3
6,3_320x stock m270_4xobj_3_grid_r3_c3.png,2461,1,422,317,31.5,3
6,3_320x stock m270_4xobj_3_grid_r3_c3.png,2462,1,441,322,31.5,3
6,3_320x stock m270_4xobj_3_grid_r3_c3.png,2463,1,504,271,31.5,3
6,3_320x stock m270_4xobj_3_grid_r3_c3.png,2464,1,501,300,31.5,3
6,3_320x stock m270_4xobj_3_grid_r3_c3.png,2465,1,462,275,31.5,3
6,3_320x stock m270_4xobj_3_grid_r3_c3.png,2466,1,467,279,31.5,3
6,3_320x stock m270_4xobj_3_grid_r3_c3.png,2467,1,456,284,31.5,3
6,3_320x stock m270_4xobj_3_grid_r3_c3.png,2468,1,449,285,31.5,3
6,3_320x stock m270_4xobj_3_grid_r3_c3.png,2469,1,500,167,31.5,3
6,3_320x stock m270_4xobj_3_grid_r3_c3.png,2470,1,498,179,31.5,3
6,3_320x stock m270_4xobj_3_grid_r3_c3.png,2471,1,474,168,31.5,3
6,3_320x stock m270_4xobj_3_grid_r3_c3.png,2472,1,472,174,31.5,3
6,3_320x stock m270_4xobj_3_grid_r3_c3.png,2473,1,477,179,31.5,3
6,3_320x stock m270_4xobj_3_grid_r3_c3.png,2474,1,402,196,31.5,3
6,3_320x stock m270_4xobj_3_grid_r3_c3.png,2475,1,396,200,31.5,3
6,3_320x stock m270_4xobj_3_grid_r3_c3.png,2476,1,458,222,31.5,3
6,3_320x stock m270_4xobj_3_grid_r3_c3.png,2477,1,463,219,31.5,3
6,3_320x stock m270_4xobj_3_grid_r3_c3.png,2478,1,475,231,31.5,3
6,3_320x stock m270_4xobj_3_grid_r3_c3.png,2479,1,467,227,31.5,3
6,3_320x stock m270_4xobj_3_grid_r3_c3.png,2480,1,462,233,31.5,3
6,3_320x stock m270_4xobj_3_grid_r3_c3.png,2481,1,422,215,31.5,3
6,3_320x stock m270_4xobj_3_grid_r3_c3.png,2482,1,431,219,31.5,3
6,3_320x stock m270_4xobj_3_grid_r3_c3.png,2483,1,388,208,31.5,3
6,3_320x stock m270_4xobj_3_grid_r3_c3.png,2484,1,373,222,31.5,3
6,3_320x stock m270_4xobj_3_grid_r3_c3.png,2485,1,366,219,31.5,3
6,3_320x stock m270_4xobj_3_grid_r3_c3.png,2486,1,351,221,31.5,3
6,3_320x stock m270_4xobj_3_grid_r3_c3.png,2487,1,355,231,31.5,3
6,3_320x stock m270_4xobj_3_grid_r3_c3.png,2488,1,270,154,31.5,3
6,3_320x stock m270_4xobj_3_grid_r3_c3.png,2489,1,213,199,31.5,3
6,3_320x stock m270_4xobj_3_grid_r3_c3.png,2490,1,409,67,31.5,3
6,3_320x stock m270_4xobj_3_grid_r3_c3.png,2491,1,419,67,31.5,3
6,3_320x stock m270_4xobj_3_grid_r3_c3.png,2492,1,445,85,31.5,3
6,3_320x stock m270_4xobj_3_grid_r3_c3.png,2493,1,437,88,31.5,3
6,3_320x stock m270_4xobj_3_grid_r3_c3.png,2494,1,423,127,31.5,3
6,3_320x stock m270_4xobj_3_grid_r3_c3.png,2495,1,426,116,31.5,3
6,3_320x stock m270_4xobj_3_grid_r3_c3.png,2496,1,434,120,31.5,3
6,3_320x stock m270_4xobj_3_grid_r3_c3.png,2497,1,396,70,31.5,3
6,3_320x stock m270_4xobj_3_grid_r3_c3.png,2498,1,395,63,31.5,3
6,3_320x stock m270_4xobj_3_grid_r3_c3.png,2499,1,388,61,31.5,3
6,3_320x stock m270_4xobj_3_grid_r3_c3.png,2500,1,360,95,31.5,3
6,3_320x stock m270_4xobj_3_grid_r3_c3.png,2501,1,356,83,31.5,3
6,3_320x stock m270_4xobj_3_grid_r3_c3.png,2502,1,290,98,31.5,3
6,3_320x stock m270_4xobj_3_grid_r3_c3.png,2503,1,293,91,31.5,3
6,3_320x stock m270_4xobj_3_grid_r3_c3.png,2504,1,239,104,31.5,3
6,3_320x stock m270_4xobj_3_grid_r3_c3.png,2505,1,229,101,31.5,3
6,3_320x stock m270_4xobj_3_grid_r3_c3.png,2506,1,243,70,31.5,3
6,3_320x stock m270_4xobj_3_grid_r3_c3.png,2507,1,246,63,31.5,3
6,3_320x stock m270_4xobj_3_grid_r3_c3.png,2508,1,131,1,23.0,2
6,3_320x stock m270_4xobj_3_grid_r3_c3.png,2509,1,131,7,31.5,3
6,3_320x stock m270_4xobj_3_grid_r3_c3.png,2510,1,172,55,31.5,3
6,3_320x stock m270_4xobj_3_grid_r3_c3.png,2511,1,161,56,31.5,3
6,3_320x stock m270_4xobj_3_grid_r3_c3.png,2512,1,286,35,31.5,3
6,3_320x stock m270_4xobj_3_grid_r3_c3.png,2513,1,295,38,31.5,3
6,3_320x stock m270_4xobj_3_grid_r3_c3.png,2514,1,285,7,31.5,3
6,3_320x stock m270_4xobj_3_grid_r3_c3.png,2515,1,274,12,31.5,3
6,3_320x stock m270_4xobj_3_grid_r3_c3.png,2516,1,222,20,31.5,3
6,3_320x stock m270_4xobj_3_grid_r3_c3.png,2517,1,211,20,31.5,3
6,3_320x stock m270_4xobj_3_grid_r3_c3.png,2518,1,207,37,31.5,3
6,3_320x stock m270_4xobj_3_grid_r3_c3.png,2519,1,204,47,31.5,3
6,3_320x stock m270_4xobj_3_grid_r3_c3.png,2520,1,94,78,31.5,3
6,3_320x stock m270_4xobj_3_grid_r3_c3.png,2521,1,78,75,31.5,3
6,3_320x stock m270_4xobj_3_grid_r3_c3.png,2522,1,83,80,31.5,3
6,3_320x stock m270_4xobj_3_grid_r3_c3.png,2523,1,90,88,31.5,3
6,3_320x stock m270_4xobj_3_grid_r3_c3.png,2524,1,119,43,31.5,3
6,3_320x stock m270_4xobj_3_grid_r3_c3.png,2525,1,117,53,31.5,3
6,3_320x stock m270_4xobj_3_grid_r3_c3.png,2526,1,127,61,31.5,3
6,3_320x stock m270_4xobj_3_grid_r3_c3.png,2527,1,125,69,31.5,3
6,3_320x stock m270_4xobj_3_grid_r3_c3.png,2528,1,52,41,31.5,3
6,3_320x stock m270_4xobj_3_grid_r3_c3.png,2529,1,56,35,31.5,3
6,3_320x stock m270_4xobj_3_grid_r3_c3.png,2530,1,49,33,31.5,3
6,3_320x stock m270_4xobj_3_grid_r3_c3.png,2531,1,50,48,31.5,3
6,3_320x stock m270_4xobj_3_grid_r3_c3.png,2532,1,90,39,31.5,3
6,3_320x stock m270_4xobj_3_grid_r3_c3.png,2533,1,123,141,31.5,3
6,3_320x stock m270_4xobj_3_grid_r3_c3.png,2534,1,156,98,31.5,3
6,3_320x stock m270_4xobj_3_grid_r3_c3.png,2535,1,154,105,31.5,3
6,3_320x stock m270_4xobj_3_grid_r3_c3.png,2536,1,125,109,31.5,3
6,3_320x stock m270_4xobj_3_grid_r3_c3.png,2537,1,131,113,31.5,3
6,3_320x stock m270_4xobj_3_grid_r3_c3.png,2538,1,294,132,31.5,3
6,3_320x stock m270_4xobj_3_grid_r3_c3.png,2539,1,288,137,31.5,3
6,3_320x stock m270_4xobj_3_grid_r3_c3.png,2540,1,304,158,31.5,3
6,3_320x stock m270_4xobj_3_grid_r3_c3.png,2541,1,252,169,31.5,3
6,3_320x stock m270_4xobj_3_grid_r3_c3.png,2542,1,260,165,31.5,3
6,3_320x stock m270_4xobj_3_grid_r3_c3.png,2543,1,261,152,31.5,3
6,3_320x stock m270_4xobj_3_grid_r3_c3.png,2544,1,229,156,31.5,3
6,3_320x stock m270_4xobj_3_grid_r3_c3.png,2545,1,222,154,31.5,3
6,3_320x stock m270_4xobj_3_grid_r3_c3.png,2546,1,206,160,31.5,3
6,3_320x stock m270_4xobj_3_grid_r3_c3.png,2547,1,209,149,31.5,3
6,3_320x stock m270_4xobj_3_grid_r3_c3.png,2548,1,210,132,31.5,3
6,3_320x stock m270_4xobj_3_grid_r3_c3.png,2549,1,203,137,31.5,3
6,3_320x stock m270_4xobj_3_grid_r3_c3.png,2550,1,181,117,31.5,3
6,3_320x stock m270_4xobj_3_grid_r3_c3.png,2551,1,187,125,31.5,3
6,3_320x stock m270_4xobj_3_grid_r3_c3.png,2552,1,186,133,31.5,3
6,3_320x stock m270_4xobj_3_grid_r3_c3.png,2553,1,158,152,31.5,3
6,3_320x stock m270_4xobj_3_grid_r3_c3.png,2554,1,156,142,31.5,3
6,3_320x stock m270_4xobj_3_grid_r3_c3.png,2555,1,150,136,31.5,3
6,3_320x stock m270_4xobj_3_grid_r3_c3.png,2556,1,139,141,31.5,3
6,3_320x stock m270_4xobj_3_grid_r3_c3.png,2557,1,142,152,31.5,3
6,3_320x stock m270_4xobj_3_grid_r3_c3.png,2558,1,143,408,31.5,3
6,3_320x stock m270_4xobj_3_grid_r3_c3.png,2559,1,144,401,31.5,3
6,3_320x stock m270_4xobj_3_grid_r3_c3.png,2560,1,167,484,31.5,3
6,3_320x stock m270_4xobj_3_grid_r3_c3.png,2561,1,171,488,31.5,3
6,3_320x stock m270_4xobj_3_grid_r3_c3.png,2562,1,153,483,31.5,3
6,3_320x stock m270_4xobj_3_grid_r3_c3.png,2563,1,144,473,31.5,3
6,3_320x stock m270_4xobj_3_grid_r3_c3.png,2564,1,154,473,31.5,3
6,3_320x stock m270_4xobj_3_grid_r3_c3.png,2565,1,153,493,31.5,3
6,3_320x stock m270_4xobj_3_grid_r3_c3.png,2566,1,158,495,31.5,3
6,3_320x stock m270_4xobj_3_grid_r3_c3.png,2567,1,182,447,31.5,3
6,3_320x stock m270_4xobj_3_grid_r3_c3.png,2568,1,186,430,31.5,3
6,3_320x stock m270_4xobj_3_grid_r3_c3.png,2569,1,192,439,31.5,3
6,3_320x stock m270_4xobj_3_grid_r3_c3.png,2570,1,128,462,31.5,3
6,3_320x stock m270_4xobj_3_grid_r3_c3.png,2571,1,126,454,31.5,3
6,3_320x stock m270_4xobj_3_grid_r3_c3.png,2572,1,101,463,31.5,3
6,3_320x stock m270_4xobj_3_grid_r3_c3.png,2573,1,119,498,31.5,3
6,3_320x stock m270_4xobj_3_grid_r3_c3.png,2574,1,121,488,31.5,3
6,3_320x stock m270_4xobj_3_grid_r3_c3.png,2575,1,92,466,31.5,3
6,3_320x stock m270_4xobj_3_grid_r3_c3.png,2576,1,94,458,31.5,3
6,3_320x stock m270_4xobj_3_grid_r3_c3.png,2577,1,9,463,31.5,3
6,3_320x stock m270_4xobj_3_grid_r3_c3.png,2578,1,9,456,31.5,3
6,3_320x stock m270_4xobj_3_grid_r3_c3.png,2579,1,11,448,31.5,3
6,3_320x stock m270_4xobj_3_grid_r3_c3.png,2580,1,18,462,46.0,3
6,3_320x stock m270_4xobj_3_grid_r3_c3.png,2581,1,26,452,46.0,3
6,3_320x stock m270_4xobj_3_grid_r3_c3.png,2582,1,29,461,46.0,3
6,3_320x stock m270_4xobj_3_grid_r3_c3.png,2583,1,56,480,46.0,3
6,3_320x stock m270_4xobj_3_grid_r3_c3.png,2584,1,48,478,46.0,3
6,3_320x stock m270_4xobj_3_grid_r3_c3.png,2585,1,50,448,46.0,3
6,3_320x stock m270_4xobj_3_grid_r3_c3.png,2586,1,52,460,46.0,3
6,3_320x stock m270_4xobj_3_grid_r3_c3.png,2587,1,455,394,31.5,3
6,3_320x stock m270_4xobj_3_grid_r3_c3.png,2588,1,314,396,31.5,3
6,3_320x stock m270_4xobj_3_grid_r3_c3.png,2589,1,324,386,31.5,3
6,3_320x stock m270_4xobj_3_grid_r3_c3.png,2590,1,326,358,31.5,3
6,3_320x stock m270_4xobj_3_grid_r3_c3.png,2591,1,325,368,31.5,3
6,3_320x stock m270_4xobj_3_grid_r3_c3.png,2592,1,316,365,31.5,3
6,3_320x stock m270_4xobj_3_grid_r3_c3.png,2593,1,299,361,31.5,3
6,3_320x stock m270_4xobj_3_grid_r3_c3.png,2594,1,307,366,31.5,3
6,3_320x stock m270_4xobj_3_grid_r3_c3.png,2595,1,309,357,31.5,3
6,3_320x stock m270_4xobj_3_grid_r3_c3.png,2596,1,337,423,31.5,3
6,3_320x stock m270_4xobj_3_grid_r3_c3.png,2597,1,345,415,31.5,3
6,3_320x stock m270_4xobj_3_grid_r3_c3.png,2598,1,404,354,31.5,3
6,3_320x stock m270_4xobj_3_grid_r3_c3.png,2599,1,383,497,31.5,3
6,3_320x stock m270_4xobj_3_grid_r3_c3.png,2600,1,377,503,31.5,3
6,3_320x stock m270_4xobj_3_grid_r3_c3.png,2601,1,414,504,31.5,3
6,3_320x stock m270_4xobj_3_grid_r3_c3.png,2602,1,411,494,31.5,3
6,3_320x stock m270_4xobj_3_grid_r3_c3.png,2603,1,211,282,31.5,3
6,3_320x stock m270_4xobj_3_grid_r3_c3.png,2604,1,218,282,31.5,3
6,3_320x stock m270_4xobj_3_grid_r3_c3.png,2605,1,250,363,31.5,3
6,3_320x stock m270_4xobj_3_grid_r3_c3.png,2606,1,248,357,31.5,3
6,3_320x stock m270_4xobj_3_grid_r3_c3.png,2607,1,240,357,31.5,3
6,3_320x stock m270_4xobj_3_grid_r3_c3.png,2608,1,133,328,31.5,3
6,3_320x stock m270_4xobj_3_grid_r3_c3.png,2609,1,185,250,31.5,3
6,3_320x stock m270_4xobj_3_grid_r3_c3.png,2610,1,288,237,31.5,3
6,3_320x stock m270_4xobj_3_grid_r3_c3.png,2611,1,284,247,31.5,3
6,3_320x stock m270_4xobj_3_grid_r3_c3.png,2612,1,277,302,31.5,3
6,3_320x stock m270_4xobj_3_grid_r3_c3.png,2613,1,286,299,31.5,3
6,3_320x stock m270_4xobj_3_grid_r3_c3.png,2614,1,270,241,31.5,3
6,3_320x stock m270_4xobj_3_grid_r3_c3.png,2615,1,266,251,31.5,3
6,3_320x stock m270_4xobj_3_grid_r3_c3.png,2616,1,112,297,31.5,3
6,3_320x stock m270_4xobj_3_grid_r3_c3.png,2617,1,179,292,31.5,3
6,3_320x stock m270_4xobj_3_grid_r3_c3.png,2618,1,183,282,31.5,3
6,3_320x stock m270_4xobj_3_grid_r3_c3.png,2619,1,186,277,31.5,3
6,3_320x stock m270_4xobj_3_grid_r3_c3.png,2620,1,126,272,31.5,3
6,3_320x stock m270_4xobj_3_grid_r3_c3.png,2621,1,134,267,31.5,3
6,3_320x stock m270_4xobj_3_grid_r3_c3.png,2622,1,140,274,31.5,3
6,3_320x stock m270_4xobj_3_grid_r3_c3.png,2623,1,138,259,31.5,3
6,3_320x stock m270_4xobj_3_grid_r3_c3.png,2624,1,41,212,31.5,3
6,3_320x stock m270_4xobj_3_grid_r3_c3.png,2625,1,112,203,31.5,3
6,3_320x stock m270_4xobj_3_grid_r3_c3.png,2626,1,117,206,31.5,3
6,3_320x stock m270_4xobj_3_grid_r3_c3.png,2627,1,128,215,31.5,3
6,3_320x stock m270_4xobj_3_grid_r3_c3.png,2628,1,130,207,31.5,3
6,3_320x stock m270_4xobj_3_grid_r3_c3.png,2629,1,173,200,31.5,3
6,3_320x stock m270_4xobj_3_grid_r3_c3.png,2630,1,181,205,31.5,3
6,3_320x stock m270_4xobj_3_grid_r3_c3.png,2631,1,194,230,31.5,3
6,3_320x stock m270_4xobj_3_grid_r3_c3.png,2632,1,260,204,31.5,3
6,3_320x stock m270_4xobj_3_grid_r3_c3.png,2633,1,251,205,31.5,3
6,3_320x stock m270_4xobj_3_grid_r3_c3.png,2634,1,150,210,31.5,3
6,3_320x stock m270_4xobj_3_grid_r3_c3.png,2635,1,144,219,31.5,3
6,3_320x stock m270_4xobj_3_grid_r3_c3.png,2636,1,49,241,31.5,3
6,3_320x stock m270_4xobj_3_grid_r3_c3.png,2637,1,55,246,31.5,3
6,3_320x stock m270_4xobj_3_grid_r3_c3.png,2638,1,69,267,31.5,3
6,3_320x stock m270_4xobj_3_grid_r3_c3.png,2639,1,39,245,31.5,3
6,3_320x stock m270_4xobj_3_grid_r3_c3.png,2640,1,37,236,31.5,3
6,3_320x stock m270_4xobj_3_grid_r3_c3.png,2641,1,16,241,31.5,3
6,3_320x stock m270_4xobj_3_grid_r3_c3.png,2642,1,15,231,31.5,3
6,3_320x stock m270_4xobj_3_grid_r3_c3.png,2643,1,44,403,31.5,3
6,3_320x stock m270_4xobj_3_grid_r3_c3.png,2644,1,176,357,31.5,3
6,3_320x stock m270_4xobj_3_grid_r3_c3.png,2645,1,170,353,31.5,3
6,3_320x stock m270_4xobj_3_grid_r3_c3.png,2646,1,142,341,31.5,3
6,3_320x stock m270_4xobj_3_grid_r3_c3.png,2647,1,18,385,31.5,3
6,3_320x stock m270_4xobj_3_grid_r3_c3.png,2648,1,29,388,31.5,3
6,3_320x stock m270_4xobj_3_grid_r3_c3.png,2649,1,51,409,31.5,3
6,3_320x stock m270_4xobj_3_grid_r3_c3.png,2650,1,73,393,31.5,3
6,3_320x stock m270_4xobj_3_grid_r3_c3.png,2651,1,66,397,31.5,3
6,3_320x stock m270_4xobj_3_grid_r3_c3.png,2652,1,454,484,190.0,7
6,3_320x stock m270_4xobj_3_grid_r3_c3.png,2653,1,371,145,104.0,5
6,3_320x stock m270_4xobj_3_grid_r3_c3.png,2654,1,178,400,74.5,4
6,3_320x stock m270_4xobj_3_grid_r3_c3.png,2655,1,44,145,74.5,4
6,3_320x stock m270_4xobj_3_grid_r3_c3.png,2656,1,345,45,74.5,4
6,3_320x stock m270_4xobj_3_grid_r3_c3.png,2657,1,496,491,46.0,3
6,3_320x stock m270_4xobj_3_grid_r3_c3.png,2658,1,378,489,31.5,3
6,3_320x stock m270_4xobj_3_grid_r3_c3.png,2659,1,451,384,31.5,3
6,3_320x stock m270_4xobj_3_grid_r3_c3.png,2660,1,191,284,31.5,3
6,3_320x stock m270_4xobj_3_grid_r3_c3.png,2661,1,67,276,31.5,3
6,3_320x stock m270_4xobj_3_grid_r3_c3.png,2662,1,106,41,46.0,3
6,3_320x stock m270_4xobj_3_grid_r3_c3.png,2663,1,182,36,46.0,3
6,3_320x stock m270_4xobj_3_grid_r3_c3.png,2664,1,232,505,31.5,3
6,3_320x stock m270_4xobj_3_grid_r3_c3.png,2665,1,396,480,46.0,3
6,3_320x stock m270_4xobj_3_grid_r3_c3.png,2666,1,369,458,46.0,3
6,3_320x stock m270_4xobj_3_grid_r3_c3.png,2667,1,290,415,248.5,8
6,3_320x stock m270_4xobj_3_grid_r3_c3.png,2668,1,366,373,46.0,3
6,3_320x stock m270_4xobj_3_grid_r3_c3.png,2669,1,127,360,74.5,4
6,3_320x stock m270_4xobj_3_grid_r3_c3.png,2670,1,333,346,31.5,3
6,3_320x stock m270_4xobj_3_grid_r3_c3.png,2671,1,325,308,74.5,4
6,3_320x stock m270_4xobj_3_grid_r3_c3.png,2672,1,189,240,31.5,3
6,3_320x stock m270_4xobj_3_grid_r3_c3.png,2673,1,411,212,46.0,3
6,3_320x stock m270_4xobj_3_grid_r3_c3.png,2674,1,492,204,74.5,4
6,3_320x stock m270_4xobj_3_grid_r3_c3.png,2675,1,360,180,74.5,4
6,3_320x stock m270_4xobj_3_grid_r3_c3.png,2676,1,81,152,74.5,4
6,3_320x stock m270_4xobj_3_grid_r3_c3.png,2677,1,16,123,74.5,4
6,3_320x stock m270_4xobj_3_grid_r3_c3.png,2678,1,293,481,74.5,4
6,3_320x stock m270_4xobj_3_grid_r3_c3.png,2679,1,275,471,31.5,3
6,3_320x stock m270_4xobj_3_grid_r3_c3.png,2680,1,448,441,46.0,3
6,3_320x stock m270_4xobj_3_grid_r3_c3.png,2681,1,158,441,74.5,4
6,3_320x stock m270_4xobj_3_grid_r3_c3.png,2682,1,182,266,74.5,4
6,3_320x stock m270_4xobj_3_grid_r3_c3.png,2683,1,328,157,46.0,3
6,3_320x stock m270_4xobj_3_grid_r3_c3.png,2684,1,4,100,71.0,4
6,3_320x stock m270_4xobj_3_grid_r3_c3.png,2685,1,508,31,27.5,2
6,3_320x stock m270_4xobj_3_grid_r3_c3.png,2686,1,505,15,22.0,2
6,3_320x stock m270_4xobj_3_grid_r3_c3.png,2687,1,393,5,31.5,3
6,3_320x stock m270_4xobj_3_grid_r3_c3.png,2688,1,200,479,74.5,4
6,3_320x stock m270_4xobj_3_grid_r3_c3.png,2689,1,509,472,8.0,1
6,3_320x stock m270_4xobj_3_grid_r3_c3.png,2690,1,372,434,46.0,3
6,3_320x stock m270_4xobj_3_grid_r3_c3.png,2691,1,412,363,31.5,3
6,3_320x stock m270_4xobj_3_grid_r3_c3.png,2692,1,430,319,31.5,3
6,3_320x stock m270_4xobj_3_grid_r3_c3.png,2693,1,495,255,104.0,5
6,3_320x stock m270_4xobj_3_grid_r3_c3.png,2694,1,423,172,31.5,3
6,3_320x stock m270_4xobj_3_grid_r3_c3.png,2695,1,338,156,31.5,3
6,3_320x stock m270_4xobj_3_grid_r3_c3.png,2696,1,459,136,46.0,3
6,3_320x stock m270_4xobj_3_grid_r3_c3.png,2697,1,504,135,31.5,3
6,3_320x stock m270_4xobj_3_grid_r3_c3.png,2698,1,495,127,31.5,3
6,3_320x stock m270_4xobj_3_grid_r3_c3.png,2699,1,304,90,31.5,3
6,3_320x stock m270_4xobj_3_grid_r3_c3.png,2700,1,496,84,31.5,3
6,3_320x stock m270_4xobj_3_grid_r3_c3.png,2701,1,487,76,46.0,3
6,3_320x stock m270_4xobj_3_grid_r3_c3.png,2702,1,479,67,46.0,3
6,3_320x stock m270_4xobj_3_grid_r3_c3.png,2703,1,168,42,31.5,3
6,3_320x stock m270_4xobj_3_grid_r3_c3.png,2704,1,502,42,46.0,3
6,3_320x stock m270_4xobj_3_grid_r3_c3.png,2705,1,195,38,31.5,3
6,3_320x stock m270_4xobj_3_grid_r3_c3.png,2706,1,458,23,31.5,3
6,3_320x stock m270_4xobj_3_grid_r3_c3.png,2707,1,492,19,31.5,3
6,3_320x stock m270_4xobj_3_grid_r3_c3.png,2708,1,258,486,74.5,4
6,3_320x stock m270_4xobj_3_grid_r3_c3.png,2709,1,446,473,31.5,3
6,3_320x stock m270_4xobj_3_grid_r3_c3.png,2710,1,229,449,74.5,4
6,3_320x stock m270_4xobj_3_grid_r3_c3.png,2711,1,216,357,74.5,4
6,3_320x stock m270_4xobj_3_grid_r3_c3.png,2712,1,455,337,46.0,3
6,3_320x stock m270_4xobj_3_grid_r3_c3.png,2713,1,499,309,31.5,3
6,3_320x stock m270_4xobj_3_grid_r3_c3.png,2714,1,117,303,31.5,3
6,3_320x stock m270_4xobj_3_grid_r3_c3.png,2715,1,377,266,46.0,3
6,3_320x stock m270_4xobj_3_grid_r3_c3.png,2716,1,454,265,46.0,3
6,3_320x stock m270_4xobj_3_grid_r3_c3.png,2717,1,228,259,31.5,3
6,3_320x stock m270_4xobj_3_grid_r3_c3.png,2718,1,371,252,46.0,3
6,3_320x stock m270_4xobj_3_grid_r3_c3.png,2719,1,388,235,46.0,3
6,3_320x stock m270_4xobj_3_grid_r3_c3.png,2720,1,498,229,31.5,3
6,3_320x stock m270_4xobj_3_grid_r3_c3.png,2721,1,422,200,31.5,3
6,3_320x stock m270_4xobj_3_grid_r3_c3.png,2722,1,479,200,46.0,3
6,3_320x stock m270_4xobj_3_grid_r3_c3.png,2723,1,485,176,31.5,3
6,3_320x stock m270_4xobj_3_grid_r3_c3.png,2724,1,188,174,31.5,3
6,3_320x stock m270_4xobj_3_grid_r3_c3.png,2725,1,305,167,31.5,3
6,3_320x stock m270_4xobj_3_grid_r3_c3.png,2726,1,193,163,31.5,3
6,3_320x stock m270_4xobj_3_grid_r3_c3.png,2727,1,467,147,46.0,3
6,3_320x stock m270_4xobj_3_grid_r3_c3.png,2728,1,396,139,46.0,3
6,3_320x stock m270_4xobj_3_grid_r3_c3.png,2729,1,322,130,46.0,3
6,3_320x stock m270_4xobj_3_grid_r3_c3.png,2730,1,310,129,46.0,3
6,3_320x stock m270_4xobj_3_grid_r3_c3.png,2731,1,245,122,46.0,3
6,3_320x stock m270_4xobj_3_grid_r3_c3.png,2732,1,445,114,31.5,3
6,3_320x stock m270_4xobj_3_grid_r3_c3.png,2733,1,308,114,31.5,3
6,3_320x stock m270_4xobj_3_grid_r3_c3.png,2734,1,338,109,46.0,3
6,3_320x stock m270_4xobj_3_grid_r3_c3.png,2735,1,476,109,31.5,3
6,3_320x stock m270_4xobj_3_grid_r3_c3.png,2736,1,505,100,46.0,3
6,3_320x stock m270_4xobj_3_grid_r3_c3.png,2737,1,245,95,46.0,3
6,3_320x stock m270_4xobj_3_grid_r3_c3.png,2738,1,476,91,46.0,3
6,3_320x stock m270_4xobj_3_grid_r3_c3.png,2739,1,370,89,46.0,3
6,3_320x stock m270_4xobj_3_grid_r3_c3.png,2740,1,304,79,31.5,3
6,3_320x stock m270_4xobj_3_grid_r3_c3.png,2741,1,363,65,31.5,3
6,3_320x stock m270_4xobj_3_grid_r3_c3.png,2742,1,319,64,46.0,3
6,3_320x stock m270_4xobj_3_grid_r3_c3.png,2743,1,463,63,46.0,3
6,3_320x stock m270_4xobj_3_grid_r3_c3.png,2744,1,288,59,46.0,3
6,3_320x stock m270_4xobj_3_grid_r3_c3.png,2745,1,208,58,31.5,3
6,3_320x stock m270_4xobj_3_grid_r3_c3.png,2746,1,379,51,46.0,3
6,3_320x stock m270_4xobj_3_grid_r3_c3.png,2747,1,181,51,31.5,3
6,3_320x stock m270_4xobj_3_grid_r3_c3.png,2748,1,249,45,46.0,3
6,3_320x stock m270_4xobj_3_grid_r3_c3.png,2749,1,158,43,46.0,3
6,3_320x stock m270_4xobj_3_grid_r3_c3.png,2750,1,312,42,46.0,3
6,3_320x stock m270_4xobj_3_grid_r3_c3.png,2751,1,217,40,31.5,3
6,3_320x stock m270_4xobj_3_grid_r3_c3.png,2752,1,351,32,31.5,3
6,3_320x stock m270_4xobj_3_grid_r3_c3.png,2753,1,421,25,46.0,3
6,3_320x stock m270_4xobj_3_grid_r3_c3.png,2754,1,440,24,46.0,3
6,3_320x stock m270_4xobj_3_grid_r3_c3.png,2755,1,405,22,74.5,4
6,3_320x stock m270_4xobj_3_grid_r3_c3.png,2756,1,266,17,31.5,3
6,3_320x stock m270_4xobj_3_grid_r3_c3.png,2757,1,239,13,46.0,3
6,3_320x stock m270_4xobj_3_grid_r3_c3.png,2758,1,480,11,46.0,3
6,3_320x stock m270_4xobj_3_grid_r3_c3.png,2759,1,456,10,46.0,3
6,3_320x stock m270_4xobj_3_grid_r3_c3.png,2760,1,116,8,46.0,3
6,3_320x stock m270_4xobj_3_grid_r3_c3.png,2761,1,498,475,46.0,3
6,3_320x stock m270_4xobj_3_grid_r3_c3.png,2762,1,360,472,46.0,3
6,3_320x stock m270_4xobj_3_grid_r3_c3.png,2763,1,465,472,31.5,3
6,3_320x stock m270_4xobj_3_grid_r3_c3.png,2764,1,507,462,31.5,3
6,3_320x stock m270_4xobj_3_grid_r3_c3.png,2765,1,500,447,104.0,5
6,3_320x stock m270_4xobj_3_grid_r3_c3.png,2766,1,186,443,31.5,3
6,3_320x stock m270_4xobj_3_grid_r3_c3.png,2767,1,15,436,74.5,4
6,3_320x stock m270_4xobj_3_grid_r3_c3.png,2768,1,407,381,31.5,3
6,3_320x stock m270_4xobj_3_grid_r3_c3.png,2769,1,506,380,74.5,4
6,3_320x stock m270_4xobj_3_grid_r3_c3.png,2770,1,462,369,46.0,3
6,3_320x stock m270_4xobj_3_grid_r3_c3.png,2771,1,496,366,31.5,3
6,3_320x stock m270_4xobj_3_grid_r3_c3.png,2772,1,489,364,46.0,3
6,3_320x stock m270_4xobj_3_grid_r3_c3.png,2773,1,367,360,46.0,3
6,3_320x stock m270_4xobj_3_grid_r3_c3.png,2774,1,433,352,46.0,3
6,3_320x stock m270_4xobj_3_grid_r3_c3.png,2775,1,437,340,46.0,3
6,3_320x stock m270_4xobj_3_grid_r3_c3.png,2776,1,423,336,46.0,3
6,3_320x stock m270_4xobj_3_grid_r3_c3.png,2777,1,467,326,46.0,3
6,3_320x stock m270_4xobj_3_grid_r3_c3.png,2778,1,313,323,31.5,3
6,3_320x stock m270_4xobj_3_grid_r3_c3.png,2779,1,91,311,74.5,4
6,3_320x stock m270_4xobj_3_grid_r3_c3.png,2780,1,148,286,46.0,3
6,3_320x stock m270_4xobj_3_grid_r3_c3.png,2781,1,353,282,31.5,3
6,3_320x stock m270_4xobj_3_grid_r3_c3.png,2782,1,396,281,46.0,3
6,3_320x stock m270_4xobj_3_grid_r3_c3.png,2783,1,117,280,46.0,3
6,3_320x stock m270_4xobj_3_grid_r3_c3.png,2784,1,380,280,46.0,3
6,3_320x stock m270_4xobj_3_grid_r3_c3.png,2785,1,492,275,46.0,3
6,3_320x stock m270_4xobj_3_grid_r3_c3.png,2786,1,420,274,46.0,3
6,3_320x stock m270_4xobj_3_grid_r3_c3.png,2787,1,431,260,46.0,3
6,3_320x stock m270_4xobj_3_grid_r3_c3.png,2788,1,446,251,46.0,3
6,3_320x stock m270_4xobj_3_grid_r3_c3.png,2789,1,380,248,46.0,3
6,3_320x stock m270_4xobj_3_grid_r3_c3.png,2790,1,165,245,31.5,3
6,3_320x stock m270_4xobj_3_grid_r3_c3.png,2791,1,316,245,46.0,3
6,3_320x stock m270_4xobj_3_grid_r3_c3.png,2792,1,400,242,46.0,3
6,3_320x stock m270_4xobj_3_grid_r3_c3.png,2793,1,426,239,46.0,3
6,3_320x stock m270_4xobj_3_grid_r3_c3.png,2794,1,263,231,46.0,3
6,3_320x stock m270_4xobj_3_grid_r3_c3.png,2795,1,175,232,46.0,3
6,3_320x stock m270_4xobj_3_grid_r3_c3.png,2796,1,335,227,46.0,3
6,3_320x stock m270_4xobj_3_grid_r3_c3.png,2797,1,42,226,31.5,3
6,3_320x stock m270_4xobj_3_grid_r3_c3.png,2798,1,396,222,46.0,3
6,3_320x stock m270_4xobj_3_grid_r3_c3.png,2799,1,285,217,46.0,3
6,3_320x stock m270_4xobj_3_grid_r3_c3.png,2800,1,329,207,46.0,3
6,3_320x stock m270_4xobj_3_grid_r3_c3.png,2801,1,304,201,31.5,3
6,3_320x stock m270_4xobj_3_grid_r3_c3.png,2802,1,458,195,74.5,4
6,3_320x stock m270_4xobj_3_grid_r3_c3.png,2803,1,354,193,31.5,3
6,3_320x stock m270_4xobj_3_grid_r3_c3.png,2804,1,328,190,46.0,3
6,3_320x stock m270_4xobj_3_grid_r3_c3.png,2805,1,345,183,46.0,3
6,3_320x stock m270_4xobj_3_grid_r3_c3.png,2806,1,221,182,46.0,3
6,3_320x stock m270_4xobj_3_grid_r3_c3.png,2807,1,239,180,46.0,3
6,3_320x stock m270_4xobj_3_grid_r3_c3.png,2808,1,147,180,31.5,3
6,3_320x stock m270_4xobj_3_grid_r3_c3.png,2809,1,65,179,46.0,3
6,3_320x stock m270_4xobj_3_grid_r3_c3.png,2810,1,268,177,46.0,3
6,3_320x stock m270_4xobj_3_grid_r3_c3.png,2811,1,279,175,46.0,3
6,3_320x stock m270_4xobj_3_grid_r3_c3.png,2812,1,402,174,46.0,3
6,3_320x stock m270_4xobj_3_grid_r3_c3.png,2813,1,151,168,31.5,3
6,3_320x stock m270_4xobj_3_grid_r3_c3.png,2814,1,233,165,31.5,3
6,3_320x stock m270_4xobj_3_grid_r3_c3.png,2815,1,349,150,46.0,3
6,3_320x stock m270_4xobj_3_grid_r3_c3.png,2816,1,382,144,46.0,3
6,3_320x stock m270_4xobj_3_grid_r3_c3.png,2817,1,54,142,31.5,3
6,3_320x stock m270_4xobj_3_grid_r3_c3.png,2818,1,94,137,31.5,3
6,3_320x stock m270_4xobj_3_grid_r3_c3.png,2819,1,258,139,46.0,3
6,3_320x stock m270_4xobj_3_grid_r3_c3.png,2820,1,243,139,46.0,3
6,3_320x stock m270_4xobj_3_grid_r3_c3.png,2821,1,232,138,46.0,3
6,3_320x stock m270_4xobj_3_grid_r3_c3.png,2822,1,432,133,46.0,3
6,3_320x stock m270_4xobj_3_grid_r3_c3.png,2823,1,477,131,46.0,3
6,3_320x stock m270_4xobj_3_grid_r3_c3.png,2824,1,263,124,46.0,3
6,3_320x stock m270_4xobj_3_grid_r3_c3.png,2825,1,86,121,46.0,3
6,3_320x stock m270_4xobj_3_grid_r3_c3.png,2826,1,64,117,46.0,3
6,3_320x stock m270_4xobj_3_grid_r3_c3.png,2827,1,26,116,46.0,3
6,3_320x stock m270_4xobj_3_grid_r3_c3.png,2828,1,208,114,74.5,4
6,3_320x stock m270_4xobj_3_grid_r3_c3.png,2829,1,280,112,46.0,3
6,3_320x stock m270_4xobj_3_grid_r3_c3.png,2830,1,255,103,46.0,3
6,3_320x stock m270_4xobj_3_grid_r3_c3.png,2831,1,62,100,46.0,3
6,3_320x stock m270_4xobj_3_grid_r3_c3.png,2832,1,22,94,46.0,3
6,3_320x stock m270_4xobj_3_grid_r3_c3.png,2833,1,342,93,46.0,3
6,3_320x stock m270_4xobj_3_grid_r3_c3.png,2834,1,106,92,31.5,3
6,3_320x stock m270_4xobj_3_grid_r3_c3.png,2835,1,129,82,31.5,3
6,3_320x stock m270_4xobj_3_grid_r3_c3.png,2836,1,118,80,46.0,3
6,3_320x stock m270_4xobj_3_grid_r3_c3.png,2837,1,262,77,74.5,4
6,3_320x stock m270_4xobj_3_grid_r3_c3.png,2838,1,200,74,46.0,3
6,3_320x stock m270_4xobj_3_grid_r3_c3.png,2839,1,157,73,46.0,3
6,3_320x stock m270_4xobj_3_grid_r3_c3.png,2840,1,144,67,31.5,3
6,3_320x stock m270_4xobj_3_grid_r3_c3.png,2841,1,238,40,46.0,3
6,3_320x stock m270_4xobj_3_grid_r3_c3.png,2842,1,132,37,46.0,3
6,3_320x stock m270_4xobj_3_grid_r3_c3.png,2843,1,64,38,46.0,3
6,3_320x stock m270_4xobj_3_grid_r3_c3.png,2844,1,170,29,31.5,3
6,3_320x stock m270_4xobj_3_grid_r3_c3.png,2845,1,132,22,46.0,3
6,3_320x stock m270_4xobj_3_grid_r3_c3.png,2846,1,99,12,46.0,3
6,3_320x stock m270_4xobj_3_grid_r3_c3.png,2847,1,338,507,31.5,3
6,3_320x stock m270_4xobj_3_grid_r3_c3.png,2848,1,361,506,31.5,3
6,3_320x stock m270_4xobj_3_grid_r3_c3.png,2849,1,209,503,74.5,4
6,3_320x stock m270_4xobj_3_grid_r3_c3.png,2850,1,482,497,31.5,3
6,3_320x stock m270_4xobj_3_grid_r3_c3.png,2851,1,248,496,31.5,3
6,3_320x stock m270_4xobj_3_grid_r3_c3.png,2852,1,427,491,46.0,3
6,3_320x stock m270_4xobj_3_grid_r3_c3.png,2853,1,394,490,46.0,3
6,3_320x stock m270_4xobj_3_grid_r3_c3.png,2854,1,507,485,46.0,3
6,3_320x stock m270_4xobj_3_grid_r3_c3.png,2855,1,244,483,31.5,3
6,3_320x stock m270_4xobj_3_grid_r3_c3.png,2856,1,344,478,46.0,3
6,3_320x stock m270_4xobj_3_grid_r3_c3.png,2857,1,476,472,46.0,3
6,3_320x stock m270_4xobj_3_grid_r3_c3.png,2858,1,381,470,46.0,3
6,3_320x stock m270_4xobj_3_grid_r3_c3.png,2859,1,434,466,46.0,3
6,3_320x stock m270_4xobj_3_grid_r3_c3.png,2860,1,393,462,46.0,3
6,3_320x stock m270_4xobj_3_grid_r3_c3.png,2861,1,431,454,31.5,3
6,3_320x stock m270_4xobj_3_grid_r3_c3.png,2862,1,367,446,31.5,3
6,3_320x stock m270_4xobj_3_grid_r3_c3.png,2863,1,172,440,31.5,3
6,3_320x stock m270_4xobj_3_grid_r3_c3.png,2864,1,476,437,74.5,4
6,3_320x stock m270_4xobj_3_grid_r3_c3.png,2865,1,363,418,46.0,3
6,3_320x stock m270_4xobj_3_grid_r3_c3.png,2866,1,478,416,46.0,3
6,3_320x stock m270_4xobj_3_grid_r3_c3.png,2867,1,438,414,46.0,3
6,3_320x stock m270_4xobj_3_grid_r3_c3.png,2868,1,63,407,31.5,3
6,3_320x stock m270_4xobj_3_grid_r3_c3.png,2869,1,251,404,46.0,3
6,3_320x stock m270_4xobj_3_grid_r3_c3.png,2870,1,167,397,31.5,3
6,3_320x stock m270_4xobj_3_grid_r3_c3.png,2871,1,55,398,31.5,3
6,3_320x stock m270_4xobj_3_grid_r3_c3.png,2872,1,293,392,46.0,3
6,3_320x stock m270_4xobj_3_grid_r3_c3.png,2873,1,239,389,31.5,3
6,3_320x stock m270_4xobj_3_grid_r3_c3.png,2874,1,341,379,46.0,3
6,3_320x stock m270_4xobj_3_grid_r3_c3.png,2875,1,208,377,46.0,3
6,3_320x stock m270_4xobj_3_grid_r3_c3.png,2876,1,126,375,31.5,3
6,3_320x stock m270_4xobj_3_grid_r3_c3.png,2877,1,439,373,74.5,4
6,3_320x stock m270_4xobj_3_grid_r3_c3.png,2878,1,283,362,46.0,3
6,3_320x stock m270_4xobj_3_grid_r3_c3.png,2879,1,392,359,74.5,4
6,3_320x stock m270_4xobj_3_grid_r3_c3.png,2880,1,379,351,31.5,3
6,3_320x stock m270_4xobj_3_grid_r3_c3.png,2881,1,300,351,31.5,3
6,3_320x stock m270_4xobj_3_grid_r3_c3.png,2882,1,122,349,46.0,3
6,3_320x stock m270_4xobj_3_grid_r3_c3.png,2883,1,466,344,74.5,4
6,3_320x stock m270_4xobj_3_grid_r3_c3.png,2884,1,209,342,46.0,3
6,3_320x stock m270_4xobj_3_grid_r3_c3.png,2885,1,348,340,46.0,3
6,3_320x stock m270_4xobj_3_grid_r3_c3.png,2886,1,272,338,46.0,3
6,3_320x stock m270_4xobj_3_grid_r3_c3.png,2887,1,247,333,46.0,3
6,3_320x stock m270_4xobj_3_grid_r3_c3.png,2888,1,174,333,46.0,3
6,3_320x stock m270_4xobj_3_grid_r3_c3.png,2889,1,286,325,46.0,3
6,3_320x stock m270_4xobj_3_grid_r3_c3.png,2890,1,301,322,46.0,3
6,3_320x stock m270_4xobj_3_grid_r3_c3.png,2891,1,240,321,46.0,3
6,3_320x stock m270_4xobj_3_grid_r3_c3.png,2892,1,256,318,74.5,4
6,3_320x stock m270_4xobj_3_grid_r3_c3.png,2893,1,114,316,46.0,3
6,3_320x stock m270_4xobj_3_grid_r3_c3.png,2894,1,76,313,31.5,3
6,3_320x stock m270_4xobj_3_grid_r3_c3.png,2895,1,164,310,31.5,3
6,3_320x stock m270_4xobj_3_grid_r3_c3.png,2896,1,54,299,31.5,3
6,3_320x stock m270_4xobj_3_grid_r3_c3.png,2897,1,260,295,46.0,3
6,3_320x stock m270_4xobj_3_grid_r3_c3.png,2898,1,134,291,46.0,3
6,3_320x stock m270_4xobj_3_grid_r3_c3.png,2899,1,275,289,46.0,3
6,3_320x stock m270_4xobj_3_grid_r3_c3.png,2900,1,366,282,46.0,3
6,3_320x stock m270_4xobj_3_grid_r3_c3.png,2901,1,281,271,46.0,3
6,3_320x stock m270_4xobj_3_grid_r3_c3.png,2902,1,167,270,46.0,3
6,3_320x stock m270_4xobj_3_grid_r3_c3.png,2903,1,54,269,46.0,3
6,3_320x stock m270_4xobj_3_grid_r3_c3.png,2904,1,335,267,74.5,4
6,3_320x stock m270_4xobj_3_grid_r3_c3.png,2905,1,220,266,46.0,3
6,3_320x stock m270_4xobj_3_grid_r3_c3.png,2906,1,155,259,46.0,3
6,3_320x stock m270_4xobj_3_grid_r3_c3.png,2907,1,41,255,31.5,3
6,3_320x stock m270_4xobj_3_grid_r3_c3.png,2908,1,402,254,46.0,3
6,3_320x stock m270_4xobj_3_grid_r3_c3.png,2909,1,327,250,46.0,3
6,3_320x stock m270_4xobj_3_grid_r3_c3.png,2910,1,141,245,46.0,3
6,3_320x stock m270_4xobj_3_grid_r3_c3.png,2911,1,79,241,46.0,3
6,3_320x stock m270_4xobj_3_grid_r3_c3.png,2912,1,306,224,74.5,4
6,3_320x stock m270_4xobj_3_grid_r3_c3.png,2913,1,238,221,46.0,3
6,3_320x stock m270_4xobj_3_grid_r3_c3.png,2914,1,81,221,46.0,3
6,3_320x stock m270_4xobj_3_grid_r3_c3.png,2915,1,270,220,74.5,4
6,3_320x stock m270_4xobj_3_grid_r3_c3.png,2916,1,70,217,46.0,3
6,3_320x stock m270_4xobj_3_grid_r3_c3.png,2917,1,51,217,31.5,3
6,3_320x stock m270_4xobj_3_grid_r3_c3.png,2918,1,183,217,46.0,3
6,3_320x stock m270_4xobj_3_grid_r3_c3.png,2919,1,168,217,46.0,3
6,3_320x stock m270_4xobj_3_grid_r3_c3.png,2920,1,378,206,46.0,3
6,3_320x stock m270_4xobj_3_grid_r3_c3.png,2921,1,98,203,31.5,3
6,3_320x stock m270_4xobj_3_grid_r3_c3.png,2922,1,77,199,46.0,3
6,3_320x stock m270_4xobj_3_grid_r3_c3.png,2923,1,3,197,43.0,3
6,3_320x stock m270_4xobj_3_grid_r3_c3.png,2924,1,28,193,46.0,3
6,3_320x stock m270_4xobj_3_grid_r3_c3.png,2925,1,137,192,46.0,3
6,3_320x stock m270_4xobj_3_grid_r3_c3.png,2926,1,14,192,46.0,3
6,3_320x stock m270_4xobj_3_grid_r3_c3.png,2927,1,29,178,46.0,3
6,3_320x stock m270_4xobj_3_grid_r3_c3.png,2928,1,48,172,46.0,3
6,3_320x stock m270_4xobj_3_grid_r3_c3.png,2929,1,29,163,46.0,3
6,3_320x stock m270_4xobj_3_grid_r3_c3.png,2930,1,89,163,46.0,3
6,3_320x stock m270_4xobj_3_grid_r3_c3.png,2931,1,184,146,46.0,3
6,3_320x stock m270_4xobj_3_grid_r3_c3.png,2932,1,23,145,46.0,3
6,3_320x stock m270_4xobj_3_grid_r3_c3.png,2933,1,11,84,46.0,3
6,3_320x stock m270_4xobj_3_grid_r3_c3.png,2934,1,40,64,46.0,3
6,3_320x stock m270_4xobj_3_grid_r3_c3.png,2935,1,8,57,46.0,3
6,3_320x stock m270_4xobj_3_grid_r3_c3.png,2936,1,268,32,46.0,3
6,3_320x stock m270_4xobj_3_grid_r3_c3.png,2937,1,49,21,46.0,3
6,3_320x stock m270_4xobj_3_grid_r3_c3.png,2938,1,282,503,46.0,3
6,3_320x stock m270_4xobj_3_grid_r3_c3.png,2939,1,130,496,31.5,3
6,3_320x stock m270_4xobj_3_grid_r3_c3.png,2940,1,141,493,46.0,3
6,3_320x stock m270_4xobj_3_grid_r3_c3.png,2941,1,314,490,46.0,3
6,3_320x stock m270_4xobj_3_grid_r3_c3.png,2942,1,258,473,31.5,3
6,3_320x stock m270_4xobj_3_grid_r3_c3.png,2943,1,310,463,46.0,3
6,3_320x stock m270_4xobj_3_grid_r3_c3.png,2944,1,245,463,46.0,3
6,3_320x stock m270_4xobj_3_grid_r3_c3.png,2945,1,330,461,74.5,4
6,3_320x stock m270_4xobj_3_grid_r3_c3.png,2946,1,137,450,31.5,3
6,3_320x stock m270_4xobj_3_grid_r3_c3.png,2947,1,302,448,46.0,3
6,3_320x stock m270_4xobj_3_grid_r3_c3.png,2948,1,91,445,46.0,3
6,3_320x stock m270_4xobj_3_grid_r3_c3.png,2949,1,324,442,46.0,3
6,3_320x stock m270_4xobj_3_grid_r3_c3.png,2950,1,263,437,46.0,3
6,3_320x stock m270_4xobj_3_grid_r3_c3.png,2951,1,171,430,31.5,3
6,3_320x stock m270_4xobj_3_grid_r3_c3.png,2952,1,13,404,31.5,3
6,3_320x stock m270_4xobj_3_grid_r3_c3.png,2953,1,235,401,46.0,3
6,3_320x stock m270_4xobj_3_grid_r3_c3.png,2954,1,224,400,74.5,4
6,3_320x stock m270_4xobj_3_grid_r3_c3.png,2955,1,22,397,31.5,3
6,3_320x stock m270_4xobj_3_grid_r3_c3.png,2956,1,280,395,46.0,3
6,3_320x stock m270_4xobj_3_grid_r3_c3.png,2957,1,415,394,46.0,3
6,3_320x stock m270_4xobj_3_grid_r3_c3.png,2958,1,114,392,46.0,3
6,3_320x stock m270_4xobj_3_grid_r3_c3.png,2959,1,82,392,31.5,3
6,3_320x stock m270_4xobj_3_grid_r3_c3.png,2960,1,59,384,31.5,3
6,3_320x stock m270_4xobj_3_grid_r3_c3.png,2961,1,227,382,46.0,3
6,3_320x stock m270_4xobj_3_grid_r3_c3.png,2962,1,177,382,46.0,3
6,3_320x stock m270_4xobj_3_grid_r3_c3.png,2963,1,137,380,46.0,3
6,3_320x stock m270_4xobj_3_grid_r3_c3.png,2964,1,282,373,31.5,3
6,3_320x stock m270_4xobj_3_grid_r3_c3.png,2965,1,139,365,46.0,3
6,3_320x stock m270_4xobj_3_grid_r3_c3.png,2966,1,66,361,46.0,3
6,3_320x stock m270_4xobj_3_grid_r3_c3.png,2967,1,112,339,46.0,3
6,3_320x stock m270_4xobj_3_grid_r3_c3.png,2968,1,20,331,46.0,3
6,3_320x stock m270_4xobj_3_grid_r3_c3.png,2969,1,179,318,46.0,3
6,3_320x stock m270_4xobj_3_grid_r3_c3.png,2970,1,54,311,46.0,3
6,3_320x stock m270_4xobj_3_grid_r3_c3.png,2971,1,225,298,46.0,3
6,3_320x stock m270_4xobj_3_grid_r3_c3.png,2972,1,156,297,46.0,3
6,3_320x stock m270_4xobj_3_grid_r3_c3.png,2973,1,108,286,46.0,3
6,3_320x stock m270_4xobj_3_grid_r3_c3.png,2974,1,258,278,46.0,3
6,3_320x stock m270_4xobj_3_grid_r3_c3.png,2975,1,96,251,46.0,3
6,3_320x stock m270_4xobj_3_grid_r3_c3.png,2976,1,127,169,46.0,3
6,3_320x stock m270_4xobj_3_grid_r3_c3.png,2977,1,392,168,46.0,3
6,3_320x stock m270_4xobj_3_grid_r3_c3.png,2978,1,372,20,147.5,6
6,3_320x stock m270_4xobj_3_grid_r3_c3.png,2979,1,163,507,31.5,3
6,3_320x stock m270_4xobj_3_grid_r3_c3.png,2980,1,18,506,31.5,3
6,3_320x stock m270_4xobj_3_grid_r3_c3.png,2981,1,68,493,31.5,3
6,3_320x stock m270_4xobj_3_grid_r3_c3.png,2982,1,189,492,46.0,3
6,3_320x stock m270_4xobj_3_grid_r3_c3.png,2983,1,12,487,46.0,3
6,3_320x stock m270_4xobj_3_grid_r3_c3.png,2984,1,104,485,46.0,3
6,3_320x stock m270_4xobj_3_grid_r3_c3.png,2985,1,78,477,31.5,3
6,3_320x stock m270_4xobj_3_grid_r3_c3.png,2986,1,170,471,46.0,3
6,3_320x stock m270_4xobj_3_grid_r3_c3.png,2987,1,42,441,46.0,3
6,3_320x stock m270_4xobj_3_grid_r3_c3.png,2988,1,120,428,46.0,3
6,3_320x stock m270_4xobj_3_grid_r3_c3.png,2989,1,252,427,74.5,4
6,3_320x stock m270_4xobj_3_grid_r3_c3.png,2990,1,198,419,46.0,3
6,3_320x stock m270_4xobj_3_grid_r3_c3.png,2991,1,228,418,31.5,3
6,3_320x stock m270_4xobj_3_grid_r3_c3.png,2992,1,19,301,46.0,3
6,3_320x stock m270_4xobj_3_grid_r3_c3.png,2993,1,24,488,46.0,3
6,3_320x stock m270_4xobj_3_grid_r3_c3.png,2994,1,94,357,46.0,3
6,3_320x stock m270_4xobj_3_grid_r3_c3.png,2995,1,30,321,46.0,3
7,3_320x stock m270_4xobj_3_grid_r3_c4.png,2996,1,80,370,74.5,4
7,3_320x stock m270_4xobj_3_grid_r3_c4.png,2997,1,261,462,31.5,3
7,3_320x stock m270_4xobj_3_grid_r3_c4.png,2998,1,262,470,31.5,3
7,3_320x stock m270_4xobj_3_grid_r3_c4.png,2999,1,284,442,31.5,3
7,3_320x stock m270_4xobj_3_grid_r3_c4.png,3000,1,288,435,31.5,3
7,3_320x stock m270_4xobj_3_grid_r3_c4.png,3001,1,69,504,31.5,3
7,3_320x stock m270_4xobj_3_grid_r3_c4.png,3002,1,103,505,31.5,3
7,3_320x stock m270_4xobj_3_grid_r3_c4.png,3003,1,96,495,31.5,3
7,3_320x stock m270_4xobj_3_grid_r3_c4.png,3004,1,73,471,31.5,3
7,3_320x stock m270_4xobj_3_grid_r3_c4.png,3005,1,71,462,31.5,3
7,3_320x stock m270_4xobj_3_grid_r3_c4.png,3006,1,125,377,31.5,3
7,3_320x stock m270_4xobj_3_grid_r3_c4.png,3007,1,127,387,31.5,3
7,3_320x stock m270_4xobj_3_grid_r3_c4.png,3008,1,94,406,31.5,3
7,3_320x stock m270_4xobj_3_grid_r3_c4.png,3009,1,90,410,31.5,3
7,3_320x stock m270_4xobj_3_grid_r3_c4.png,3010,1,198,386,31.5,3
7,3_320x stock m270_4xobj_3_grid_r3_c4.png,3011,1,180,387,31.5,3
7,3_320x stock m270_4xobj_3_grid_r3_c4.png,3012,1,189,386,31.5,3
7,3_320x stock m270_4xobj_3_grid_r3_c4.png,3013,1,230,444,31.5,3
7,3_320x stock m270_4xobj_3_grid_r3_c4.png,3014,1,220,446,31.5,3
7,3_320x stock m270_4xobj_3_grid_r3_c4.png,3015,1,225,454,31.5,3
7,3_320x stock m270_4xobj_3_grid_r3_c4.png,3016,1,211,469,31.5,3
7,3_320x stock m270_4xobj_3_grid_r3_c4.png,3017,1,219,473,31.5,3
7,3_320x stock m270_4xobj_3_grid_r3_c4.png,3018,1,217,481,31.5,3
7,3_320x stock m270_4xobj_3_grid_r3_c4.png,3019,1,246,507,31.5,3
7,3_320x stock m270_4xobj_3_grid_r3_c4.png,3020,1,452,509,20.5,2
7,3_320x stock m270_4xobj_3_grid_r3_c4.png,3021,1,452,504,31.5,3
7,3_320x stock m270_4xobj_3_grid_r3_c4.png,3022,1,374,462,31.5,3
7,3_320x stock m270_4xobj_3_grid_r3_c4.png,3023,1,371,452,31.5,3
7,3_320x stock m270_4xobj_3_grid_r3_c4.png,3024,1,415,456,31.5,3
7,3_320x stock m270_4xobj_3_grid_r3_c4.png,3025,1,396,482,31.5,3
7,3_320x stock m270_4xobj_3_grid_r3_c4.png,3026,1,401,489,31.5,3
7,3_320x stock m270_4xobj_3_grid_r3_c4.png,3027,1,338,421,31.5,3
7,3_320x stock m270_4xobj_3_grid_r3_c4.png,3028,1,341,411,31.5,3
7,3_320x stock m270_4xobj_3_grid_r3_c4.png,3029,1,508,448,27.5,2
7,3_320x stock m270_4xobj_3_grid_r3_c4.png,3030,1,471,404,31.5,3
7,3_320x stock m270_4xobj_3_grid_r3_c4.png,3031,1,480,407,31.5,3
7,3_320x stock m270_4xobj_3_grid_r3_c4.png,3032,1,401,283,31.5,3
7,3_320x stock m270_4xobj_3_grid_r3_c4.png,3033,1,465,302,31.5,3
7,3_320x stock m270_4xobj_3_grid_r3_c4.png,3034,1,475,303,31.5,3
7,3_320x stock m270_4xobj_3_grid_r3_c4.png,3035,1,381,45,31.5,3
7,3_320x stock m270_4xobj_3_grid_r3_c4.png,3036,1,375,35,31.5,3
7,3_320x stock m270_4xobj_3_grid_r3_c4.png,3037,1,434,90,31.5,3
7,3_320x stock m270_4xobj_3_grid_r3_c4.png,3038,1,428,82,31.5,3
7,3_320x stock m270_4xobj_3_grid_r3_c4.png,3039,1,353,114,31.5,3
7,3_320x stock m270_4xobj_3_grid_r3_c4.png,3040,1,357,107,31.5,3
7,3_320x stock m270_4xobj_3_grid_r3_c4.png,3041,1,375,106,31.5,3
7,3_320x stock m270_4xobj_3_grid_r3_c4.png,3042,1,367,102,31.5,3
7,3_320x stock m270_4xobj_3_grid_r3_c4.png,3043,1,417,82,31.5,3
7,3_320x stock m270_4xobj_3_grid_r3_c4.png,3044,1,418,91,31.5,3
7,3_320x stock m270_4xobj_3_grid_r3_c4.png,3045,1,245,83,31.5,3
7,3_320x stock m270_4xobj_3_grid_r3_c4.png,3046,1,250,89,31.5,3
7,3_320x stock m270_4xobj_3_grid_r3_c4.png,3047,1,200,69,31.5,3
7,3_320x stock m270_4xobj_3_grid_r3_c4.png,3048,1,202,62,31.5,3
7,3_320x stock m270_4xobj_3_grid_r3_c4.png,3049,1,96,21,31.5,3
7,3_320x stock m270_4xobj_3_grid_r3_c4.png,3050,1,101,23,31.5,3
7,3_320x stock m270_4xobj_3_grid_r3_c4.png,3051,1,108,26,31.5,3
7,3_320x stock m270_4xobj_3_grid_r3_c4.png,3052,1,120,38,31.5,3
7,3_320x stock m270_4xobj_3_grid_r3_c4.png,3053,1,120,48,31.5,3
7,3_320x stock m270_4xobj_3_grid_r3_c4.png,3054,1,148,80,31.5,3
7,3_320x stock m270_4xobj_3_grid_r3_c4.png,3055,1,143,101,31.5,3
7,3_320x stock m270_4xobj_3_grid_r3_c4.png,3056,1,181,59,31.5,3
7,3_320x stock m270_4xobj_3_grid_r3_c4.png,3057,1,175,63,31.5,3
7,3_320x stock m270_4xobj_3_grid_r3_c4.png,3058,1,141,54,31.5,3
7,3_320x stock m270_4xobj_3_grid_r3_c4.png,3059,1,146,62,31.5,3
7,3_320x stock m270_4xobj_3_grid_r3_c4.png,3060,1,279,58,31.5,3
7,3_320x stock m270_4xobj_3_grid_r3_c4.png,3061,1,276,44,31.5,3
7,3_320x stock m270_4xobj_3_grid_r3_c4.png,3062,1,274,52,31.5,3
7,3_320x stock m270_4xobj_3_grid_r3_c4.png,3063,1,329,58,31.5,3
7,3_320x stock m270_4xobj_3_grid_r3_c4.png,3064,1,57,122,31.5,3
7,3_320x stock m270_4xobj_3_grid_r3_c4.png,3065,1,53,114,31.5,3
7,3_320x stock m270_4xobj_3_grid_r3_c4.png,3066,1,49,107,31.5,3
7,3_320x stock m270_4xobj_3_grid_r3_c4.png,3067,1,25,179,31.5,3
7,3_320x stock m270_4xobj_3_grid_r3_c4.png,3068,1,75,102,31.5,3
7,3_320x stock m270_4xobj_3_grid_r3_c4.png,3069,1,75,110,31.5,3
7,3_320x stock m270_4xobj_3_grid_r3_c4.png,3070,1,114,187,31.5,3
7,3_320x stock m270_4xobj_3_grid_r3_c4.png,3071,1,65,273,31.5,3
7,3_320x stock m270_4xobj_3_grid_r3_c4.png,3072,1,61,265,31.5,3
7,3_320x stock m270_4xobj_3_grid_r3_c4.png,3073,1,57,271,31.5,3
7,3_320x stock m270_4xobj_3_grid_r3_c4.png,3074,1,52,275,31.5,3
7,3_320x stock m270_4xobj_3_grid_r3_c4.png,3075,1,48,280,31.5,3
7,3_320x stock m270_4xobj_3_grid_r3_c4.png,3076,1,39,284,31.5,3
7,3_320x stock m270_4xobj_3_grid_r3_c4.png,3077,1,34,297,31.5,3
7,3_320x stock m270_4xobj_3_grid_r3_c4.png,3078,1,27,300,31.5,3
7,3_320x stock m270_4xobj_3_grid_r3_c4.png,3079,1,259,167,31.5,3
7,3_320x stock m270_4xobj_3_grid_r3_c4.png,3080,1,248,168,31.5,3
7,3_320x stock m270_4xobj_3_grid_r3_c4.png,3081,1,207,145,31.5,3
7,3_320x stock m270_4xobj_3_grid_r3_c4.png,3082,1,203,151,31.5,3
7,3_320x stock m270_4xobj_3_grid_r3_c4.png,3083,1,128,148,31.5,3
7,3_320x stock m270_4xobj_3_grid_r3_c4.png,3084,1,140,151,31.5,3
7,3_320x stock m270_4xobj_3_grid_r3_c4.png,3085,1,134,155,31.5,3
7,3_320x stock m270_4xobj_3_grid_r3_c4.png,3086,1,136,144,31.5,3
7,3_320x stock m270_4xobj_3_grid_r3_c4.png,3087,1,231,187,31.5,3
7,3_320x stock m270_4xobj_3_grid_r3_c4.png,3088,1,208,190,31.5,3
7,3_320x stock m270_4xobj_3_grid_r3_c4.png,3089,1,200,195,31.5,3
7,3_320x stock m270_4xobj_3_grid_r3_c4.png,3090,1,297,173,31.5,3
7,3_320x stock m270_4xobj_3_grid_r3_c4.png,3091,1,294,183,31.5,3
7,3_320x stock m270_4xobj_3_grid_r3_c4.png,3092,1,273,206,31.5,3
7,3_320x stock m270_4xobj_3_grid_r3_c4.png,3093,1,277,197,31.5,3
7,3_320x stock m270_4xobj_3_grid_r3_c4.png,3094,1,312,263,31.5,3
7,3_320x stock m270_4xobj_3_grid_r3_c4.png,3095,1,305,265,31.5,3
7,3_320x stock m270_4xobj_3_grid_r3_c4.png,3096,1,234,325,31.5,3
7,3_320x stock m270_4xobj_3_grid_r3_c4.png,3097,1,248,325,31.5,3
7,3_320x stock m270_4xobj_3_grid_r3_c4.png,3098,1,245,333,31.5,3
7,3_320x stock m270_4xobj_3_grid_r3_c4.png,3099,1,224,301,31.5,3
7,3_320x stock m270_4xobj_3_grid_r3_c4.png,3100,1,230,296,31.5,3
7,3_320x stock m270_4xobj_3_grid_r3_c4.png,3101,1,243,291,31.5,3
7,3_320x stock m270_4xobj_3_grid_r3_c4.png,3102,1,247,282,31.5,3
7,3_320x stock m270_4xobj_3_grid_r3_c4.png,3103,1,200,290,31.5,3
7,3_320x stock m270_4xobj_3_grid_r3_c4.png,3104,1,200,301,31.5,3
7,3_320x stock m270_4xobj_3_grid_r3_c4.png,3105,1,189,299,31.5,3
7,3_320x stock m270_4xobj_3_grid_r3_c4.png,3106,1,181,298,31.5,3
7,3_320x stock m270_4xobj_3_grid_r3_c4.png,3107,1,18,256,31.5,3
7,3_320x stock m270_4xobj_3_grid_r3_c4.png,3108,1,25,257,31.5,3
7,3_320x stock m270_4xobj_3_grid_r3_c4.png,3109,1,72,215,31.5,3
7,3_320x stock m270_4xobj_3_grid_r3_c4.png,3110,1,77,224,31.5,3
7,3_320x stock m270_4xobj_3_grid_r3_c4.png,3111,1,149,254,31.5,3
7,3_320x stock m270_4xobj_3_grid_r3_c4.png,3112,1,159,259,31.5,3
7,3_320x stock m270_4xobj_3_grid_r3_c4.png,3113,1,111,284,31.5,3
7,3_320x stock m270_4xobj_3_grid_r3_c4.png,3114,1,103,281,31.5,3
7,3_320x stock m270_4xobj_3_grid_r3_c4.png,3115,1,98,287,31.5,3
7,3_320x stock m270_4xobj_3_grid_r3_c4.png,3116,1,105,291,31.5,3
7,3_320x stock m270_4xobj_3_grid_r3_c4.png,3117,1,474,485,31.5,3
7,3_320x stock m270_4xobj_3_grid_r3_c4.png,3118,1,228,427,46.0,3
7,3_320x stock m270_4xobj_3_grid_r3_c4.png,3119,1,296,235,190.0,7
7,3_320x stock m270_4xobj_3_grid_r3_c4.png,3120,1,112,175,31.5,3
7,3_320x stock m270_4xobj_3_grid_r3_c4.png,3121,1,239,485,248.5,8
7,3_320x stock m270_4xobj_3_grid_r3_c4.png,3122,1,158,200,46.0,3
7,3_320x stock m270_4xobj_3_grid_r3_c4.png,3123,1,503,112,46.0,3
7,3_320x stock m270_4xobj_3_grid_r3_c4.png,3124,1,174,5,46.0,3
7,3_320x stock m270_4xobj_3_grid_r3_c4.png,3125,1,469,504,31.5,3
7,3_320x stock m270_4xobj_3_grid_r3_c4.png,3126,1,329,435,31.5,3
7,3_320x stock m270_4xobj_3_grid_r3_c4.png,3127,1,474,222,46.0,3
7,3_320x stock m270_4xobj_3_grid_r3_c4.png,3128,1,434,205,46.0,3
7,3_320x stock m270_4xobj_3_grid_r3_c4.png,3129,1,356,128,46.0,3
7,3_320x stock m270_4xobj_3_grid_r3_c4.png,3130,1,491,98,74.5,4
7,3_320x stock m270_4xobj_3_grid_r3_c4.png,3131,1,49,52,190.0,7
7,3_320x stock m270_4xobj_3_grid_r3_c4.png,3132,1,405,464,31.5,3
7,3_320x stock m270_4xobj_3_grid_r3_c4.png,3133,1,366,367,46.0,3
7,3_320x stock m270_4xobj_3_grid_r3_c4.png,3134,1,384,245,46.0,3
7,3_320x stock m270_4xobj_3_grid_r3_c4.png,3135,1,494,189,74.5,4
7,3_320x stock m270_4xobj_3_grid_r3_c4.png,3136,1,503,84,31.5,3
7,3_320x stock m270_4xobj_3_grid_r3_c4.png,3137,1,229,30,46.0,3
7,3_320x stock m270_4xobj_3_grid_r3_c4.png,3138,1,134,496,46.0,3
7,3_320x stock m270_4xobj_3_grid_r3_c4.png,3139,1,21,491,46.0,3
7,3_320x stock m270_4xobj_3_grid_r3_c4.png,3140,1,214,433,46.0,3
7,3_320x stock m270_4xobj_3_grid_r3_c4.png,3141,1,223,390,46.0,3
7,3_320x stock m270_4xobj_3_grid_r3_c4.png,3142,1,252,297,74.5,4
7,3_320x stock m270_4xobj_3_grid_r3_c4.png,3143,1,17,204,46.0,3
7,3_320x stock m270_4xobj_3_grid_r3_c4.png,3144,1,351,153,8.0,1
7,3_320x stock m270_4xobj_3_grid_r3_c4.png,3145,1,151,71,31.5,3
7,3_320x stock m270_4xobj_3_grid_r3_c4.png,3146,1,368,475,31.5,3
7,3_320x stock m270_4xobj_3_grid_r3_c4.png,3147,1,490,466,104.0,5
7,3_320x stock m270_4xobj_3_grid_r3_c4.png,3148,1,318,316,31.5,3
7,3_320x stock m270_4xobj_3_grid_r3_c4.png,3149,1,504,247,104.0,5
7,3_320x stock m270_4xobj_3_grid_r3_c4.png,3150,1,438,242,31.5,3
7,3_320x stock m270_4xobj_3_grid_r3_c4.png,3151,1,398,226,31.5,3
7,3_320x stock m270_4xobj_3_grid_r3_c4.png,3152,1,311,124,104.0,5
7,3_320x stock m270_4xobj_3_grid_r3_c4.png,3153,1,203,42,31.5,3
7,3_320x stock m270_4xobj_3_grid_r3_c4.png,3154,1,503,28,46.0,3
7,3_320x stock m270_4xobj_3_grid_r3_c4.png,3155,1,379,24,46.0,3
7,3_320x stock m270_4xobj_3_grid_r3_c4.png,3156,1,177,21,46.0,3
7,3_320x stock m270_4xobj_3_grid_r3_c4.png,3157,1,407,15,46.0,3
7,3_320x stock m270_4xobj_3_grid_r3_c4.png,3158,1,49,484,147.5,6
7,3_320x stock m270_4xobj_3_grid_r3_c4.png,3159,1,25,447,104.0,5
7,3_320x stock m270_4xobj_3_grid_r3_c4.png,3160,1,434,354,147.5,6
7,3_320x stock m270_4xobj_3_grid_r3_c4.png,3161,1,333,342,31.5,3
7,3_320x stock m270_4xobj_3_grid_r3_c4.png,3162,1,350,338,31.5,3
7,3_320x stock m270_4xobj_3_grid_r3_c4.png,3163,1,170,342,31.5,3
7,3_320x stock m270_4xobj_3_grid_r3_c4.png,3164,1,507,339,31.5,3
7,3_320x stock m270_4xobj_3_grid_r3_c4.png,3165,1,284,320,31.5,3
7,3_320x stock m270_4xobj_3_grid_r3_c4.png,3166,1,440,298,31.5,3
7,3_320x stock m270_4xobj_3_grid_r3_c4.png,3167,1,410,290,31.5,3
7,3_320x stock m270_4xobj_3_grid_r3_c4.png,3168,1,435,261,74.5,4
7,3_320x stock m270_4xobj_3_grid_r3_c4.png,3169,1,370,256,46.0,3
7,3_320x stock m270_4xobj_3_grid_r3_c4.png,3170,1,303,246,31.5,3
7,3_320x stock m270_4xobj_3_grid_r3_c4.png,3171,1,183,225,31.5,3
7,3_320x stock m270_4xobj_3_grid_r3_c4.png,3172,1,168,222,46.0,3
7,3_320x stock m270_4xobj_3_grid_r3_c4.png,3173,1,187,216,31.5,3
7,3_320x stock m270_4xobj_3_grid_r3_c4.png,3174,1,463,207,31.5,3
7,3_320x stock m270_4xobj_3_grid_r3_c4.png,3175,1,328,203,46.0,3
7,3_320x stock m270_4xobj_3_grid_r3_c4.png,3176,1,62,204,31.5,3
7,3_320x stock m270_4xobj_3_grid_r3_c4.png,3177,1,473,201,31.5,3
7,3_320x stock m270_4xobj_3_grid_r3_c4.png,3178,1,154,196,31.5,3
7,3_320x stock m270_4xobj_3_grid_r3_c4.png,3179,1,448,192,46.0,3
7,3_320x stock m270_4xobj_3_grid_r3_c4.png,3180,1,434,182,46.0,3
7,3_320x stock m270_4xobj_3_grid_r3_c4.png,3181,1,465,184,31.5,3
7,3_320x stock m270_4xobj_3_grid_r3_c4.png,3182,1,433,175,31.5,3
7,3_320x stock m270_4xobj_3_grid_r3_c4.png,3183,1,471,171,31.5,3
7,3_320x stock m270_4xobj_3_grid_r3_c4.png,3184,1,159,163,31.5,3
7,3_320x stock m270_4xobj_3_grid_r3_c4.png,3185,1,420,161,31.5,3
7,3_320x stock m270_4xobj_3_grid_r3_c4.png,3186,1,194,152,31.5,3
7,3_320x stock m270_4xobj_3_grid_r3_c4.png,3187,1,406,137,46.0,3
7,3_320x stock m270_4xobj_3_grid_r3_c4.png,3188,1,344,132,31.5,3
7,3_320x stock m270_4xobj_3_grid_r3_c4.png,3189,1,422,130,31.5,3
7,3_320x stock m270_4xobj_3_grid_r3_c4.png,3190,1,78,125,74.5,4
7,3_320x stock m270_4xobj_3_grid_r3_c4.png,3191,1,492,120,46.0,3
7,3_320x stock m270_4xobj_3_grid_r3_c4.png,3192,1,286,117,46.0,3
7,3_320x stock m270_4xobj_3_grid_r3_c4.png,3193,1,455,115,31.5,3
7,3_320x stock m270_4xobj_3_grid_r3_c4.png,3194,1,131,104,31.5,3
7,3_320x stock m270_4xobj_3_grid_r3_c4.png,3195,1,212,101,46.0,3
7,3_320x stock m270_4xobj_3_grid_r3_c4.png,3196,1,286,96,46.0,3
7,3_320x stock m270_4xobj_3_grid_r3_c4.png,3197,1,142,93,31.5,3
7,3_320x stock m270_4xobj_3_grid_r3_c4.png,3198,1,47,86,104.0,5
7,3_320x stock m270_4xobj_3_grid_r3_c4.png,3199,1,489,78,46.0,3
7,3_320x stock m270_4xobj_3_grid_r3_c4.png,3200,1,497,67,31.5,3
7,3_320x stock m270_4xobj_3_grid_r3_c4.png,3201,1,487,54,46.0,3
7,3_320x stock m270_4xobj_3_grid_r3_c4.png,3202,1,168,53,31.5,3
7,3_320x stock m270_4xobj_3_grid_r3_c4.png,3203,1,428,48,46.0,3
7,3_320x stock m270_4xobj_3_grid_r3_c4.png,3204,1,479,47,31.5,3
7,3_320x stock m270_4xobj_3_grid_r3_c4.png,3205,1,226,45,31.5,3
7,3_320x stock m270_4xobj_3_grid_r3_c4.png,3206,1,468,41,46.0,3
7,3_320x stock m270_4xobj_3_grid_r3_c4.png,3207,1,237,39,31.5,3
7,3_320x stock m270_4xobj_3_grid_r3_c4.png,3208,1,216,38,46.0,3
7,3_320x stock m270_4xobj_3_grid_r3_c4.png,3209,1,308,36,46.0,3
7,3_320x stock m270_4xobj_3_grid_r3_c4.png,3210,1,490,32,46.0,3
7,3_320x stock m270_4xobj_3_grid_r3_c4.png,3211,1,261,25,46.0,3
7,3_320x stock m270_4xobj_3_grid_r3_c4.png,3212,1,197,16,46.0,3
7,3_320x stock m270_4xobj_3_grid_r3_c4.png,3213,1,33,14,31.5,3
7,3_320x stock m270_4xobj_3_grid_r3_c4.png,3214,1,333,14,46.0,3
7,3_320x stock m270_4xobj_3_grid_r3_c4.png,3215,1,301,13,46.0,3
7,3_320x stock m270_4xobj_3_grid_r3_c4.png,3216,1,263,11,46.0,3
7,3_320x stock m270_4xobj_3_grid_r3_c4.png,3217,1,175,490,74.5,4
7,3_320x stock m270_4xobj_3_grid_r3_c4.png,3218,1,448,461,31.5,3
7,3_320x stock m270_4xobj_3_grid_r3_c4.png,3219,1,421,446,31.5,3
7,3_320x stock m270_4xobj_3_grid_r3_c4.png,3220,1,480,440,46.0,3
7,3_320x stock m270_4xobj_3_grid_r3_c4.png,3221,1,187,422,46.0,3
7,3_320x stock m270_4xobj_3_grid_r3_c4.png,3222,1,270,422,147.5,6
7,3_320x stock m270_4xobj_3_grid_r3_c4.png,3223,1,481,417,46.0,3
7,3_320x stock m270_4xobj_3_grid_r3_c4.png,3224,1,43,367,31.5,3
7,3_320x stock m270_4xobj_3_grid_r3_c4.png,3225,1,301,357,46.0,3
7,3_320x stock m270_4xobj_3_grid_r3_c4.png,3226,1,332,351,31.5,3
7,3_320x stock m270_4xobj_3_grid_r3_c4.png,3227,1,386,339,31.5,3
7,3_320x stock m270_4xobj_3_grid_r3_c4.png,3228,1,287,330,31.5,3
7,3_320x stock m270_4xobj_3_grid_r3_c4.png,3229,1,491,328,46.0,3
7,3_320x stock m270_4xobj_3_grid_r3_c4.png,3230,1,415,319,46.0,3
7,3_320x stock m270_4xobj_3_grid_r3_c4.png,3231,1,443,315,31.5,3
7,3_320x stock m270_4xobj_3_grid_r3_c4.png,3232,1,432,309,46.0,3
7,3_320x stock m270_4xobj_3_grid_r3_c4.png,3233,1,296,304,46.0,3
7,3_320x stock m270_4xobj_3_grid_r3_c4.png,3234,1,325,299,74.5,4
7,3_320x stock m270_4xobj_3_grid_r3_c4.png,3235,1,492,294,46.0,3
7,3_320x stock m270_4xobj_3_grid_r3_c4.png,3236,1,349,280,46.0,3
7,3_320x stock m270_4xobj_3_grid_r3_c4.png,3237,1,441,276,31.5,3
7,3_320x stock m270_4xobj_3_grid_r3_c4.png,3238,1,250,267,31.5,3
7,3_320x stock m270_4xobj_3_grid_r3_c4.png,3239,1,33,268,74.5,4
7,3_320x stock m270_4xobj_3_grid_r3_c4.png,3240,1,362,265,46.0,3
7,3_320x stock m270_4xobj_3_grid_r3_c4.png,3241,1,447,260,31.5,3
7,3_320x stock m270_4xobj_3_grid_r3_c4.png,3242,1,496,259,46.0,3
7,3_320x stock m270_4xobj_3_grid_r3_c4.png,3243,1,249,258,31.5,3
7,3_320x stock m270_4xobj_3_grid_r3_c4.png,3244,1,420,253,31.5,3
7,3_320x stock m270_4xobj_3_grid_r3_c4.png,3245,1,260,250,31.5,3
7,3_320x stock m270_4xobj_3_grid_r3_c4.png,3246,1,494,246,31.5,3
7,3_320x stock m270_4xobj_3_grid_r3_c4.png,3247,1,466,239,46.0,3
7,3_320x stock m270_4xobj_3_grid_r3_c4.png,3248,1,139,234,46.0,3
7,3_320x stock m270_4xobj_3_grid_r3_c4.png,3249,1,220,233,46.0,3
7,3_320x stock m270_4xobj_3_grid_r3_c4.png,3250,1,309,229,46.0,3
7,3_320x stock m270_4xobj_3_grid_r3_c4.png,3251,1,219,217,31.5,3
7,3_320x stock m270_4xobj_3_grid_r3_c4.png,3252,1,341,212,46.0,3
7,3_320x stock m270_4xobj_3_grid_r3_c4.png,3253,1,365,210,31.5,3
7,3_320x stock m270_4xobj_3_grid_r3_c4.png,3254,1,186,206,31.5,3
7,3_320x stock m270_4xobj_3_grid_r3_c4.png,3255,1,393,191,46.0,3
7,3_320x stock m270_4xobj_3_grid_r3_c4.png,3256,1,478,189,46.0,3
7,3_320x stock m270_4xobj_3_grid_r3_c4.png,3257,1,168,188,31.5,3
7,3_320x stock m270_4xobj_3_grid_r3_c4.png,3258,1,282,186,46.0,3
7,3_320x stock m270_4xobj_3_grid_r3_c4.png,3259,1,178,179,46.0,3
7,3_320x stock m270_4xobj_3_grid_r3_c4.png,3260,1,158,176,31.5,3
7,3_320x stock m270_4xobj_3_grid_r3_c4.png,3261,1,359,174,31.5,3
7,3_320x stock m270_4xobj_3_grid_r3_c4.png,3262,1,221,169,46.0,3
7,3_320x stock m270_4xobj_3_grid_r3_c4.png,3263,1,316,166,46.0,3
7,3_320x stock m270_4xobj_3_grid_r3_c4.png,3264,1,491,163,46.0,3
7,3_320x stock m270_4xobj_3_grid_r3_c4.png,3265,1,81,156,46.0,3
7,3_320x stock m270_4xobj_3_grid_r3_c4.png,3266,1,466,154,74.5,4
7,3_320x stock m270_4xobj_3_grid_r3_c4.png,3267,1,164,152,46.0,3
7,3_320x stock m270_4xobj_3_grid_r3_c4.png,3268,1,382,151,46.0,3
7,3_320x stock m270_4xobj_3_grid_r3_c4.png,3269,1,301,151,46.0,3
7,3_320x stock m270_4xobj_3_grid_r3_c4.png,3270,1,431,146,46.0,3
7,3_320x stock m270_4xobj_3_grid_r3_c4.png,3271,1,445,124,46.0,3
7,3_320x stock m270_4xobj_3_grid_r3_c4.png,3272,1,46,121,31.5,3
7,3_320x stock m270_4xobj_3_grid_r3_c4.png,3273,1,466,118,46.0,3
7,3_320x stock m270_4xobj_3_grid_r3_c4.png,3274,1,204,117,46.0,3
7,3_320x stock m270_4xobj_3_grid_r3_c4.png,3275,1,301,115,31.5,3
7,3_320x stock m270_4xobj_3_grid_r3_c4.png,3276,1,260,112,46.0,3
7,3_320x stock m270_4xobj_3_grid_r3_c4.png,3277,1,281,110,31.5,3
7,3_320x stock m270_4xobj_3_grid_r3_c4.png,3278,1,85,103,46.0,3
7,3_320x stock m270_4xobj_3_grid_r3_c4.png,3279,1,247,98,31.5,3
7,3_320x stock m270_4xobj_3_grid_r3_c4.png,3280,1,236,93,46.0,3
7,3_320x stock m270_4xobj_3_grid_r3_c4.png,3281,1,318,92,46.0,3
7,3_320x stock m270_4xobj_3_grid_r3_c4.png,3282,1,261,92,46.0,3
7,3_320x stock m270_4xobj_3_grid_r3_c4.png,3283,1,116,86,46.0,3
7,3_320x stock m270_4xobj_3_grid_r3_c4.png,3284,1,389,85,46.0,3
7,3_320x stock m270_4xobj_3_grid_r3_c4.png,3285,1,281,80,46.0,3
7,3_320x stock m270_4xobj_3_grid_r3_c4.png,3286,1,334,77,46.0,3
7,3_320x stock m270_4xobj_3_grid_r3_c4.png,3287,1,319,78,46.0,3
7,3_320x stock m270_4xobj_3_grid_r3_c4.png,3288,1,262,76,46.0,3
7,3_320x stock m270_4xobj_3_grid_r3_c4.png,3289,1,12,76,46.0,3
7,3_320x stock m270_4xobj_3_grid_r3_c4.png,3290,1,366,74,31.5,3
7,3_320x stock m270_4xobj_3_grid_r3_c4.png,3291,1,4,67,31.5,3
7,3_320x stock m270_4xobj_3_grid_r3_c4.png,3292,1,132,67,46.0,3
7,3_320x stock m270_4xobj_3_grid_r3_c4.png,3293,1,361,65,31.5,3
7,3_320x stock m270_4xobj_3_grid_r3_c4.png,3294,1,344,65,46.0,3
7,3_320x stock m270_4xobj_3_grid_r3_c4.png,3295,1,98,63,46.0,3
7,3_320x stock m270_4xobj_3_grid_r3_c4.png,3296,1,373,60,46.0,3
7,3_320x stock m270_4xobj_3_grid_r3_c4.png,3297,1,66,54,46.0,3
7,3_320x stock m270_4xobj_3_grid_r3_c4.png,3298,1,27,42,46.0,3
7,3_320x stock m270_4xobj_3_grid_r3_c4.png,3299,1,352,42,46.0,3
7,3_320x stock m270_4xobj_3_grid_r3_c4.png,3300,1,294,32,46.0,3
7,3_320x stock m270_4xobj_3_grid_r3_c4.png,3301,1,34,31,46.0,3
7,3_320x stock m270_4xobj_3_grid_r3_c4.png,3302,1,132,25,46.0,3
7,3_320x stock m270_4xobj_3_grid_r3_c4.png,3303,1,204,23,31.5,3
7,3_320x stock m270_4xobj_3_grid_r3_c4.png,3304,1,434,20,46.0,3
7,3_320x stock m270_4xobj_3_grid_r3_c4.png,3305,1,17,19,31.5,3
7,3_320x stock m270_4xobj_3_grid_r3_c4.png,3306,1,158,18,46.0,3
7,3_320x stock m270_4xobj_3_grid_r3_c4.png,3307,1,469,15,46.0,3
7,3_320x stock m270_4xobj_3_grid_r3_c4.png,3308,1,70,9,46.0,3
7,3_320x stock m270_4xobj_3_grid_r3_c4.png,3309,1,232,6,46.0,3
7,3_320x stock m270_4xobj_3_grid_r3_c4.png,3310,1,186,2,28.0,2
7,3_320x stock m270_4xobj_3_grid_r3_c4.png,3311,1,499,507,43.0,3
7,3_320x stock m270_4xobj_3_grid_r3_c4.png,3312,1,498,489,46.0,3
7,3_320x stock m270_4xobj_3_grid_r3_c4.png,3313,1,451,472,31.5,3
7,3_320x stock m270_4xobj_3_grid_r3_c4.png,3314,1,35,472,46.0,3
7,3_320x stock m270_4xobj_3_grid_r3_c4.png,3315,1,482,431,46.0,3
7,3_320x stock m270_4xobj_3_grid_r3_c4.png,3316,1,414,421,31.5,3
7,3_320x stock m270_4xobj_3_grid_r3_c4.png,3317,1,215,411,31.5,3
7,3_320x stock m270_4xobj_3_grid_r3_c4.png,3318,1,420,411,104.0,5
7,3_320x stock m270_4xobj_3_grid_r3_c4.png,3319,1,327,391,31.5,3
7,3_320x stock m270_4xobj_3_grid_r3_c4.png,3320,1,387,391,46.0,3
7,3_320x stock m270_4xobj_3_grid_r3_c4.png,3321,1,481,379,46.0,3
7,3_320x stock m270_4xobj_3_grid_r3_c4.png,3322,1,305,379,31.5,3
7,3_320x stock m270_4xobj_3_grid_r3_c4.png,3323,1,224,377,31.5,3
7,3_320x stock m270_4xobj_3_grid_r3_c4.png,3324,1,141,368,46.0,3
7,3_320x stock m270_4xobj_3_grid_r3_c4.png,3325,1,447,358,46.0,3
7,3_320x stock m270_4xobj_3_grid_r3_c4.png,3326,1,384,353,46.0,3
7,3_320x stock m270_4xobj_3_grid_r3_c4.png,3327,1,52,352,46.0,3
7,3_320x stock m270_4xobj_3_grid_r3_c4.png,3328,1,163,347,31.5,3
7,3_320x stock m270_4xobj_3_grid_r3_c4.png,3329,1,295,346,31.5,3
7,3_320x stock m270_4xobj_3_grid_r3_c4.png,3330,1,462,345,46.0,3
7,3_320x stock m270_4xobj_3_grid_r3_c4.png,3331,1,428,336,46.0,3
7,3_320x stock m270_4xobj_3_grid_r3_c4.png,3332,1,334,330,46.0,3
7,3_320x stock m270_4xobj_3_grid_r3_c4.png,3333,1,149,329,31.5,3
7,3_320x stock m270_4xobj_3_grid_r3_c4.png,3334,1,261,323,46.0,3
7,3_320x stock m270_4xobj_3_grid_r3_c4.png,3335,1,395,320,46.0,3
7,3_320x stock m270_4xobj_3_grid_r3_c4.png,3336,1,486,315,46.0,3
7,3_320x stock m270_4xobj_3_grid_r3_c4.png,3337,1,227,314,31.5,3
7,3_320x stock m270_4xobj_3_grid_r3_c4.png,3338,1,256,313,46.0,3
7,3_320x stock m270_4xobj_3_grid_r3_c4.png,3339,1,23,309,8.0,1
7,3_320x stock m270_4xobj_3_grid_r3_c4.png,3340,1,420,307,46.0,3
7,3_320x stock m270_4xobj_3_grid_r3_c4.png,3341,1,132,304,46.0,3
7,3_320x stock m270_4xobj_3_grid_r3_c4.png,3342,1,408,302,46.0,3
7,3_320x stock m270_4xobj_3_grid_r3_c4.png,3343,1,44,300,31.5,3
7,3_320x stock m270_4xobj_3_grid_r3_c4.png,3344,1,349,291,31.5,3
7,3_320x stock m270_4xobj_3_grid_r3_c4.png,3345,1,147,286,31.5,3
7,3_320x stock m270_4xobj_3_grid_r3_c4.png,3346,1,328,283,46.0,3
7,3_320x stock m270_4xobj_3_grid_r3_c4.png,3347,1,270,283,46.0,3
7,3_320x stock m270_4xobj_3_grid_r3_c4.png,3348,1,139,279,31.5,3
7,3_320x stock m270_4xobj_3_grid_r3_c4.png,3349,1,333,266,46.0,3
7,3_320x stock m270_4xobj_3_grid_r3_c4.png,3350,1,417,264,46.0,3
7,3_320x stock m270_4xobj_3_grid_r3_c4.png,3351,1,123,266,147.5,6
7,3_320x stock m270_4xobj_3_grid_r3_c4.png,3352,1,266,262,46.0,3
7,3_320x stock m270_4xobj_3_grid_r3_c4.png,3353,1,397,256,46.0,3
7,3_320x stock m270_4xobj_3_grid_r3_c4.png,3354,1,84,250,31.5,3
7,3_320x stock m270_4xobj_3_grid_r3_c4.png,3355,1,36,253,31.5,3
7,3_320x stock m270_4xobj_3_grid_r3_c4.png,3356,1,64,249,46.0,3
7,3_320x stock m270_4xobj_3_grid_r3_c4.png,3357,1,320,238,74.5,4
7,3_320x stock m270_4xobj_3_grid_r3_c4.png,3358,1,92,235,46.0,3
7,3_320x stock m270_4xobj_3_grid_r3_c4.png,3359,1,372,226,46.0,3
7,3_320x stock m270_4xobj_3_grid_r3_c4.png,3360,1,452,226,46.0,3
7,3_320x stock m270_4xobj_3_grid_r3_c4.png,3361,1,271,226,74.5,4
7,3_320x stock m270_4xobj_3_grid_r3_c4.png,3362,1,209,222,46.0,3
7,3_320x stock m270_4xobj_3_grid_r3_c4.png,3363,1,387,219,46.0,3
7,3_320x stock m270_4xobj_3_grid_r3_c4.png,3364,1,319,218,46.0,3
7,3_320x stock m270_4xobj_3_grid_r3_c4.png,3365,1,113,206,46.0,3
7,3_320x stock m270_4xobj_3_grid_r3_c4.png,3366,1,271,179,46.0,3
7,3_320x stock m270_4xobj_3_grid_r3_c4.png,3367,1,10,176,31.5,3
7,3_320x stock m270_4xobj_3_grid_r3_c4.png,3368,1,373,174,46.0,3
7,3_320x stock m270_4xobj_3_grid_r3_c4.png,3369,1,146,172,46.0,3
7,3_320x stock m270_4xobj_3_grid_r3_c4.png,3370,1,134,168,46.0,3
7,3_320x stock m270_4xobj_3_grid_r3_c4.png,3371,1,48,167,46.0,3
7,3_320x stock m270_4xobj_3_grid_r3_c4.png,3372,1,387,163,31.5,3
7,3_320x stock m270_4xobj_3_grid_r3_c4.png,3373,1,40,156,46.0,3
7,3_320x stock m270_4xobj_3_grid_r3_c4.png,3374,1,232,147,46.0,3
7,3_320x stock m270_4xobj_3_grid_r3_c4.png,3375,1,257,146,46.0,3
7,3_320x stock m270_4xobj_3_grid_r3_c4.png,3376,1,67,143,46.0,3
7,3_320x stock m270_4xobj_3_grid_r3_c4.png,3377,1,177,141,46.0,3
7,3_320x stock m270_4xobj_3_grid_r3_c4.png,3378,1,104,140,46.0,3
7,3_320x stock m270_4xobj_3_grid_r3_c4.png,3379,1,55,137,46.0,3
7,3_320x stock m270_4xobj_3_grid_r3_c4.png,3380,1,29,135,46.0,3
7,3_320x stock m270_4xobj_3_grid_r3_c4.png,3381,1,20,127,46.0,3
7,3_320x stock m270_4xobj_3_grid_r3_c4.png,3382,1,186,123,46.0,3
7,3_320x stock m270_4xobj_3_grid_r3_c4.png,3383,1,117,121,46.0,3
7,3_320x stock m270_4xobj_3_grid_r3_c4.png,3384,1,152,119,46.0,3
7,3_320x stock m270_4xobj_3_grid_r3_c4.png,3385,1,243,117,46.0,3
7,3_320x stock m270_4xobj_3_grid_r3_c4.png,3386,1,62,101,46.0,3
7,3_320x stock m270_4xobj_3_grid_r3_c4.png,3387,1,30,100,31.5,3
7,3_320x stock m270_4xobj_3_grid_r3_c4.png,3388,1,200,84,46.0,3
7,3_320x stock m270_4xobj_3_grid_r3_c4.png,3389,1,21,84,31.5,3
7,3_320x stock m270_4xobj_3_grid_r3_c4.png,3390,1,129,80,46.0,3
7,3_320x stock m270_4xobj_3_grid_r3_c4.png,3391,1,353,504,46.0,3
7,3_320x stock m270_4xobj_3_grid_r3_c4.png,3392,1,126,504,31.5,3
7,3_320x stock m270_4xobj_3_grid_r3_c4.png,3393,1,307,502,31.5,3
7,3_320x stock m270_4xobj_3_grid_r3_c4.png,3394,1,294,493,46.0,3
7,3_320x stock m270_4xobj_3_grid_r3_c4.png,3395,1,156,493,31.5,3
7,3_320x stock m270_4xobj_3_grid_r3_c4.png,3396,1,276,491,31.5,3
7,3_320x stock m270_4xobj_3_grid_r3_c4.png,3397,1,32,486,31.5,3
7,3_320x stock m270_4xobj_3_grid_r3_c4.png,3398,1,432,487,46.0,3
7,3_320x stock m270_4xobj_3_grid_r3_c4.png,3399,1,391,474,31.5,3
7,3_320x stock m270_4xobj_3_grid_r3_c4.png,3400,1,347,470,46.0,3
7,3_320x stock m270_4xobj_3_grid_r3_c4.png,3401,1,178,470,46.0,3
7,3_320x stock m270_4xobj_3_grid_r3_c4.png,3402,1,131,465,46.0,3
7,3_320x stock m270_4xobj_3_grid_r3_c4.png,3403,1,32,462,46.0,3
7,3_320x stock m270_4xobj_3_grid_r3_c4.png,3404,1,144,462,46.0,3
7,3_320x stock m270_4xobj_3_grid_r3_c4.png,3405,1,476,461,46.0,3
7,3_320x stock m270_4xobj_3_grid_r3_c4.png,3406,1,431,462,46.0,3
7,3_320x stock m270_4xobj_3_grid_r3_c4.png,3407,1,271,460,31.5,3
7,3_320x stock m270_4xobj_3_grid_r3_c4.png,3408,1,186,460,46.0,3
7,3_320x stock m270_4xobj_3_grid_r3_c4.png,3409,1,254,452,46.0,3
7,3_320x stock m270_4xobj_3_grid_r3_c4.png,3410,1,316,450,46.0,3
7,3_320x stock m270_4xobj_3_grid_r3_c4.png,3411,1,245,445,31.5,3
7,3_320x stock m270_4xobj_3_grid_r3_c4.png,3412,1,175,443,74.5,4
7,3_320x stock m270_4xobj_3_grid_r3_c4.png,3413,1,98,442,31.5,3
7,3_320x stock m270_4xobj_3_grid_r3_c4.png,3414,1,468,439,46.0,3
7,3_320x stock m270_4xobj_3_grid_r3_c4.png,3415,1,444,439,46.0,3
7,3_320x stock m270_4xobj_3_grid_r3_c4.png,3416,1,107,434,31.5,3
7,3_320x stock m270_4xobj_3_grid_r3_c4.png,3417,1,505,418,46.0,3
7,3_320x stock m270_4xobj_3_grid_r3_c4.png,3418,1,293,416,74.5,4
7,3_320x stock m270_4xobj_3_grid_r3_c4.png,3419,1,323,414,46.0,3
7,3_320x stock m270_4xobj_3_grid_r3_c4.png,3420,1,256,410,46.0,3
7,3_320x stock m270_4xobj_3_grid_r3_c4.png,3421,1,160,403,46.0,3
7,3_320x stock m270_4xobj_3_grid_r3_c4.png,3422,1,318,400,46.0,3
7,3_320x stock m270_4xobj_3_grid_r3_c4.png,3423,1,341,394,46.0,3
7,3_320x stock m270_4xobj_3_grid_r3_c4.png,3424,1,99,392,31.5,3
7,3_320x stock m270_4xobj_3_grid_r3_c4.png,3425,1,300,391,46.0,3
7,3_320x stock m270_4xobj_3_grid_r3_c4.png,3426,1,369,386,46.0,3
7,3_320x stock m270_4xobj_3_grid_r3_c4.png,3427,1,210,383,46.0,3
7,3_320x stock m270_4xobj_3_grid_r3_c4.png,3428,1,138,381,31.5,3
7,3_320x stock m270_4xobj_3_grid_r3_c4.png,3429,1,36,381,46.0,3
7,3_320x stock m270_4xobj_3_grid_r3_c4.png,3430,1,327,375,46.0,3
7,3_320x stock m270_4xobj_3_grid_r3_c4.png,3431,1,193,370,46.0,3
7,3_320x stock m270_4xobj_3_grid_r3_c4.png,3432,1,342,366,74.5,4
7,3_320x stock m270_4xobj_3_grid_r3_c4.png,3433,1,98,367,104.0,5
7,3_320x stock m270_4xobj_3_grid_r3_c4.png,3434,1,282,362,46.0,3
7,3_320x stock m270_4xobj_3_grid_r3_c4.png,3435,1,217,356,46.0,3
7,3_320x stock m270_4xobj_3_grid_r3_c4.png,3436,1,139,356,46.0,3
7,3_320x stock m270_4xobj_3_grid_r3_c4.png,3437,1,91,339,46.0,3
7,3_320x stock m270_4xobj_3_grid_r3_c4.png,3438,1,310,339,74.5,4
7,3_320x stock m270_4xobj_3_grid_r3_c4.png,3439,1,204,339,46.0,3
7,3_320x stock m270_4xobj_3_grid_r3_c4.png,3440,1,375,331,31.5,3
7,3_320x stock m270_4xobj_3_grid_r3_c4.png,3441,1,177,322,46.0,3
7,3_320x stock m270_4xobj_3_grid_r3_c4.png,3442,1,275,312,31.5,3
7,3_320x stock m270_4xobj_3_grid_r3_c4.png,3443,1,339,310,46.0,3
7,3_320x stock m270_4xobj_3_grid_r3_c4.png,3444,1,84,308,46.0,3
7,3_320x stock m270_4xobj_3_grid_r3_c4.png,3445,1,71,304,46.0,3
7,3_320x stock m270_4xobj_3_grid_r3_c4.png,3446,1,172,278,46.0,3
7,3_320x stock m270_4xobj_3_grid_r3_c4.png,3447,1,17,275,46.0,3
7,3_320x stock m270_4xobj_3_grid_r3_c4.png,3448,1,172,261,46.0,3
7,3_320x stock m270_4xobj_3_grid_r3_c4.png,3449,1,107,256,46.0,3
7,3_320x stock m270_4xobj_3_grid_r3_c4.png,3450,1,48,246,46.0,3
7,3_320x stock m270_4xobj_3_grid_r3_c4.png,3451,1,23,229,46.0,3
7,3_320x stock m270_4xobj_3_grid_r3_c4.png,3452,1,101,219,46.0,3
7,3_320x stock m270_4xobj_3_grid_r3_c4.png,3453,1,4,200,31.5,3
7,3_320x stock m270_4xobj_3_grid_r3_c4.png,3454,1,91,195,46.0,3
7,3_320x stock m270_4xobj_3_grid_r3_c4.png,3455,1,75,192,46.0,3
7,3_320x stock m270_4xobj_3_grid_r3_c4.png,3456,1,133,185,74.5,4
7,3_320x stock m270_4xobj_3_grid_r3_c4.png,3457,1,92,174,46.0,3
7,3_320x stock m270_4xobj_3_grid_r3_c4.png,3458,1,287,156,74.5,4
7,3_320x stock m270_4xobj_3_grid_r3_c4.png,3459,1,5,11,46.0,3
7,3_320x stock m270_4xobj_3_grid_r3_c4.png,3460,1,149,508,26.5,2
7,3_320x stock m270_4xobj_3_grid_r3_c4.png,3461,1,7,497,46.0,3
7,3_320x stock m270_4xobj_3_grid_r3_c4.png,3462,1,82,487,46.0,3
7,3_320x stock m270_4xobj_3_grid_r3_c4.png,3463,1,123,484,46.0,3
7,3_320x stock m270_4xobj_3_grid_r3_c4.png,3464,1,154,479,31.5,3
7,3_320x stock m270_4xobj_3_grid_r3_c4.png,3465,1,190,476,46.0,3
7,3_320x stock m270_4xobj_3_grid_r3_c4.png,3466,1,274,474,46.0,3
7,3_320x stock m270_4xobj_3_grid_r3_c4.png,3467,1,23,475,31.5,3
7,3_320x stock m270_4xobj_3_grid_r3_c4.png,3468,1,307,470,74.5,4
7,3_320x stock m270_4xobj_3_grid_r3_c4.png,3469,1,111,465,46.0,3
7,3_320x stock m270_4xobj_3_grid_r3_c4.png,3470,1,353,454,46.0,3
7,3_320x stock m270_4xobj_3_grid_r3_c4.png,3471,1,44,445,46.0,3
7,3_320x stock m270_4xobj_3_grid_r3_c4.png,3472,1,193,443,46.0,3
7,3_320x stock m270_4xobj_3_grid_r3_c4.png,3473,1,149,432,46.0,3
7,3_320x stock m270_4xobj_3_grid_r3_c4.png,3474,1,207,419,46.0,3
7,3_320x stock m270_4xobj_3_grid_r3_c4.png,3475,1,158,418,74.5,4
7,3_320x stock m270_4xobj_3_grid_r3_c4.png,3476,1,457,409,74.5,4
7,3_320x stock m270_4xobj_3_grid_r3_c4.png,3477,1,45,406,46.0,3
7,3_320x stock m270_4xobj_3_grid_r3_c4.png,3478,1,82,402,46.0,3
7,3_320x stock m270_4xobj_3_grid_r3_c4.png,3479,1,60,372,46.0,3
7,3_320x stock m270_4xobj_3_grid_r3_c4.png,3480,1,20,365,46.0,3
7,3_320x stock m270_4xobj_3_grid_r3_c4.png,3481,1,157,298,74.5,4
7,3_320x stock m270_4xobj_3_grid_r3_c4.png,3482,1,62,295,46.0,3
7,3_320x stock m270_4xobj_3_grid_r3_c4.png,3483,1,3,415,31.5,3
7,3_320x stock m270_4xobj_3_grid_r3_c4.png,3484,1,162,381,74.5,4
8,3_320x stock m270_4xobj_3_grid_r3_c5.png,3485,1,498,475,46.0,3
8,3_320x stock m270_4xobj_3_grid_r3_c5.png,3486,1,363,506,74.5,4
8,3_320x stock m270_4xobj_3_grid_r3_c5.png,3487,1,252,150,318.0,10
8,3_320x stock m270_4xobj_3_grid_r3_c5.png,3488,1,175,457,74.5,4
8,3_320x stock m270_4xobj_3_grid_r3_c5.png,3489,1,429,463,74.5,4
8,3_320x stock m270_4xobj_3_grid_r3_c5.png,3490,1,277,486,74.5,4
8,3_320x stock m270_4xobj_3_grid_r3_c5.png,3491,1,236,232,31.5,3
8,3_320x stock m270_4xobj_3_grid_r3_c5.png,3492,1,142,261,74.5,4
8,3_320x stock m270_4xobj_3_grid_r3_c5.png,3493,1,142,392,74.5,4
8,3_320x stock m270_4xobj_3_grid_r3_c5.png,3494,1,43,397,46.0,3
8,3_320x stock m270_4xobj_3_grid_r3_c5.png,3495,1,112,400,46.0,3
8,3_320x stock m270_4xobj_3_grid_r3_c5.png,3496,1,30,418,74.5,4
8,3_320x stock m270_4xobj_3_grid_r3_c5.png,3497,1,130,445,74.5,4
8,3_320x stock m270_4xobj_3_grid_r3_c5.png,3498,1,124,464,46.0,3
8,3_320x stock m270_4xobj_3_grid_r3_c5.png,3499,1,118,486,46.0,3
8,3_320x stock m270_4xobj_3_grid_r3_c5.png,3500,1,23,489,46.0,3
8,3_320x stock m270_4xobj_3_grid_r3_c5.png,3501,1,304,490,46.0,3
8,3_320x stock m270_4xobj_3_grid_r3_c5.png,3502,1,24,508,31.5,3
8,3_320x stock m270_4xobj_3_grid_r3_c5.png,3503,1,317,139,74.5,4
8,3_320x stock m270_4xobj_3_grid_r3_c5.png,3504,1,120,250,31.5,3
8,3_320x stock m270_4xobj_3_grid_r3_c5.png,3505,1,17,294,46.0,3
8,3_320x stock m270_4xobj_3_grid_r3_c5.png,3506,1,117,294,74.5,4
8,3_320x stock m270_4xobj_3_grid_r3_c5.png,3507,1,11,315,46.0,3
8,3_320x stock m270_4xobj_3_grid_r3_c5.png,3508,1,16,329,46.0,3
8,3_320x stock m270_4xobj_3_grid_r3_c5.png,3509,1,264,367,46.0,3
8,3_320x stock m270_4xobj_3_grid_r3_c5.png,3510,1,210,378,46.0,3
8,3_320x stock m270_4xobj_3_grid_r3_c5.png,3511,1,6,379,46.0,3
8,3_320x stock m270_4xobj_3_grid_r3_c5.png,3512,1,35,389,46.0,3
8,3_320x stock m270_4xobj_3_grid_r3_c5.png,3513,1,59,395,31.5,3
8,3_320x stock m270_4xobj_3_grid_r3_c5.png,3514,1,413,401,74.5,4
8,3_320x stock m270_4xobj_3_grid_r3_c5.png,3515,1,205,405,31.5,3
8,3_320x stock m270_4xobj_3_grid_r3_c5.png,3516,1,468,419,46.0,3
8,3_320x stock m270_4xobj_3_grid_r3_c5.png,3517,1,148,422,46.0,3
8,3_320x stock m270_4xobj_3_grid_r3_c5.png,3518,1,264,425,46.0,3
8,3_320x stock m270_4xobj_3_grid_r3_c5.png,3519,1,7,432,31.5,3
8,3_320x stock m270_4xobj_3_grid_r3_c5.png,3520,1,449,439,46.0,3
8,3_320x stock m270_4xobj_3_grid_r3_c5.png,3521,1,35,447,46.0,3
8,3_320x stock m270_4xobj_3_grid_r3_c5.png,3522,1,90,448,46.0,3
8,3_320x stock m270_4xobj_3_grid_r3_c5.png,3523,1,100,452,31.5,3
8,3_320x stock m270_4xobj_3_grid_r3_c5.png,3524,1,447,453,46.0,3
8,3_320x stock m270_4xobj_3_grid_r3_c5.png,3525,1,480,458,46.0,3
8,3_320x stock m270_4xobj_3_grid_r3_c5.png,3526,1,280,462,46.0,3
8,3_320x stock m270_4xobj_3_grid_r3_c5.png,3527,1,84,467,46.0,3
8,3_320x stock m270_4xobj_3_grid_r3_c5.png,3528,1,235,475,46.0,3
8,3_320x stock m270_4xobj_3_grid_r3_c5.png,3529,1,70,477,46.0,3
8,3_320x stock m270_4xobj_3_grid_r3_c5.png,3530,1,186,482,46.0,3
8,3_320x stock m270_4xobj_3_grid_r3_c5.png,3531,1,172,484,31.5,3
8,3_320x stock m270_4xobj_3_grid_r3_c5.png,3532,1,318,487,46.0,3
8,3_320x stock m270_4xobj_3_grid_r3_c5.png,3533,1,379,488,31.5,3
8,3_320x stock m270_4xobj_3_grid_r3_c5.png,3534,1,245,495,46.0,3
8,3_320x stock m270_4xobj_3_grid_r3_c5.png,3535,1,394,496,46.0,3
8,3_320x stock m270_4xobj_3_grid_r3_c5.png,3536,1,165,504,46.0,3
8,3_320x stock m270_4xobj_3_grid_r3_c5.png,3537,1,46,506,31.5,3
8,3_320x stock m270_4xobj_3_grid_r3_c5.png,3538,1,459,507,46.0,3
8,3_320x stock m270_4xobj_3_grid_r3_c5.png,3539,1,38,8,46.0,3
8,3_320x stock m270_4xobj_3_grid_r3_c5.png,3540,1,301,15,74.5,4
8,3_320x stock m270_4xobj_3_grid_r3_c5.png,3541,1,56,25,46.0,3
8,3_320x stock m270_4xobj_3_grid_r3_c5.png,3542,1,236,63,46.0,3
8,3_320x stock m270_4xobj_3_grid_r3_c5.png,3543,1,67,80,46.0,3
8,3_320x stock m270_4xobj_3_grid_r3_c5.png,3544,1,52,106,31.5,3
8,3_320x stock m270_4xobj_3_grid_r3_c5.png,3545,1,17,120,46.0,3
8,3_320x stock m270_4xobj_3_grid_r3_c5.png,3546,1,119,121,46.0,3
8,3_320x stock m270_4xobj_3_grid_r3_c5.png,3547,1,350,147,46.0,3
8,3_320x stock m270_4xobj_3_grid_r3_c5.png,3548,1,16,163,46.0,3
8,3_320x stock m270_4xobj_3_grid_r3_c5.png,3549,1,108,164,46.0,3
8,3_320x stock m270_4xobj_3_grid_r3_c5.png,3550,1,187,165,31.5,3
8,3_320x stock m270_4xobj_3_grid_r3_c5.png,3551,1,168,170,46.0,3
8,3_320x stock m270_4xobj_3_grid_r3_c5.png,3552,1,235,186,31.5,3
8,3_320x stock m270_4xobj_3_grid_r3_c5.png,3553,1,3,189,43.0,3
8,3_320x stock m270_4xobj_3_grid_r3_c5.png,3554,1,84,191,46.0,3
8,3_320x stock m270_4xobj_3_grid_r3_c5.png,3555,1,431,216,46.0,3
8,3_320x stock m270_4xobj_3_grid_r3_c5.png,3556,1,47,218,46.0,3
8,3_320x stock m270_4xobj_3_grid_r3_c5.png,3557,1,157,219,31.5,3
8,3_320x stock m270_4xobj_3_grid_r3_c5.png,3558,1,36,223,46.0,3
8,3_320x stock m270_4xobj_3_grid_r3_c5.png,3559,1,19,246,46.0,3
8,3_320x stock m270_4xobj_3_grid_r3_c5.png,3560,1,290,254,46.0,3
8,3_320x stock m270_4xobj_3_grid_r3_c5.png,3561,1,48,259,46.0,3
8,3_320x stock m270_4xobj_3_grid_r3_c5.png,3562,1,21,260,31.5,3
8,3_320x stock m270_4xobj_3_grid_r3_c5.png,3563,1,418,260,46.0,3
8,3_320x stock m270_4xobj_3_grid_r3_c5.png,3564,1,277,264,46.0,3
8,3_320x stock m270_4xobj_3_grid_r3_c5.png,3565,1,223,271,74.5,4
8,3_320x stock m270_4xobj_3_grid_r3_c5.png,3566,1,496,287,46.0,3
8,3_320x stock m270_4xobj_3_grid_r3_c5.png,3567,1,208,303,46.0,3
8,3_320x stock m270_4xobj_3_grid_r3_c5.png,3568,1,224,306,46.0,3
8,3_320x stock m270_4xobj_3_grid_r3_c5.png,3569,1,457,312,74.5,4
8,3_320x stock m270_4xobj_3_grid_r3_c5.png,3570,1,207,323,46.0,3
8,3_320x stock m270_4xobj_3_grid_r3_c5.png,3571,1,173,327,46.0,3
8,3_320x stock m270_4xobj_3_grid_r3_c5.png,3572,1,307,339,46.0,3
8,3_320x stock m270_4xobj_3_grid_r3_c5.png,3573,1,477,340,31.5,3
8,3_320x stock m270_4xobj_3_grid_r3_c5.png,3574,1,455,340,46.0,3
8,3_320x stock m270_4xobj_3_grid_r3_c5.png,3575,1,347,344,74.5,4
8,3_320x stock m270_4xobj_3_grid_r3_c5.png,3576,1,489,344,46.0,3
8,3_320x stock m270_4xobj_3_grid_r3_c5.png,3577,1,199,346,46.0,3
8,3_320x stock m270_4xobj_3_grid_r3_c5.png,3578,1,178,349,46.0,3
8,3_320x stock m270_4xobj_3_grid_r3_c5.png,3579,1,69,352,46.0,3
8,3_320x stock m270_4xobj_3_grid_r3_c5.png,3580,1,427,356,46.0,3
8,3_320x stock m270_4xobj_3_grid_r3_c5.png,3581,1,249,358,46.0,3
8,3_320x stock m270_4xobj_3_grid_r3_c5.png,3582,1,463,359,46.0,3
8,3_320x stock m270_4xobj_3_grid_r3_c5.png,3583,1,224,363,46.0,3
8,3_320x stock m270_4xobj_3_grid_r3_c5.png,3584,1,503,368,46.0,3
8,3_320x stock m270_4xobj_3_grid_r3_c5.png,3585,1,452,368,31.5,3
8,3_320x stock m270_4xobj_3_grid_r3_c5.png,3586,1,372,372,46.0,3
8,3_320x stock m270_4xobj_3_grid_r3_c5.png,3587,1,101,373,46.0,3
8,3_320x stock m270_4xobj_3_grid_r3_c5.png,3588,1,53,376,31.5,3
8,3_320x stock m270_4xobj_3_grid_r3_c5.png,3589,1,448,387,31.5,3
8,3_320x stock m270_4xobj_3_grid_r3_c5.png,3590,1,71,389,31.5,3
8,3_320x stock m270_4xobj_3_grid_r3_c5.png,3591,1,459,389,31.5,3
8,3_320x stock m270_4xobj_3_grid_r3_c5.png,3592,1,384,392,46.0,3
8,3_320x stock m270_4xobj_3_grid_r3_c5.png,3593,1,177,397,31.5,3
8,3_320x stock m270_4xobj_3_grid_r3_c5.png,3594,1,452,398,31.5,3
8,3_320x stock m270_4xobj_3_grid_r3_c5.png,3595,1,485,403,46.0,3
8,3_320x stock m270_4xobj_3_grid_r3_c5.png,3596,1,3,405,31.5,3
8,3_320x stock m270_4xobj_3_grid_r3_c5.png,3597,1,237,410,46.0,3
8,3_320x stock m270_4xobj_3_grid_r3_c5.png,3598,1,477,410,31.5,3
8,3_320x stock m270_4xobj_3_grid_r3_c5.png,3599,1,273,410,31.5,3
8,3_320x stock m270_4xobj_3_grid_r3_c5.png,3600,1,323,410,46.0,3
8,3_320x stock m270_4xobj_3_grid_r3_c5.png,3601,1,7,417,46.0,3
8,3_320x stock m270_4xobj_3_grid_r3_c5.png,3602,1,105,429,31.5,3
8,3_320x stock m270_4xobj_3_grid_r3_c5.png,3603,1,96,435,31.5,3
8,3_320x stock m270_4xobj_3_grid_r3_c5.png,3604,1,367,435,31.5,3
8,3_320x stock m270_4xobj_3_grid_r3_c5.png,3605,1,5,442,31.5,3
8,3_320x stock m270_4xobj_3_grid_r3_c5.png,3606,1,380,446,46.0,3
8,3_320x stock m270_4xobj_3_grid_r3_c5.png,3607,1,317,450,46.0,3
8,3_320x stock m270_4xobj_3_grid_r3_c5.png,3608,1,344,464,46.0,3
8,3_320x stock m270_4xobj_3_grid_r3_c5.png,3609,1,370,467,31.5,3
8,3_320x stock m270_4xobj_3_grid_r3_c5.png,3610,1,158,474,31.5,3
8,3_320x stock m270_4xobj_3_grid_r3_c5.png,3611,1,402,473,31.5,3
8,3_320x stock m270_4xobj_3_grid_r3_c5.png,3612,1,407,483,31.5,3
8,3_320x stock m270_4xobj_3_grid_r3_c5.png,3613,1,347,487,31.5,3
8,3_320x stock m270_4xobj_3_grid_r3_c5.png,3614,1,416,494,46.0,3
8,3_320x stock m270_4xobj_3_grid_r3_c5.png,3615,1,140,9,46.0,3
8,3_320x stock m270_4xobj_3_grid_r3_c5.png,3616,1,72,10,46.0,3
8,3_320x stock m270_4xobj_3_grid_r3_c5.png,3617,1,327,12,46.0,3
8,3_320x stock m270_4xobj_3_grid_r3_c5.png,3618,1,94,13,46.0,3
8,3_320x stock m270_4xobj_3_grid_r3_c5.png,3619,1,263,15,31.5,3
8,3_320x stock m270_4xobj_3_grid_r3_c5.png,3620,1,342,18,46.0,3
8,3_320x stock m270_4xobj_3_grid_r3_c5.png,3621,1,279,16,46.0,3
8,3_320x stock m270_4xobj_3_grid_r3_c5.png,3622,1,249,21,31.5,3
8,3_320x stock m270_4xobj_3_grid_r3_c5.png,3623,1,15,32,46.0,3
8,3_320x stock m270_4xobj_3_grid_r3_c5.png,3624,1,39,32,46.0,3
8,3_320x stock m270_4xobj_3_grid_r3_c5.png,3625,1,264,45,46.0,3
8,3_320x stock m270_4xobj_3_grid_r3_c5.png,3626,1,4,47,31.5,3
8,3_320x stock m270_4xobj_3_grid_r3_c5.png,3627,1,338,51,46.0,3
8,3_320x stock m270_4xobj_3_grid_r3_c5.png,3628,1,12,54,46.0,3
8,3_320x stock m270_4xobj_3_grid_r3_c5.png,3629,1,35,64,46.0,3
8,3_320x stock m270_4xobj_3_grid_r3_c5.png,3630,1,22,67,31.5,3
8,3_320x stock m270_4xobj_3_grid_r3_c5.png,3631,1,268,72,46.0,3
8,3_320x stock m270_4xobj_3_grid_r3_c5.png,3632,1,335,72,46.0,3
8,3_320x stock m270_4xobj_3_grid_r3_c5.png,3633,1,14,78,46.0,3
8,3_320x stock m270_4xobj_3_grid_r3_c5.png,3634,1,193,79,46.0,3
8,3_320x stock m270_4xobj_3_grid_r3_c5.png,3635,1,419,84,46.0,3
8,3_320x stock m270_4xobj_3_grid_r3_c5.png,3636,1,219,87,46.0,3
8,3_320x stock m270_4xobj_3_grid_r3_c5.png,3637,1,154,90,46.0,3
8,3_320x stock m270_4xobj_3_grid_r3_c5.png,3638,1,203,90,46.0,3
8,3_320x stock m270_4xobj_3_grid_r3_c5.png,3639,1,54,93,31.5,3
8,3_320x stock m270_4xobj_3_grid_r3_c5.png,3640,1,277,97,46.0,3
8,3_320x stock m270_4xobj_3_grid_r3_c5.png,3641,1,179,99,46.0,3
8,3_320x stock m270_4xobj_3_grid_r3_c5.png,3642,1,431,102,46.0,3
8,3_320x stock m270_4xobj_3_grid_r3_c5.png,3643,1,248,105,46.0,3
8,3_320x stock m270_4xobj_3_grid_r3_c5.png,3644,1,371,110,46.0,3
8,3_320x stock m270_4xobj_3_grid_r3_c5.png,3645,1,164,110,46.0,3
8,3_320x stock m270_4xobj_3_grid_r3_c5.png,3646,1,81,114,46.0,3
8,3_320x stock m270_4xobj_3_grid_r3_c5.png,3647,1,425,121,46.0,3
8,3_320x stock m270_4xobj_3_grid_r3_c5.png,3648,1,385,125,46.0,3
8,3_320x stock m270_4xobj_3_grid_r3_c5.png,3649,1,229,129,46.0,3
8,3_320x stock m270_4xobj_3_grid_r3_c5.png,3650,1,63,130,31.5,3
8,3_320x stock m270_4xobj_3_grid_r3_c5.png,3651,1,471,135,46.0,3
8,3_320x stock m270_4xobj_3_grid_r3_c5.png,3652,1,233,146,31.5,3
8,3_320x stock m270_4xobj_3_grid_r3_c5.png,3653,1,130,146,46.0,3
8,3_320x stock m270_4xobj_3_grid_r3_c5.png,3654,1,365,152,46.0,3
8,3_320x stock m270_4xobj_3_grid_r3_c5.png,3655,1,340,154,46.0,3
8,3_320x stock m270_4xobj_3_grid_r3_c5.png,3656,1,44,160,46.0,3
8,3_320x stock m270_4xobj_3_grid_r3_c5.png,3657,1,227,165,46.0,3
8,3_320x stock m270_4xobj_3_grid_r3_c5.png,3658,1,413,174,31.5,3
8,3_320x stock m270_4xobj_3_grid_r3_c5.png,3659,1,310,177,74.5,4
8,3_320x stock m270_4xobj_3_grid_r3_c5.png,3660,1,196,183,46.0,3
8,3_320x stock m270_4xobj_3_grid_r3_c5.png,3661,1,359,183,46.0,3
8,3_320x stock m270_4xobj_3_grid_r3_c5.png,3662,1,83,204,46.0,3
8,3_320x stock m270_4xobj_3_grid_r3_c5.png,3663,1,261,203,31.5,3
8,3_320x stock m270_4xobj_3_grid_r3_c5.png,3664,1,190,204,46.0,3
8,3_320x stock m270_4xobj_3_grid_r3_c5.png,3665,1,378,208,46.0,3
8,3_320x stock m270_4xobj_3_grid_r3_c5.png,3666,1,453,210,46.0,3
8,3_320x stock m270_4xobj_3_grid_r3_c5.png,3667,1,119,222,31.5,3
8,3_320x stock m270_4xobj_3_grid_r3_c5.png,3668,1,208,231,147.5,6
8,3_320x stock m270_4xobj_3_grid_r3_c5.png,3669,1,226,230,31.5,3
8,3_320x stock m270_4xobj_3_grid_r3_c5.png,3670,1,128,232,46.0,3
8,3_320x stock m270_4xobj_3_grid_r3_c5.png,3671,1,491,237,46.0,3
8,3_320x stock m270_4xobj_3_grid_r3_c5.png,3672,1,43,243,46.0,3
8,3_320x stock m270_4xobj_3_grid_r3_c5.png,3673,1,429,244,46.0,3
8,3_320x stock m270_4xobj_3_grid_r3_c5.png,3674,1,217,248,46.0,3
8,3_320x stock m270_4xobj_3_grid_r3_c5.png,3675,1,461,250,31.5,3
8,3_320x stock m270_4xobj_3_grid_r3_c5.png,3676,1,107,253,31.5,3
8,3_320x stock m270_4xobj_3_grid_r3_c5.png,3677,1,472,255,46.0,3
8,3_320x stock m270_4xobj_3_grid_r3_c5.png,3678,1,188,256,46.0,3
8,3_320x stock m270_4xobj_3_grid_r3_c5.png,3679,1,130,264,31.5,3
8,3_320x stock m270_4xobj_3_grid_r3_c5.png,3680,1,138,271,46.0,3
8,3_320x stock m270_4xobj_3_grid_r3_c5.png,3681,1,41,280,46.0,3
8,3_320x stock m270_4xobj_3_grid_r3_c5.png,3682,1,344,285,46.0,3
8,3_320x stock m270_4xobj_3_grid_r3_c5.png,3683,1,157,284,31.5,3
8,3_320x stock m270_4xobj_3_grid_r3_c5.png,3684,1,405,291,31.5,3
8,3_320x stock m270_4xobj_3_grid_r3_c5.png,3685,1,306,299,31.5,3
8,3_320x stock m270_4xobj_3_grid_r3_c5.png,3686,1,327,301,46.0,3
8,3_320x stock m270_4xobj_3_grid_r3_c5.png,3687,1,140,302,46.0,3
8,3_320x stock m270_4xobj_3_grid_r3_c5.png,3688,1,146,311,31.5,3
8,3_320x stock m270_4xobj_3_grid_r3_c5.png,3689,1,320,314,46.0,3
8,3_320x stock m270_4xobj_3_grid_r3_c5.png,3690,1,160,317,46.0,3
8,3_320x stock m270_4xobj_3_grid_r3_c5.png,3691,1,274,320,31.5,3
8,3_320x stock m270_4xobj_3_grid_r3_c5.png,3692,1,361,320,74.5,4
8,3_320x stock m270_4xobj_3_grid_r3_c5.png,3693,1,236,324,46.0,3
8,3_320x stock m270_4xobj_3_grid_r3_c5.png,3694,1,297,335,104.0,5
8,3_320x stock m270_4xobj_3_grid_r3_c5.png,3695,1,299,350,46.0,3
8,3_320x stock m270_4xobj_3_grid_r3_c5.png,3696,1,403,352,31.5,3
8,3_320x stock m270_4xobj_3_grid_r3_c5.png,3697,1,271,356,46.0,3
8,3_320x stock m270_4xobj_3_grid_r3_c5.png,3698,1,124,369,31.5,3
8,3_320x stock m270_4xobj_3_grid_r3_c5.png,3699,1,114,373,31.5,3
8,3_320x stock m270_4xobj_3_grid_r3_c5.png,3700,1,334,375,46.0,3
8,3_320x stock m270_4xobj_3_grid_r3_c5.png,3701,1,349,377,31.5,3
8,3_320x stock m270_4xobj_3_grid_r3_c5.png,3702,1,476,380,46.0,3
8,3_320x stock m270_4xobj_3_grid_r3_c5.png,3703,1,170,382,31.5,3
8,3_320x stock m270_4xobj_3_grid_r3_c5.png,3704,1,164,390,31.5,3
8,3_320x stock m270_4xobj_3_grid_r3_c5.png,3705,1,357,393,46.0,3
8,3_320x stock m270_4xobj_3_grid_r3_c5.png,3706,1,95,412,31.5,3
8,3_320x stock m270_4xobj_3_grid_r3_c5.png,3707,1,421,420,31.5,3
8,3_320x stock m270_4xobj_3_grid_r3_c5.png,3708,1,483,424,46.0,3
8,3_320x stock m270_4xobj_3_grid_r3_c5.png,3709,1,227,450,31.5,3
8,3_320x stock m270_4xobj_3_grid_r3_c5.png,3710,1,87,21,31.5,3
8,3_320x stock m270_4xobj_3_grid_r3_c5.png,3711,1,454,21,46.0,3
8,3_320x stock m270_4xobj_3_grid_r3_c5.png,3712,1,67,22,46.0,3
8,3_320x stock m270_4xobj_3_grid_r3_c5.png,3713,1,267,22,46.0,3
8,3_320x stock m270_4xobj_3_grid_r3_c5.png,3714,1,183,27,46.0,3
8,3_320x stock m270_4xobj_3_grid_r3_c5.png,3715,1,28,28,31.5,3
8,3_320x stock m270_4xobj_3_grid_r3_c5.png,3716,1,472,34,46.0,3
8,3_320x stock m270_4xobj_3_grid_r3_c5.png,3717,1,170,45,31.5,3
8,3_320x stock m270_4xobj_3_grid_r3_c5.png,3718,1,90,49,46.0,3
8,3_320x stock m270_4xobj_3_grid_r3_c5.png,3719,1,400,52,31.5,3
8,3_320x stock m270_4xobj_3_grid_r3_c5.png,3720,1,386,54,46.0,3
8,3_320x stock m270_4xobj_3_grid_r3_c5.png,3721,1,378,66,46.0,3
8,3_320x stock m270_4xobj_3_grid_r3_c5.png,3722,1,443,74,31.5,3
8,3_320x stock m270_4xobj_3_grid_r3_c5.png,3723,1,232,76,46.0,3
8,3_320x stock m270_4xobj_3_grid_r3_c5.png,3724,1,240,84,31.5,3
8,3_320x stock m270_4xobj_3_grid_r3_c5.png,3725,1,288,106,46.0,3
8,3_320x stock m270_4xobj_3_grid_r3_c5.png,3726,1,464,113,46.0,3
8,3_320x stock m270_4xobj_3_grid_r3_c5.png,3727,1,225,116,46.0,3
8,3_320x stock m270_4xobj_3_grid_r3_c5.png,3728,1,60,121,31.5,3
8,3_320x stock m270_4xobj_3_grid_r3_c5.png,3729,1,144,121,31.5,3
8,3_320x stock m270_4xobj_3_grid_r3_c5.png,3730,1,445,128,46.0,3
8,3_320x stock m270_4xobj_3_grid_r3_c5.png,3731,1,403,135,46.0,3
8,3_320x stock m270_4xobj_3_grid_r3_c5.png,3732,1,116,147,46.0,3
8,3_320x stock m270_4xobj_3_grid_r3_c5.png,3733,1,276,155,31.5,3
8,3_320x stock m270_4xobj_3_grid_r3_c5.png,3734,1,428,157,31.5,3
8,3_320x stock m270_4xobj_3_grid_r3_c5.png,3735,1,489,157,31.5,3
8,3_320x stock m270_4xobj_3_grid_r3_c5.png,3736,1,363,173,31.5,3
8,3_320x stock m270_4xobj_3_grid_r3_c5.png,3737,1,326,175,31.5,3
8,3_320x stock m270_4xobj_3_grid_r3_c5.png,3738,1,399,182,46.0,3
8,3_320x stock m270_4xobj_3_grid_r3_c5.png,3739,1,489,183,46.0,3
8,3_320x stock m270_4xobj_3_grid_r3_c5.png,3740,1,332,184,31.5,3
8,3_320x stock m270_4xobj_3_grid_r3_c5.png,3741,1,392,189,31.5,3
8,3_320x stock m270_4xobj_3_grid_r3_c5.png,3742,1,174,191,46.0,3
8,3_320x stock m270_4xobj_3_grid_r3_c5.png,3743,1,485,198,46.0,3
8,3_320x stock m270_4xobj_3_grid_r3_c5.png,3744,1,343,206,31.5,3
8,3_320x stock m270_4xobj_3_grid_r3_c5.png,3745,1,130,218,31.5,3
8,3_320x stock m270_4xobj_3_grid_r3_c5.png,3746,1,106,229,31.5,3
8,3_320x stock m270_4xobj_3_grid_r3_c5.png,3747,1,446,235,31.5,3
8,3_320x stock m270_4xobj_3_grid_r3_c5.png,3748,1,302,237,31.5,3
8,3_320x stock m270_4xobj_3_grid_r3_c5.png,3749,1,113,242,46.0,3
8,3_320x stock m270_4xobj_3_grid_r3_c5.png,3750,1,29,246,104.0,5
8,3_320x stock m270_4xobj_3_grid_r3_c5.png,3751,1,441,245,46.0,3
8,3_320x stock m270_4xobj_3_grid_r3_c5.png,3752,1,434,259,31.5,3
8,3_320x stock m270_4xobj_3_grid_r3_c5.png,3753,1,98,275,31.5,3
8,3_320x stock m270_4xobj_3_grid_r3_c5.png,3754,1,486,279,46.0,3
8,3_320x stock m270_4xobj_3_grid_r3_c5.png,3755,1,338,295,46.0,3
8,3_320x stock m270_4xobj_3_grid_r3_c5.png,3756,1,402,309,31.5,3
8,3_320x stock m270_4xobj_3_grid_r3_c5.png,3757,1,481,358,46.0,3
8,3_320x stock m270_4xobj_3_grid_r3_c5.png,3758,1,312,389,31.5,3
8,3_320x stock m270_4xobj_3_grid_r3_c5.png,3759,1,366,412,31.5,3
8,3_320x stock m270_4xobj_3_grid_r3_c5.png,3760,1,389,14,74.5,4
8,3_320x stock m270_4xobj_3_grid_r3_c5.png,3761,1,144,26,46.0,3
8,3_320x stock m270_4xobj_3_grid_r3_c5.png,3762,1,128,37,31.5,3
8,3_320x stock m270_4xobj_3_grid_r3_c5.png,3763,1,177,37,46.0,3
8,3_320x stock m270_4xobj_3_grid_r3_c5.png,3764,1,385,70,31.5,3
8,3_320x stock m270_4xobj_3_grid_r3_c5.png,3765,1,314,109,46.0,3
8,3_320x stock m270_4xobj_3_grid_r3_c5.png,3766,1,147,129,31.5,3
8,3_320x stock m270_4xobj_3_grid_r3_c5.png,3767,1,448,144,46.0,3
8,3_320x stock m270_4xobj_3_grid_r3_c5.png,3768,1,435,167,31.5,3
8,3_320x stock m270_4xobj_3_grid_r3_c5.png,3769,1,434,180,31.5,3
8,3_320x stock m270_4xobj_3_grid_r3_c5.png,3770,1,360,229,31.5,3
8,3_320x stock m270_4xobj_3_grid_r3_c5.png,3771,1,367,242,46.0,3
8,3_320x stock m270_4xobj_3_grid_r3_c5.png,3772,1,352,269,31.5,3
8,3_320x stock m270_4xobj_3_grid_r3_c5.png,3773,1,285,320,31.5,3
8,3_320x stock m270_4xobj_3_grid_r3_c5.png,3774,1,429,325,31.5,3
8,3_320x stock m270_4xobj_3_grid_r3_c5.png,3775,1,340,362,74.5,4
8,3_320x stock m270_4xobj_3_grid_r3_c5.png,3776,1,268,397,31.5,3
8,3_320x stock m270_4xobj_3_grid_r3_c5.png,3777,1,15,466,104.0,5
8,3_320x stock m270_4xobj_3_grid_r3_c5.png,3778,1,460,467,31.5,3
8,3_320x stock m270_4xobj_3_grid_r3_c5.png,3779,1,65,495,46.0,3
8,3_320x stock m270_4xobj_3_grid_r3_c5.png,3780,1,469,74,31.5,3
8,3_320x stock m270_4xobj_3_grid_r3_c5.png,3781,1,428,77,46.0,3
8,3_320x stock m270_4xobj_3_grid_r3_c5.png,3782,1,446,161,31.5,3
8,3_320x stock m270_4xobj_3_grid_r3_c5.png,3783,1,19,189,74.5,4
8,3_320x stock m270_4xobj_3_grid_r3_c5.png,3784,1,427,190,31.5,3
8,3_320x stock m270_4xobj_3_grid_r3_c5.png,3785,1,447,192,104.0,5
8,3_320x stock m270_4xobj_3_grid_r3_c5.png,3786,1,65,426,31.5,3
8,3_320x stock m270_4xobj_3_grid_r3_c5.png,3787,1,59,471,46.0,3
8,3_320x stock m270_4xobj_3_grid_r3_c5.png,3788,1,312,88,31.5,3
8,3_320x stock m270_4xobj_3_grid_r3_c5.png,3789,1,335,478,74.5,4
8,3_320x stock m270_4xobj_3_grid_r3_c5.png,3790,1,375,7,74.5,4
8,3_320x stock m270_4xobj_3_grid_r3_c5.png,3791,1,348,181,74.5,4
8,3_320x stock m270_4xobj_3_grid_r3_c5.png,3792,1,52,201,104.0,5
8,3_320x stock m270_4xobj_3_grid_r3_c5.png,3793,1,65,205,46.0,3
8,3_320x stock m270_4xobj_3_grid_r3_c5.png,3794,1,504,240,74.5,4
8,3_320x stock m270_4xobj_3_grid_r3_c5.png,3795,1,311,246,74.5,4
8,3_320x stock m270_4xobj_3_grid_r3_c5.png,3796,1,291,276,46.0,3
8,3_320x stock m270_4xobj_3_grid_r3_c5.png,3797,1,127,322,74.5,4
8,3_320x stock m270_4xobj_3_grid_r3_c5.png,3798,1,51,332,46.0,3
8,3_320x stock m270_4xobj_3_grid_r3_c5.png,3799,1,110,362,74.5,4
8,3_320x stock m270_4xobj_3_grid_r3_c5.png,3800,1,181,369,74.5,4
8,3_320x stock m270_4xobj_3_grid_r3_c5.png,3801,1,87,479,31.5,3
8,3_320x stock m270_4xobj_3_grid_r3_c5.png,3802,1,439,492,31.5,3
8,3_320x stock m270_4xobj_3_grid_r3_c5.png,3803,1,465,494,46.0,3
8,3_320x stock m270_4xobj_3_grid_r3_c5.png,3804,1,380,247,74.5,4
8,3_320x stock m270_4xobj_3_grid_r3_c5.png,3805,1,301,400,31.5,3
8,3_320x stock m270_4xobj_3_grid_r3_c5.png,3806,1,98,506,31.5,3
8,3_320x stock m270_4xobj_3_grid_r3_c5.png,3807,1,94,31,74.5,4
8,3_320x stock m270_4xobj_3_grid_r3_c5.png,3808,1,336,108,74.5,4
8,3_320x stock m270_4xobj_3_grid_r3_c5.png,3809,1,204,275,31.5,3
8,3_320x stock m270_4xobj_3_grid_r3_c5.png,3810,1,445,415,31.5,3
8,3_320x stock m270_4xobj_3_grid_r3_c5.png,3811,1,83,507,46.0,3
8,3_320x stock m270_4xobj_3_grid_r3_c5.png,3812,1,119,7,104.0,5
8,3_320x stock m270_4xobj_3_grid_r3_c5.png,3813,1,448,6,46.0,3
8,3_320x stock m270_4xobj_3_grid_r3_c5.png,3814,1,376,175,31.5,3
8,3_320x stock m270_4xobj_3_grid_r3_c5.png,3815,1,497,205,31.5,3
8,3_320x stock m270_4xobj_3_grid_r3_c5.png,3816,1,385,228,46.0,3
8,3_320x stock m270_4xobj_3_grid_r3_c5.png,3817,1,289,427,31.5,3
8,3_320x stock m270_4xobj_3_grid_r3_c5.png,3818,1,214,43,31.5,3
8,3_320x stock m270_4xobj_3_grid_r3_c5.png,3819,1,201,21,31.5,3
8,3_320x stock m270_4xobj_3_grid_r3_c5.png,3820,1,198,28,31.5,3
8,3_320x stock m270_4xobj_3_grid_r3_c5.png,3821,1,138,34,31.5,3
8,3_320x stock m270_4xobj_3_grid_r3_c5.png,3822,1,120,40,31.5,3
8,3_320x stock m270_4xobj_3_grid_r3_c5.png,3823,1,35,95,31.5,3
8,3_320x stock m270_4xobj_3_grid_r3_c5.png,3824,1,27,91,31.5,3
8,3_320x stock m270_4xobj_3_grid_r3_c5.png,3825,1,273,112,31.5,3
8,3_320x stock m270_4xobj_3_grid_r3_c5.png,3826,1,270,123,31.5,3
8,3_320x stock m270_4xobj_3_grid_r3_c5.png,3827,1,325,118,31.5,3
8,3_320x stock m270_4xobj_3_grid_r3_c5.png,3828,1,391,86,31.5,3
8,3_320x stock m270_4xobj_3_grid_r3_c5.png,3829,1,314,100,31.5,3
8,3_320x stock m270_4xobj_3_grid_r3_c5.png,3830,1,29,112,31.5,3
8,3_320x stock m270_4xobj_3_grid_r3_c5.png,3831,1,29,81,31.5,3
8,3_320x stock m270_4xobj_3_grid_r3_c5.png,3832,1,116,51,31.5,3
8,3_320x stock m270_4xobj_3_grid_r3_c5.png,3833,1,99,40,31.5,3
8,3_320x stock m270_4xobj_3_grid_r3_c5.png,3834,1,87,38,31.5,3
8,3_320x stock m270_4xobj_3_grid_r3_c5.png,3835,1,53,61,31.5,3
8,3_320x stock m270_4xobj_3_grid_r3_c5.png,3836,1,60,71,31.5,3
8,3_320x stock m270_4xobj_3_grid_r3_c5.png,3837,1,64,64,31.5,3
8,3_320x stock m270_4xobj_3_grid_r3_c5.png,3838,1,117,66,31.5,3
8,3_320x stock m270_4xobj_3_grid_r3_c5.png,3839,1,124,63,31.5,3
8,3_320x stock m270_4xobj_3_grid_r3_c5.png,3840,1,124,52,31.5,3
8,3_320x stock m270_4xobj_3_grid_r3_c5.png,3841,1,134,51,31.5,3
8,3_320x stock m270_4xobj_3_grid_r3_c5.png,3842,1,142,60,31.5,3
8,3_320x stock m270_4xobj_3_grid_r3_c5.png,3843,1,159,59,31.5,3
8,3_320x stock m270_4xobj_3_grid_r3_c5.png,3844,1,151,63,31.5,3
8,3_320x stock m270_4xobj_3_grid_r3_c5.png,3845,1,159,68,31.5,3
8,3_320x stock m270_4xobj_3_grid_r3_c5.png,3846,1,181,12,31.5,3
8,3_320x stock m270_4xobj_3_grid_r3_c5.png,3847,1,229,30,31.5,3
8,3_320x stock m270_4xobj_3_grid_r3_c5.png,3848,1,221,31,31.5,3
8,3_320x stock m270_4xobj_3_grid_r3_c5.png,3849,1,201,55,31.5,3
8,3_320x stock m270_4xobj_3_grid_r3_c5.png,3850,1,204,62,31.5,3
8,3_320x stock m270_4xobj_3_grid_r3_c5.png,3851,1,286,71,31.5,3
8,3_320x stock m270_4xobj_3_grid_r3_c5.png,3852,1,296,69,31.5,3
8,3_320x stock m270_4xobj_3_grid_r3_c5.png,3853,1,131,82,31.5,3
8,3_320x stock m270_4xobj_3_grid_r3_c5.png,3854,1,130,91,31.5,3
8,3_320x stock m270_4xobj_3_grid_r3_c5.png,3855,1,88,88,31.5,3
8,3_320x stock m270_4xobj_3_grid_r3_c5.png,3856,1,84,97,31.5,3
8,3_320x stock m270_4xobj_3_grid_r3_c5.png,3857,1,15,104,31.5,3
8,3_320x stock m270_4xobj_3_grid_r3_c5.png,3858,1,16,94,31.5,3
8,3_320x stock m270_4xobj_3_grid_r3_c5.png,3859,1,53,127,31.5,3
8,3_320x stock m270_4xobj_3_grid_r3_c5.png,3860,1,71,168,31.5,3
8,3_320x stock m270_4xobj_3_grid_r3_c5.png,3861,1,78,169,31.5,3
8,3_320x stock m270_4xobj_3_grid_r3_c5.png,3862,1,87,172,31.5,3
8,3_320x stock m270_4xobj_3_grid_r3_c5.png,3863,1,130,171,31.5,3
8,3_320x stock m270_4xobj_3_grid_r3_c5.png,3864,1,140,174,31.5,3
8,3_320x stock m270_4xobj_3_grid_r3_c5.png,3865,1,141,166,31.5,3
8,3_320x stock m270_4xobj_3_grid_r3_c5.png,3866,1,175,144,31.5,3
8,3_320x stock m270_4xobj_3_grid_r3_c5.png,3867,1,187,144,31.5,3
8,3_320x stock m270_4xobj_3_grid_r3_c5.png,3868,1,193,132,31.5,3
8,3_320x stock m270_4xobj_3_grid_r3_c5.png,3869,1,181,133,31.5,3
8,3_320x stock m270_4xobj_3_grid_r3_c5.png,3870,1,154,453,31.5,3
8,3_320x stock m270_4xobj_3_grid_r3_c5.png,3871,1,147,462,31.5,3
8,3_320x stock m270_4xobj_3_grid_r3_c5.png,3872,1,139,459,31.5,3
8,3_320x stock m270_4xobj_3_grid_r3_c5.png,3873,1,189,445,31.5,3
8,3_320x stock m270_4xobj_3_grid_r3_c5.png,3874,1,237,448,31.5,3
8,3_320x stock m270_4xobj_3_grid_r3_c5.png,3875,1,243,456,31.5,3
8,3_320x stock m270_4xobj_3_grid_r3_c5.png,3876,1,276,501,31.5,3
8,3_320x stock m270_4xobj_3_grid_r3_c5.png,3877,1,268,506,31.5,3
8,3_320x stock m270_4xobj_3_grid_r3_c5.png,3878,1,67,463,31.5,3
8,3_320x stock m270_4xobj_3_grid_r3_c5.png,3879,1,59,449,31.5,3
8,3_320x stock m270_4xobj_3_grid_r3_c5.png,3880,1,151,483,31.5,3
8,3_320x stock m270_4xobj_3_grid_r3_c5.png,3881,1,159,490,31.5,3
8,3_320x stock m270_4xobj_3_grid_r3_c5.png,3882,1,32,335,31.5,3
8,3_320x stock m270_4xobj_3_grid_r3_c5.png,3883,1,32,346,31.5,3
8,3_320x stock m270_4xobj_3_grid_r3_c5.png,3884,1,55,358,31.5,3
8,3_320x stock m270_4xobj_3_grid_r3_c5.png,3885,1,52,368,31.5,3
8,3_320x stock m270_4xobj_3_grid_r3_c5.png,3886,1,123,379,31.5,3
8,3_320x stock m270_4xobj_3_grid_r3_c5.png,3887,1,130,384,31.5,3
8,3_320x stock m270_4xobj_3_grid_r3_c5.png,3888,1,205,363,31.5,3
8,3_320x stock m270_4xobj_3_grid_r3_c5.png,3889,1,202,374,31.5,3
8,3_320x stock m270_4xobj_3_grid_r3_c5.png,3890,1,202,374,31.5,3
8,3_320x stock m270_4xobj_3_grid_r3_c5.png,3891,1,190,225,31.5,3
8,3_320x stock m270_4xobj_3_grid_r3_c5.png,3892,1,187,234,31.5,3
8,3_320x stock m270_4xobj_3_grid_r3_c5.png,3893,1,179,234,31.5,3
8,3_320x stock m270_4xobj_3_grid_r3_c5.png,3894,1,249,244,31.5,3
8,3_320x stock m270_4xobj_3_grid_r3_c5.png,3895,1,247,253,31.5,3
8,3_320x stock m270_4xobj_3_grid_r3_c5.png,3896,1,247,263,31.5,3
8,3_320x stock m270_4xobj_3_grid_r3_c5.png,3897,1,249,280,31.5,3
8,3_320x stock m270_4xobj_3_grid_r3_c5.png,3898,1,238,284,31.5,3
8,3_320x stock m270_4xobj_3_grid_r3_c5.png,3899,1,186,276,31.5,3
8,3_320x stock m270_4xobj_3_grid_r3_c5.png,3900,1,176,271,31.5,3
8,3_320x stock m270_4xobj_3_grid_r3_c5.png,3901,1,146,296,31.5,3
8,3_320x stock m270_4xobj_3_grid_r3_c5.png,3902,1,160,280,31.5,3
8,3_320x stock m270_4xobj_3_grid_r3_c5.png,3903,1,156,293,31.5,3
8,3_320x stock m270_4xobj_3_grid_r3_c5.png,3904,1,181,300,31.5,3
8,3_320x stock m270_4xobj_3_grid_r3_c5.png,3905,1,100,318,31.5,3
8,3_320x stock m270_4xobj_3_grid_r3_c5.png,3906,1,97,299,31.5,3
8,3_320x stock m270_4xobj_3_grid_r3_c5.png,3907,1,97,291,31.5,3
8,3_320x stock m270_4xobj_3_grid_r3_c5.png,3908,1,86,277,31.5,3
8,3_320x stock m270_4xobj_3_grid_r3_c5.png,3909,1,77,271,31.5,3
8,3_320x stock m270_4xobj_3_grid_r3_c5.png,3910,1,254,186,31.5,3
8,3_320x stock m270_4xobj_3_grid_r3_c5.png,3911,1,245,186,31.5,3
8,3_320x stock m270_4xobj_3_grid_r3_c5.png,3912,1,286,188,31.5,3
8,3_320x stock m270_4xobj_3_grid_r3_c5.png,3913,1,296,195,31.5,3
8,3_320x stock m270_4xobj_3_grid_r3_c5.png,3914,1,308,205,31.5,3
8,3_320x stock m270_4xobj_3_grid_r3_c5.png,3915,1,316,200,31.5,3
8,3_320x stock m270_4xobj_3_grid_r3_c5.png,3916,1,318,214,31.5,3
8,3_320x stock m270_4xobj_3_grid_r3_c5.png,3917,1,326,206,31.5,3
8,3_320x stock m270_4xobj_3_grid_r3_c5.png,3918,1,331,198,31.5,3
8,3_320x stock m270_4xobj_3_grid_r3_c5.png,3919,1,338,195,31.5,3
8,3_320x stock m270_4xobj_3_grid_r3_c5.png,3920,1,301,225,31.5,3
8,3_320x stock m270_4xobj_3_grid_r3_c5.png,3921,1,310,232,31.5,3
8,3_320x stock m270_4xobj_3_grid_r3_c5.png,3922,1,281,311,31.5,3
8,3_320x stock m270_4xobj_3_grid_r3_c5.png,3923,1,362,296,31.5,3
8,3_320x stock m270_4xobj_3_grid_r3_c5.png,3924,1,369,295,31.5,3
8,3_320x stock m270_4xobj_3_grid_r3_c5.png,3925,1,391,266,31.5,3
8,3_320x stock m270_4xobj_3_grid_r3_c5.png,3926,1,401,263,31.5,3
8,3_320x stock m270_4xobj_3_grid_r3_c5.png,3927,1,403,320,31.5,3
8,3_320x stock m270_4xobj_3_grid_r3_c5.png,3928,1,424,336,31.5,3
8,3_320x stock m270_4xobj_3_grid_r3_c5.png,3929,1,433,316,31.5,3
8,3_320x stock m270_4xobj_3_grid_r3_c5.png,3930,1,455,292,31.5,3
8,3_320x stock m270_4xobj_3_grid_r3_c5.png,3931,1,462,292,31.5,3
8,3_320x stock m270_4xobj_3_grid_r3_c5.png,3932,1,508,319,27.5,2
8,3_320x stock m270_4xobj_3_grid_r3_c5.png,3933,1,467,223,31.5,3
8,3_320x stock m270_4xobj_3_grid_r3_c5.png,3934,1,470,214,31.5,3
8,3_320x stock m270_4xobj_3_grid_r3_c5.png,3935,1,458,231,31.5,3
8,3_320x stock m270_4xobj_3_grid_r3_c5.png,3936,1,412,221,31.5,3
8,3_320x stock m270_4xobj_3_grid_r3_c5.png,3937,1,102,219,31.5,3
8,3_320x stock m270_4xobj_3_grid_r3_c5.png,3938,1,40,296,31.5,3
8,3_320x stock m270_4xobj_3_grid_r3_c5.png,3939,1,50,291,31.5,3
8,3_320x stock m270_4xobj_3_grid_r3_c5.png,3940,1,383,26,31.5,3
8,3_320x stock m270_4xobj_3_grid_r3_c5.png,3941,1,383,36,31.5,3
8,3_320x stock m270_4xobj_3_grid_r3_c5.png,3942,1,222,56,31.5,3
8,3_320x stock m270_4xobj_3_grid_r3_c5.png,3943,1,254,38,31.5,3
8,3_320x stock m270_4xobj_3_grid_r3_c5.png,3944,1,245,36,31.5,3
8,3_320x stock m270_4xobj_3_grid_r3_c5.png,3945,1,321,32,31.5,3
8,3_320x stock m270_4xobj_3_grid_r3_c5.png,3946,1,287,54,31.5,3
8,3_320x stock m270_4xobj_3_grid_r3_c5.png,3947,1,286,60,31.5,3
8,3_320x stock m270_4xobj_3_grid_r3_c5.png,3948,1,314,43,31.5,3
8,3_320x stock m270_4xobj_3_grid_r3_c5.png,3949,1,350,28,31.5,3
8,3_320x stock m270_4xobj_3_grid_r3_c5.png,3950,1,363,22,31.5,3
8,3_320x stock m270_4xobj_3_grid_r3_c5.png,3951,1,430,36,31.5,3
8,3_320x stock m270_4xobj_3_grid_r3_c5.png,3952,1,438,40,31.5,3
8,3_320x stock m270_4xobj_3_grid_r3_c5.png,3953,1,409,20,31.5,3
8,3_320x stock m270_4xobj_3_grid_r3_c5.png,3954,1,420,16,31.5,3
8,3_320x stock m270_4xobj_3_grid_r3_c5.png,3955,1,423,149,31.5,3
8,3_320x stock m270_4xobj_3_grid_r3_c5.png,3956,1,486,120,31.5,3
8,3_320x stock m270_4xobj_3_grid_r3_c5.png,3957,1,478,120,31.5,3
8,3_320x stock m270_4xobj_3_grid_r3_c5.png,3958,1,503,117,31.5,3
8,3_320x stock m270_4xobj_3_grid_r3_c5.png,3959,1,508,128,31.5,3
8,3_320x stock m270_4xobj_3_grid_r3_c5.png,3960,1,464,82,31.5,3
8,3_320x stock m270_4xobj_3_grid_r3_c5.png,3961,1,463,88,31.5,3
8,3_320x stock m270_4xobj_3_grid_r3_c5.png,3962,1,481,85,31.5,3
8,3_320x stock m270_4xobj_3_grid_r3_c5.png,3963,1,484,104,31.5,3
8,3_320x stock m270_4xobj_3_grid_r3_c5.png,3964,1,489,98,31.5,3
8,3_320x stock m270_4xobj_3_grid_r3_c5.png,3965,1,497,55,31.5,3
8,3_320x stock m270_4xobj_3_grid_r3_c5.png,3966,1,502,62,31.5,3
8,3_320x stock m270_4xobj_3_grid_r3_c5.png,3967,1,502,41,31.5,3
8,3_320x stock m270_4xobj_3_grid_r3_c5.png,3968,1,149,369,31.5,3
8,3_320x stock m270_4xobj_3_grid_r3_c5.png,3969,1,359,465,31.5,3
8,3_320x stock m270_4xobj_3_grid_r3_c5.png,3970,1,368,456,31.5,3
8,3_320x stock m270_4xobj_3_grid_r3_c5.png,3971,1,367,447,31.5,3
8,3_320x stock m270_4xobj_3_grid_r3_c5.png,3972,1,361,421,31.5,3
8,3_320x stock m270_4xobj_3_grid_r3_c5.png,3973,1,407,433,31.5,3
8,3_320x stock m270_4xobj_3_grid_r3_c5.png,3974,1,413,436,31.5,3
8,3_320x stock m270_4xobj_3_grid_r3_c5.png,3975,1,404,420,31.5,3
8,3_320x stock m270_4xobj_3_grid_r3_c5.png,3976,1,397,422,31.5,3
8,3_320x stock m270_4xobj_3_grid_r3_c5.png,3977,1,330,385,31.5,3
8,3_320x stock m270_4xobj_3_grid_r3_c5.png,3978,1,322,385,31.5,3
8,3_320x stock m270_4xobj_3_grid_r3_c5.png,3979,1,478,445,31.5,3
8,3_320x stock m270_4xobj_3_grid_r3_c5.png,3980,1,476,434,31.5,3
8,3_320x stock m270_4xobj_3_grid_r3_c5.png,3981,1,460,448,31.5,3
8,3_320x stock m270_4xobj_3_grid_r3_c5.png,3982,1,458,459,31.5,3
8,3_320x stock m270_4xobj_3_grid_r3_c5.png,3983,1,468,456,31.5,3
8,3_320x stock m270_4xobj_3_grid_r3_c5.png,3984,1,380,407,31.5,3
8,3_320x stock m270_4xobj_3_grid_r3_c5.png,3985,1,371,403,31.5,3
8,3_320x stock m270_4xobj_3_grid_r3_c5.png,3986,1,311,71,31.5,3
8,3_320x stock m270_4xobj_3_grid_r3_c5.png,3987,1,314,81,31.5,3
9,3_320x stock m270_4xobj_3_grid_r3_c6.png,3988,1,52,89,46.0,3
9,3_320x stock m270_4xobj_3_grid_r3_c6.png,3989,1,104,81,46.0,3
9,3_320x stock m270_4xobj_3_grid_r3_c6.png,3990,1,43,83,46.0,3
9,3_320x stock m270_4xobj_3_grid_r3_c6.png,3991,1,412,74,46.0,3
9,3_320x stock m270_4xobj_3_grid_r3_c6.png,3992,1,226,72,31.5,3
9,3_320x stock m270_4xobj_3_grid_r3_c6.png,3993,1,184,68,31.5,3
9,3_320x stock m270_4xobj_3_grid_r3_c6.png,3994,1,275,62,46.0,3
9,3_320x stock m270_4xobj_3_grid_r3_c6.png,3995,1,440,56,74.5,4
9,3_320x stock m270_4xobj_3_grid_r3_c6.png,3996,1,361,57,74.5,4
9,3_320x stock m270_4xobj_3_grid_r3_c6.png,3997,1,222,55,46.0,3
9,3_320x stock m270_4xobj_3_grid_r3_c6.png,3998,1,303,50,31.5,3
9,3_320x stock m270_4xobj_3_grid_r3_c6.png,3999,1,132,50,74.5,4
9,3_320x stock m270_4xobj_3_grid_r3_c6.png,4000,1,411,43,46.0,3
9,3_320x stock m270_4xobj_3_grid_r3_c6.png,4001,1,251,41,31.5,3
9,3_320x stock m270_4xobj_3_grid_r3_c6.png,4002,1,103,40,46.0,3
9,3_320x stock m270_4xobj_3_grid_r3_c6.png,4003,1,195,39,46.0,3
9,3_320x stock m270_4xobj_3_grid_r3_c6.png,4004,1,70,34,31.5,3
9,3_320x stock m270_4xobj_3_grid_r3_c6.png,4005,1,141,32,74.5,4
9,3_320x stock m270_4xobj_3_grid_r3_c6.png,4006,1,271,29,46.0,3
9,3_320x stock m270_4xobj_3_grid_r3_c6.png,4007,1,168,28,46.0,3
9,3_320x stock m270_4xobj_3_grid_r3_c6.png,4008,1,37,25,74.5,4
9,3_320x stock m270_4xobj_3_grid_r3_c6.png,4009,1,408,23,46.0,3
9,3_320x stock m270_4xobj_3_grid_r3_c6.png,4010,1,195,12,46.0,3
9,3_320x stock m270_4xobj_3_grid_r3_c6.png,4011,1,338,6,46.0,3
9,3_320x stock m270_4xobj_3_grid_r3_c6.png,4012,1,403,3,31.5,3
9,3_320x stock m270_4xobj_3_grid_r3_c6.png,4013,1,221,2,28.0,2
9,3_320x stock m270_4xobj_3_grid_r3_c6.png,4014,1,148,3,43.0,3
9,3_320x stock m270_4xobj_3_grid_r3_c6.png,4015,1,68,484,46.0,3
9,3_320x stock m270_4xobj_3_grid_r3_c6.png,4016,1,448,479,46.0,3
9,3_320x stock m270_4xobj_3_grid_r3_c6.png,4017,1,280,475,46.0,3
9,3_320x stock m270_4xobj_3_grid_r3_c6.png,4018,1,74,467,31.5,3
9,3_320x stock m270_4xobj_3_grid_r3_c6.png,4019,1,472,450,46.0,3
9,3_320x stock m270_4xobj_3_grid_r3_c6.png,4020,1,367,429,46.0,3
9,3_320x stock m270_4xobj_3_grid_r3_c6.png,4021,1,8,424,46.0,3
9,3_320x stock m270_4xobj_3_grid_r3_c6.png,4022,1,508,422,27.5,2
9,3_320x stock m270_4xobj_3_grid_r3_c6.png,4023,1,240,416,46.0,3
9,3_320x stock m270_4xobj_3_grid_r3_c6.png,4024,1,484,411,74.5,4
9,3_320x stock m270_4xobj_3_grid_r3_c6.png,4025,1,160,412,31.5,3
9,3_320x stock m270_4xobj_3_grid_r3_c6.png,4026,1,157,402,31.5,3
9,3_320x stock m270_4xobj_3_grid_r3_c6.png,4027,1,225,396,31.5,3
9,3_320x stock m270_4xobj_3_grid_r3_c6.png,4028,1,245,395,190.0,7
9,3_320x stock m270_4xobj_3_grid_r3_c6.png,4029,1,329,385,46.0,3
9,3_320x stock m270_4xobj_3_grid_r3_c6.png,4030,1,396,379,46.0,3
9,3_320x stock m270_4xobj_3_grid_r3_c6.png,4031,1,360,376,46.0,3
9,3_320x stock m270_4xobj_3_grid_r3_c6.png,4032,1,278,375,46.0,3
9,3_320x stock m270_4xobj_3_grid_r3_c6.png,4033,1,261,377,31.5,3
9,3_320x stock m270_4xobj_3_grid_r3_c6.png,4034,1,337,374,31.5,3
9,3_320x stock m270_4xobj_3_grid_r3_c6.png,4035,1,6,358,46.0,3
9,3_320x stock m270_4xobj_3_grid_r3_c6.png,4036,1,217,343,31.5,3
9,3_320x stock m270_4xobj_3_grid_r3_c6.png,4037,1,95,335,46.0,3
9,3_320x stock m270_4xobj_3_grid_r3_c6.png,4038,1,298,328,31.5,3
9,3_320x stock m270_4xobj_3_grid_r3_c6.png,4039,1,155,328,31.5,3
9,3_320x stock m270_4xobj_3_grid_r3_c6.png,4040,1,326,322,31.5,3
9,3_320x stock m270_4xobj_3_grid_r3_c6.png,4041,1,83,319,31.5,3
9,3_320x stock m270_4xobj_3_grid_r3_c6.png,4042,1,299,317,31.5,3
9,3_320x stock m270_4xobj_3_grid_r3_c6.png,4043,1,395,309,31.5,3
9,3_320x stock m270_4xobj_3_grid_r3_c6.png,4044,1,339,307,46.0,3
9,3_320x stock m270_4xobj_3_grid_r3_c6.png,4045,1,289,300,46.0,3
9,3_320x stock m270_4xobj_3_grid_r3_c6.png,4046,1,188,291,31.5,3
9,3_320x stock m270_4xobj_3_grid_r3_c6.png,4047,1,175,283,46.0,3
9,3_320x stock m270_4xobj_3_grid_r3_c6.png,4048,1,290,280,46.0,3
9,3_320x stock m270_4xobj_3_grid_r3_c6.png,4049,1,434,279,31.5,3
9,3_320x stock m270_4xobj_3_grid_r3_c6.png,4050,1,11,279,46.0,3
9,3_320x stock m270_4xobj_3_grid_r3_c6.png,4051,1,342,269,46.0,3
9,3_320x stock m270_4xobj_3_grid_r3_c6.png,4052,1,297,266,31.5,3
9,3_320x stock m270_4xobj_3_grid_r3_c6.png,4053,1,318,264,46.0,3
9,3_320x stock m270_4xobj_3_grid_r3_c6.png,4054,1,183,262,46.0,3
9,3_320x stock m270_4xobj_3_grid_r3_c6.png,4055,1,166,263,46.0,3
9,3_320x stock m270_4xobj_3_grid_r3_c6.png,4056,1,70,255,46.0,3
9,3_320x stock m270_4xobj_3_grid_r3_c6.png,4057,1,161,250,46.0,3
9,3_320x stock m270_4xobj_3_grid_r3_c6.png,4058,1,102,238,46.0,3
9,3_320x stock m270_4xobj_3_grid_r3_c6.png,4059,1,16,237,46.0,3
9,3_320x stock m270_4xobj_3_grid_r3_c6.png,4060,1,360,229,46.0,3
9,3_320x stock m270_4xobj_3_grid_r3_c6.png,4061,1,102,220,31.5,3
9,3_320x stock m270_4xobj_3_grid_r3_c6.png,4062,1,178,217,31.5,3
9,3_320x stock m270_4xobj_3_grid_r3_c6.png,4063,1,133,216,31.5,3
9,3_320x stock m270_4xobj_3_grid_r3_c6.png,4064,1,278,214,46.0,3
9,3_320x stock m270_4xobj_3_grid_r3_c6.png,4065,1,241,213,74.5,4
9,3_320x stock m270_4xobj_3_grid_r3_c6.png,4066,1,95,201,31.5,3
9,3_320x stock m270_4xobj_3_grid_r3_c6.png,4067,1,223,199,46.0,3
9,3_320x stock m270_4xobj_3_grid_r3_c6.png,4068,1,253,190,46.0,3
9,3_320x stock m270_4xobj_3_grid_r3_c6.png,4069,1,213,189,46.0,3
9,3_320x stock m270_4xobj_3_grid_r3_c6.png,4070,1,159,185,46.0,3
9,3_320x stock m270_4xobj_3_grid_r3_c6.png,4071,1,128,184,46.0,3
9,3_320x stock m270_4xobj_3_grid_r3_c6.png,4072,1,14,183,46.0,3
9,3_320x stock m270_4xobj_3_grid_r3_c6.png,4073,1,83,176,46.0,3
9,3_320x stock m270_4xobj_3_grid_r3_c6.png,4074,1,415,174,46.0,3
9,3_320x stock m270_4xobj_3_grid_r3_c6.png,4075,1,288,171,46.0,3
9,3_320x stock m270_4xobj_3_grid_r3_c6.png,4076,1,47,172,46.0,3
9,3_320x stock m270_4xobj_3_grid_r3_c6.png,4077,1,261,166,46.0,3
9,3_320x stock m270_4xobj_3_grid_r3_c6.png,4078,1,175,160,46.0,3
9,3_320x stock m270_4xobj_3_grid_r3_c6.png,4079,1,13,157,31.5,3
9,3_320x stock m270_4xobj_3_grid_r3_c6.png,4080,1,457,140,74.5,4
9,3_320x stock m270_4xobj_3_grid_r3_c6.png,4081,1,123,135,74.5,4
9,3_320x stock m270_4xobj_3_grid_r3_c6.png,4082,1,338,132,46.0,3
9,3_320x stock m270_4xobj_3_grid_r3_c6.png,4083,1,244,131,104.0,5
9,3_320x stock m270_4xobj_3_grid_r3_c6.png,4084,1,439,118,46.0,3
9,3_320x stock m270_4xobj_3_grid_r3_c6.png,4085,1,74,87,46.0,3
9,3_320x stock m270_4xobj_3_grid_r3_c6.png,4086,1,383,75,46.0,3
9,3_320x stock m270_4xobj_3_grid_r3_c6.png,4087,1,411,352,46.0,3
9,3_320x stock m270_4xobj_3_grid_r3_c6.png,4088,1,495,355,104.0,5
9,3_320x stock m270_4xobj_3_grid_r3_c6.png,4089,1,415,481,46.0,3
9,3_320x stock m270_4xobj_3_grid_r3_c6.png,4090,1,496,488,31.5,3
9,3_320x stock m270_4xobj_3_grid_r3_c6.png,4091,1,261,7,31.5,3
9,3_320x stock m270_4xobj_3_grid_r3_c6.png,4092,1,475,508,31.5,3
9,3_320x stock m270_4xobj_3_grid_r3_c6.png,4093,1,300,503,46.0,3
9,3_320x stock m270_4xobj_3_grid_r3_c6.png,4094,1,256,486,31.5,3
9,3_320x stock m270_4xobj_3_grid_r3_c6.png,4095,1,240,487,46.0,3
9,3_320x stock m270_4xobj_3_grid_r3_c6.png,4096,1,357,479,46.0,3
9,3_320x stock m270_4xobj_3_grid_r3_c6.png,4097,1,224,473,31.5,3
9,3_320x stock m270_4xobj_3_grid_r3_c6.png,4098,1,324,458,74.5,4
9,3_320x stock m270_4xobj_3_grid_r3_c6.png,4099,1,193,456,31.5,3
9,3_320x stock m270_4xobj_3_grid_r3_c6.png,4100,1,372,449,31.5,3
9,3_320x stock m270_4xobj_3_grid_r3_c6.png,4101,1,2,444,27.0,2
9,3_320x stock m270_4xobj_3_grid_r3_c6.png,4102,1,91,439,46.0,3
9,3_320x stock m270_4xobj_3_grid_r3_c6.png,4103,1,75,437,74.5,4
9,3_320x stock m270_4xobj_3_grid_r3_c6.png,4104,1,173,436,46.0,3
9,3_320x stock m270_4xobj_3_grid_r3_c6.png,4105,1,313,434,31.5,3
9,3_320x stock m270_4xobj_3_grid_r3_c6.png,4106,1,328,434,46.0,3
9,3_320x stock m270_4xobj_3_grid_r3_c6.png,4107,1,201,434,31.5,3
9,3_320x stock m270_4xobj_3_grid_r3_c6.png,4108,1,94,429,46.0,3
9,3_320x stock m270_4xobj_3_grid_r3_c6.png,4109,1,143,427,46.0,3
9,3_320x stock m270_4xobj_3_grid_r3_c6.png,4110,1,186,411,46.0,3
9,3_320x stock m270_4xobj_3_grid_r3_c6.png,4111,1,232,405,31.5,3
9,3_320x stock m270_4xobj_3_grid_r3_c6.png,4112,1,499,405,74.5,4
9,3_320x stock m270_4xobj_3_grid_r3_c6.png,4113,1,442,401,74.5,4
9,3_320x stock m270_4xobj_3_grid_r3_c6.png,4114,1,184,398,31.5,3
9,3_320x stock m270_4xobj_3_grid_r3_c6.png,4115,1,285,395,46.0,3
9,3_320x stock m270_4xobj_3_grid_r3_c6.png,4116,1,119,378,31.5,3
9,3_320x stock m270_4xobj_3_grid_r3_c6.png,4117,1,241,375,31.5,3
9,3_320x stock m270_4xobj_3_grid_r3_c6.png,4118,1,28,368,46.0,3
9,3_320x stock m270_4xobj_3_grid_r3_c6.png,4119,1,199,357,74.5,4
9,3_320x stock m270_4xobj_3_grid_r3_c6.png,4120,1,168,348,46.0,3
9,3_320x stock m270_4xobj_3_grid_r3_c6.png,4121,1,14,344,46.0,3
9,3_320x stock m270_4xobj_3_grid_r3_c6.png,4122,1,215,326,46.0,3
9,3_320x stock m270_4xobj_3_grid_r3_c6.png,4123,1,186,312,31.5,3
9,3_320x stock m270_4xobj_3_grid_r3_c6.png,4124,1,51,308,31.5,3
9,3_320x stock m270_4xobj_3_grid_r3_c6.png,4125,1,431,299,46.0,3
9,3_320x stock m270_4xobj_3_grid_r3_c6.png,4126,1,21,287,46.0,3
9,3_320x stock m270_4xobj_3_grid_r3_c6.png,4127,1,124,287,74.5,4
9,3_320x stock m270_4xobj_3_grid_r3_c6.png,4128,1,82,276,74.5,4
9,3_320x stock m270_4xobj_3_grid_r3_c6.png,4129,1,58,276,46.0,3
9,3_320x stock m270_4xobj_3_grid_r3_c6.png,4130,1,265,268,46.0,3
9,3_320x stock m270_4xobj_3_grid_r3_c6.png,4131,1,48,263,46.0,3
9,3_320x stock m270_4xobj_3_grid_r3_c6.png,4132,1,94,247,46.0,3
9,3_320x stock m270_4xobj_3_grid_r3_c6.png,4133,1,84,218,31.5,3
9,3_320x stock m270_4xobj_3_grid_r3_c6.png,4134,1,264,211,46.0,3
9,3_320x stock m270_4xobj_3_grid_r3_c6.png,4135,1,199,191,46.0,3
9,3_320x stock m270_4xobj_3_grid_r3_c6.png,4136,1,60,184,46.0,3
9,3_320x stock m270_4xobj_3_grid_r3_c6.png,4137,1,82,505,46.0,3
9,3_320x stock m270_4xobj_3_grid_r3_c6.png,4138,1,202,492,31.5,3
9,3_320x stock m270_4xobj_3_grid_r3_c6.png,4139,1,382,491,46.0,3
9,3_320x stock m270_4xobj_3_grid_r3_c6.png,4140,1,214,484,46.0,3
9,3_320x stock m270_4xobj_3_grid_r3_c6.png,4141,1,167,478,31.5,3
9,3_320x stock m270_4xobj_3_grid_r3_c6.png,4142,1,102,475,46.0,3
9,3_320x stock m270_4xobj_3_grid_r3_c6.png,4143,1,114,470,46.0,3
9,3_320x stock m270_4xobj_3_grid_r3_c6.png,4144,1,44,467,46.0,3
9,3_320x stock m270_4xobj_3_grid_r3_c6.png,4145,1,285,460,74.5,4
9,3_320x stock m270_4xobj_3_grid_r3_c6.png,4146,1,5,457,31.5,3
9,3_320x stock m270_4xobj_3_grid_r3_c6.png,4147,1,226,427,74.5,4
9,3_320x stock m270_4xobj_3_grid_r3_c6.png,4148,1,143,415,46.0,3
9,3_320x stock m270_4xobj_3_grid_r3_c6.png,4149,1,10,403,46.0,3
9,3_320x stock m270_4xobj_3_grid_r3_c6.png,4150,1,115,395,46.0,3
9,3_320x stock m270_4xobj_3_grid_r3_c6.png,4151,1,156,352,46.0,3
9,3_320x stock m270_4xobj_3_grid_r3_c6.png,4152,1,2,340,27.0,2
9,3_320x stock m270_4xobj_3_grid_r3_c6.png,4153,1,35,318,46.0,3
9,3_320x stock m270_4xobj_3_grid_r3_c6.png,4154,1,134,305,74.5,4
9,3_320x stock m270_4xobj_3_grid_r3_c6.png,4155,1,215,499,46.0,3
9,3_320x stock m270_4xobj_3_grid_r3_c6.png,4156,1,125,493,46.0,3
9,3_320x stock m270_4xobj_3_grid_r3_c6.png,4157,1,112,418,46.0,3
9,3_320x stock m270_4xobj_3_grid_r3_c6.png,4158,1,36,383,46.0,3
9,3_320x stock m270_4xobj_3_grid_r3_c6.png,4159,1,243,281,74.5,4
9,3_320x stock m270_4xobj_3_grid_r3_c6.png,4160,1,59,218,190.0,7
9,3_320x stock m270_4xobj_3_grid_r3_c6.png,4161,1,67,319,74.5,4
9,3_320x stock m270_4xobj_3_grid_r3_c6.png,4162,1,427,173,31.5,3
9,3_320x stock m270_4xobj_3_grid_r3_c6.png,4163,1,57,121,31.5,3
9,3_320x stock m270_4xobj_3_grid_r3_c6.png,4164,1,56,111,31.5,3
9,3_320x stock m270_4xobj_3_grid_r3_c6.png,4165,1,60,54,31.5,3
9,3_320x stock m270_4xobj_3_grid_r3_c6.png,4166,1,67,51,31.5,3
9,3_320x stock m270_4xobj_3_grid_r3_c6.png,4167,1,442,242,147.5,6
9,3_320x stock m270_4xobj_3_grid_r3_c6.png,4168,1,409,216,31.5,3
9,3_320x stock m270_4xobj_3_grid_r3_c6.png,4169,1,146,121,74.5,4
9,3_320x stock m270_4xobj_3_grid_r3_c6.png,4170,1,205,460,46.0,3
9,3_320x stock m270_4xobj_3_grid_r3_c6.png,4171,1,314,393,31.5,3
9,3_320x stock m270_4xobj_3_grid_r3_c6.png,4172,1,459,366,31.5,3
9,3_320x stock m270_4xobj_3_grid_r3_c6.png,4173,1,368,295,31.5,3
9,3_320x stock m270_4xobj_3_grid_r3_c6.png,4174,1,206,237,46.0,3
9,3_320x stock m270_4xobj_3_grid_r3_c6.png,4175,1,416,108,31.5,3
9,3_320x stock m270_4xobj_3_grid_r3_c6.png,4176,1,339,106,31.5,3
9,3_320x stock m270_4xobj_3_grid_r3_c6.png,4177,1,506,372,74.5,4
9,3_320x stock m270_4xobj_3_grid_r3_c6.png,4178,1,255,364,31.5,3
9,3_320x stock m270_4xobj_3_grid_r3_c6.png,4179,1,134,324,46.0,3
9,3_320x stock m270_4xobj_3_grid_r3_c6.png,4180,1,393,36,31.5,3
9,3_320x stock m270_4xobj_3_grid_r3_c6.png,4181,1,313,6,46.0,3
9,3_320x stock m270_4xobj_3_grid_r3_c6.png,4182,1,78,366,8.0,1
9,3_320x stock m270_4xobj_3_grid_r3_c6.png,4183,1,306,300,46.0,3
9,3_320x stock m270_4xobj_3_grid_r3_c6.png,4184,1,461,273,74.5,4
9,3_320x stock m270_4xobj_3_grid_r3_c6.png,4185,1,369,243,190.0,7
9,3_320x stock m270_4xobj_3_grid_r3_c6.png,4186,1,417,227,8.0,1
9,3_320x stock m270_4xobj_3_grid_r3_c6.png,4187,1,109,207,74.5,4
9,3_320x stock m270_4xobj_3_grid_r3_c6.png,4188,1,401,207,46.0,3
9,3_320x stock m270_4xobj_3_grid_r3_c6.png,4189,1,22,205,46.0,3
9,3_320x stock m270_4xobj_3_grid_r3_c6.png,4190,1,144,138,31.5,3
9,3_320x stock m270_4xobj_3_grid_r3_c6.png,4191,1,221,122,104.0,5
9,3_320x stock m270_4xobj_3_grid_r3_c6.png,4192,1,330,70,31.5,3
9,3_320x stock m270_4xobj_3_grid_r3_c6.png,4193,1,478,48,104.0,5
9,3_320x stock m270_4xobj_3_grid_r3_c6.png,4194,1,350,37,46.0,3
9,3_320x stock m270_4xobj_3_grid_r3_c6.png,4195,1,165,10,46.0,3
9,3_320x stock m270_4xobj_3_grid_r3_c6.png,4196,1,55,508,26.5,2
9,3_320x stock m270_4xobj_3_grid_r3_c6.png,4197,1,44,502,31.5,3
9,3_320x stock m270_4xobj_3_grid_r3_c6.png,4198,1,355,444,46.0,3
9,3_320x stock m270_4xobj_3_grid_r3_c6.png,4199,1,251,431,31.5,3
9,3_320x stock m270_4xobj_3_grid_r3_c6.png,4200,1,476,386,46.0,3
9,3_320x stock m270_4xobj_3_grid_r3_c6.png,4201,1,173,378,74.5,4
9,3_320x stock m270_4xobj_3_grid_r3_c6.png,4202,1,188,375,74.5,4
9,3_320x stock m270_4xobj_3_grid_r3_c6.png,4203,1,173,361,31.5,3
9,3_320x stock m270_4xobj_3_grid_r3_c6.png,4204,1,262,339,74.5,4
9,3_320x stock m270_4xobj_3_grid_r3_c6.png,4205,1,207,304,74.5,4
9,3_320x stock m270_4xobj_3_grid_r3_c6.png,4206,1,161,279,104.0,5
9,3_320x stock m270_4xobj_3_grid_r3_c6.png,4207,1,113,226,74.5,4
9,3_320x stock m270_4xobj_3_grid_r3_c6.png,4208,1,166,202,8.0,1
9,3_320x stock m270_4xobj_3_grid_r3_c6.png,4209,1,466,200,104.0,5
9,3_320x stock m270_4xobj_3_grid_r3_c6.png,4210,1,391,159,46.0,3
9,3_320x stock m270_4xobj_3_grid_r3_c6.png,4211,1,415,150,147.5,6
9,3_320x stock m270_4xobj_3_grid_r3_c6.png,4212,1,3,85,31.5,3
9,3_320x stock m270_4xobj_3_grid_r3_c6.png,4213,1,212,447,31.5,3
9,3_320x stock m270_4xobj_3_grid_r3_c6.png,4214,1,417,398,46.0,3
9,3_320x stock m270_4xobj_3_grid_r3_c6.png,4215,1,360,351,46.0,3
9,3_320x stock m270_4xobj_3_grid_r3_c6.png,4216,1,187,348,74.5,4
9,3_320x stock m270_4xobj_3_grid_r3_c6.png,4217,1,374,347,74.5,4
9,3_320x stock m270_4xobj_3_grid_r3_c6.png,4218,1,509,320,8.0,1
9,3_320x stock m270_4xobj_3_grid_r3_c6.png,4219,1,61,301,74.5,4
9,3_320x stock m270_4xobj_3_grid_r3_c6.png,4220,1,333,286,74.5,4
9,3_320x stock m270_4xobj_3_grid_r3_c6.png,4221,1,116,248,74.5,4
9,3_320x stock m270_4xobj_3_grid_r3_c6.png,4222,1,29,240,74.5,4
9,3_320x stock m270_4xobj_3_grid_r3_c6.png,4223,1,457,234,31.5,3
9,3_320x stock m270_4xobj_3_grid_r3_c6.png,4224,1,346,222,104.0,5
9,3_320x stock m270_4xobj_3_grid_r3_c6.png,4225,1,212,210,31.5,3
9,3_320x stock m270_4xobj_3_grid_r3_c6.png,4226,1,503,166,46.0,3
9,3_320x stock m270_4xobj_3_grid_r3_c6.png,4227,1,486,101,31.5,3
9,3_320x stock m270_4xobj_3_grid_r3_c6.png,4228,1,298,74,104.0,5
9,3_320x stock m270_4xobj_3_grid_r3_c6.png,4229,1,422,42,46.0,3
9,3_320x stock m270_4xobj_3_grid_r3_c6.png,4230,1,493,33,46.0,3
9,3_320x stock m270_4xobj_3_grid_r3_c6.png,4231,1,367,25,31.5,3
9,3_320x stock m270_4xobj_3_grid_r3_c6.png,4232,1,421,21,31.5,3
9,3_320x stock m270_4xobj_3_grid_r3_c6.png,4233,1,487,5,31.5,3
9,3_320x stock m270_4xobj_3_grid_r3_c6.png,4234,1,24,475,74.5,4
9,3_320x stock m270_4xobj_3_grid_r3_c6.png,4235,1,496,458,46.0,3
9,3_320x stock m270_4xobj_3_grid_r3_c6.png,4236,1,341,384,31.5,3
9,3_320x stock m270_4xobj_3_grid_r3_c6.png,4237,1,420,343,31.5,3
9,3_320x stock m270_4xobj_3_grid_r3_c6.png,4238,1,442,303,46.0,3
9,3_320x stock m270_4xobj_3_grid_r3_c6.png,4239,1,386,261,46.0,3
9,3_320x stock m270_4xobj_3_grid_r3_c6.png,4240,1,448,260,31.5,3
9,3_320x stock m270_4xobj_3_grid_r3_c6.png,4241,1,293,238,46.0,3
9,3_320x stock m270_4xobj_3_grid_r3_c6.png,4242,1,446,226,46.0,3
9,3_320x stock m270_4xobj_3_grid_r3_c6.png,4243,1,496,220,31.5,3
9,3_320x stock m270_4xobj_3_grid_r3_c6.png,4244,1,274,181,74.5,4
9,3_320x stock m270_4xobj_3_grid_r3_c6.png,4245,1,388,169,46.0,3
9,3_320x stock m270_4xobj_3_grid_r3_c6.png,4246,1,358,127,46.0,3
9,3_320x stock m270_4xobj_3_grid_r3_c6.png,4247,1,507,107,31.5,3
9,3_320x stock m270_4xobj_3_grid_r3_c6.png,4248,1,175,105,31.5,3
9,3_320x stock m270_4xobj_3_grid_r3_c6.png,4249,1,465,100,31.5,3
9,3_320x stock m270_4xobj_3_grid_r3_c6.png,4250,1,272,96,31.5,3
9,3_320x stock m270_4xobj_3_grid_r3_c6.png,4251,1,439,93,46.0,3
9,3_320x stock m270_4xobj_3_grid_r3_c6.png,4252,1,191,87,31.5,3
9,3_320x stock m270_4xobj_3_grid_r3_c6.png,4253,1,507,79,31.5,3
9,3_320x stock m270_4xobj_3_grid_r3_c6.png,4254,1,366,77,31.5,3
9,3_320x stock m270_4xobj_3_grid_r3_c6.png,4255,1,435,75,46.0,3
9,3_320x stock m270_4xobj_3_grid_r3_c6.png,4256,1,52,75,46.0,3
9,3_320x stock m270_4xobj_3_grid_r3_c6.png,4257,1,399,73,46.0,3
9,3_320x stock m270_4xobj_3_grid_r3_c6.png,4258,1,61,70,46.0,3
9,3_320x stock m270_4xobj_3_grid_r3_c6.png,4259,1,205,69,31.5,3
9,3_320x stock m270_4xobj_3_grid_r3_c6.png,4260,1,386,65,31.5,3
9,3_320x stock m270_4xobj_3_grid_r3_c6.png,4261,1,251,60,46.0,3
9,3_320x stock m270_4xobj_3_grid_r3_c6.png,4262,1,341,59,31.5,3
9,3_320x stock m270_4xobj_3_grid_r3_c6.png,4263,1,171,50,46.0,3
9,3_320x stock m270_4xobj_3_grid_r3_c6.png,4264,1,281,41,46.0,3
9,3_320x stock m270_4xobj_3_grid_r3_c6.png,4265,1,82,39,46.0,3
9,3_320x stock m270_4xobj_3_grid_r3_c6.png,4266,1,288,31,31.5,3
9,3_320x stock m270_4xobj_3_grid_r3_c6.png,4267,1,462,31,31.5,3
9,3_320x stock m270_4xobj_3_grid_r3_c6.png,4268,1,249,30,31.5,3
9,3_320x stock m270_4xobj_3_grid_r3_c6.png,4269,1,335,22,31.5,3
9,3_320x stock m270_4xobj_3_grid_r3_c6.png,4270,1,120,24,31.5,3
9,3_320x stock m270_4xobj_3_grid_r3_c6.png,4271,1,389,15,31.5,3
9,3_320x stock m270_4xobj_3_grid_r3_c6.png,4272,1,293,15,46.0,3
9,3_320x stock m270_4xobj_3_grid_r3_c6.png,4273,1,139,492,31.5,3
9,3_320x stock m270_4xobj_3_grid_r3_c6.png,4274,1,439,496,31.5,3
9,3_320x stock m270_4xobj_3_grid_r3_c6.png,4275,1,370,469,74.5,4
9,3_320x stock m270_4xobj_3_grid_r3_c6.png,4276,1,393,457,31.5,3
9,3_320x stock m270_4xobj_3_grid_r3_c6.png,4277,1,288,438,46.0,3
9,3_320x stock m270_4xobj_3_grid_r3_c6.png,4278,1,342,428,31.5,3
9,3_320x stock m270_4xobj_3_grid_r3_c6.png,4279,1,459,423,46.0,3
9,3_320x stock m270_4xobj_3_grid_r3_c6.png,4280,1,369,418,31.5,3
9,3_320x stock m270_4xobj_3_grid_r3_c6.png,4281,1,192,390,46.0,3
9,3_320x stock m270_4xobj_3_grid_r3_c6.png,4282,1,290,343,31.5,3
9,3_320x stock m270_4xobj_3_grid_r3_c6.png,4283,1,130,336,31.5,3
9,3_320x stock m270_4xobj_3_grid_r3_c6.png,4284,1,389,334,31.5,3
9,3_320x stock m270_4xobj_3_grid_r3_c6.png,4285,1,340,334,31.5,3
9,3_320x stock m270_4xobj_3_grid_r3_c6.png,4286,1,474,322,31.5,3
9,3_320x stock m270_4xobj_3_grid_r3_c6.png,4287,1,459,314,46.0,3
9,3_320x stock m270_4xobj_3_grid_r3_c6.png,4288,1,101,297,31.5,3
9,3_320x stock m270_4xobj_3_grid_r3_c6.png,4289,1,466,300,31.5,3
9,3_320x stock m270_4xobj_3_grid_r3_c6.png,4290,1,446,290,74.5,4
9,3_320x stock m270_4xobj_3_grid_r3_c6.png,4291,1,357,287,46.0,3
9,3_320x stock m270_4xobj_3_grid_r3_c6.png,4292,1,301,285,46.0,3
9,3_320x stock m270_4xobj_3_grid_r3_c6.png,4293,1,493,275,31.5,3
9,3_320x stock m270_4xobj_3_grid_r3_c6.png,4294,1,217,274,104.0,5
9,3_320x stock m270_4xobj_3_grid_r3_c6.png,4295,1,209,264,31.5,3
9,3_320x stock m270_4xobj_3_grid_r3_c6.png,4296,1,354,258,46.0,3
9,3_320x stock m270_4xobj_3_grid_r3_c6.png,4297,1,121,259,31.5,3
9,3_320x stock m270_4xobj_3_grid_r3_c6.png,4298,1,209,254,31.5,3
9,3_320x stock m270_4xobj_3_grid_r3_c6.png,4299,1,349,246,46.0,3
9,3_320x stock m270_4xobj_3_grid_r3_c6.png,4300,1,175,239,31.5,3
9,3_320x stock m270_4xobj_3_grid_r3_c6.png,4301,1,254,237,31.5,3
9,3_320x stock m270_4xobj_3_grid_r3_c6.png,4302,1,150,227,31.5,3
9,3_320x stock m270_4xobj_3_grid_r3_c6.png,4303,1,288,226,31.5,3
9,3_320x stock m270_4xobj_3_grid_r3_c6.png,4304,1,370,224,31.5,3
9,3_320x stock m270_4xobj_3_grid_r3_c6.png,4305,1,163,222,46.0,3
9,3_320x stock m270_4xobj_3_grid_r3_c6.png,4306,1,308,217,46.0,3
9,3_320x stock m270_4xobj_3_grid_r3_c6.png,4307,1,70,207,46.0,3
9,3_320x stock m270_4xobj_3_grid_r3_c6.png,4308,1,382,201,46.0,3
9,3_320x stock m270_4xobj_3_grid_r3_c6.png,4309,1,505,198,46.0,3
9,3_320x stock m270_4xobj_3_grid_r3_c6.png,4310,1,10,198,31.5,3
9,3_320x stock m270_4xobj_3_grid_r3_c6.png,4311,1,425,192,46.0,3
9,3_320x stock m270_4xobj_3_grid_r3_c6.png,4312,1,338,193,31.5,3
9,3_320x stock m270_4xobj_3_grid_r3_c6.png,4313,1,394,191,46.0,3
9,3_320x stock m270_4xobj_3_grid_r3_c6.png,4314,1,435,187,46.0,3
9,3_320x stock m270_4xobj_3_grid_r3_c6.png,4315,1,384,179,31.5,3
9,3_320x stock m270_4xobj_3_grid_r3_c6.png,4316,1,338,176,46.0,3
9,3_320x stock m270_4xobj_3_grid_r3_c6.png,4317,1,188,169,46.0,3
9,3_320x stock m270_4xobj_3_grid_r3_c6.png,4318,1,367,165,46.0,3
9,3_320x stock m270_4xobj_3_grid_r3_c6.png,4319,1,453,165,31.5,3
9,3_320x stock m270_4xobj_3_grid_r3_c6.png,4320,1,122,159,46.0,3
9,3_320x stock m270_4xobj_3_grid_r3_c6.png,4321,1,357,158,31.5,3
9,3_320x stock m270_4xobj_3_grid_r3_c6.png,4322,1,54,157,46.0,3
9,3_320x stock m270_4xobj_3_grid_r3_c6.png,4323,1,259,147,46.0,3
9,3_320x stock m270_4xobj_3_grid_r3_c6.png,4324,1,194,141,46.0,3
9,3_320x stock m270_4xobj_3_grid_r3_c6.png,4325,1,266,126,46.0,3
9,3_320x stock m270_4xobj_3_grid_r3_c6.png,4326,1,119,116,31.5,3
9,3_320x stock m270_4xobj_3_grid_r3_c6.png,4327,1,369,108,46.0,3
9,3_320x stock m270_4xobj_3_grid_r3_c6.png,4328,1,125,102,46.0,3
9,3_320x stock m270_4xobj_3_grid_r3_c6.png,4329,1,392,99,46.0,3
9,3_320x stock m270_4xobj_3_grid_r3_c6.png,4330,1,284,96,31.5,3
9,3_320x stock m270_4xobj_3_grid_r3_c6.png,4331,1,228,90,46.0,3
9,3_320x stock m270_4xobj_3_grid_r3_c6.png,4332,1,456,86,46.0,3
9,3_320x stock m270_4xobj_3_grid_r3_c6.png,4333,1,62,399,31.5,3
9,3_320x stock m270_4xobj_3_grid_r3_c6.png,4334,1,72,398,31.5,3
9,3_320x stock m270_4xobj_3_grid_r3_c6.png,4335,1,63,407,31.5,3
9,3_320x stock m270_4xobj_3_grid_r3_c6.png,4336,1,54,406,31.5,3
9,3_320x stock m270_4xobj_3_grid_r3_c6.png,4337,1,419,435,31.5,3
9,3_320x stock m270_4xobj_3_grid_r3_c6.png,4338,1,397,445,31.5,3
9,3_320x stock m270_4xobj_3_grid_r3_c6.png,4339,1,400,437,31.5,3
9,3_320x stock m270_4xobj_3_grid_r3_c6.png,4340,1,45,336,31.5,3
9,3_320x stock m270_4xobj_3_grid_r3_c6.png,4341,1,48,344,31.5,3
9,3_320x stock m270_4xobj_3_grid_r3_c6.png,4342,1,51,350,31.5,3
9,3_320x stock m270_4xobj_3_grid_r3_c6.png,4343,1,339,213,31.5,3
9,3_320x stock m270_4xobj_3_grid_r3_c6.png,4344,1,330,200,31.5,3
9,3_320x stock m270_4xobj_3_grid_r3_c6.png,4345,1,322,206,31.5,3
9,3_320x stock m270_4xobj_3_grid_r3_c6.png,4346,1,323,197,31.5,3
9,3_320x stock m270_4xobj_3_grid_r3_c6.png,4347,1,306,199,31.5,3
9,3_320x stock m270_4xobj_3_grid_r3_c6.png,4348,1,311,206,31.5,3
9,3_320x stock m270_4xobj_3_grid_r3_c6.png,4349,1,304,184,31.5,3
9,3_320x stock m270_4xobj_3_grid_r3_c6.png,4350,1,299,179,31.5,3
9,3_320x stock m270_4xobj_3_grid_r3_c6.png,4351,1,278,255,31.5,3
9,3_320x stock m270_4xobj_3_grid_r3_c6.png,4352,1,270,259,31.5,3
9,3_320x stock m270_4xobj_3_grid_r3_c6.png,4353,1,264,250,31.5,3
9,3_320x stock m270_4xobj_3_grid_r3_c6.png,4354,1,250,223,31.5,3
9,3_320x stock m270_4xobj_3_grid_r3_c6.png,4355,1,257,227,31.5,3
9,3_320x stock m270_4xobj_3_grid_r3_c6.png,4356,1,190,252,31.5,3
9,3_320x stock m270_4xobj_3_grid_r3_c6.png,4357,1,193,243,31.5,3
9,3_320x stock m270_4xobj_3_grid_r3_c6.png,4358,1,211,230,31.5,3
9,3_320x stock m270_4xobj_3_grid_r3_c6.png,4359,1,449,413,31.5,3
9,3_320x stock m270_4xobj_3_grid_r3_c6.png,4360,1,441,419,31.5,3
9,3_320x stock m270_4xobj_3_grid_r3_c6.png,4361,1,408,415,31.5,3
9,3_320x stock m270_4xobj_3_grid_r3_c6.png,4362,1,414,417,31.5,3
9,3_320x stock m270_4xobj_3_grid_r3_c6.png,4363,1,420,422,31.5,3
9,3_320x stock m270_4xobj_3_grid_r3_c6.png,4364,1,434,424,31.5,3
9,3_320x stock m270_4xobj_3_grid_r3_c6.png,4365,1,338,414,31.5,3
9,3_320x stock m270_4xobj_3_grid_r3_c6.png,4366,1,344,418,31.5,3
9,3_320x stock m270_4xobj_3_grid_r3_c6.png,4367,1,352,421,31.5,3
9,3_320x stock m270_4xobj_3_grid_r3_c6.png,4368,1,358,416,31.5,3
9,3_320x stock m270_4xobj_3_grid_r3_c6.png,4369,1,273,438,46.0,3
9,3_320x stock m270_4xobj_3_grid_r3_c6.png,4370,1,275,447,46.0,3
9,3_320x stock m270_4xobj_3_grid_r3_c6.png,4371,1,275,457,46.0,3
9,3_320x stock m270_4xobj_3_grid_r3_c6.png,4372,1,269,429,46.0,3
9,3_320x stock m270_4xobj_3_grid_r3_c6.png,4373,1,257,427,46.0,3
9,3_320x stock m270_4xobj_3_grid_r3_c6.png,4374,1,270,400,46.0,3
9,3_320x stock m270_4xobj_3_grid_r3_c6.png,4375,1,260,395,46.0,3
9,3_320x stock m270_4xobj_3_grid_r3_c6.png,4376,1,299,423,46.0,3
9,3_320x stock m270_4xobj_3_grid_r3_c6.png,4377,1,284,420,46.0,3
9,3_320x stock m270_4xobj_3_grid_r3_c6.png,4378,1,301,412,46.0,3
9,3_320x stock m270_4xobj_3_grid_r3_c6.png,4379,1,346,507,46.0,3
9,3_320x stock m270_4xobj_3_grid_r3_c6.png,4380,1,443,452,46.0,3
9,3_320x stock m270_4xobj_3_grid_r3_c6.png,4381,1,180,451,46.0,3
9,3_320x stock m270_4xobj_3_grid_r3_c6.png,4382,1,90,491,46.0,3
9,3_320x stock m270_4xobj_3_grid_r3_c6.png,4383,1,41,371,46.0,3
9,3_320x stock m270_4xobj_3_grid_r3_c6.png,4384,1,54,368,46.0,3
9,3_320x stock m270_4xobj_3_grid_r3_c6.png,4385,1,233,16,46.0,3
9,3_320x stock m270_4xobj_3_grid_r3_c6.png,4386,1,245,16,46.0,3
9,3_320x stock m270_4xobj_3_grid_r3_c6.png,4387,1,99,18,46.0,3
9,3_320x stock m270_4xobj_3_grid_r3_c6.png,4388,1,122,35,46.0,3
9,3_320x stock m270_4xobj_3_grid_r3_c6.png,4389,1,81,30,46.0,3
9,3_320x stock m270_4xobj_3_grid_r3_c6.png,4390,1,27,44,74.5,4
9,3_320x stock m270_4xobj_3_grid_r3_c6.png,4391,1,214,93,31.5,3
9,3_320x stock m270_4xobj_3_grid_r3_c6.png,4392,1,207,93,31.5,3
9,3_320x stock m270_4xobj_3_grid_r3_c6.png,4393,1,192,99,31.5,3
9,3_320x stock m270_4xobj_3_grid_r3_c6.png,4394,1,202,103,31.5,3
9,3_320x stock m270_4xobj_3_grid_r3_c6.png,4395,1,237,55,31.5,3
9,3_320x stock m270_4xobj_3_grid_r3_c6.png,4396,1,268,116,31.5,3
9,3_320x stock m270_4xobj_3_grid_r3_c6.png,4397,1,265,109,31.5,3
9,3_320x stock m270_4xobj_3_grid_r3_c6.png,4398,1,260,104,31.5,3
9,3_320x stock m270_4xobj_3_grid_r3_c6.png,4399,1,144,149,31.5,3
9,3_320x stock m270_4xobj_3_grid_r3_c6.png,4400,1,159,116,31.5,3
9,3_320x stock m270_4xobj_3_grid_r3_c6.png,4401,1,167,117,31.5,3
9,3_320x stock m270_4xobj_3_grid_r3_c6.png,4402,1,79,145,31.5,3
9,3_320x stock m270_4xobj_3_grid_r3_c6.png,4403,1,72,146,31.5,3
9,3_320x stock m270_4xobj_3_grid_r3_c6.png,4404,1,68,162,31.5,3
9,3_320x stock m270_4xobj_3_grid_r3_c6.png,4405,1,124,88,31.5,3
9,3_320x stock m270_4xobj_3_grid_r3_c6.png,4406,1,137,90,31.5,3
9,3_320x stock m270_4xobj_3_grid_r3_c6.png,4407,1,113,61,31.5,3
9,3_320x stock m270_4xobj_3_grid_r3_c6.png,4408,1,121,56,31.5,3
9,3_320x stock m270_4xobj_3_grid_r3_c6.png,4409,1,45,69,31.5,3
9,3_320x stock m270_4xobj_3_grid_r3_c6.png,4410,1,45,61,31.5,3
9,3_320x stock m270_4xobj_3_grid_r3_c6.png,4411,1,22,55,31.5,3
9,3_320x stock m270_4xobj_3_grid_r3_c6.png,4412,1,28,62,31.5,3
9,3_320x stock m270_4xobj_3_grid_r3_c6.png,4413,1,16,98,31.5,3
9,3_320x stock m270_4xobj_3_grid_r3_c6.png,4414,1,9,102,31.5,3
9,3_320x stock m270_4xobj_3_grid_r3_c6.png,4415,1,31,126,31.5,3
9,3_320x stock m270_4xobj_3_grid_r3_c6.png,4416,1,24,118,31.5,3
9,3_320x stock m270_4xobj_3_grid_r3_c6.png,4417,1,5,120,31.5,3
9,3_320x stock m270_4xobj_3_grid_r3_c6.png,4418,1,11,119,31.5,3
10,4_640x stock m270_4xobj_2_grid_r3_c0.png,4419,1,419,425,46.0,3
10,4_640x stock m270_4xobj_2_grid_r3_c0.png,4420,1,244,213,74.5,4
10,4_640x stock m270_4xobj_2_grid_r3_c0.png,4421,1,294,199,74.5,4
10,4_640x stock m270_4xobj_2_grid_r3_c0.png,4422,1,492,62,46.0,3
10,4_640x stock m270_4xobj_2_grid_r3_c0.png,4423,1,454,49,46.0,3
10,4_640x stock m270_4xobj_2_grid_r3_c0.png,4424,1,421,243,31.5,3
10,4_640x stock m270_4xobj_2_grid_r3_c0.png,4425,1,494,193,46.0,3
10,4_640x stock m270_4xobj_2_grid_r3_c0.png,4426,1,449,118,46.0,3
10,4_640x stock m270_4xobj_2_grid_r3_c0.png,4427,1,340,113,46.0,3
10,4_640x stock m270_4xobj_2_grid_r3_c0.png,4428,1,355,109,31.5,3
10,4_640x stock m270_4xobj_2_grid_r3_c0.png,4429,1,436,82,46.0,3
10,4_640x stock m270_4xobj_2_grid_r3_c0.png,4430,1,262,34,46.0,3
10,4_640x stock m270_4xobj_2_grid_r3_c0.png,4431,1,303,12,46.0,3
10,4_640x stock m270_4xobj_2_grid_r3_c0.png,4432,1,304,277,46.0,3
10,4_640x stock m270_4xobj_2_grid_r3_c0.png,4433,1,418,257,46.0,3
10,4_640x stock m270_4xobj_2_grid_r3_c0.png,4434,1,387,244,46.0,3
10,4_640x stock m270_4xobj_2_grid_r3_c0.png,4435,1,394,225,46.0,3
10,4_640x stock m270_4xobj_2_grid_r3_c0.png,4436,1,389,179,46.0,3
10,4_640x stock m270_4xobj_2_grid_r3_c0.png,4437,1,372,169,46.0,3
10,4_640x stock m270_4xobj_2_grid_r3_c0.png,4438,1,332,156,46.0,3
10,4_640x stock m270_4xobj_2_grid_r3_c0.png,4439,1,349,146,46.0,3
10,4_640x stock m270_4xobj_2_grid_r3_c0.png,4440,1,247,126,46.0,3
10,4_640x stock m270_4xobj_2_grid_r3_c0.png,4441,1,318,125,46.0,3
10,4_640x stock m270_4xobj_2_grid_r3_c0.png,4442,1,420,114,46.0,3
10,4_640x stock m270_4xobj_2_grid_r3_c0.png,4443,1,365,111,31.5,3
10,4_640x stock m270_4xobj_2_grid_r3_c0.png,4444,1,243,108,46.0,3
10,4_640x stock m270_4xobj_2_grid_r3_c0.png,4445,1,458,106,46.0,3
10,4_640x stock m270_4xobj_2_grid_r3_c0.png,4446,1,349,91,46.0,3
10,4_640x stock m270_4xobj_2_grid_r3_c0.png,4447,1,288,76,46.0,3
10,4_640x stock m270_4xobj_2_grid_r3_c0.png,4448,1,246,77,104.0,5
10,4_640x stock m270_4xobj_2_grid_r3_c0.png,4449,1,209,65,46.0,3
10,4_640x stock m270_4xobj_2_grid_r3_c0.png,4450,1,241,33,46.0,3
10,4_640x stock m270_4xobj_2_grid_r3_c0.png,4451,1,476,117,31.5,3
10,4_640x stock m270_4xobj_2_grid_r3_c0.png,4452,1,486,114,31.5,3
10,4_640x stock m270_4xobj_2_grid_r3_c0.png,4453,1,478,125,31.5,3
10,4_640x stock m270_4xobj_2_grid_r3_c0.png,4454,1,2,62,27.0,2
10,4_640x stock m270_4xobj_2_grid_r3_c0.png,4455,1,7,56,31.5,3
10,4_640x stock m270_4xobj_2_grid_r3_c0.png,4456,1,276,260,31.5,3
10,4_640x stock m270_4xobj_2_grid_r3_c0.png,4457,1,279,249,31.5,3
10,4_640x stock m270_4xobj_2_grid_r3_c0.png,4458,1,223,312,31.5,3
10,4_640x stock m270_4xobj_2_grid_r3_c0.png,4459,1,296,487,31.5,3
10,4_640x stock m270_4xobj_2_grid_r3_c0.png,4460,1,292,491,31.5,3
10,4_640x stock m270_4xobj_2_grid_r3_c0.png,4461,1,301,483,31.5,3
10,4_640x stock m270_4xobj_2_grid_r3_c0.png,4462,1,99,303,31.5,3
10,4_640x stock m270_4xobj_2_grid_r3_c0.png,4463,1,107,308,31.5,3
10,4_640x stock m270_4xobj_2_grid_r3_c0.png,4464,1,124,342,31.5,3
10,4_640x stock m270_4xobj_2_grid_r3_c0.png,4465,1,278,385,31.5,3
10,4_640x stock m270_4xobj_2_grid_r3_c0.png,4466,1,268,384,31.5,3
10,4_640x stock m270_4xobj_2_grid_r3_c0.png,4467,1,196,395,31.5,3
10,4_640x stock m270_4xobj_2_grid_r3_c0.png,4468,1,193,383,31.5,3
10,4_640x stock m270_4xobj_2_grid_r3_c0.png,4469,1,135,191,46.0,3
10,4_640x stock m270_4xobj_2_grid_r3_c0.png,4470,1,475,189,46.0,3
10,4_640x stock m270_4xobj_2_grid_r3_c0.png,4471,1,401,155,31.5,3
10,4_640x stock m270_4xobj_2_grid_r3_c0.png,4472,1,286,139,46.0,3
10,4_640x stock m270_4xobj_2_grid_r3_c0.png,4473,1,68,119,31.5,3
10,4_640x stock m270_4xobj_2_grid_r3_c0.png,4474,1,307,103,46.0,3
10,4_640x stock m270_4xobj_2_grid_r3_c0.png,4475,1,219,100,46.0,3
10,4_640x stock m270_4xobj_2_grid_r3_c0.png,4476,1,204,92,46.0,3
10,4_640x stock m270_4xobj_2_grid_r3_c0.png,4477,1,218,77,46.0,3
10,4_640x stock m270_4xobj_2_grid_r3_c0.png,4478,1,128,76,31.5,3
10,4_640x stock m270_4xobj_2_grid_r3_c0.png,4479,1,85,76,31.5,3
10,4_640x stock m270_4xobj_2_grid_r3_c0.png,4480,1,321,73,46.0,3
10,4_640x stock m270_4xobj_2_grid_r3_c0.png,4481,1,163,63,46.0,3
10,4_640x stock m270_4xobj_2_grid_r3_c0.png,4482,1,194,14,46.0,3
10,4_640x stock m270_4xobj_2_grid_r3_c0.png,4483,1,106,12,46.0,3
10,4_640x stock m270_4xobj_2_grid_r3_c0.png,4484,1,31,10,46.0,3
10,4_640x stock m270_4xobj_2_grid_r3_c0.png,4485,1,441,450,46.0,3
10,4_640x stock m270_4xobj_2_grid_r3_c0.png,4486,1,297,435,46.0,3
10,4_640x stock m270_4xobj_2_grid_r3_c0.png,4487,1,469,416,46.0,3
10,4_640x stock m270_4xobj_2_grid_r3_c0.png,4488,1,394,410,46.0,3
10,4_640x stock m270_4xobj_2_grid_r3_c0.png,4489,1,114,346,31.5,3
10,4_640x stock m270_4xobj_2_grid_r3_c0.png,4490,1,264,331,46.0,3
10,4_640x stock m270_4xobj_2_grid_r3_c0.png,4491,1,154,324,46.0,3
10,4_640x stock m270_4xobj_2_grid_r3_c0.png,4492,1,423,316,46.0,3
10,4_640x stock m270_4xobj_2_grid_r3_c0.png,4493,1,355,311,46.0,3
10,4_640x stock m270_4xobj_2_grid_r3_c0.png,4494,1,255,309,46.0,3
10,4_640x stock m270_4xobj_2_grid_r3_c0.png,4495,1,215,305,31.5,3
10,4_640x stock m270_4xobj_2_grid_r3_c0.png,4496,1,137,298,46.0,3
10,4_640x stock m270_4xobj_2_grid_r3_c0.png,4497,1,180,278,31.5,3
10,4_640x stock m270_4xobj_2_grid_r3_c0.png,4498,1,191,273,31.5,3
10,4_640x stock m270_4xobj_2_grid_r3_c0.png,4499,1,342,261,46.0,3
10,4_640x stock m270_4xobj_2_grid_r3_c0.png,4500,1,229,255,46.0,3
10,4_640x stock m270_4xobj_2_grid_r3_c0.png,4501,1,37,246,46.0,3
10,4_640x stock m270_4xobj_2_grid_r3_c0.png,4502,1,166,216,46.0,3
10,4_640x stock m270_4xobj_2_grid_r3_c0.png,4503,1,18,198,46.0,3
10,4_640x stock m270_4xobj_2_grid_r3_c0.png,4504,1,153,198,46.0,3
10,4_640x stock m270_4xobj_2_grid_r3_c0.png,4505,1,122,197,46.0,3
10,4_640x stock m270_4xobj_2_grid_r3_c0.png,4506,1,197,159,46.0,3
10,4_640x stock m270_4xobj_2_grid_r3_c0.png,4507,1,23,159,46.0,3
10,4_640x stock m270_4xobj_2_grid_r3_c0.png,4508,1,218,153,46.0,3
10,4_640x stock m270_4xobj_2_grid_r3_c0.png,4509,1,196,136,74.5,4
10,4_640x stock m270_4xobj_2_grid_r3_c0.png,4510,1,266,127,46.0,3
10,4_640x stock m270_4xobj_2_grid_r3_c0.png,4511,1,16,126,46.0,3
10,4_640x stock m270_4xobj_2_grid_r3_c0.png,4512,1,78,116,31.5,3
10,4_640x stock m270_4xobj_2_grid_r3_c0.png,4513,1,9,97,74.5,4
10,4_640x stock m270_4xobj_2_grid_r3_c0.png,4514,1,98,94,46.0,3
10,4_640x stock m270_4xobj_2_grid_r3_c0.png,4515,1,95,80,31.5,3
10,4_640x stock m270_4xobj_2_grid_r3_c0.png,4516,1,75,68,46.0,3
10,4_640x stock m270_4xobj_2_grid_r3_c0.png,4517,1,55,17,46.0,3
10,4_640x stock m270_4xobj_2_grid_r3_c0.png,4518,1,494,477,46.0,3
10,4_640x stock m270_4xobj_2_grid_r3_c0.png,4519,1,476,476,46.0,3
10,4_640x stock m270_4xobj_2_grid_r3_c0.png,4520,1,207,457,46.0,3
10,4_640x stock m270_4xobj_2_grid_r3_c0.png,4521,1,74,441,46.0,3
10,4_640x stock m270_4xobj_2_grid_r3_c0.png,4522,1,95,438,46.0,3
10,4_640x stock m270_4xobj_2_grid_r3_c0.png,4523,1,225,428,46.0,3
10,4_640x stock m270_4xobj_2_grid_r3_c0.png,4524,1,12,417,46.0,3
10,4_640x stock m270_4xobj_2_grid_r3_c0.png,4525,1,200,411,46.0,3
10,4_640x stock m270_4xobj_2_grid_r3_c0.png,4526,1,206,400,46.0,3
10,4_640x stock m270_4xobj_2_grid_r3_c0.png,4527,1,59,379,46.0,3
10,4_640x stock m270_4xobj_2_grid_r3_c0.png,4528,1,244,376,46.0,3
10,4_640x stock m270_4xobj_2_grid_r3_c0.png,4529,1,108,372,46.0,3
10,4_640x stock m270_4xobj_2_grid_r3_c0.png,4530,1,278,358,46.0,3
10,4_640x stock m270_4xobj_2_grid_r3_c0.png,4531,1,166,357,46.0,3
10,4_640x stock m270_4xobj_2_grid_r3_c0.png,4532,1,38,356,46.0,3
10,4_640x stock m270_4xobj_2_grid_r3_c0.png,4533,1,61,354,46.0,3
10,4_640x stock m270_4xobj_2_grid_r3_c0.png,4534,1,177,353,31.5,3
10,4_640x stock m270_4xobj_2_grid_r3_c0.png,4535,1,66,344,31.5,3
10,4_640x stock m270_4xobj_2_grid_r3_c0.png,4536,1,216,333,46.0,3
10,4_640x stock m270_4xobj_2_grid_r3_c0.png,4537,1,138,329,46.0,3
10,4_640x stock m270_4xobj_2_grid_r3_c0.png,4538,1,43,325,46.0,3
10,4_640x stock m270_4xobj_2_grid_r3_c0.png,4539,1,42,310,46.0,3
10,4_640x stock m270_4xobj_2_grid_r3_c0.png,4540,1,59,289,46.0,3
10,4_640x stock m270_4xobj_2_grid_r3_c0.png,4541,1,48,235,46.0,3
10,4_640x stock m270_4xobj_2_grid_r3_c0.png,4542,1,97,204,46.0,3
10,4_640x stock m270_4xobj_2_grid_r3_c0.png,4543,1,83,183,46.0,3
10,4_640x stock m270_4xobj_2_grid_r3_c0.png,4544,1,29,179,46.0,3
10,4_640x stock m270_4xobj_2_grid_r3_c0.png,4545,1,86,157,74.5,4
10,4_640x stock m270_4xobj_2_grid_r3_c0.png,4546,1,5,144,31.5,3
10,4_640x stock m270_4xobj_2_grid_r3_c0.png,4547,1,257,138,46.0,3
10,4_640x stock m270_4xobj_2_grid_r3_c0.png,4548,1,94,500,46.0,3
10,4_640x stock m270_4xobj_2_grid_r3_c0.png,4549,1,184,496,46.0,3
10,4_640x stock m270_4xobj_2_grid_r3_c0.png,4550,1,260,481,46.0,3
10,4_640x stock m270_4xobj_2_grid_r3_c0.png,4551,1,143,475,46.0,3
10,4_640x stock m270_4xobj_2_grid_r3_c0.png,4552,1,61,462,46.0,3
10,4_640x stock m270_4xobj_2_grid_r3_c0.png,4553,1,44,458,46.0,3
10,4_640x stock m270_4xobj_2_grid_r3_c0.png,4554,1,99,450,46.0,3
10,4_640x stock m270_4xobj_2_grid_r3_c0.png,4555,1,249,439,46.0,3
10,4_640x stock m270_4xobj_2_grid_r3_c0.png,4556,1,7,438,46.0,3
10,4_640x stock m270_4xobj_2_grid_r3_c0.png,4557,1,296,421,46.0,3
10,4_640x stock m270_4xobj_2_grid_r3_c0.png,4558,1,93,407,46.0,3
10,4_640x stock m270_4xobj_2_grid_r3_c0.png,4559,1,55,400,46.0,3
10,4_640x stock m270_4xobj_2_grid_r3_c0.png,4560,1,92,331,46.0,3
10,4_640x stock m270_4xobj_2_grid_r3_c0.png,4561,1,112,296,46.0,3
10,4_640x stock m270_4xobj_2_grid_r3_c0.png,4562,1,54,169,46.0,3
10,4_640x stock m270_4xobj_2_grid_r3_c0.png,4563,1,118,74,31.5,3
10,4_640x stock m270_4xobj_2_grid_r3_c0.png,4564,1,279,476,46.0,3
10,4_640x stock m270_4xobj_2_grid_r3_c0.png,4565,1,193,463,46.0,3
10,4_640x stock m270_4xobj_2_grid_r3_c0.png,4566,1,111,424,46.0,3
10,4_640x stock m270_4xobj_2_grid_r3_c0.png,4567,1,136,265,74.5,4
10,4_640x stock m270_4xobj_2_grid_r3_c0.png,4568,1,350,219,147.5,6
10,4_640x stock m270_4xobj_2_grid_r3_c0.png,4569,1,58,437,46.0,3
10,4_640x stock m270_4xobj_2_grid_r3_c0.png,4570,1,25,352,74.5,4
10,4_640x stock m270_4xobj_2_grid_r3_c0.png,4571,1,235,20,46.0,3
10,4_640x stock m270_4xobj_2_grid_r3_c0.png,4572,1,228,11,31.5,3
10,4_640x stock m270_4xobj_2_grid_r3_c0.png,4573,1,489,367,46.0,3
10,4_640x stock m270_4xobj_2_grid_r3_c0.png,4574,1,442,344,46.0,3
10,4_640x stock m270_4xobj_2_grid_r3_c0.png,4575,1,373,339,46.0,3
10,4_640x stock m270_4xobj_2_grid_r3_c0.png,4576,1,308,327,46.0,3
10,4_640x stock m270_4xobj_2_grid_r3_c0.png,4577,1,457,325,46.0,3
10,4_640x stock m270_4xobj_2_grid_r3_c0.png,4578,1,508,269,31.5,3
10,4_640x stock m270_4xobj_2_grid_r3_c0.png,4579,1,219,268,46.0,3
10,4_640x stock m270_4xobj_2_grid_r3_c0.png,4580,1,434,265,46.0,3
10,4_640x stock m270_4xobj_2_grid_r3_c0.png,4581,1,239,264,46.0,3
10,4_640x stock m270_4xobj_2_grid_r3_c0.png,4582,1,479,254,46.0,3
10,4_640x stock m270_4xobj_2_grid_r3_c0.png,4583,1,351,248,46.0,3
10,4_640x stock m270_4xobj_2_grid_r3_c0.png,4584,1,272,234,46.0,3
10,4_640x stock m270_4xobj_2_grid_r3_c0.png,4585,1,353,230,31.5,3
10,4_640x stock m270_4xobj_2_grid_r3_c0.png,4586,1,223,223,46.0,3
10,4_640x stock m270_4xobj_2_grid_r3_c0.png,4587,1,330,213,46.0,3
10,4_640x stock m270_4xobj_2_grid_r3_c0.png,4588,1,317,193,46.0,3
11,4_640x stock m270_4xobj_2_grid_r3_c1.png,4589,1,213,262,46.0,3
11,4_640x stock m270_4xobj_2_grid_r3_c1.png,4590,1,84,209,31.5,3
11,4_640x stock m270_4xobj_2_grid_r3_c1.png,4591,1,86,198,31.5,3
11,4_640x stock m270_4xobj_2_grid_r3_c1.png,4592,1,166,211,31.5,3
11,4_640x stock m270_4xobj_2_grid_r3_c1.png,4593,1,160,216,31.5,3
11,4_640x stock m270_4xobj_2_grid_r3_c1.png,4594,1,118,331,31.5,3
11,4_640x stock m270_4xobj_2_grid_r3_c1.png,4595,1,67,322,31.5,3
11,4_640x stock m270_4xobj_2_grid_r3_c1.png,4596,1,57,321,31.5,3
11,4_640x stock m270_4xobj_2_grid_r3_c1.png,4597,1,126,338,31.5,3
11,4_640x stock m270_4xobj_2_grid_r3_c1.png,4598,1,463,213,31.5,3
11,4_640x stock m270_4xobj_2_grid_r3_c1.png,4599,1,471,212,31.5,3
11,4_640x stock m270_4xobj_2_grid_r3_c1.png,4600,1,464,148,31.5,3
11,4_640x stock m270_4xobj_2_grid_r3_c1.png,4601,1,381,243,31.5,3
11,4_640x stock m270_4xobj_2_grid_r3_c1.png,4602,1,374,232,31.5,3
11,4_640x stock m270_4xobj_2_grid_r3_c1.png,4603,1,351,274,31.5,3
11,4_640x stock m270_4xobj_2_grid_r3_c1.png,4604,1,357,281,31.5,3
11,4_640x stock m270_4xobj_2_grid_r3_c1.png,4605,1,249,176,31.5,3
11,4_640x stock m270_4xobj_2_grid_r3_c1.png,4606,1,244,169,31.5,3
11,4_640x stock m270_4xobj_2_grid_r3_c1.png,4607,1,461,137,31.5,3
11,4_640x stock m270_4xobj_2_grid_r3_c1.png,4608,1,490,124,31.5,3
11,4_640x stock m270_4xobj_2_grid_r3_c1.png,4609,1,496,120,31.5,3
11,4_640x stock m270_4xobj_2_grid_r3_c1.png,4610,1,123,73,31.5,3
11,4_640x stock m270_4xobj_2_grid_r3_c1.png,4611,1,129,75,31.5,3
11,4_640x stock m270_4xobj_2_grid_r3_c1.png,4612,1,44,134,31.5,3
11,4_640x stock m270_4xobj_2_grid_r3_c1.png,4613,1,50,139,31.5,3
11,4_640x stock m270_4xobj_2_grid_r3_c1.png,4614,1,493,308,104.0,5
11,4_640x stock m270_4xobj_2_grid_r3_c1.png,4615,1,76,473,46.0,3
11,4_640x stock m270_4xobj_2_grid_r3_c1.png,4616,1,69,479,46.0,3
11,4_640x stock m270_4xobj_2_grid_r3_c1.png,4617,1,225,45,74.5,4
11,4_640x stock m270_4xobj_2_grid_r3_c1.png,4618,1,139,178,46.0,3
11,4_640x stock m270_4xobj_2_grid_r3_c1.png,4619,1,308,308,74.5,4
11,4_640x stock m270_4xobj_2_grid_r3_c1.png,4620,1,262,494,74.5,4
11,4_640x stock m270_4xobj_2_grid_r3_c1.png,4621,1,393,456,74.5,4
11,4_640x stock m270_4xobj_2_grid_r3_c1.png,4622,1,107,310,46.0,3
11,4_640x stock m270_4xobj_2_grid_r3_c1.png,4623,1,304,445,104.0,5
11,4_640x stock m270_4xobj_2_grid_r3_c1.png,4624,1,268,150,46.0,3
11,4_640x stock m270_4xobj_2_grid_r3_c1.png,4625,1,105,136,46.0,3
11,4_640x stock m270_4xobj_2_grid_r3_c1.png,4626,1,279,96,46.0,3
11,4_640x stock m270_4xobj_2_grid_r3_c1.png,4627,1,49,81,46.0,3
11,4_640x stock m270_4xobj_2_grid_r3_c1.png,4628,1,477,72,46.0,3
11,4_640x stock m270_4xobj_2_grid_r3_c1.png,4629,1,355,58,46.0,3
11,4_640x stock m270_4xobj_2_grid_r3_c1.png,4630,1,210,55,46.0,3
11,4_640x stock m270_4xobj_2_grid_r3_c1.png,4631,1,208,19,46.0,3
11,4_640x stock m270_4xobj_2_grid_r3_c1.png,4632,1,76,13,46.0,3
11,4_640x stock m270_4xobj_2_grid_r3_c1.png,4633,1,357,12,46.0,3
11,4_640x stock m270_4xobj_2_grid_r3_c1.png,4634,1,198,6,46.0,3
11,4_640x stock m270_4xobj_2_grid_r3_c1.png,4635,1,283,5,46.0,3
11,4_640x stock m270_4xobj_2_grid_r3_c1.png,4636,1,337,196,46.0,3
11,4_640x stock m270_4xobj_2_grid_r3_c1.png,4637,1,418,177,46.0,3
11,4_640x stock m270_4xobj_2_grid_r3_c1.png,4638,1,73,172,46.0,3
11,4_640x stock m270_4xobj_2_grid_r3_c1.png,4639,1,358,155,46.0,3
11,4_640x stock m270_4xobj_2_grid_r3_c1.png,4640,1,334,121,46.0,3
11,4_640x stock m270_4xobj_2_grid_r3_c1.png,4641,1,175,102,46.0,3
11,4_640x stock m270_4xobj_2_grid_r3_c1.png,4642,1,129,101,46.0,3
11,4_640x stock m270_4xobj_2_grid_r3_c1.png,4643,1,214,90,46.0,3
11,4_640x stock m270_4xobj_2_grid_r3_c1.png,4644,1,348,78,46.0,3
11,4_640x stock m270_4xobj_2_grid_r3_c1.png,4645,1,307,75,46.0,3
11,4_640x stock m270_4xobj_2_grid_r3_c1.png,4646,1,101,74,46.0,3
11,4_640x stock m270_4xobj_2_grid_r3_c1.png,4647,1,17,62,46.0,3
11,4_640x stock m270_4xobj_2_grid_r3_c1.png,4648,1,178,62,46.0,3
11,4_640x stock m270_4xobj_2_grid_r3_c1.png,4649,1,44,37,46.0,3
11,4_640x stock m270_4xobj_2_grid_r3_c1.png,4650,1,419,28,46.0,3
11,4_640x stock m270_4xobj_2_grid_r3_c1.png,4651,1,172,6,46.0,3
11,4_640x stock m270_4xobj_2_grid_r3_c1.png,4652,1,491,457,46.0,3
11,4_640x stock m270_4xobj_2_grid_r3_c1.png,4653,1,278,314,46.0,3
11,4_640x stock m270_4xobj_2_grid_r3_c1.png,4654,1,479,308,31.5,3
11,4_640x stock m270_4xobj_2_grid_r3_c1.png,4655,1,256,302,46.0,3
11,4_640x stock m270_4xobj_2_grid_r3_c1.png,4656,1,415,259,46.0,3
11,4_640x stock m270_4xobj_2_grid_r3_c1.png,4657,1,114,233,46.0,3
11,4_640x stock m270_4xobj_2_grid_r3_c1.png,4658,1,308,225,46.0,3
11,4_640x stock m270_4xobj_2_grid_r3_c1.png,4659,1,412,217,46.0,3
11,4_640x stock m270_4xobj_2_grid_r3_c1.png,4660,1,19,193,46.0,3
11,4_640x stock m270_4xobj_2_grid_r3_c1.png,4661,1,116,188,46.0,3
11,4_640x stock m270_4xobj_2_grid_r3_c1.png,4662,1,150,180,31.5,3
11,4_640x stock m270_4xobj_2_grid_r3_c1.png,4663,1,346,166,46.0,3
11,4_640x stock m270_4xobj_2_grid_r3_c1.png,4664,1,411,157,46.0,3
11,4_640x stock m270_4xobj_2_grid_r3_c1.png,4665,1,490,154,74.5,4
11,4_640x stock m270_4xobj_2_grid_r3_c1.png,4666,1,231,144,46.0,3
11,4_640x stock m270_4xobj_2_grid_r3_c1.png,4667,1,249,136,46.0,3
11,4_640x stock m270_4xobj_2_grid_r3_c1.png,4668,1,168,117,46.0,3
11,4_640x stock m270_4xobj_2_grid_r3_c1.png,4669,1,156,111,46.0,3
11,4_640x stock m270_4xobj_2_grid_r3_c1.png,4670,1,63,93,46.0,3
11,4_640x stock m270_4xobj_2_grid_r3_c1.png,4671,1,74,89,46.0,3
11,4_640x stock m270_4xobj_2_grid_r3_c1.png,4672,1,436,496,46.0,3
11,4_640x stock m270_4xobj_2_grid_r3_c1.png,4673,1,427,474,31.5,3
11,4_640x stock m270_4xobj_2_grid_r3_c1.png,4674,1,422,463,46.0,3
11,4_640x stock m270_4xobj_2_grid_r3_c1.png,4675,1,457,441,46.0,3
11,4_640x stock m270_4xobj_2_grid_r3_c1.png,4676,1,415,418,46.0,3
11,4_640x stock m270_4xobj_2_grid_r3_c1.png,4677,1,14,367,46.0,3
11,4_640x stock m270_4xobj_2_grid_r3_c1.png,4678,1,432,363,46.0,3
11,4_640x stock m270_4xobj_2_grid_r3_c1.png,4679,1,165,338,46.0,3
11,4_640x stock m270_4xobj_2_grid_r3_c1.png,4680,1,352,325,46.0,3
11,4_640x stock m270_4xobj_2_grid_r3_c1.png,4681,1,452,315,46.0,3
11,4_640x stock m270_4xobj_2_grid_r3_c1.png,4682,1,53,306,46.0,3
11,4_640x stock m270_4xobj_2_grid_r3_c1.png,4683,1,390,302,46.0,3
11,4_640x stock m270_4xobj_2_grid_r3_c1.png,4684,1,221,284,31.5,3
11,4_640x stock m270_4xobj_2_grid_r3_c1.png,4685,1,388,275,74.5,4
11,4_640x stock m270_4xobj_2_grid_r3_c1.png,4686,1,57,275,46.0,3
11,4_640x stock m270_4xobj_2_grid_r3_c1.png,4687,1,223,273,31.5,3
11,4_640x stock m270_4xobj_2_grid_r3_c1.png,4688,1,34,269,46.0,3
11,4_640x stock m270_4xobj_2_grid_r3_c1.png,4689,1,180,264,46.0,3
11,4_640x stock m270_4xobj_2_grid_r3_c1.png,4690,1,333,261,46.0,3
11,4_640x stock m270_4xobj_2_grid_r3_c1.png,4691,1,4,254,46.0,3
11,4_640x stock m270_4xobj_2_grid_r3_c1.png,4692,1,256,243,46.0,3
11,4_640x stock m270_4xobj_2_grid_r3_c1.png,4693,1,169,235,46.0,3
11,4_640x stock m270_4xobj_2_grid_r3_c1.png,4694,1,178,212,46.0,3
11,4_640x stock m270_4xobj_2_grid_r3_c1.png,4695,1,254,194,46.0,3
11,4_640x stock m270_4xobj_2_grid_r3_c1.png,4696,1,141,163,46.0,3
11,4_640x stock m270_4xobj_2_grid_r3_c1.png,4697,1,79,119,46.0,3
11,4_640x stock m270_4xobj_2_grid_r3_c1.png,4698,1,388,489,46.0,3
11,4_640x stock m270_4xobj_2_grid_r3_c1.png,4699,1,317,458,46.0,3
11,4_640x stock m270_4xobj_2_grid_r3_c1.png,4700,1,373,438,74.5,4
11,4_640x stock m270_4xobj_2_grid_r3_c1.png,4701,1,244,437,46.0,3
11,4_640x stock m270_4xobj_2_grid_r3_c1.png,4702,1,271,436,46.0,3
11,4_640x stock m270_4xobj_2_grid_r3_c1.png,4703,1,357,434,46.0,3
11,4_640x stock m270_4xobj_2_grid_r3_c1.png,4704,1,292,433,46.0,3
11,4_640x stock m270_4xobj_2_grid_r3_c1.png,4705,1,461,416,74.5,4
11,4_640x stock m270_4xobj_2_grid_r3_c1.png,4706,1,358,393,74.5,4
11,4_640x stock m270_4xobj_2_grid_r3_c1.png,4707,1,432,392,46.0,3
11,4_640x stock m270_4xobj_2_grid_r3_c1.png,4708,1,220,382,46.0,3
11,4_640x stock m270_4xobj_2_grid_r3_c1.png,4709,1,388,375,46.0,3
11,4_640x stock m270_4xobj_2_grid_r3_c1.png,4710,1,271,373,46.0,3
11,4_640x stock m270_4xobj_2_grid_r3_c1.png,4711,1,136,361,46.0,3
11,4_640x stock m270_4xobj_2_grid_r3_c1.png,4712,1,315,357,46.0,3
11,4_640x stock m270_4xobj_2_grid_r3_c1.png,4713,1,50,330,31.5,3
11,4_640x stock m270_4xobj_2_grid_r3_c1.png,4714,1,409,330,46.0,3
11,4_640x stock m270_4xobj_2_grid_r3_c1.png,4715,1,155,324,46.0,3
11,4_640x stock m270_4xobj_2_grid_r3_c1.png,4716,1,191,302,46.0,3
11,4_640x stock m270_4xobj_2_grid_r3_c1.png,4717,1,101,290,46.0,3
11,4_640x stock m270_4xobj_2_grid_r3_c1.png,4718,1,93,261,46.0,3
11,4_640x stock m270_4xobj_2_grid_r3_c1.png,4719,1,125,247,46.0,3
11,4_640x stock m270_4xobj_2_grid_r3_c1.png,4720,1,187,498,46.0,3
11,4_640x stock m270_4xobj_2_grid_r3_c1.png,4721,1,283,495,46.0,3
11,4_640x stock m270_4xobj_2_grid_r3_c1.png,4722,1,99,486,46.0,3
11,4_640x stock m270_4xobj_2_grid_r3_c1.png,4723,1,188,454,46.0,3
11,4_640x stock m270_4xobj_2_grid_r3_c1.png,4724,1,223,451,46.0,3
11,4_640x stock m270_4xobj_2_grid_r3_c1.png,4725,1,59,446,46.0,3
11,4_640x stock m270_4xobj_2_grid_r3_c1.png,4726,1,120,437,46.0,3
11,4_640x stock m270_4xobj_2_grid_r3_c1.png,4727,1,173,434,46.0,3
11,4_640x stock m270_4xobj_2_grid_r3_c1.png,4728,1,60,424,46.0,3
11,4_640x stock m270_4xobj_2_grid_r3_c1.png,4729,1,128,406,46.0,3
11,4_640x stock m270_4xobj_2_grid_r3_c1.png,4730,1,40,394,46.0,3
11,4_640x stock m270_4xobj_2_grid_r3_c1.png,4731,1,274,390,46.0,3
11,4_640x stock m270_4xobj_2_grid_r3_c1.png,4732,1,228,390,46.0,3
11,4_640x stock m270_4xobj_2_grid_r3_c1.png,4733,1,210,369,46.0,3
11,4_640x stock m270_4xobj_2_grid_r3_c1.png,4734,1,115,303,31.5,3
11,4_640x stock m270_4xobj_2_grid_r3_c1.png,4735,1,42,253,46.0,3
11,4_640x stock m270_4xobj_2_grid_r3_c1.png,4736,1,84,490,46.0,3
11,4_640x stock m270_4xobj_2_grid_r3_c1.png,4737,1,116,480,46.0,3
11,4_640x stock m270_4xobj_2_grid_r3_c1.png,4738,1,19,477,46.0,3
11,4_640x stock m270_4xobj_2_grid_r3_c1.png,4739,1,93,381,74.5,4
11,4_640x stock m270_4xobj_2_grid_r3_c1.png,4740,1,198,337,46.0,3
12,4_640x stock m270_4xobj_2_grid_r3_c2.png,4741,1,459,207,31.5,3
12,4_640x stock m270_4xobj_2_grid_r3_c2.png,4742,1,470,208,31.5,3
12,4_640x stock m270_4xobj_2_grid_r3_c2.png,4743,1,487,237,46.0,3
12,4_640x stock m270_4xobj_2_grid_r3_c2.png,4744,1,502,134,46.0,3
12,4_640x stock m270_4xobj_2_grid_r3_c2.png,4745,1,507,176,46.0,3
12,4_640x stock m270_4xobj_2_grid_r3_c2.png,4746,1,276,182,74.5,4
12,4_640x stock m270_4xobj_2_grid_r3_c2.png,4747,1,191,308,46.0,3
12,4_640x stock m270_4xobj_2_grid_r3_c2.png,4748,1,206,501,104.0,5
12,4_640x stock m270_4xobj_2_grid_r3_c2.png,4749,1,352,106,46.0,3
12,4_640x stock m270_4xobj_2_grid_r3_c2.png,4750,1,86,71,46.0,3
12,4_640x stock m270_4xobj_2_grid_r3_c2.png,4751,1,87,37,46.0,3
12,4_640x stock m270_4xobj_2_grid_r3_c2.png,4752,1,318,36,46.0,3
12,4_640x stock m270_4xobj_2_grid_r3_c2.png,4753,1,230,16,46.0,3
12,4_640x stock m270_4xobj_2_grid_r3_c2.png,4754,1,412,70,74.5,4
12,4_640x stock m270_4xobj_2_grid_r3_c2.png,4755,1,98,15,46.0,3
12,4_640x stock m270_4xobj_2_grid_r3_c2.png,4756,1,335,398,46.0,3
12,4_640x stock m270_4xobj_2_grid_r3_c2.png,4757,1,228,96,46.0,3
12,4_640x stock m270_4xobj_2_grid_r3_c2.png,4758,1,340,207,46.0,3
12,4_640x stock m270_4xobj_2_grid_r3_c2.png,4759,1,374,234,46.0,3
12,4_640x stock m270_4xobj_2_grid_r3_c2.png,4760,1,449,235,46.0,3
12,4_640x stock m270_4xobj_2_grid_r3_c2.png,4761,1,438,254,31.5,3
12,4_640x stock m270_4xobj_2_grid_r3_c2.png,4762,1,271,310,46.0,3
12,4_640x stock m270_4xobj_2_grid_r3_c2.png,4763,1,254,304,46.0,3
12,4_640x stock m270_4xobj_2_grid_r3_c2.png,4764,1,228,264,46.0,3
12,4_640x stock m270_4xobj_2_grid_r3_c2.png,4765,1,172,260,46.0,3
12,4_640x stock m270_4xobj_2_grid_r3_c2.png,4766,1,242,135,46.0,3
12,4_640x stock m270_4xobj_2_grid_r3_c2.png,4767,1,107,113,46.0,3
12,4_640x stock m270_4xobj_2_grid_r3_c2.png,4768,1,154,91,46.0,3
12,4_640x stock m270_4xobj_2_grid_r3_c2.png,4769,1,58,72,46.0,3
12,4_640x stock m270_4xobj_2_grid_r3_c2.png,4770,1,2,72,8.0,1
12,4_640x stock m270_4xobj_2_grid_r3_c2.png,4771,1,207,68,46.0,3
12,4_640x stock m270_4xobj_2_grid_r3_c2.png,4772,1,143,43,46.0,3
12,4_640x stock m270_4xobj_2_grid_r3_c2.png,4773,1,201,41,46.0,3
12,4_640x stock m270_4xobj_2_grid_r3_c2.png,4774,1,60,35,46.0,3
12,4_640x stock m270_4xobj_2_grid_r3_c2.png,4775,1,171,22,46.0,3
12,4_640x stock m270_4xobj_2_grid_r3_c2.png,4776,1,149,18,46.0,3
12,4_640x stock m270_4xobj_2_grid_r3_c2.png,4777,1,383,509,8.0,1
12,4_640x stock m270_4xobj_2_grid_r3_c2.png,4778,1,449,498,46.0,3
12,4_640x stock m270_4xobj_2_grid_r3_c2.png,4779,1,319,467,46.0,3
12,4_640x stock m270_4xobj_2_grid_r3_c2.png,4780,1,389,424,46.0,3
12,4_640x stock m270_4xobj_2_grid_r3_c2.png,4781,1,321,411,74.5,4
12,4_640x stock m270_4xobj_2_grid_r3_c2.png,4782,1,430,401,46.0,3
12,4_640x stock m270_4xobj_2_grid_r3_c2.png,4783,1,304,393,46.0,3
12,4_640x stock m270_4xobj_2_grid_r3_c2.png,4784,1,403,387,74.5,4
12,4_640x stock m270_4xobj_2_grid_r3_c2.png,4785,1,274,371,46.0,3
12,4_640x stock m270_4xobj_2_grid_r3_c2.png,4786,1,208,330,46.0,3
12,4_640x stock m270_4xobj_2_grid_r3_c2.png,4787,1,265,325,31.5,3
12,4_640x stock m270_4xobj_2_grid_r3_c2.png,4788,1,309,321,46.0,3
12,4_640x stock m270_4xobj_2_grid_r3_c2.png,4789,1,280,285,46.0,3
12,4_640x stock m270_4xobj_2_grid_r3_c2.png,4790,1,255,270,46.0,3
12,4_640x stock m270_4xobj_2_grid_r3_c2.png,4791,1,211,228,46.0,3
12,4_640x stock m270_4xobj_2_grid_r3_c2.png,4792,1,141,210,46.0,3
12,4_640x stock m270_4xobj_2_grid_r3_c2.png,4793,1,173,194,46.0,3
12,4_640x stock m270_4xobj_2_grid_r3_c2.png,4794,1,307,188,46.0,3
12,4_640x stock m270_4xobj_2_grid_r3_c2.png,4795,1,233,187,46.0,3
12,4_640x stock m270_4xobj_2_grid_r3_c2.png,4796,1,92,176,46.0,3
12,4_640x stock m270_4xobj_2_grid_r3_c2.png,4797,1,115,169,46.0,3
12,4_640x stock m270_4xobj_2_grid_r3_c2.png,4798,1,159,169,46.0,3
12,4_640x stock m270_4xobj_2_grid_r3_c2.png,4799,1,186,154,46.0,3
12,4_640x stock m270_4xobj_2_grid_r3_c2.png,4800,1,202,127,46.0,3
12,4_640x stock m270_4xobj_2_grid_r3_c2.png,4801,1,40,73,46.0,3
12,4_640x stock m270_4xobj_2_grid_r3_c2.png,4802,1,166,46,46.0,3
12,4_640x stock m270_4xobj_2_grid_r3_c2.png,4803,1,425,9,46.0,3
12,4_640x stock m270_4xobj_2_grid_r3_c2.png,4804,1,176,491,46.0,3
12,4_640x stock m270_4xobj_2_grid_r3_c2.png,4805,1,299,460,46.0,3
12,4_640x stock m270_4xobj_2_grid_r3_c2.png,4806,1,215,444,46.0,3
12,4_640x stock m270_4xobj_2_grid_r3_c2.png,4807,1,257,435,46.0,3
12,4_640x stock m270_4xobj_2_grid_r3_c2.png,4808,1,75,422,46.0,3
12,4_640x stock m270_4xobj_2_grid_r3_c2.png,4809,1,240,400,46.0,3
12,4_640x stock m270_4xobj_2_grid_r3_c2.png,4810,1,99,387,46.0,3
12,4_640x stock m270_4xobj_2_grid_r3_c2.png,4811,1,213,378,46.0,3
12,4_640x stock m270_4xobj_2_grid_r3_c2.png,4812,1,117,377,46.0,3
12,4_640x stock m270_4xobj_2_grid_r3_c2.png,4813,1,99,347,46.0,3
12,4_640x stock m270_4xobj_2_grid_r3_c2.png,4814,1,277,335,46.0,3
12,4_640x stock m270_4xobj_2_grid_r3_c2.png,4815,1,237,325,46.0,3
12,4_640x stock m270_4xobj_2_grid_r3_c2.png,4816,1,5,308,31.5,3
12,4_640x stock m270_4xobj_2_grid_r3_c2.png,4817,1,235,303,46.0,3
12,4_640x stock m270_4xobj_2_grid_r3_c2.png,4818,1,70,303,46.0,3
12,4_640x stock m270_4xobj_2_grid_r3_c2.png,4819,1,185,295,46.0,3
12,4_640x stock m270_4xobj_2_grid_r3_c2.png,4820,1,232,240,46.0,3
12,4_640x stock m270_4xobj_2_grid_r3_c2.png,4821,1,96,232,46.0,3
12,4_640x stock m270_4xobj_2_grid_r3_c2.png,4822,1,187,202,46.0,3
12,4_640x stock m270_4xobj_2_grid_r3_c2.png,4823,1,73,194,46.0,3
12,4_640x stock m270_4xobj_2_grid_r3_c2.png,4824,1,185,498,46.0,3
12,4_640x stock m270_4xobj_2_grid_r3_c2.png,4825,1,160,484,46.0,3
12,4_640x stock m270_4xobj_2_grid_r3_c2.png,4826,1,346,99,46.0,3
12,4_640x stock m270_4xobj_2_grid_r3_c2.png,4827,1,38,126,46.0,3
12,4_640x stock m270_4xobj_2_grid_r3_c2.png,4828,1,15,124,46.0,3
12,4_640x stock m270_4xobj_2_grid_r3_c2.png,4829,1,21,118,46.0,3
12,4_640x stock m270_4xobj_2_grid_r3_c2.png,4830,1,239,461,46.0,3
12,4_640x stock m270_4xobj_2_grid_r3_c2.png,4831,1,248,463,46.0,3
12,4_640x stock m270_4xobj_2_grid_r3_c2.png,4832,1,453,271,46.0,3
12,4_640x stock m270_4xobj_2_grid_r3_c2.png,4833,1,482,281,46.0,3
12,4_640x stock m270_4xobj_2_grid_r3_c2.png,4834,1,472,342,46.0,3
12,4_640x stock m270_4xobj_2_grid_r3_c2.png,4835,1,461,401,46.0,3
12,4_640x stock m270_4xobj_2_grid_r3_c2.png,4836,1,465,417,46.0,3
12,4_640x stock m270_4xobj_2_grid_r3_c2.png,4837,1,481,447,46.0,3
12,4_640x stock m270_4xobj_2_grid_r3_c2.png,4838,1,394,3,31.5,3
12,4_640x stock m270_4xobj_2_grid_r3_c2.png,4839,1,298,11,46.0,3
12,4_640x stock m270_4xobj_2_grid_r3_c2.png,4840,1,414,111,46.0,3
12,4_640x stock m270_4xobj_2_grid_r3_c2.png,4841,1,389,112,46.0,3
12,4_640x stock m270_4xobj_2_grid_r3_c2.png,4842,1,99,459,46.0,3
12,4_640x stock m270_4xobj_2_grid_r3_c2.png,4843,1,16,457,46.0,3
12,4_640x stock m270_4xobj_2_grid_r3_c2.png,4844,1,97,374,46.0,3
12,4_640x stock m270_4xobj_2_grid_r3_c2.png,4845,1,93,216,74.5,4
12,4_640x stock m270_4xobj_2_grid_r3_c2.png,4846,1,15,154,46.0,3
12,4_640x stock m270_4xobj_2_grid_r3_c2.png,4847,1,142,147,46.0,3
12,4_640x stock m270_4xobj_2_grid_r3_c2.png,4848,1,144,135,46.0,3
12,4_640x stock m270_4xobj_2_grid_r3_c2.png,4849,1,48,125,46.0,3
12,4_640x stock m270_4xobj_2_grid_r3_c2.png,4850,1,344,109,46.0,3
12,4_640x stock m270_4xobj_2_grid_r3_c2.png,4851,1,474,128,74.5,4
13,4_640x stock m270_4xobj_2_grid_r3_c3.png,4852,1,165,22,46.0,3
13,4_640x stock m270_4xobj_2_grid_r3_c3.png,4853,1,424,238,104.0,5
13,4_640x stock m270_4xobj_2_grid_r3_c3.png,4854,1,466,53,46.0,3
13,4_640x stock m270_4xobj_2_grid_r3_c3.png,4855,1,480,21,46.0,3
13,4_640x stock m270_4xobj_2_grid_r3_c3.png,4856,1,468,4,46.0,3
13,4_640x stock m270_4xobj_2_grid_r3_c3.png,4857,1,416,330,46.0,3
13,4_640x stock m270_4xobj_2_grid_r3_c3.png,4858,1,499,198,46.0,3
13,4_640x stock m270_4xobj_2_grid_r3_c3.png,4859,1,481,134,46.0,3
13,4_640x stock m270_4xobj_2_grid_r3_c3.png,4860,1,492,112,46.0,3
13,4_640x stock m270_4xobj_2_grid_r3_c3.png,4861,1,299,76,46.0,3
13,4_640x stock m270_4xobj_2_grid_r3_c3.png,4862,1,403,54,46.0,3
13,4_640x stock m270_4xobj_2_grid_r3_c3.png,4863,1,304,50,46.0,3
13,4_640x stock m270_4xobj_2_grid_r3_c3.png,4864,1,368,47,46.0,3
13,4_640x stock m270_4xobj_2_grid_r3_c3.png,4865,1,410,35,74.5,4
13,4_640x stock m270_4xobj_2_grid_r3_c3.png,4866,1,413,14,46.0,3
13,4_640x stock m270_4xobj_2_grid_r3_c3.png,4867,1,457,375,46.0,3
13,4_640x stock m270_4xobj_2_grid_r3_c3.png,4868,1,412,322,31.5,3
13,4_640x stock m270_4xobj_2_grid_r3_c3.png,4869,1,424,321,31.5,3
13,4_640x stock m270_4xobj_2_grid_r3_c3.png,4870,1,428,305,46.0,3
13,4_640x stock m270_4xobj_2_grid_r3_c3.png,4871,1,507,304,46.0,3
13,4_640x stock m270_4xobj_2_grid_r3_c3.png,4872,1,211,299,8.0,1
13,4_640x stock m270_4xobj_2_grid_r3_c3.png,4873,1,300,299,46.0,3
13,4_640x stock m270_4xobj_2_grid_r3_c3.png,4874,1,332,283,46.0,3
13,4_640x stock m270_4xobj_2_grid_r3_c3.png,4875,1,269,250,46.0,3
13,4_640x stock m270_4xobj_2_grid_r3_c3.png,4876,1,385,249,46.0,3
13,4_640x stock m270_4xobj_2_grid_r3_c3.png,4877,1,316,240,46.0,3
13,4_640x stock m270_4xobj_2_grid_r3_c3.png,4878,1,282,230,46.0,3
13,4_640x stock m270_4xobj_2_grid_r3_c3.png,4879,1,225,203,46.0,3
13,4_640x stock m270_4xobj_2_grid_r3_c3.png,4880,1,444,195,46.0,3
13,4_640x stock m270_4xobj_2_grid_r3_c3.png,4881,1,316,180,31.5,3
13,4_640x stock m270_4xobj_2_grid_r3_c3.png,4882,1,305,181,46.0,3
13,4_640x stock m270_4xobj_2_grid_r3_c3.png,4883,1,366,152,46.0,3
13,4_640x stock m270_4xobj_2_grid_r3_c3.png,4884,1,303,149,46.0,3
13,4_640x stock m270_4xobj_2_grid_r3_c3.png,4885,1,338,131,46.0,3
13,4_640x stock m270_4xobj_2_grid_r3_c3.png,4886,1,366,130,46.0,3
13,4_640x stock m270_4xobj_2_grid_r3_c3.png,4887,1,217,125,46.0,3
13,4_640x stock m270_4xobj_2_grid_r3_c3.png,4888,1,290,100,46.0,3
13,4_640x stock m270_4xobj_2_grid_r3_c3.png,4889,1,139,94,46.0,3
13,4_640x stock m270_4xobj_2_grid_r3_c3.png,4890,1,357,65,46.0,3
13,4_640x stock m270_4xobj_2_grid_r3_c3.png,4891,1,162,44,46.0,3
13,4_640x stock m270_4xobj_2_grid_r3_c3.png,4892,1,114,37,46.0,3
13,4_640x stock m270_4xobj_2_grid_r3_c3.png,4893,1,330,439,46.0,3
13,4_640x stock m270_4xobj_2_grid_r3_c3.png,4894,1,328,420,46.0,3
13,4_640x stock m270_4xobj_2_grid_r3_c3.png,4895,1,230,391,46.0,3
13,4_640x stock m270_4xobj_2_grid_r3_c3.png,4896,1,380,368,46.0,3
13,4_640x stock m270_4xobj_2_grid_r3_c3.png,4897,1,471,362,46.0,3
13,4_640x stock m270_4xobj_2_grid_r3_c3.png,4898,1,484,328,46.0,3
13,4_640x stock m270_4xobj_2_grid_r3_c3.png,4899,1,340,322,46.0,3
13,4_640x stock m270_4xobj_2_grid_r3_c3.png,4900,1,215,279,46.0,3
13,4_640x stock m270_4xobj_2_grid_r3_c3.png,4901,1,373,269,46.0,3
13,4_640x stock m270_4xobj_2_grid_r3_c3.png,4902,1,292,267,46.0,3
13,4_640x stock m270_4xobj_2_grid_r3_c3.png,4903,1,305,260,31.5,3
13,4_640x stock m270_4xobj_2_grid_r3_c3.png,4904,1,492,258,46.0,3
13,4_640x stock m270_4xobj_2_grid_r3_c3.png,4905,1,254,254,46.0,3
13,4_640x stock m270_4xobj_2_grid_r3_c3.png,4906,1,204,230,46.0,3
13,4_640x stock m270_4xobj_2_grid_r3_c3.png,4907,1,95,222,46.0,3
13,4_640x stock m270_4xobj_2_grid_r3_c3.png,4908,1,394,210,46.0,3
13,4_640x stock m270_4xobj_2_grid_r3_c3.png,4909,1,146,204,46.0,3
13,4_640x stock m270_4xobj_2_grid_r3_c3.png,4910,1,180,149,46.0,3
13,4_640x stock m270_4xobj_2_grid_r3_c3.png,4911,1,404,142,46.0,3
13,4_640x stock m270_4xobj_2_grid_r3_c3.png,4912,1,298,127,46.0,3
13,4_640x stock m270_4xobj_2_grid_r3_c3.png,4913,1,273,8,74.5,4
13,4_640x stock m270_4xobj_2_grid_r3_c3.png,4914,1,45,2,8.0,1
13,4_640x stock m270_4xobj_2_grid_r3_c3.png,4915,1,248,503,46.0,3
13,4_640x stock m270_4xobj_2_grid_r3_c3.png,4916,1,363,502,46.0,3
13,4_640x stock m270_4xobj_2_grid_r3_c3.png,4917,1,498,462,46.0,3
13,4_640x stock m270_4xobj_2_grid_r3_c3.png,4918,1,432,459,74.5,4
13,4_640x stock m270_4xobj_2_grid_r3_c3.png,4919,1,444,451,46.0,3
13,4_640x stock m270_4xobj_2_grid_r3_c3.png,4920,1,383,432,46.0,3
13,4_640x stock m270_4xobj_2_grid_r3_c3.png,4921,1,281,413,46.0,3
13,4_640x stock m270_4xobj_2_grid_r3_c3.png,4922,1,195,410,46.0,3
13,4_640x stock m270_4xobj_2_grid_r3_c3.png,4923,1,238,363,46.0,3
13,4_640x stock m270_4xobj_2_grid_r3_c3.png,4924,1,157,352,46.0,3
13,4_640x stock m270_4xobj_2_grid_r3_c3.png,4925,1,74,353,46.0,3
13,4_640x stock m270_4xobj_2_grid_r3_c3.png,4926,1,214,332,46.0,3
13,4_640x stock m270_4xobj_2_grid_r3_c3.png,4927,1,96,325,46.0,3
13,4_640x stock m270_4xobj_2_grid_r3_c3.png,4928,1,201,284,46.0,3
13,4_640x stock m270_4xobj_2_grid_r3_c3.png,4929,1,123,264,46.0,3
13,4_640x stock m270_4xobj_2_grid_r3_c3.png,4930,1,334,252,46.0,3
13,4_640x stock m270_4xobj_2_grid_r3_c3.png,4931,1,221,244,74.5,4
13,4_640x stock m270_4xobj_2_grid_r3_c3.png,4932,1,101,234,46.0,3
13,4_640x stock m270_4xobj_2_grid_r3_c3.png,4933,1,32,176,46.0,3
13,4_640x stock m270_4xobj_2_grid_r3_c3.png,4934,1,46,173,46.0,3
13,4_640x stock m270_4xobj_2_grid_r3_c3.png,4935,1,27,134,46.0,3
13,4_640x stock m270_4xobj_2_grid_r3_c3.png,4936,1,56,116,74.5,4
13,4_640x stock m270_4xobj_2_grid_r3_c3.png,4937,1,277,452,46.0,3
13,4_640x stock m270_4xobj_2_grid_r3_c3.png,4938,1,206,391,46.0,3
13,4_640x stock m270_4xobj_2_grid_r3_c3.png,4939,1,150,387,74.5,4
13,4_640x stock m270_4xobj_2_grid_r3_c3.png,4940,1,7,281,46.0,3
13,4_640x stock m270_4xobj_2_grid_r3_c3.png,4941,1,12,237,46.0,3
13,4_640x stock m270_4xobj_2_grid_r3_c3.png,4942,1,318,219,46.0,3
13,4_640x stock m270_4xobj_2_grid_r3_c3.png,4943,1,165,508,31.5,3
13,4_640x stock m270_4xobj_2_grid_r3_c3.png,4944,1,36,507,31.5,3
13,4_640x stock m270_4xobj_2_grid_r3_c3.png,4945,1,77,500,46.0,3
13,4_640x stock m270_4xobj_2_grid_r3_c3.png,4946,1,137,499,46.0,3
13,4_640x stock m270_4xobj_2_grid_r3_c3.png,4947,1,113,496,46.0,3
13,4_640x stock m270_4xobj_2_grid_r3_c3.png,4948,1,90,454,46.0,3
13,4_640x stock m270_4xobj_2_grid_r3_c3.png,4949,1,6,447,46.0,3
13,4_640x stock m270_4xobj_2_grid_r3_c3.png,4950,1,84,432,46.0,3
13,4_640x stock m270_4xobj_2_grid_r3_c3.png,4951,1,90,405,46.0,3
13,4_640x stock m270_4xobj_2_grid_r3_c3.png,4952,1,426,421,147.5,6
13,4_640x stock m270_4xobj_2_grid_r3_c3.png,4953,1,218,304,46.0,3
13,4_640x stock m270_4xobj_2_grid_r3_c3.png,4954,1,89,118,46.0,3
13,4_640x stock m270_4xobj_2_grid_r3_c3.png,4955,1,81,125,46.0,3
13,4_640x stock m270_4xobj_2_grid_r3_c3.png,4956,1,462,41,46.0,3
13,4_640x stock m270_4xobj_2_grid_r3_c3.png,4957,1,471,35,46.0,3
13,4_640x stock m270_4xobj_2_grid_r3_c3.png,4958,1,391,19,31.5,3
13,4_640x stock m270_4xobj_2_grid_r3_c3.png,4959,1,386,23,31.5,3
13,4_640x stock m270_4xobj_2_grid_r3_c3.png,4960,1,192,208,46.0,3
13,4_640x stock m270_4xobj_2_grid_r3_c3.png,4961,1,189,201,46.0,3
13,4_640x stock m270_4xobj_2_grid_r3_c3.png,4962,1,467,274,104.0,5
13,4_640x stock m270_4xobj_2_grid_r3_c3.png,4963,1,158,488,74.5,4
14,4_640x stock m270_4xobj_2_grid_r3_c4.png,4964,1,354,376,31.5,3
14,4_640x stock m270_4xobj_2_grid_r3_c4.png,4965,1,239,424,46.0,3
14,4_640x stock m270_4xobj_2_grid_r3_c4.png,4966,1,239,416,46.0,3
14,4_640x stock m270_4xobj_2_grid_r3_c4.png,4967,1,422,160,31.5,3
14,4_640x stock m270_4xobj_2_grid_r3_c4.png,4968,1,414,160,31.5,3
14,4_640x stock m270_4xobj_2_grid_r3_c4.png,4969,1,417,155,31.5,3
14,4_640x stock m270_4xobj_2_grid_r3_c4.png,4970,1,392,161,31.5,3
14,4_640x stock m270_4xobj_2_grid_r3_c4.png,4971,1,387,157,31.5,3
14,4_640x stock m270_4xobj_2_grid_r3_c4.png,4972,1,494,108,31.5,3
14,4_640x stock m270_4xobj_2_grid_r3_c4.png,4973,1,86,116,31.5,3
14,4_640x stock m270_4xobj_2_grid_r3_c4.png,4974,1,162,83,31.5,3
14,4_640x stock m270_4xobj_2_grid_r3_c4.png,4975,1,136,432,74.5,4
14,4_640x stock m270_4xobj_2_grid_r3_c4.png,4976,1,61,458,46.0,3
14,4_640x stock m270_4xobj_2_grid_r3_c4.png,4977,1,23,462,46.0,3
14,4_640x stock m270_4xobj_2_grid_r3_c4.png,4978,1,109,494,46.0,3
14,4_640x stock m270_4xobj_2_grid_r3_c4.png,4979,1,44,236,46.0,3
14,4_640x stock m270_4xobj_2_grid_r3_c4.png,4980,1,17,258,74.5,4
14,4_640x stock m270_4xobj_2_grid_r3_c4.png,4981,1,72,261,46.0,3
14,4_640x stock m270_4xobj_2_grid_r3_c4.png,4982,1,9,328,46.0,3
14,4_640x stock m270_4xobj_2_grid_r3_c4.png,4983,1,399,336,104.0,5
14,4_640x stock m270_4xobj_2_grid_r3_c4.png,4984,1,211,353,74.5,4
14,4_640x stock m270_4xobj_2_grid_r3_c4.png,4985,1,94,411,46.0,3
14,4_640x stock m270_4xobj_2_grid_r3_c4.png,4986,1,85,440,46.0,3
14,4_640x stock m270_4xobj_2_grid_r3_c4.png,4987,1,85,503,31.5,3
14,4_640x stock m270_4xobj_2_grid_r3_c4.png,4988,1,266,504,46.0,3
14,4_640x stock m270_4xobj_2_grid_r3_c4.png,4989,1,76,509,8.0,1
14,4_640x stock m270_4xobj_2_grid_r3_c4.png,4990,1,38,194,46.0,3
14,4_640x stock m270_4xobj_2_grid_r3_c4.png,4991,1,83,197,74.5,4
14,4_640x stock m270_4xobj_2_grid_r3_c4.png,4992,1,470,217,46.0,3
14,4_640x stock m270_4xobj_2_grid_r3_c4.png,4993,1,107,220,46.0,3
14,4_640x stock m270_4xobj_2_grid_r3_c4.png,4994,1,211,265,74.5,4
14,4_640x stock m270_4xobj_2_grid_r3_c4.png,4995,1,406,285,46.0,3
14,4_640x stock m270_4xobj_2_grid_r3_c4.png,4996,1,453,300,46.0,3
14,4_640x stock m270_4xobj_2_grid_r3_c4.png,4997,1,45,303,46.0,3
14,4_640x stock m270_4xobj_2_grid_r3_c4.png,4998,1,32,304,46.0,3
14,4_640x stock m270_4xobj_2_grid_r3_c4.png,4999,1,185,313,46.0,3
14,4_640x stock m270_4xobj_2_grid_r3_c4.png,5000,1,450,328,46.0,3
14,4_640x stock m270_4xobj_2_grid_r3_c4.png,5001,1,487,337,46.0,3
14,4_640x stock m270_4xobj_2_grid_r3_c4.png,5002,1,72,354,46.0,3
14,4_640x stock m270_4xobj_2_grid_r3_c4.png,5003,1,100,358,46.0,3
14,4_640x stock m270_4xobj_2_grid_r3_c4.png,5004,1,358,366,31.5,3
14,4_640x stock m270_4xobj_2_grid_r3_c4.png,5005,1,445,376,46.0,3
14,4_640x stock m270_4xobj_2_grid_r3_c4.png,5006,1,44,380,46.0,3
14,4_640x stock m270_4xobj_2_grid_r3_c4.png,5007,1,253,406,46.0,3
14,4_640x stock m270_4xobj_2_grid_r3_c4.png,5008,1,495,413,46.0,3
14,4_640x stock m270_4xobj_2_grid_r3_c4.png,5009,1,136,416,46.0,3
14,4_640x stock m270_4xobj_2_grid_r3_c4.png,5010,1,227,419,46.0,3
14,4_640x stock m270_4xobj_2_grid_r3_c4.png,5011,1,447,434,46.0,3
14,4_640x stock m270_4xobj_2_grid_r3_c4.png,5012,1,345,443,46.0,3
14,4_640x stock m270_4xobj_2_grid_r3_c4.png,5013,1,287,452,46.0,3
14,4_640x stock m270_4xobj_2_grid_r3_c4.png,5014,1,282,467,46.0,3
14,4_640x stock m270_4xobj_2_grid_r3_c4.png,5015,1,226,472,46.0,3
14,4_640x stock m270_4xobj_2_grid_r3_c4.png,5016,1,124,483,46.0,3
14,4_640x stock m270_4xobj_2_grid_r3_c4.png,5017,1,396,492,31.5,3
14,4_640x stock m270_4xobj_2_grid_r3_c4.png,5018,1,367,493,46.0,3
14,4_640x stock m270_4xobj_2_grid_r3_c4.png,5019,1,445,494,46.0,3
14,4_640x stock m270_4xobj_2_grid_r3_c4.png,5020,1,312,322,31.5,3
14,4_640x stock m270_4xobj_2_grid_r3_c4.png,5021,1,319,329,31.5,3
14,4_640x stock m270_4xobj_2_grid_r3_c4.png,5022,1,161,247,31.5,3
14,4_640x stock m270_4xobj_2_grid_r3_c4.png,5023,1,155,244,31.5,3
14,4_640x stock m270_4xobj_2_grid_r3_c4.png,5024,1,438,148,46.0,3
14,4_640x stock m270_4xobj_2_grid_r3_c4.png,5025,1,63,146,46.0,3
14,4_640x stock m270_4xobj_2_grid_r3_c4.png,5026,1,24,198,46.0,3
14,4_640x stock m270_4xobj_2_grid_r3_c4.png,5027,1,68,223,46.0,3
14,4_640x stock m270_4xobj_2_grid_r3_c4.png,5028,1,122,224,46.0,3
14,4_640x stock m270_4xobj_2_grid_r3_c4.png,5029,1,109,238,46.0,3
14,4_640x stock m270_4xobj_2_grid_r3_c4.png,5030,1,219,245,46.0,3
14,4_640x stock m270_4xobj_2_grid_r3_c4.png,5031,1,500,501,46.0,3
14,4_640x stock m270_4xobj_2_grid_r3_c4.png,5032,1,113,261,46.0,3
14,4_640x stock m270_4xobj_2_grid_r3_c4.png,5033,1,132,251,46.0,3
14,4_640x stock m270_4xobj_2_grid_r3_c4.png,5034,1,114,277,31.5,3
14,4_640x stock m270_4xobj_2_grid_r3_c4.png,5035,1,110,286,31.5,3
14,4_640x stock m270_4xobj_2_grid_r3_c4.png,5036,1,116,156,46.0,3
14,4_640x stock m270_4xobj_2_grid_r3_c4.png,5037,1,111,165,46.0,3
14,4_640x stock m270_4xobj_2_grid_r3_c4.png,5038,1,180,178,104.0,5
14,4_640x stock m270_4xobj_2_grid_r3_c4.png,5039,1,92,162,46.0,3
14,4_640x stock m270_4xobj_2_grid_r3_c4.png,5040,1,6,134,46.0,3
14,4_640x stock m270_4xobj_2_grid_r3_c4.png,5041,1,16,112,46.0,3
14,4_640x stock m270_4xobj_2_grid_r3_c4.png,5042,1,378,64,74.5,4
14,4_640x stock m270_4xobj_2_grid_r3_c4.png,5043,1,459,51,46.0,3
14,4_640x stock m270_4xobj_2_grid_r3_c4.png,5044,1,119,3,31.5,3
14,4_640x stock m270_4xobj_2_grid_r3_c4.png,5045,1,283,503,46.0,3
14,4_640x stock m270_4xobj_2_grid_r3_c4.png,5046,1,485,312,46.0,3
14,4_640x stock m270_4xobj_2_grid_r3_c4.png,5047,1,365,337,74.5,4
14,4_640x stock m270_4xobj_2_grid_r3_c4.png,5048,1,396,352,46.0,3
14,4_640x stock m270_4xobj_2_grid_r3_c4.png,5049,1,375,356,46.0,3
14,4_640x stock m270_4xobj_2_grid_r3_c4.png,5050,1,341,360,46.0,3
14,4_640x stock m270_4xobj_2_grid_r3_c4.png,5051,1,186,375,46.0,3
14,4_640x stock m270_4xobj_2_grid_r3_c4.png,5052,1,89,378,46.0,3
14,4_640x stock m270_4xobj_2_grid_r3_c4.png,5053,1,210,386,46.0,3
14,4_640x stock m270_4xobj_2_grid_r3_c4.png,5054,1,235,405,46.0,3
14,4_640x stock m270_4xobj_2_grid_r3_c4.png,5055,1,444,455,46.0,3
14,4_640x stock m270_4xobj_2_grid_r3_c4.png,5056,1,5,21,46.0,3
14,4_640x stock m270_4xobj_2_grid_r3_c4.png,5057,1,261,43,46.0,3
14,4_640x stock m270_4xobj_2_grid_r3_c4.png,5058,1,335,48,46.0,3
14,4_640x stock m270_4xobj_2_grid_r3_c4.png,5059,1,291,54,46.0,3
14,4_640x stock m270_4xobj_2_grid_r3_c4.png,5060,1,37,57,74.5,4
14,4_640x stock m270_4xobj_2_grid_r3_c4.png,5061,1,474,56,46.0,3
14,4_640x stock m270_4xobj_2_grid_r3_c4.png,5062,1,75,65,46.0,3
14,4_640x stock m270_4xobj_2_grid_r3_c4.png,5063,1,116,72,46.0,3
14,4_640x stock m270_4xobj_2_grid_r3_c4.png,5064,1,227,73,46.0,3
14,4_640x stock m270_4xobj_2_grid_r3_c4.png,5065,1,127,78,46.0,3
14,4_640x stock m270_4xobj_2_grid_r3_c4.png,5066,1,238,86,46.0,3
14,4_640x stock m270_4xobj_2_grid_r3_c4.png,5067,1,133,97,31.5,3
14,4_640x stock m270_4xobj_2_grid_r3_c4.png,5068,1,91,99,46.0,3
14,4_640x stock m270_4xobj_2_grid_r3_c4.png,5069,1,352,107,46.0,3
14,4_640x stock m270_4xobj_2_grid_r3_c4.png,5070,1,246,136,46.0,3
14,4_640x stock m270_4xobj_2_grid_r3_c4.png,5071,1,295,143,46.0,3
14,4_640x stock m270_4xobj_2_grid_r3_c4.png,5072,1,176,155,46.0,3
14,4_640x stock m270_4xobj_2_grid_r3_c4.png,5073,1,225,166,46.0,3
14,4_640x stock m270_4xobj_2_grid_r3_c4.png,5074,1,163,170,46.0,3
14,4_640x stock m270_4xobj_2_grid_r3_c4.png,5075,1,329,173,46.0,3
14,4_640x stock m270_4xobj_2_grid_r3_c4.png,5076,1,358,172,46.0,3
14,4_640x stock m270_4xobj_2_grid_r3_c4.png,5077,1,283,174,46.0,3
14,4_640x stock m270_4xobj_2_grid_r3_c4.png,5078,1,353,195,46.0,3
14,4_640x stock m270_4xobj_2_grid_r3_c4.png,5079,1,392,198,46.0,3
14,4_640x stock m270_4xobj_2_grid_r3_c4.png,5080,1,489,203,46.0,3
14,4_640x stock m270_4xobj_2_grid_r3_c4.png,5081,1,101,252,46.0,3
14,4_640x stock m270_4xobj_2_grid_r3_c4.png,5082,1,419,254,46.0,3
14,4_640x stock m270_4xobj_2_grid_r3_c4.png,5083,1,437,300,46.0,3
14,4_640x stock m270_4xobj_2_grid_r3_c4.png,5084,1,265,309,46.0,3
14,4_640x stock m270_4xobj_2_grid_r3_c4.png,5085,1,400,365,31.5,3
14,4_640x stock m270_4xobj_2_grid_r3_c4.png,5086,1,446,15,46.0,3
14,4_640x stock m270_4xobj_2_grid_r3_c4.png,5087,1,387,18,46.0,3
14,4_640x stock m270_4xobj_2_grid_r3_c4.png,5088,1,253,25,46.0,3
14,4_640x stock m270_4xobj_2_grid_r3_c4.png,5089,1,480,38,46.0,3
14,4_640x stock m270_4xobj_2_grid_r3_c4.png,5090,1,323,43,46.0,3
14,4_640x stock m270_4xobj_2_grid_r3_c4.png,5091,1,173,55,31.5,3
14,4_640x stock m270_4xobj_2_grid_r3_c4.png,5092,1,102,58,31.5,3
14,4_640x stock m270_4xobj_2_grid_r3_c4.png,5093,1,463,69,46.0,3
14,4_640x stock m270_4xobj_2_grid_r3_c4.png,5094,1,451,87,46.0,3
14,4_640x stock m270_4xobj_2_grid_r3_c4.png,5095,1,503,88,46.0,3
14,4_640x stock m270_4xobj_2_grid_r3_c4.png,5096,1,498,114,31.5,3
14,4_640x stock m270_4xobj_2_grid_r3_c4.png,5097,1,187,145,46.0,3
14,4_640x stock m270_4xobj_2_grid_r3_c4.png,5098,1,468,147,46.0,3
14,4_640x stock m270_4xobj_2_grid_r3_c4.png,5099,1,400,6,46.0,3
14,4_640x stock m270_4xobj_2_grid_r3_c4.png,5100,1,336,24,46.0,3
14,4_640x stock m270_4xobj_2_grid_r3_c4.png,5101,1,441,31,46.0,3
14,4_640x stock m270_4xobj_2_grid_r3_c4.png,5102,1,188,69,46.0,3
14,4_640x stock m270_4xobj_2_grid_r3_c4.png,5103,1,364,292,46.0,3
14,4_640x stock m270_4xobj_2_grid_r3_c4.png,5104,1,220,291,46.0,3
14,4_640x stock m270_4xobj_2_grid_r3_c4.png,5105,1,322,274,74.5,4
14,4_640x stock m270_4xobj_2_grid_r3_c4.png,5106,1,179,268,46.0,3
14,4_640x stock m270_4xobj_2_grid_r3_c4.png,5107,1,349,344,31.5,3
14,4_640x stock m270_4xobj_2_grid_r3_c4.png,5108,1,353,353,31.5,3
15,4_640x stock m270_4xobj_3_grid_r2_c2.png,5109,1,341,220,46.0,3
15,4_640x stock m270_4xobj_3_grid_r2_c2.png,5110,1,14,305,46.0,3
15,4_640x stock m270_4xobj_3_grid_r2_c2.png,5111,1,235,309,46.0,3
15,4_640x stock m270_4xobj_3_grid_r2_c2.png,5112,1,150,317,46.0,3
15,4_640x stock m270_4xobj_3_grid_r2_c2.png,5113,1,91,326,46.0,3
15,4_640x stock m270_4xobj_3_grid_r2_c2.png,5114,1,25,346,46.0,3
15,4_640x stock m270_4xobj_3_grid_r2_c2.png,5115,1,21,373,46.0,3
15,4_640x stock m270_4xobj_3_grid_r2_c2.png,5116,1,39,380,46.0,3
15,4_640x stock m270_4xobj_3_grid_r2_c2.png,5117,1,249,393,46.0,3
15,4_640x stock m270_4xobj_3_grid_r2_c2.png,5118,1,253,410,46.0,3
15,4_640x stock m270_4xobj_3_grid_r2_c2.png,5119,1,107,412,46.0,3
15,4_640x stock m270_4xobj_3_grid_r2_c2.png,5120,1,134,415,46.0,3
15,4_640x stock m270_4xobj_3_grid_r2_c2.png,5121,1,85,419,31.5,3
15,4_640x stock m270_4xobj_3_grid_r2_c2.png,5122,1,316,422,46.0,3
15,4_640x stock m270_4xobj_3_grid_r2_c2.png,5123,1,22,435,46.0,3
15,4_640x stock m270_4xobj_3_grid_r2_c2.png,5124,1,72,436,46.0,3
15,4_640x stock m270_4xobj_3_grid_r2_c2.png,5125,1,347,441,46.0,3
15,4_640x stock m270_4xobj_3_grid_r2_c2.png,5126,1,245,450,46.0,3
15,4_640x stock m270_4xobj_3_grid_r2_c2.png,5127,1,44,453,31.5,3
15,4_640x stock m270_4xobj_3_grid_r2_c2.png,5128,1,172,455,46.0,3
15,4_640x stock m270_4xobj_3_grid_r2_c2.png,5129,1,60,477,46.0,3
15,4_640x stock m270_4xobj_3_grid_r2_c2.png,5130,1,90,478,46.0,3
15,4_640x stock m270_4xobj_3_grid_r2_c2.png,5131,1,6,488,46.0,3
15,4_640x stock m270_4xobj_3_grid_r2_c2.png,5132,1,207,487,46.0,3
15,4_640x stock m270_4xobj_3_grid_r2_c2.png,5133,1,321,491,46.0,3
15,4_640x stock m270_4xobj_3_grid_r2_c2.png,5134,1,478,495,74.5,4
15,4_640x stock m270_4xobj_3_grid_r2_c2.png,5135,1,68,501,46.0,3
15,4_640x stock m270_4xobj_3_grid_r2_c2.png,5136,1,207,507,31.5,3
15,4_640x stock m270_4xobj_3_grid_r2_c2.png,5137,1,23,144,46.0,3
15,4_640x stock m270_4xobj_3_grid_r2_c2.png,5138,1,148,162,46.0,3
15,4_640x stock m270_4xobj_3_grid_r2_c2.png,5139,1,22,193,46.0,3
15,4_640x stock m270_4xobj_3_grid_r2_c2.png,5140,1,95,195,46.0,3
15,4_640x stock m270_4xobj_3_grid_r2_c2.png,5141,1,177,218,46.0,3
15,4_640x stock m270_4xobj_3_grid_r2_c2.png,5142,1,152,229,46.0,3
15,4_640x stock m270_4xobj_3_grid_r2_c2.png,5143,1,61,235,46.0,3
15,4_640x stock m270_4xobj_3_grid_r2_c2.png,5144,1,117,240,46.0,3
15,4_640x stock m270_4xobj_3_grid_r2_c2.png,5145,1,212,241,46.0,3
15,4_640x stock m270_4xobj_3_grid_r2_c2.png,5146,1,181,250,46.0,3
15,4_640x stock m270_4xobj_3_grid_r2_c2.png,5147,1,280,265,46.0,3
15,4_640x stock m270_4xobj_3_grid_r2_c2.png,5148,1,80,274,46.0,3
15,4_640x stock m270_4xobj_3_grid_r2_c2.png,5149,1,183,279,46.0,3
15,4_640x stock m270_4xobj_3_grid_r2_c2.png,5150,1,31,296,46.0,3
15,4_640x stock m270_4xobj_3_grid_r2_c2.png,5151,1,320,296,46.0,3
15,4_640x stock m270_4xobj_3_grid_r2_c2.png,5152,1,277,301,46.0,3
15,4_640x stock m270_4xobj_3_grid_r2_c2.png,5153,1,329,318,46.0,3
15,4_640x stock m270_4xobj_3_grid_r2_c2.png,5154,1,310,321,46.0,3
15,4_640x stock m270_4xobj_3_grid_r2_c2.png,5155,1,262,330,46.0,3
15,4_640x stock m270_4xobj_3_grid_r2_c2.png,5156,1,172,341,46.0,3
15,4_640x stock m270_4xobj_3_grid_r2_c2.png,5157,1,207,341,46.0,3
15,4_640x stock m270_4xobj_3_grid_r2_c2.png,5158,1,369,352,46.0,3
15,4_640x stock m270_4xobj_3_grid_r2_c2.png,5159,1,120,362,46.0,3
15,4_640x stock m270_4xobj_3_grid_r2_c2.png,5160,1,253,369,46.0,3
15,4_640x stock m270_4xobj_3_grid_r2_c2.png,5161,1,471,371,46.0,3
15,4_640x stock m270_4xobj_3_grid_r2_c2.png,5162,1,428,380,46.0,3
15,4_640x stock m270_4xobj_3_grid_r2_c2.png,5163,1,339,381,46.0,3
15,4_640x stock m270_4xobj_3_grid_r2_c2.png,5164,1,272,406,46.0,3
15,4_640x stock m270_4xobj_3_grid_r2_c2.png,5165,1,448,421,46.0,3
15,4_640x stock m270_4xobj_3_grid_r2_c2.png,5166,1,496,426,46.0,3
15,4_640x stock m270_4xobj_3_grid_r2_c2.png,5167,1,284,432,46.0,3
15,4_640x stock m270_4xobj_3_grid_r2_c2.png,5168,1,300,439,46.0,3
15,4_640x stock m270_4xobj_3_grid_r2_c2.png,5169,1,214,443,46.0,3
15,4_640x stock m270_4xobj_3_grid_r2_c2.png,5170,1,156,446,46.0,3
15,4_640x stock m270_4xobj_3_grid_r2_c2.png,5171,1,231,452,46.0,3
15,4_640x stock m270_4xobj_3_grid_r2_c2.png,5172,1,285,456,46.0,3
15,4_640x stock m270_4xobj_3_grid_r2_c2.png,5173,1,427,459,31.5,3
15,4_640x stock m270_4xobj_3_grid_r2_c2.png,5174,1,58,493,46.0,3
15,4_640x stock m270_4xobj_3_grid_r2_c2.png,5175,1,70,16,46.0,3
15,4_640x stock m270_4xobj_3_grid_r2_c2.png,5176,1,130,30,46.0,3
15,4_640x stock m270_4xobj_3_grid_r2_c2.png,5177,1,28,36,46.0,3
15,4_640x stock m270_4xobj_3_grid_r2_c2.png,5178,1,8,37,46.0,3
15,4_640x stock m270_4xobj_3_grid_r2_c2.png,5179,1,148,54,46.0,3
15,4_640x stock m270_4xobj_3_grid_r2_c2.png,5180,1,108,57,46.0,3
15,4_640x stock m270_4xobj_3_grid_r2_c2.png,5181,1,16,64,46.0,3
15,4_640x stock m270_4xobj_3_grid_r2_c2.png,5182,1,93,74,46.0,3
15,4_640x stock m270_4xobj_3_grid_r2_c2.png,5183,1,117,78,46.0,3
15,4_640x stock m270_4xobj_3_grid_r2_c2.png,5184,1,143,88,46.0,3
15,4_640x stock m270_4xobj_3_grid_r2_c2.png,5185,1,77,111,46.0,3
15,4_640x stock m270_4xobj_3_grid_r2_c2.png,5186,1,219,117,74.5,4
15,4_640x stock m270_4xobj_3_grid_r2_c2.png,5187,1,106,121,46.0,3
15,4_640x stock m270_4xobj_3_grid_r2_c2.png,5188,1,74,123,46.0,3
15,4_640x stock m270_4xobj_3_grid_r2_c2.png,5189,1,317,137,46.0,3
15,4_640x stock m270_4xobj_3_grid_r2_c2.png,5190,1,66,137,46.0,3
15,4_640x stock m270_4xobj_3_grid_r2_c2.png,5191,1,6,140,46.0,3
15,4_640x stock m270_4xobj_3_grid_r2_c2.png,5192,1,95,164,31.5,3
15,4_640x stock m270_4xobj_3_grid_r2_c2.png,5193,1,446,73,31.5,3
15,4_640x stock m270_4xobj_3_grid_r2_c2.png,5194,1,438,83,31.5,3
15,4_640x stock m270_4xobj_3_grid_r2_c2.png,5195,1,451,82,31.5,3
15,4_640x stock m270_4xobj_3_grid_r2_c2.png,5196,1,251,66,31.5,3
15,4_640x stock m270_4xobj_3_grid_r2_c2.png,5197,1,247,69,31.5,3
15,4_640x stock m270_4xobj_3_grid_r2_c2.png,5198,1,150,19,31.5,3
15,4_640x stock m270_4xobj_3_grid_r2_c2.png,5199,1,160,27,31.5,3
15,4_640x stock m270_4xobj_3_grid_r2_c2.png,5200,1,155,24,31.5,3
15,4_640x stock m270_4xobj_3_grid_r2_c2.png,5201,1,78,198,31.5,3
15,4_640x stock m270_4xobj_3_grid_r2_c2.png,5202,1,71,213,31.5,3
15,4_640x stock m270_4xobj_3_grid_r2_c2.png,5203,1,75,211,31.5,3
15,4_640x stock m270_4xobj_3_grid_r2_c2.png,5204,1,76,204,31.5,3
15,4_640x stock m270_4xobj_3_grid_r2_c2.png,5205,1,6,251,31.5,3
15,4_640x stock m270_4xobj_3_grid_r2_c2.png,5206,1,2,245,27.0,2
15,4_640x stock m270_4xobj_3_grid_r2_c2.png,5207,1,230,257,31.5,3
15,4_640x stock m270_4xobj_3_grid_r2_c2.png,5208,1,223,250,31.5,3
15,4_640x stock m270_4xobj_3_grid_r2_c2.png,5209,1,166,267,31.5,3
15,4_640x stock m270_4xobj_3_grid_r2_c2.png,5210,1,165,260,31.5,3
15,4_640x stock m270_4xobj_3_grid_r2_c2.png,5211,1,154,273,31.5,3
15,4_640x stock m270_4xobj_3_grid_r2_c2.png,5212,1,506,138,31.5,3
15,4_640x stock m270_4xobj_3_grid_r2_c2.png,5213,1,503,144,31.5,3
15,4_640x stock m270_4xobj_3_grid_r2_c2.png,5214,1,85,493,31.5,3
15,4_640x stock m270_4xobj_3_grid_r2_c2.png,5215,1,79,489,31.5,3
15,4_640x stock m270_4xobj_3_grid_r2_c2.png,5216,1,177,481,31.5,3
15,4_640x stock m270_4xobj_3_grid_r2_c2.png,5217,1,183,484,31.5,3
15,4_640x stock m270_4xobj_3_grid_r2_c2.png,5218,1,199,453,31.5,3
15,4_640x stock m270_4xobj_3_grid_r2_c2.png,5219,1,45,443,31.5,3
15,4_640x stock m270_4xobj_3_grid_r2_c2.png,5220,1,37,442,31.5,3
15,4_640x stock m270_4xobj_3_grid_r2_c2.png,5221,1,90,435,31.5,3
15,4_640x stock m270_4xobj_3_grid_r2_c2.png,5222,1,94,430,31.5,3
15,4_640x stock m270_4xobj_3_grid_r2_c2.png,5223,1,204,461,31.5,3
15,4_640x stock m270_4xobj_3_grid_r2_c2.png,5224,1,220,460,31.5,3
15,4_640x stock m270_4xobj_3_grid_r2_c2.png,5225,1,226,463,31.5,3
15,4_640x stock m270_4xobj_3_grid_r2_c2.png,5226,1,266,436,31.5,3
15,4_640x stock m270_4xobj_3_grid_r2_c2.png,5227,1,272,437,31.5,3
15,4_640x stock m270_4xobj_3_grid_r2_c2.png,5228,1,194,413,31.5,3
15,4_640x stock m270_4xobj_3_grid_r2_c2.png,5229,1,190,422,31.5,3
15,4_640x stock m270_4xobj_3_grid_r2_c2.png,5230,1,298,418,31.5,3
15,4_640x stock m270_4xobj_3_grid_r2_c2.png,5231,1,292,417,31.5,3
15,4_640x stock m270_4xobj_3_grid_r2_c2.png,5232,1,293,412,31.5,3
15,4_640x stock m270_4xobj_3_grid_r2_c2.png,5233,1,333,411,46.0,3
15,4_640x stock m270_4xobj_3_grid_r2_c2.png,5234,1,340,404,46.0,3
15,4_640x stock m270_4xobj_3_grid_r2_c2.png,5235,1,391,411,46.0,3
15,4_640x stock m270_4xobj_3_grid_r2_c2.png,5236,1,398,412,46.0,3
15,4_640x stock m270_4xobj_3_grid_r2_c2.png,5237,1,382,395,46.0,3
15,4_640x stock m270_4xobj_3_grid_r2_c2.png,5238,1,387,389,46.0,3
15,4_640x stock m270_4xobj_3_grid_r2_c2.png,5239,1,340,451,46.0,3
15,4_640x stock m270_4xobj_3_grid_r2_c2.png,5240,1,336,461,46.0,3
15,4_640x stock m270_4xobj_3_grid_r2_c2.png,5241,1,351,464,46.0,3
15,4_640x stock m270_4xobj_3_grid_r2_c2.png,5242,1,350,472,46.0,3
15,4_640x stock m270_4xobj_3_grid_r2_c2.png,5243,1,365,470,46.0,3
15,4_640x stock m270_4xobj_3_grid_r2_c2.png,5244,1,402,447,46.0,3
15,4_640x stock m270_4xobj_3_grid_r2_c2.png,5245,1,403,458,46.0,3
15,4_640x stock m270_4xobj_3_grid_r2_c2.png,5246,1,372,478,46.0,3
15,4_640x stock m270_4xobj_3_grid_r2_c2.png,5247,1,344,500,46.0,3
15,4_640x stock m270_4xobj_3_grid_r2_c2.png,5248,1,334,500,46.0,3
15,4_640x stock m270_4xobj_3_grid_r2_c2.png,5249,1,325,508,38.0,3
15,4_640x stock m270_4xobj_3_grid_r2_c2.png,5250,1,310,95,74.5,4
15,4_640x stock m270_4xobj_3_grid_r2_c2.png,5251,1,45,122,31.5,3
15,4_640x stock m270_4xobj_3_grid_r2_c2.png,5252,1,53,129,31.5,3
15,4_640x stock m270_4xobj_3_grid_r2_c2.png,5253,1,78,156,31.5,3
15,4_640x stock m270_4xobj_3_grid_r2_c2.png,5254,1,86,161,31.5,3
15,4_640x stock m270_4xobj_3_grid_r2_c2.png,5255,1,117,37,31.5,3
15,4_640x stock m270_4xobj_3_grid_r2_c2.png,5256,1,109,31,31.5,3
15,4_640x stock m270_4xobj_3_grid_r2_c2.png,5257,1,105,21,31.5,3
15,4_640x stock m270_4xobj_3_grid_r2_c2.png,5258,1,85,178,31.5,3
15,4_640x stock m270_4xobj_3_grid_r2_c2.png,5259,1,82,169,31.5,3
15,4_640x stock m270_4xobj_3_grid_r2_c2.png,5260,1,82,256,31.5,3
15,4_640x stock m270_4xobj_3_grid_r2_c2.png,5261,1,80,250,31.5,3
15,4_640x stock m270_4xobj_3_grid_r2_c2.png,5262,1,47,254,31.5,3
15,4_640x stock m270_4xobj_3_grid_r2_c2.png,5263,1,51,250,31.5,3
15,4_640x stock m270_4xobj_3_grid_r2_c2.png,5264,1,10,265,31.5,3
15,4_640x stock m270_4xobj_3_grid_r2_c2.png,5265,1,15,259,31.5,3
15,4_640x stock m270_4xobj_3_grid_r2_c2.png,5266,1,192,209,31.5,3
15,4_640x stock m270_4xobj_3_grid_r2_c2.png,5267,1,184,207,31.5,3
15,4_640x stock m270_4xobj_3_grid_r2_c2.png,5268,1,273,218,46.0,3
15,4_640x stock m270_4xobj_3_grid_r2_c2.png,5269,1,278,225,46.0,3
15,4_640x stock m270_4xobj_3_grid_r2_c2.png,5270,1,286,228,46.0,3
15,4_640x stock m270_4xobj_3_grid_r2_c2.png,5271,1,274,235,46.0,3
15,4_640x stock m270_4xobj_3_grid_r2_c2.png,5272,1,281,241,46.0,3
15,4_640x stock m270_4xobj_3_grid_r2_c2.png,5273,1,284,174,46.0,3
15,4_640x stock m270_4xobj_3_grid_r2_c2.png,5274,1,280,183,46.0,3
15,4_640x stock m270_4xobj_3_grid_r2_c2.png,5275,1,279,369,31.5,3
15,4_640x stock m270_4xobj_3_grid_r2_c2.png,5276,1,276,350,31.5,3
15,4_640x stock m270_4xobj_3_grid_r2_c2.png,5277,1,273,361,31.5,3
15,4_640x stock m270_4xobj_3_grid_r2_c2.png,5278,1,281,358,31.5,3
15,4_640x stock m270_4xobj_3_grid_r2_c2.png,5279,1,389,311,31.5,3
15,4_640x stock m270_4xobj_3_grid_r2_c2.png,5280,1,392,302,31.5,3
15,4_640x stock m270_4xobj_3_grid_r2_c2.png,5281,1,398,318,31.5,3
15,4_640x stock m270_4xobj_3_grid_r2_c2.png,5282,1,403,324,31.5,3
15,4_640x stock m270_4xobj_3_grid_r2_c2.png,5283,1,400,332,31.5,3
15,4_640x stock m270_4xobj_3_grid_r2_c2.png,5284,1,381,341,31.5,3
15,4_640x stock m270_4xobj_3_grid_r2_c2.png,5285,1,385,337,31.5,3
15,4_640x stock m270_4xobj_3_grid_r2_c2.png,5286,1,443,269,31.5,3
15,4_640x stock m270_4xobj_3_grid_r2_c2.png,5287,1,436,267,31.5,3
15,4_640x stock m270_4xobj_3_grid_r2_c2.png,5288,1,443,251,31.5,3
15,4_640x stock m270_4xobj_3_grid_r2_c2.png,5289,1,440,257,31.5,3
15,4_640x stock m270_4xobj_3_grid_r2_c2.png,5290,1,430,223,31.5,3
15,4_640x stock m270_4xobj_3_grid_r2_c2.png,5291,1,436,223,31.5,3
15,4_640x stock m270_4xobj_3_grid_r2_c2.png,5292,1,392,147,31.5,3
15,4_640x stock m270_4xobj_3_grid_r2_c2.png,5293,1,385,142,31.5,3
15,4_640x stock m270_4xobj_3_grid_r2_c2.png,5294,1,491,117,46.0,3
15,4_640x stock m270_4xobj_3_grid_r2_c2.png,5295,1,495,110,46.0,3
15,4_640x stock m270_4xobj_3_grid_r2_c2.png,5296,1,445,79,31.5,3
15,4_640x stock m270_4xobj_3_grid_r2_c2.png,5297,1,206,173,46.0,3
15,4_640x stock m270_4xobj_3_grid_r2_c2.png,5298,1,9,205,74.5,4
15,4_640x stock m270_4xobj_3_grid_r2_c2.png,5299,1,104,233,74.5,4
15,4_640x stock m270_4xobj_3_grid_r2_c2.png,5300,1,158,353,74.5,4
15,4_640x stock m270_4xobj_3_grid_r2_c2.png,5301,1,161,134,190.0,7
15,4_640x stock m270_4xobj_3_grid_r2_c2.png,5302,1,474,79,31.5,3
15,4_640x stock m270_4xobj_3_grid_r2_c2.png,5303,1,418,472,46.0,3
15,4_640x stock m270_4xobj_3_grid_r2_c2.png,5304,1,95,213,104.0,5
15,4_640x stock m270_4xobj_3_grid_r2_c2.png,5305,1,465,51,46.0,3
15,4_640x stock m270_4xobj_3_grid_r2_c2.png,5306,1,390,21,31.5,3
15,4_640x stock m270_4xobj_3_grid_r2_c2.png,5307,1,432,6,46.0,3
15,4_640x stock m270_4xobj_3_grid_r2_c2.png,5308,1,300,477,74.5,4
15,4_640x stock m270_4xobj_3_grid_r2_c2.png,5309,1,233,381,74.5,4
15,4_640x stock m270_4xobj_3_grid_r2_c2.png,5310,1,255,213,46.0,3
15,4_640x stock m270_4xobj_3_grid_r2_c2.png,5311,1,425,186,46.0,3
15,4_640x stock m270_4xobj_3_grid_r2_c2.png,5312,1,476,182,46.0,3
15,4_640x stock m270_4xobj_3_grid_r2_c2.png,5313,1,384,174,46.0,3
15,4_640x stock m270_4xobj_3_grid_r2_c2.png,5314,1,375,158,31.5,3
15,4_640x stock m270_4xobj_3_grid_r2_c2.png,5315,1,376,146,31.5,3
15,4_640x stock m270_4xobj_3_grid_r2_c2.png,5316,1,382,109,46.0,3
15,4_640x stock m270_4xobj_3_grid_r2_c2.png,5317,1,264,96,46.0,3
15,4_640x stock m270_4xobj_3_grid_r2_c2.png,5318,1,470,94,46.0,3
15,4_640x stock m270_4xobj_3_grid_r2_c2.png,5319,1,371,82,46.0,3
15,4_640x stock m270_4xobj_3_grid_r2_c2.png,5320,1,461,81,46.0,3
15,4_640x stock m270_4xobj_3_grid_r2_c2.png,5321,1,203,82,31.5,3
15,4_640x stock m270_4xobj_3_grid_r2_c2.png,5322,1,328,80,46.0,3
15,4_640x stock m270_4xobj_3_grid_r2_c2.png,5323,1,441,51,46.0,3
15,4_640x stock m270_4xobj_3_grid_r2_c2.png,5324,1,252,35,31.5,3
15,4_640x stock m270_4xobj_3_grid_r2_c2.png,5325,1,474,32,46.0,3
15,4_640x stock m270_4xobj_3_grid_r2_c2.png,5326,1,417,26,46.0,3
15,4_640x stock m270_4xobj_3_grid_r2_c2.png,5327,1,381,25,31.5,3
15,4_640x stock m270_4xobj_3_grid_r2_c2.png,5328,1,256,25,46.0,3
15,4_640x stock m270_4xobj_3_grid_r2_c2.png,5329,1,336,20,46.0,3
15,4_640x stock m270_4xobj_3_grid_r2_c2.png,5330,1,249,16,46.0,3
15,4_640x stock m270_4xobj_3_grid_r2_c2.png,5331,1,222,5,74.5,4
15,4_640x stock m270_4xobj_3_grid_r2_c2.png,5332,1,288,502,74.5,4
15,4_640x stock m270_4xobj_3_grid_r2_c2.png,5333,1,432,295,46.0,3
15,4_640x stock m270_4xobj_3_grid_r2_c2.png,5334,1,434,280,31.5,3
15,4_640x stock m270_4xobj_3_grid_r2_c2.png,5335,1,484,271,46.0,3
15,4_640x stock m270_4xobj_3_grid_r2_c2.png,5336,1,340,268,46.0,3
15,4_640x stock m270_4xobj_3_grid_r2_c2.png,5337,1,355,261,46.0,3
15,4_640x stock m270_4xobj_3_grid_r2_c2.png,5338,1,351,245,31.5,3
15,4_640x stock m270_4xobj_3_grid_r2_c2.png,5339,1,360,238,31.5,3
15,4_640x stock m270_4xobj_3_grid_r2_c2.png,5340,1,457,238,46.0,3
15,4_640x stock m270_4xobj_3_grid_r2_c2.png,5341,1,446,230,46.0,3
15,4_640x stock m270_4xobj_3_grid_r2_c2.png,5342,1,401,223,46.0,3
15,4_640x stock m270_4xobj_3_grid_r2_c2.png,5343,1,487,217,46.0,3
15,4_640x stock m270_4xobj_3_grid_r2_c2.png,5344,1,496,203,46.0,3
15,4_640x stock m270_4xobj_3_grid_r2_c2.png,5345,1,383,198,46.0,3
15,4_640x stock m270_4xobj_3_grid_r2_c2.png,5346,1,392,184,46.0,3
15,4_640x stock m270_4xobj_3_grid_r2_c2.png,5347,1,413,181,46.0,3
15,4_640x stock m270_4xobj_3_grid_r2_c2.png,5348,1,338,174,31.5,3
15,4_640x stock m270_4xobj_3_grid_r2_c2.png,5349,1,344,136,46.0,3
15,4_640x stock m270_4xobj_3_grid_r2_c2.png,5350,1,478,125,46.0,3
15,4_640x stock m270_4xobj_3_grid_r2_c2.png,5351,1,401,124,46.0,3
15,4_640x stock m270_4xobj_3_grid_r2_c2.png,5352,1,198,117,46.0,3
15,4_640x stock m270_4xobj_3_grid_r2_c2.png,5353,1,448,100,46.0,3
15,4_640x stock m270_4xobj_3_grid_r2_c2.png,5354,1,250,98,46.0,3
15,4_640x stock m270_4xobj_3_grid_r2_c2.png,5355,1,344,95,46.0,3
15,4_640x stock m270_4xobj_3_grid_r2_c2.png,5356,1,203,90,31.5,3
15,4_640x stock m270_4xobj_3_grid_r2_c2.png,5357,1,297,84,46.0,3
15,4_640x stock m270_4xobj_3_grid_r2_c2.png,5358,1,75,83,46.0,3
15,4_640x stock m270_4xobj_3_grid_r2_c2.png,5359,1,502,80,46.0,3
15,4_640x stock m270_4xobj_3_grid_r2_c2.png,5360,1,215,73,46.0,3
15,4_640x stock m270_4xobj_3_grid_r2_c2.png,5361,1,190,70,46.0,3
15,4_640x stock m270_4xobj_3_grid_r2_c2.png,5362,1,473,63,31.5,3
15,4_640x stock m270_4xobj_3_grid_r2_c2.png,5363,1,87,60,31.5,3
15,4_640x stock m270_4xobj_3_grid_r2_c2.png,5364,1,276,56,46.0,3
15,4_640x stock m270_4xobj_3_grid_r2_c2.png,5365,1,171,53,46.0,3
15,4_640x stock m270_4xobj_3_grid_r2_c2.png,5366,1,303,50,46.0,3
15,4_640x stock m270_4xobj_3_grid_r2_c2.png,5367,1,196,48,46.0,3
15,4_640x stock m270_4xobj_3_grid_r2_c2.png,5368,1,78,42,46.0,3
15,4_640x stock m270_4xobj_3_grid_r2_c2.png,5369,1,266,30,46.0,3
15,4_640x stock m270_4xobj_3_grid_r2_c2.png,5370,1,198,27,46.0,3
15,4_640x stock m270_4xobj_3_grid_r2_c2.png,5371,1,495,25,104.0,5
15,4_640x stock m270_4xobj_3_grid_r2_c2.png,5372,1,168,19,46.0,3
15,4_640x stock m270_4xobj_3_grid_r2_c2.png,5373,1,120,12,46.0,3
15,4_640x stock m270_4xobj_3_grid_r2_c2.png,5374,1,304,9,31.5,3
15,4_640x stock m270_4xobj_3_grid_r2_c2.png,5375,1,154,5,46.0,3
15,4_640x stock m270_4xobj_3_grid_r2_c2.png,5376,1,297,490,46.0,3
15,4_640x stock m270_4xobj_3_grid_r2_c2.png,5377,1,468,473,31.5,3
15,4_640x stock m270_4xobj_3_grid_r2_c2.png,5378,1,508,448,31.5,3
15,4_640x stock m270_4xobj_3_grid_r2_c2.png,5379,1,373,413,46.0,3
15,4_640x stock m270_4xobj_3_grid_r2_c2.png,5380,1,165,412,46.0,3
15,4_640x stock m270_4xobj_3_grid_r2_c2.png,5381,1,426,408,46.0,3
15,4_640x stock m270_4xobj_3_grid_r2_c2.png,5382,1,503,408,31.5,3
15,4_640x stock m270_4xobj_3_grid_r2_c2.png,5383,1,508,398,27.5,2
15,4_640x stock m270_4xobj_3_grid_r2_c2.png,5384,1,322,397,46.0,3
15,4_640x stock m270_4xobj_3_grid_r2_c2.png,5385,1,370,368,46.0,3
15,4_640x stock m270_4xobj_3_grid_r2_c2.png,5386,1,322,368,46.0,3
15,4_640x stock m270_4xobj_3_grid_r2_c2.png,5387,1,188,343,46.0,3
15,4_640x stock m270_4xobj_3_grid_r2_c2.png,5388,1,434,341,46.0,3
15,4_640x stock m270_4xobj_3_grid_r2_c2.png,5389,1,162,330,31.5,3
15,4_640x stock m270_4xobj_3_grid_r2_c2.png,5390,1,423,329,46.0,3
15,4_640x stock m270_4xobj_3_grid_r2_c2.png,5391,1,348,322,46.0,3
15,4_640x stock m270_4xobj_3_grid_r2_c2.png,5392,1,473,318,46.0,3
15,4_640x stock m270_4xobj_3_grid_r2_c2.png,5393,1,189,309,46.0,3
15,4_640x stock m270_4xobj_3_grid_r2_c2.png,5394,1,337,304,46.0,3
15,4_640x stock m270_4xobj_3_grid_r2_c2.png,5395,1,142,301,46.0,3
15,4_640x stock m270_4xobj_3_grid_r2_c2.png,5396,1,324,285,31.5,3
15,4_640x stock m270_4xobj_3_grid_r2_c2.png,5397,1,409,284,46.0,3
15,4_640x stock m270_4xobj_3_grid_r2_c2.png,5398,1,176,271,31.5,3
15,4_640x stock m270_4xobj_3_grid_r2_c2.png,5399,1,135,267,31.5,3
15,4_640x stock m270_4xobj_3_grid_r2_c2.png,5400,1,401,266,46.0,3
15,4_640x stock m270_4xobj_3_grid_r2_c2.png,5401,1,146,263,31.5,3
15,4_640x stock m270_4xobj_3_grid_r2_c2.png,5402,1,135,255,31.5,3
15,4_640x stock m270_4xobj_3_grid_r2_c2.png,5403,1,89,247,31.5,3
15,4_640x stock m270_4xobj_3_grid_r2_c2.png,5404,1,401,240,46.0,3
15,4_640x stock m270_4xobj_3_grid_r2_c2.png,5405,1,314,239,46.0,3
15,4_640x stock m270_4xobj_3_grid_r2_c2.png,5406,1,171,237,31.5,3
15,4_640x stock m270_4xobj_3_grid_r2_c2.png,5407,1,192,221,46.0,3
15,4_640x stock m270_4xobj_3_grid_r2_c2.png,5408,1,54,298,46.0,3
15,4_640x stock m270_4xobj_3_grid_r2_c2.png,5409,1,25,216,46.0,3
15,4_640x stock m270_4xobj_3_grid_r2_c2.png,5410,1,152,212,46.0,3
15,4_640x stock m270_4xobj_3_grid_r2_c2.png,5411,1,327,211,46.0,3
15,4_640x stock m270_4xobj_3_grid_r2_c2.png,5412,1,243,209,46.0,3
15,4_640x stock m270_4xobj_3_grid_r2_c2.png,5413,1,268,203,46.0,3
15,4_640x stock m270_4xobj_3_grid_r2_c2.png,5414,1,130,204,46.0,3
15,4_640x stock m270_4xobj_3_grid_r2_c2.png,5415,1,407,201,46.0,3
15,4_640x stock m270_4xobj_3_grid_r2_c2.png,5416,1,174,189,46.0,3
15,4_640x stock m270_4xobj_3_grid_r2_c2.png,5417,1,237,184,46.0,3
15,4_640x stock m270_4xobj_3_grid_r2_c2.png,5418,1,171,179,31.5,3
15,4_640x stock m270_4xobj_3_grid_r2_c2.png,5419,1,30,121,46.0,3
15,4_640x stock m270_4xobj_3_grid_r2_c2.png,5420,1,57,454,46.0,3
15,4_640x stock m270_4xobj_3_grid_r2_c2.png,5421,1,114,478,46.0,3
15,4_640x stock m270_4xobj_3_grid_r2_c2.png,5422,1,139,500,46.0,3
15,4_640x stock m270_4xobj_3_grid_r2_c2.png,5423,1,142,202,46.0,3
15,4_640x stock m270_4xobj_3_grid_r2_c2.png,5424,1,158,388,46.0,3
15,4_640x stock m270_4xobj_3_grid_r2_c2.png,5425,1,13,414,31.5,3
15,4_640x stock m270_4xobj_3_grid_r2_c2.png,5426,1,42,414,46.0,3
15,4_640x stock m270_4xobj_3_grid_r2_c2.png,5427,1,30,416,46.0,3
15,4_640x stock m270_4xobj_3_grid_r2_c2.png,5428,1,139,453,46.0,3
15,4_640x stock m270_4xobj_3_grid_r2_c2.png,5429,1,119,458,46.0,3
15,4_640x stock m270_4xobj_3_grid_r2_c2.png,5430,1,67,460,46.0,3
15,4_640x stock m270_4xobj_3_grid_r2_c2.png,5431,1,148,480,46.0,3
15,4_640x stock m270_4xobj_3_grid_r2_c2.png,5432,1,218,488,46.0,3
15,4_640x stock m270_4xobj_3_grid_r2_c2.png,5433,1,127,492,46.0,3
15,4_640x stock m270_4xobj_3_grid_r2_c2.png,5434,1,95,508,31.5,3
15,4_640x stock m270_4xobj_3_grid_r2_c2.png,5435,1,18,175,46.0,3
15,4_640x stock m270_4xobj_3_grid_r2_c2.png,5436,1,46,182,46.0,3
15,4_640x stock m270_4xobj_3_grid_r2_c2.png,5437,1,38,223,46.0,3
15,4_640x stock m270_4xobj_3_grid_r2_c2.png,5438,1,28,266,46.0,3
15,4_640x stock m270_4xobj_3_grid_r2_c2.png,5439,1,228,271,46.0,3
15,4_640x stock m270_4xobj_3_grid_r2_c2.png,5440,1,97,297,46.0,3
16,4_640x stock m270_4xobj_3_grid_r2_c3.png,5441,1,62,3,31.5,3
16,4_640x stock m270_4xobj_3_grid_r2_c3.png,5442,1,335,15,46.0,3
16,4_640x stock m270_4xobj_3_grid_r2_c3.png,5443,1,160,18,46.0,3
16,4_640x stock m270_4xobj_3_grid_r2_c3.png,5444,1,275,32,46.0,3
16,4_640x stock m270_4xobj_3_grid_r2_c3.png,5445,1,376,45,46.0,3
16,4_640x stock m270_4xobj_3_grid_r2_c3.png,5446,1,321,48,46.0,3
16,4_640x stock m270_4xobj_3_grid_r2_c3.png,5447,1,182,49,46.0,3
16,4_640x stock m270_4xobj_3_grid_r2_c3.png,5448,1,465,55,46.0,3
16,4_640x stock m270_4xobj_3_grid_r2_c3.png,5449,1,219,56,46.0,3
16,4_640x stock m270_4xobj_3_grid_r2_c3.png,5450,1,442,80,46.0,3
16,4_640x stock m270_4xobj_3_grid_r2_c3.png,5451,1,475,81,46.0,3
16,4_640x stock m270_4xobj_3_grid_r2_c3.png,5452,1,412,85,31.5,3
16,4_640x stock m270_4xobj_3_grid_r2_c3.png,5453,1,506,86,46.0,3
16,4_640x stock m270_4xobj_3_grid_r2_c3.png,5454,1,471,97,46.0,3
16,4_640x stock m270_4xobj_3_grid_r2_c3.png,5455,1,424,130,31.5,3
16,4_640x stock m270_4xobj_3_grid_r2_c3.png,5456,1,362,144,46.0,3
16,4_640x stock m270_4xobj_3_grid_r2_c3.png,5457,1,292,150,31.5,3
16,4_640x stock m270_4xobj_3_grid_r2_c3.png,5458,1,326,155,46.0,3
16,4_640x stock m270_4xobj_3_grid_r2_c3.png,5459,1,246,159,31.5,3
16,4_640x stock m270_4xobj_3_grid_r2_c3.png,5460,1,482,159,46.0,3
16,4_640x stock m270_4xobj_3_grid_r2_c3.png,5461,1,413,161,46.0,3
16,4_640x stock m270_4xobj_3_grid_r2_c3.png,5462,1,80,192,31.5,3
16,4_640x stock m270_4xobj_3_grid_r2_c3.png,5463,1,66,194,104.0,5
16,4_640x stock m270_4xobj_3_grid_r2_c3.png,5464,1,330,216,46.0,3
16,4_640x stock m270_4xobj_3_grid_r2_c3.png,5465,1,431,220,46.0,3
16,4_640x stock m270_4xobj_3_grid_r2_c3.png,5466,1,491,231,46.0,3
16,4_640x stock m270_4xobj_3_grid_r2_c3.png,5467,1,338,268,46.0,3
16,4_640x stock m270_4xobj_3_grid_r2_c3.png,5468,1,437,270,46.0,3
16,4_640x stock m270_4xobj_3_grid_r2_c3.png,5469,1,140,3,43.0,3
16,4_640x stock m270_4xobj_3_grid_r2_c3.png,5470,1,395,32,46.0,3
16,4_640x stock m270_4xobj_3_grid_r2_c3.png,5471,1,500,37,46.0,3
16,4_640x stock m270_4xobj_3_grid_r2_c3.png,5472,1,409,38,46.0,3
16,4_640x stock m270_4xobj_3_grid_r2_c3.png,5473,1,416,57,46.0,3
16,4_640x stock m270_4xobj_3_grid_r2_c3.png,5474,1,414,77,31.5,3
16,4_640x stock m270_4xobj_3_grid_r2_c3.png,5475,1,365,97,31.5,3
16,4_640x stock m270_4xobj_3_grid_r2_c3.png,5476,1,381,247,74.5,4
16,4_640x stock m270_4xobj_3_grid_r2_c3.png,5477,1,427,7,104.0,5
16,4_640x stock m270_4xobj_3_grid_r2_c3.png,5478,1,425,142,74.5,4
16,4_640x stock m270_4xobj_3_grid_r2_c3.png,5479,1,289,163,46.0,3
16,4_640x stock m270_4xobj_3_grid_r2_c3.png,5480,1,160,434,74.5,4
16,4_640x stock m270_4xobj_3_grid_r2_c3.png,5481,1,87,3,31.5,3
16,4_640x stock m270_4xobj_3_grid_r2_c3.png,5482,1,314,352,74.5,4
16,4_640x stock m270_4xobj_3_grid_r2_c3.png,5483,1,274,356,46.0,3
16,4_640x stock m270_4xobj_3_grid_r2_c3.png,5484,1,293,400,46.0,3
16,4_640x stock m270_4xobj_3_grid_r2_c3.png,5485,1,28,408,46.0,3
16,4_640x stock m270_4xobj_3_grid_r2_c3.png,5486,1,80,411,31.5,3
16,4_640x stock m270_4xobj_3_grid_r2_c3.png,5487,1,55,436,46.0,3
16,4_640x stock m270_4xobj_3_grid_r2_c3.png,5488,1,68,438,31.5,3
16,4_640x stock m270_4xobj_3_grid_r2_c3.png,5489,1,33,448,46.0,3
16,4_640x stock m270_4xobj_3_grid_r2_c3.png,5490,1,248,466,46.0,3
16,4_640x stock m270_4xobj_3_grid_r2_c3.png,5491,1,130,477,31.5,3
16,4_640x stock m270_4xobj_3_grid_r2_c3.png,5492,1,152,490,46.0,3
16,4_640x stock m270_4xobj_3_grid_r2_c3.png,5493,1,56,493,46.0,3
16,4_640x stock m270_4xobj_3_grid_r2_c3.png,5494,1,319,58,31.5,3
16,4_640x stock m270_4xobj_3_grid_r2_c3.png,5495,1,173,99,74.5,4
16,4_640x stock m270_4xobj_3_grid_r2_c3.png,5496,1,61,117,46.0,3
16,4_640x stock m270_4xobj_3_grid_r2_c3.png,5497,1,367,163,46.0,3
16,4_640x stock m270_4xobj_3_grid_r2_c3.png,5498,1,229,194,46.0,3
16,4_640x stock m270_4xobj_3_grid_r2_c3.png,5499,1,21,203,46.0,3
16,4_640x stock m270_4xobj_3_grid_r2_c3.png,5500,1,47,214,46.0,3
16,4_640x stock m270_4xobj_3_grid_r2_c3.png,5501,1,12,217,46.0,3
16,4_640x stock m270_4xobj_3_grid_r2_c3.png,5502,1,102,260,46.0,3
16,4_640x stock m270_4xobj_3_grid_r2_c3.png,5503,1,93,306,46.0,3
16,4_640x stock m270_4xobj_3_grid_r2_c3.png,5504,1,173,350,46.0,3
16,4_640x stock m270_4xobj_3_grid_r2_c3.png,5505,1,101,353,46.0,3
16,4_640x stock m270_4xobj_3_grid_r2_c3.png,5506,1,77,374,46.0,3
16,4_640x stock m270_4xobj_3_grid_r2_c3.png,5507,1,62,391,46.0,3
16,4_640x stock m270_4xobj_3_grid_r2_c3.png,5508,1,221,391,46.0,3
16,4_640x stock m270_4xobj_3_grid_r2_c3.png,5509,1,35,398,46.0,3
16,4_640x stock m270_4xobj_3_grid_r2_c3.png,5510,1,162,415,46.0,3
16,4_640x stock m270_4xobj_3_grid_r2_c3.png,5511,1,70,423,46.0,3
16,4_640x stock m270_4xobj_3_grid_r2_c3.png,5512,1,173,430,46.0,3
16,4_640x stock m270_4xobj_3_grid_r2_c3.png,5513,1,211,440,46.0,3
16,4_640x stock m270_4xobj_3_grid_r2_c3.png,5514,1,422,445,46.0,3
16,4_640x stock m270_4xobj_3_grid_r2_c3.png,5515,1,174,447,46.0,3
16,4_640x stock m270_4xobj_3_grid_r2_c3.png,5516,1,336,453,46.0,3
16,4_640x stock m270_4xobj_3_grid_r2_c3.png,5517,1,293,459,31.5,3
16,4_640x stock m270_4xobj_3_grid_r2_c3.png,5518,1,276,461,46.0,3
16,4_640x stock m270_4xobj_3_grid_r2_c3.png,5519,1,171,466,46.0,3
16,4_640x stock m270_4xobj_3_grid_r2_c3.png,5520,1,49,472,46.0,3
16,4_640x stock m270_4xobj_3_grid_r2_c3.png,5521,1,182,497,46.0,3
16,4_640x stock m270_4xobj_3_grid_r2_c3.png,5522,1,295,496,46.0,3
16,4_640x stock m270_4xobj_3_grid_r2_c3.png,5523,1,435,501,46.0,3
16,4_640x stock m270_4xobj_3_grid_r2_c3.png,5524,1,77,505,46.0,3
16,4_640x stock m270_4xobj_3_grid_r2_c3.png,5525,1,368,21,31.5,3
16,4_640x stock m270_4xobj_3_grid_r2_c3.png,5526,1,125,60,46.0,3
16,4_640x stock m270_4xobj_3_grid_r2_c3.png,5527,1,72,79,46.0,3
16,4_640x stock m270_4xobj_3_grid_r2_c3.png,5528,1,27,80,46.0,3
16,4_640x stock m270_4xobj_3_grid_r2_c3.png,5529,1,89,81,31.5,3
16,4_640x stock m270_4xobj_3_grid_r2_c3.png,5530,1,100,96,46.0,3
16,4_640x stock m270_4xobj_3_grid_r2_c3.png,5531,1,141,102,46.0,3
16,4_640x stock m270_4xobj_3_grid_r2_c3.png,5532,1,3,125,43.0,3
16,4_640x stock m270_4xobj_3_grid_r2_c3.png,5533,1,188,144,46.0,3
16,4_640x stock m270_4xobj_3_grid_r2_c3.png,5534,1,53,152,74.5,4
16,4_640x stock m270_4xobj_3_grid_r2_c3.png,5535,1,186,157,46.0,3
16,4_640x stock m270_4xobj_3_grid_r2_c3.png,5536,1,54,168,46.0,3
16,4_640x stock m270_4xobj_3_grid_r2_c3.png,5537,1,163,176,46.0,3
16,4_640x stock m270_4xobj_3_grid_r2_c3.png,5538,1,265,184,46.0,3
16,4_640x stock m270_4xobj_3_grid_r2_c3.png,5539,1,54,184,46.0,3
16,4_640x stock m270_4xobj_3_grid_r2_c3.png,5540,1,179,194,46.0,3
16,4_640x stock m270_4xobj_3_grid_r2_c3.png,5541,1,117,195,46.0,3
16,4_640x stock m270_4xobj_3_grid_r2_c3.png,5542,1,192,208,74.5,4
16,4_640x stock m270_4xobj_3_grid_r2_c3.png,5543,1,421,213,46.0,3
16,4_640x stock m270_4xobj_3_grid_r2_c3.png,5544,1,474,227,46.0,3
16,4_640x stock m270_4xobj_3_grid_r2_c3.png,5545,1,344,239,46.0,3
16,4_640x stock m270_4xobj_3_grid_r2_c3.png,5546,1,291,242,46.0,3
16,4_640x stock m270_4xobj_3_grid_r2_c3.png,5547,1,93,244,46.0,3
16,4_640x stock m270_4xobj_3_grid_r2_c3.png,5548,1,498,245,46.0,3
16,4_640x stock m270_4xobj_3_grid_r2_c3.png,5549,1,54,251,46.0,3
16,4_640x stock m270_4xobj_3_grid_r2_c3.png,5550,1,173,258,46.0,3
16,4_640x stock m270_4xobj_3_grid_r2_c3.png,5551,1,415,258,46.0,3
16,4_640x stock m270_4xobj_3_grid_r2_c3.png,5552,1,158,258,46.0,3
16,4_640x stock m270_4xobj_3_grid_r2_c3.png,5553,1,328,267,31.5,3
16,4_640x stock m270_4xobj_3_grid_r2_c3.png,5554,1,89,269,46.0,3
16,4_640x stock m270_4xobj_3_grid_r2_c3.png,5555,1,9,271,46.0,3
16,4_640x stock m270_4xobj_3_grid_r2_c3.png,5556,1,142,274,46.0,3
16,4_640x stock m270_4xobj_3_grid_r2_c3.png,5557,1,123,279,46.0,3
16,4_640x stock m270_4xobj_3_grid_r2_c3.png,5558,1,294,289,46.0,3
16,4_640x stock m270_4xobj_3_grid_r2_c3.png,5559,1,393,290,46.0,3
16,4_640x stock m270_4xobj_3_grid_r2_c3.png,5560,1,237,291,46.0,3
16,4_640x stock m270_4xobj_3_grid_r2_c3.png,5561,1,93,291,46.0,3
16,4_640x stock m270_4xobj_3_grid_r2_c3.png,5562,1,262,305,46.0,3
16,4_640x stock m270_4xobj_3_grid_r2_c3.png,5563,1,68,315,46.0,3
16,4_640x stock m270_4xobj_3_grid_r2_c3.png,5564,1,37,319,46.0,3
16,4_640x stock m270_4xobj_3_grid_r2_c3.png,5565,1,465,323,46.0,3
16,4_640x stock m270_4xobj_3_grid_r2_c3.png,5566,1,353,337,46.0,3
16,4_640x stock m270_4xobj_3_grid_r2_c3.png,5567,1,261,338,46.0,3
16,4_640x stock m270_4xobj_3_grid_r2_c3.png,5568,1,388,338,46.0,3
16,4_640x stock m270_4xobj_3_grid_r2_c3.png,5569,1,481,362,74.5,4
16,4_640x stock m270_4xobj_3_grid_r2_c3.png,5570,1,462,366,46.0,3
16,4_640x stock m270_4xobj_3_grid_r2_c3.png,5571,1,127,368,46.0,3
16,4_640x stock m270_4xobj_3_grid_r2_c3.png,5572,1,312,398,46.0,3
16,4_640x stock m270_4xobj_3_grid_r2_c3.png,5573,1,329,398,46.0,3
16,4_640x stock m270_4xobj_3_grid_r2_c3.png,5574,1,394,402,46.0,3
16,4_640x stock m270_4xobj_3_grid_r2_c3.png,5575,1,189,404,46.0,3
16,4_640x stock m270_4xobj_3_grid_r2_c3.png,5576,1,167,389,46.0,3
16,4_640x stock m270_4xobj_3_grid_r2_c3.png,5577,1,21,426,46.0,3
16,4_640x stock m270_4xobj_3_grid_r2_c3.png,5578,1,392,305,46.0,3
16,4_640x stock m270_4xobj_3_grid_r2_c3.png,5579,1,236,279,46.0,3
16,4_640x stock m270_4xobj_3_grid_r2_c3.png,5580,1,282,498,46.0,3
16,4_640x stock m270_4xobj_3_grid_r2_c3.png,5581,1,3,495,31.5,3
16,4_640x stock m270_4xobj_3_grid_r2_c3.png,5582,1,177,363,31.5,3
16,4_640x stock m270_4xobj_3_grid_r2_c3.png,5583,1,282,400,46.0,3
16,4_640x stock m270_4xobj_3_grid_r2_c3.png,5584,1,495,487,31.5,3
16,4_640x stock m270_4xobj_3_grid_r2_c3.png,5585,1,223,473,31.5,3
16,4_640x stock m270_4xobj_3_grid_r2_c3.png,5586,1,124,219,31.5,3
16,4_640x stock m270_4xobj_3_grid_r2_c3.png,5587,1,481,498,31.5,3
16,4_640x stock m270_4xobj_3_grid_r2_c3.png,5588,1,489,495,31.5,3
16,4_640x stock m270_4xobj_3_grid_r2_c3.png,5589,1,125,210,46.0,3
16,4_640x stock m270_4xobj_3_grid_r2_c3.png,5590,1,155,122,46.0,3
16,4_640x stock m270_4xobj_3_grid_r2_c3.png,5591,1,156,133,46.0,3
16,4_640x stock m270_4xobj_3_grid_r2_c3.png,5592,1,17,26,46.0,3
16,4_640x stock m270_4xobj_3_grid_r2_c3.png,5593,1,24,26,46.0,3
16,4_640x stock m270_4xobj_3_grid_r2_c3.png,5594,1,124,83,46.0,3
16,4_640x stock m270_4xobj_3_grid_r2_c3.png,5595,1,132,88,46.0,3
16,4_640x stock m270_4xobj_3_grid_r2_c3.png,5596,1,230,83,46.0,3
16,4_640x stock m270_4xobj_3_grid_r2_c3.png,5597,1,230,90,46.0,3
16,4_640x stock m270_4xobj_3_grid_r2_c3.png,5598,1,260,41,46.0,3
16,4_640x stock m270_4xobj_3_grid_r2_c3.png,5599,1,253,36,46.0,3
16,4_640x stock m270_4xobj_3_grid_r2_c3.png,5600,1,257,23,46.0,3
16,4_640x stock m270_4xobj_3_grid_r2_c3.png,5601,1,252,18,46.0,3
16,4_640x stock m270_4xobj_3_grid_r2_c3.png,5602,1,458,149,46.0,3
16,4_640x stock m270_4xobj_3_grid_r2_c3.png,5603,1,450,146,46.0,3
16,4_640x stock m270_4xobj_3_grid_r2_c3.png,5604,1,449,154,46.0,3
16,4_640x stock m270_4xobj_3_grid_r2_c3.png,5605,1,166,127,31.5,3
16,4_640x stock m270_4xobj_3_grid_r2_c3.png,5606,1,20,110,31.5,3
16,4_640x stock m270_4xobj_3_grid_r2_c3.png,5607,1,16,116,31.5,3
16,4_640x stock m270_4xobj_3_grid_r2_c3.png,5608,1,32,139,31.5,3
16,4_640x stock m270_4xobj_3_grid_r2_c3.png,5609,1,28,145,31.5,3
16,4_640x stock m270_4xobj_3_grid_r2_c3.png,5610,1,93,498,31.5,3
16,4_640x stock m270_4xobj_3_grid_r2_c3.png,5611,1,90,505,31.5,3
16,4_640x stock m270_4xobj_3_grid_r2_c3.png,5612,1,455,469,31.5,3
16,4_640x stock m270_4xobj_3_grid_r2_c3.png,5613,1,448,472,31.5,3
16,4_640x stock m270_4xobj_3_grid_r2_c3.png,5614,1,383,408,31.5,3
16,4_640x stock m270_4xobj_3_grid_r2_c3.png,5615,1,379,414,31.5,3
16,4_640x stock m270_4xobj_3_grid_r2_c3.png,5616,1,376,431,31.5,3
16,4_640x stock m270_4xobj_3_grid_r2_c3.png,5617,1,378,438,31.5,3
16,4_640x stock m270_4xobj_3_grid_r2_c3.png,5618,1,387,448,31.5,3
16,4_640x stock m270_4xobj_3_grid_r2_c3.png,5619,1,380,451,31.5,3
16,4_640x stock m270_4xobj_3_grid_r2_c3.png,5620,1,229,463,31.5,3
16,4_640x stock m270_4xobj_3_grid_r2_c3.png,5621,1,222,463,31.5,3
16,4_640x stock m270_4xobj_3_grid_r2_c3.png,5622,1,173,372,31.5,3
16,4_640x stock m270_4xobj_3_grid_r2_c3.png,5623,1,80,391,31.5,3
16,4_640x stock m270_4xobj_3_grid_r2_c3.png,5624,1,89,388,31.5,3
16,4_640x stock m270_4xobj_3_grid_r2_c3.png,5625,1,89,382,31.5,3
16,4_640x stock m270_4xobj_3_grid_r2_c3.png,5626,1,38,333,31.5,3
16,4_640x stock m270_4xobj_3_grid_r2_c3.png,5627,1,43,342,31.5,3
16,4_640x stock m270_4xobj_3_grid_r2_c3.png,5628,1,273,395,31.5,3
16,4_640x stock m270_4xobj_3_grid_r2_c3.png,5629,1,270,401,31.5,3
16,4_640x stock m270_4xobj_3_grid_r2_c3.png,5630,1,195,326,31.5,3
16,4_640x stock m270_4xobj_3_grid_r2_c3.png,5631,1,169,320,31.5,3
16,4_640x stock m270_4xobj_3_grid_r2_c3.png,5632,1,304,365,31.5,3
16,4_640x stock m270_4xobj_3_grid_r2_c3.png,5633,1,297,364,31.5,3
16,4_640x stock m270_4xobj_3_grid_r2_c3.png,5634,1,299,370,31.5,3
16,4_640x stock m270_4xobj_3_grid_r2_c3.png,5635,1,357,291,31.5,3
16,4_640x stock m270_4xobj_3_grid_r2_c3.png,5636,1,368,297,31.5,3
16,4_640x stock m270_4xobj_3_grid_r2_c3.png,5637,1,384,282,31.5,3
16,4_640x stock m270_4xobj_3_grid_r2_c3.png,5638,1,378,286,31.5,3
16,4_640x stock m270_4xobj_3_grid_r2_c3.png,5639,1,352,302,31.5,3
16,4_640x stock m270_4xobj_3_grid_r2_c3.png,5640,1,201,318,31.5,3
16,4_640x stock m270_4xobj_3_grid_r2_c3.png,5641,1,163,327,31.5,3
16,4_640x stock m270_4xobj_3_grid_r2_c3.png,5642,1,365,414,46.0,3
16,4_640x stock m270_4xobj_3_grid_r2_c3.png,5643,1,424,417,46.0,3
16,4_640x stock m270_4xobj_3_grid_r2_c3.png,5644,1,435,418,31.5,3
16,4_640x stock m270_4xobj_3_grid_r2_c3.png,5645,1,211,456,46.0,3
16,4_640x stock m270_4xobj_3_grid_r2_c3.png,5646,1,233,476,31.5,3
16,4_640x stock m270_4xobj_3_grid_r2_c3.png,5647,1,432,485,46.0,3
16,4_640x stock m270_4xobj_3_grid_r2_c3.png,5648,1,365,485,74.5,4
16,4_640x stock m270_4xobj_3_grid_r2_c3.png,5649,1,253,491,46.0,3
16,4_640x stock m270_4xobj_3_grid_r2_c3.png,5650,1,498,500,31.5,3
16,4_640x stock m270_4xobj_3_grid_r2_c3.png,5651,1,62,18,46.0,3
16,4_640x stock m270_4xobj_3_grid_r2_c3.png,5652,1,105,17,46.0,3
16,4_640x stock m270_4xobj_3_grid_r2_c3.png,5653,1,42,19,46.0,3
16,4_640x stock m270_4xobj_3_grid_r2_c3.png,5654,1,348,24,46.0,3
16,4_640x stock m270_4xobj_3_grid_r2_c3.png,5655,1,193,31,46.0,3
16,4_640x stock m270_4xobj_3_grid_r2_c3.png,5656,1,80,34,46.0,3
16,4_640x stock m270_4xobj_3_grid_r2_c3.png,5657,1,163,41,46.0,3
16,4_640x stock m270_4xobj_3_grid_r2_c3.png,5658,1,75,48,46.0,3
16,4_640x stock m270_4xobj_3_grid_r2_c3.png,5659,1,89,50,46.0,3
16,4_640x stock m270_4xobj_3_grid_r2_c3.png,5660,1,139,63,46.0,3
16,4_640x stock m270_4xobj_3_grid_r2_c3.png,5661,1,157,70,46.0,3
16,4_640x stock m270_4xobj_3_grid_r2_c3.png,5662,1,183,75,46.0,3
16,4_640x stock m270_4xobj_3_grid_r2_c3.png,5663,1,305,76,46.0,3
16,4_640x stock m270_4xobj_3_grid_r2_c3.png,5664,1,372,78,46.0,3
16,4_640x stock m270_4xobj_3_grid_r2_c3.png,5665,1,360,79,46.0,3
16,4_640x stock m270_4xobj_3_grid_r2_c3.png,5666,1,3,83,31.5,3
16,4_640x stock m270_4xobj_3_grid_r2_c3.png,5667,1,388,86,46.0,3
16,4_640x stock m270_4xobj_3_grid_r2_c3.png,5668,1,58,98,46.0,3
16,4_640x stock m270_4xobj_3_grid_r2_c3.png,5669,1,508,101,31.5,3
16,4_640x stock m270_4xobj_3_grid_r2_c3.png,5670,1,93,107,46.0,3
16,4_640x stock m270_4xobj_3_grid_r2_c3.png,5671,1,353,112,46.0,3
16,4_640x stock m270_4xobj_3_grid_r2_c3.png,5672,1,228,112,31.5,3
16,4_640x stock m270_4xobj_3_grid_r2_c3.png,5673,1,125,115,46.0,3
16,4_640x stock m270_4xobj_3_grid_r2_c3.png,5674,1,410,116,31.5,3
16,4_640x stock m270_4xobj_3_grid_r2_c3.png,5675,1,299,119,46.0,3
16,4_640x stock m270_4xobj_3_grid_r2_c3.png,5676,1,181,120,46.0,3
16,4_640x stock m270_4xobj_3_grid_r2_c3.png,5677,1,134,125,46.0,3
16,4_640x stock m270_4xobj_3_grid_r2_c3.png,5678,1,404,126,31.5,3
16,4_640x stock m270_4xobj_3_grid_r2_c3.png,5679,1,342,148,46.0,3
16,4_640x stock m270_4xobj_3_grid_r2_c3.png,5680,1,92,154,46.0,3
16,4_640x stock m270_4xobj_3_grid_r2_c3.png,5681,1,383,166,46.0,3
16,4_640x stock m270_4xobj_3_grid_r2_c3.png,5682,1,244,167,31.5,3
16,4_640x stock m270_4xobj_3_grid_r2_c3.png,5683,1,315,171,46.0,3
16,4_640x stock m270_4xobj_3_grid_r2_c3.png,5684,1,352,171,46.0,3
16,4_640x stock m270_4xobj_3_grid_r2_c3.png,5685,1,404,173,46.0,3
16,4_640x stock m270_4xobj_3_grid_r2_c3.png,5686,1,450,173,46.0,3
16,4_640x stock m270_4xobj_3_grid_r2_c3.png,5687,1,129,179,46.0,3
16,4_640x stock m270_4xobj_3_grid_r2_c3.png,5688,1,2,182,8.0,1
16,4_640x stock m270_4xobj_3_grid_r2_c3.png,5689,1,329,191,46.0,3
16,4_640x stock m270_4xobj_3_grid_r2_c3.png,5690,1,95,195,46.0,3
16,4_640x stock m270_4xobj_3_grid_r2_c3.png,5691,1,393,200,46.0,3
16,4_640x stock m270_4xobj_3_grid_r2_c3.png,5692,1,342,206,31.5,3
16,4_640x stock m270_4xobj_3_grid_r2_c3.png,5693,1,326,218,31.5,3
16,4_640x stock m270_4xobj_3_grid_r2_c3.png,5694,1,372,224,46.0,3
16,4_640x stock m270_4xobj_3_grid_r2_c3.png,5695,1,339,225,31.5,3
16,4_640x stock m270_4xobj_3_grid_r2_c3.png,5696,1,127,226,31.5,3
16,4_640x stock m270_4xobj_3_grid_r2_c3.png,5697,1,357,228,46.0,3
16,4_640x stock m270_4xobj_3_grid_r2_c3.png,5698,1,506,231,46.0,3
16,4_640x stock m270_4xobj_3_grid_r2_c3.png,5699,1,313,253,46.0,3
16,4_640x stock m270_4xobj_3_grid_r2_c3.png,5700,1,483,255,46.0,3
16,4_640x stock m270_4xobj_3_grid_r2_c3.png,5701,1,395,273,46.0,3
16,4_640x stock m270_4xobj_3_grid_r2_c3.png,5702,1,497,280,46.0,3
16,4_640x stock m270_4xobj_3_grid_r2_c3.png,5703,1,88,282,31.5,3
16,4_640x stock m270_4xobj_3_grid_r2_c3.png,5704,1,103,288,46.0,3
16,4_640x stock m270_4xobj_3_grid_r2_c3.png,5705,1,284,296,46.0,3
16,4_640x stock m270_4xobj_3_grid_r2_c3.png,5706,1,493,305,46.0,3
16,4_640x stock m270_4xobj_3_grid_r2_c3.png,5707,1,472,315,46.0,3
16,4_640x stock m270_4xobj_3_grid_r2_c3.png,5708,1,326,333,46.0,3
16,4_640x stock m270_4xobj_3_grid_r2_c3.png,5709,1,479,334,46.0,3
16,4_640x stock m270_4xobj_3_grid_r2_c3.png,5710,1,433,340,46.0,3
16,4_640x stock m270_4xobj_3_grid_r2_c3.png,5711,1,413,351,46.0,3
16,4_640x stock m270_4xobj_3_grid_r2_c3.png,5712,1,357,370,31.5,3
16,4_640x stock m270_4xobj_3_grid_r2_c3.png,5713,1,355,380,31.5,3
16,4_640x stock m270_4xobj_3_grid_r2_c3.png,5714,1,474,380,46.0,3
16,4_640x stock m270_4xobj_3_grid_r2_c3.png,5715,1,458,445,46.0,3
16,4_640x stock m270_4xobj_3_grid_r2_c3.png,5716,1,438,449,46.0,3
16,4_640x stock m270_4xobj_3_grid_r2_c3.png,5717,1,499,467,46.0,3
16,4_640x stock m270_4xobj_3_grid_r2_c3.png,5718,1,413,495,46.0,3
17,4_640x stock m270_4xobj_3_grid_r2_c4.png,5719,1,185,285,46.0,3
17,4_640x stock m270_4xobj_3_grid_r2_c4.png,5720,1,368,412,31.5,3
17,4_640x stock m270_4xobj_3_grid_r2_c4.png,5721,1,360,410,31.5,3
17,4_640x stock m270_4xobj_3_grid_r2_c4.png,5722,1,334,397,31.5,3
17,4_640x stock m270_4xobj_3_grid_r2_c4.png,5723,1,328,406,31.5,3
17,4_640x stock m270_4xobj_3_grid_r2_c4.png,5724,1,420,432,31.5,3
17,4_640x stock m270_4xobj_3_grid_r2_c4.png,5725,1,414,436,31.5,3
17,4_640x stock m270_4xobj_3_grid_r2_c4.png,5726,1,469,417,31.5,3
17,4_640x stock m270_4xobj_3_grid_r2_c4.png,5727,1,471,409,31.5,3
17,4_640x stock m270_4xobj_3_grid_r2_c4.png,5728,1,481,390,31.5,3
17,4_640x stock m270_4xobj_3_grid_r2_c4.png,5729,1,486,383,31.5,3
17,4_640x stock m270_4xobj_3_grid_r2_c4.png,5730,1,405,377,31.5,3
17,4_640x stock m270_4xobj_3_grid_r2_c4.png,5731,1,402,369,31.5,3
17,4_640x stock m270_4xobj_3_grid_r2_c4.png,5732,1,305,400,31.5,3
17,4_640x stock m270_4xobj_3_grid_r2_c4.png,5733,1,298,400,31.5,3
17,4_640x stock m270_4xobj_3_grid_r2_c4.png,5734,1,108,399,31.5,3
17,4_640x stock m270_4xobj_3_grid_r2_c4.png,5735,1,113,405,31.5,3
17,4_640x stock m270_4xobj_3_grid_r2_c4.png,5736,1,21,488,31.5,3
17,4_640x stock m270_4xobj_3_grid_r2_c4.png,5737,1,6,499,31.5,3
17,4_640x stock m270_4xobj_3_grid_r2_c4.png,5738,1,118,465,31.5,3
17,4_640x stock m270_4xobj_3_grid_r2_c4.png,5739,1,128,486,31.5,3
17,4_640x stock m270_4xobj_3_grid_r2_c4.png,5740,1,121,477,31.5,3
17,4_640x stock m270_4xobj_3_grid_r2_c4.png,5741,1,52,350,31.5,3
17,4_640x stock m270_4xobj_3_grid_r2_c4.png,5742,1,48,344,31.5,3
17,4_640x stock m270_4xobj_3_grid_r2_c4.png,5743,1,157,303,31.5,3
17,4_640x stock m270_4xobj_3_grid_r2_c4.png,5744,1,158,292,31.5,3
17,4_640x stock m270_4xobj_3_grid_r2_c4.png,5745,1,140,317,31.5,3
17,4_640x stock m270_4xobj_3_grid_r2_c4.png,5746,1,144,328,31.5,3
17,4_640x stock m270_4xobj_3_grid_r2_c4.png,5747,1,238,306,31.5,3
17,4_640x stock m270_4xobj_3_grid_r2_c4.png,5748,1,247,302,31.5,3
17,4_640x stock m270_4xobj_3_grid_r2_c4.png,5749,1,208,273,31.5,3
17,4_640x stock m270_4xobj_3_grid_r2_c4.png,5750,1,213,281,31.5,3
17,4_640x stock m270_4xobj_3_grid_r2_c4.png,5751,1,66,272,31.5,3
17,4_640x stock m270_4xobj_3_grid_r2_c4.png,5752,1,74,271,31.5,3
17,4_640x stock m270_4xobj_3_grid_r2_c4.png,5753,1,59,248,31.5,3
17,4_640x stock m270_4xobj_3_grid_r2_c4.png,5754,1,52,250,31.5,3
17,4_640x stock m270_4xobj_3_grid_r2_c4.png,5755,1,239,143,31.5,3
17,4_640x stock m270_4xobj_3_grid_r2_c4.png,5756,1,230,144,31.5,3
17,4_640x stock m270_4xobj_3_grid_r2_c4.png,5757,1,240,168,31.5,3
17,4_640x stock m270_4xobj_3_grid_r2_c4.png,5758,1,246,176,31.5,3
17,4_640x stock m270_4xobj_3_grid_r2_c4.png,5759,1,227,174,31.5,3
17,4_640x stock m270_4xobj_3_grid_r2_c4.png,5760,1,225,181,31.5,3
17,4_640x stock m270_4xobj_3_grid_r2_c4.png,5761,1,237,236,31.5,3
17,4_640x stock m270_4xobj_3_grid_r2_c4.png,5762,1,233,229,31.5,3
17,4_640x stock m270_4xobj_3_grid_r2_c4.png,5763,1,239,223,31.5,3
17,4_640x stock m270_4xobj_3_grid_r2_c4.png,5764,1,327,298,31.5,3
17,4_640x stock m270_4xobj_3_grid_r2_c4.png,5765,1,327,292,31.5,3
17,4_640x stock m270_4xobj_3_grid_r2_c4.png,5766,1,359,260,31.5,3
17,4_640x stock m270_4xobj_3_grid_r2_c4.png,5767,1,364,255,31.5,3
17,4_640x stock m270_4xobj_3_grid_r2_c4.png,5768,1,382,328,31.5,3
17,4_640x stock m270_4xobj_3_grid_r2_c4.png,5769,1,384,322,31.5,3
17,4_640x stock m270_4xobj_3_grid_r2_c4.png,5770,1,445,341,31.5,3
17,4_640x stock m270_4xobj_3_grid_r2_c4.png,5771,1,447,332,31.5,3
17,4_640x stock m270_4xobj_3_grid_r2_c4.png,5772,1,441,324,31.5,3
17,4_640x stock m270_4xobj_3_grid_r2_c4.png,5773,1,434,318,31.5,3
17,4_640x stock m270_4xobj_3_grid_r2_c4.png,5774,1,431,309,31.5,3
17,4_640x stock m270_4xobj_3_grid_r2_c4.png,5775,1,442,301,31.5,3
17,4_640x stock m270_4xobj_3_grid_r2_c4.png,5776,1,450,309,31.5,3
17,4_640x stock m270_4xobj_3_grid_r2_c4.png,5777,1,498,294,31.5,3
17,4_640x stock m270_4xobj_3_grid_r2_c4.png,5778,1,504,291,31.5,3
17,4_640x stock m270_4xobj_3_grid_r2_c4.png,5779,1,220,457,31.5,3
17,4_640x stock m270_4xobj_3_grid_r2_c4.png,5780,1,212,456,31.5,3
17,4_640x stock m270_4xobj_3_grid_r2_c4.png,5781,1,209,444,31.5,3
17,4_640x stock m270_4xobj_3_grid_r2_c4.png,5782,1,202,440,31.5,3
17,4_640x stock m270_4xobj_3_grid_r2_c4.png,5783,1,99,465,31.5,3
17,4_640x stock m270_4xobj_3_grid_r2_c4.png,5784,1,103,459,31.5,3
17,4_640x stock m270_4xobj_3_grid_r2_c4.png,5785,1,41,497,31.5,3
17,4_640x stock m270_4xobj_3_grid_r2_c4.png,5786,1,47,496,31.5,3
17,4_640x stock m270_4xobj_3_grid_r2_c4.png,5787,1,275,340,31.5,3
17,4_640x stock m270_4xobj_3_grid_r2_c4.png,5788,1,286,345,31.5,3
17,4_640x stock m270_4xobj_3_grid_r2_c4.png,5789,1,190,112,31.5,3
17,4_640x stock m270_4xobj_3_grid_r2_c4.png,5790,1,269,56,31.5,3
17,4_640x stock m270_4xobj_3_grid_r2_c4.png,5791,1,261,52,31.5,3
17,4_640x stock m270_4xobj_3_grid_r2_c4.png,5792,1,278,104,31.5,3
17,4_640x stock m270_4xobj_3_grid_r2_c4.png,5793,1,278,93,31.5,3
17,4_640x stock m270_4xobj_3_grid_r2_c4.png,5794,1,414,97,31.5,3
17,4_640x stock m270_4xobj_3_grid_r2_c4.png,5795,1,423,95,31.5,3
17,4_640x stock m270_4xobj_3_grid_r2_c4.png,5796,1,384,158,46.0,3
17,4_640x stock m270_4xobj_3_grid_r2_c4.png,5797,1,395,158,46.0,3
17,4_640x stock m270_4xobj_3_grid_r2_c4.png,5798,1,402,200,46.0,3
17,4_640x stock m270_4xobj_3_grid_r2_c4.png,5799,1,202,126,31.5,3
17,4_640x stock m270_4xobj_3_grid_r2_c4.png,5800,1,208,125,31.5,3
17,4_640x stock m270_4xobj_3_grid_r2_c4.png,5801,1,60,134,31.5,3
17,4_640x stock m270_4xobj_3_grid_r2_c4.png,5802,1,66,142,31.5,3
17,4_640x stock m270_4xobj_3_grid_r2_c4.png,5803,1,490,450,74.5,4
17,4_640x stock m270_4xobj_3_grid_r2_c4.png,5804,1,364,333,74.5,4
17,4_640x stock m270_4xobj_3_grid_r2_c4.png,5805,1,279,212,104.0,5
17,4_640x stock m270_4xobj_3_grid_r2_c4.png,5806,1,217,115,74.5,4
17,4_640x stock m270_4xobj_3_grid_r2_c4.png,5807,1,469,99,104.0,5
17,4_640x stock m270_4xobj_3_grid_r2_c4.png,5808,1,83,83,74.5,4
17,4_640x stock m270_4xobj_3_grid_r2_c4.png,5809,1,374,26,74.5,4
17,4_640x stock m270_4xobj_3_grid_r2_c4.png,5810,1,484,237,46.0,3
17,4_640x stock m270_4xobj_3_grid_r2_c4.png,5811,1,478,225,46.0,3
17,4_640x stock m270_4xobj_3_grid_r2_c4.png,5812,1,491,194,46.0,3
17,4_640x stock m270_4xobj_3_grid_r2_c4.png,5813,1,163,74,46.0,3
17,4_640x stock m270_4xobj_3_grid_r2_c4.png,5814,1,433,26,46.0,3
17,4_640x stock m270_4xobj_3_grid_r2_c4.png,5815,1,452,20,31.5,3
17,4_640x stock m270_4xobj_3_grid_r2_c4.png,5816,1,139,15,31.5,3
17,4_640x stock m270_4xobj_3_grid_r2_c4.png,5817,1,466,17,46.0,3
17,4_640x stock m270_4xobj_3_grid_r2_c4.png,5818,1,373,320,31.5,3
17,4_640x stock m270_4xobj_3_grid_r2_c4.png,5819,1,473,304,46.0,3
17,4_640x stock m270_4xobj_3_grid_r2_c4.png,5820,1,484,264,46.0,3
17,4_640x stock m270_4xobj_3_grid_r2_c4.png,5821,1,360,234,46.0,3
17,4_640x stock m270_4xobj_3_grid_r2_c4.png,5822,1,257,226,46.0,3
17,4_640x stock m270_4xobj_3_grid_r2_c4.png,5823,1,233,200,46.0,3
17,4_640x stock m270_4xobj_3_grid_r2_c4.png,5824,1,287,200,46.0,3
17,4_640x stock m270_4xobj_3_grid_r2_c4.png,5825,1,398,188,31.5,3
17,4_640x stock m270_4xobj_3_grid_r2_c4.png,5826,1,361,181,46.0,3
17,4_640x stock m270_4xobj_3_grid_r2_c4.png,5827,1,488,180,46.0,3
17,4_640x stock m270_4xobj_3_grid_r2_c4.png,5828,1,433,177,46.0,3
17,4_640x stock m270_4xobj_3_grid_r2_c4.png,5829,1,197,172,46.0,3
17,4_640x stock m270_4xobj_3_grid_r2_c4.png,5830,1,506,172,46.0,3
17,4_640x stock m270_4xobj_3_grid_r2_c4.png,5831,1,465,165,46.0,3
17,4_640x stock m270_4xobj_3_grid_r2_c4.png,5832,1,508,156,27.5,2
17,4_640x stock m270_4xobj_3_grid_r2_c4.png,5833,1,363,148,46.0,3
17,4_640x stock m270_4xobj_3_grid_r2_c4.png,5834,1,502,146,46.0,3
17,4_640x stock m270_4xobj_3_grid_r2_c4.png,5835,1,476,136,46.0,3
17,4_640x stock m270_4xobj_3_grid_r2_c4.png,5836,1,284,134,46.0,3
17,4_640x stock m270_4xobj_3_grid_r2_c4.png,5837,1,192,120,31.5,3
17,4_640x stock m270_4xobj_3_grid_r2_c4.png,5838,1,149,119,46.0,3
17,4_640x stock m270_4xobj_3_grid_r2_c4.png,5839,1,497,118,46.0,3
17,4_640x stock m270_4xobj_3_grid_r2_c4.png,5840,1,459,107,31.5,3
17,4_640x stock m270_4xobj_3_grid_r2_c4.png,5841,1,355,93,46.0,3
17,4_640x stock m270_4xobj_3_grid_r2_c4.png,5842,1,505,90,46.0,3
17,4_640x stock m270_4xobj_3_grid_r2_c4.png,5843,1,391,81,46.0,3
17,4_640x stock m270_4xobj_3_grid_r2_c4.png,5844,1,296,75,46.0,3
17,4_640x stock m270_4xobj_3_grid_r2_c4.png,5845,1,212,68,46.0,3
17,4_640x stock m270_4xobj_3_grid_r2_c4.png,5846,1,290,55,46.0,3
17,4_640x stock m270_4xobj_3_grid_r2_c4.png,5847,1,335,54,46.0,3
17,4_640x stock m270_4xobj_3_grid_r2_c4.png,5848,1,35,48,46.0,3
17,4_640x stock m270_4xobj_3_grid_r2_c4.png,5849,1,393,38,46.0,3
17,4_640x stock m270_4xobj_3_grid_r2_c4.png,5850,1,213,35,46.0,3
17,4_640x stock m270_4xobj_3_grid_r2_c4.png,5851,1,273,32,46.0,3
17,4_640x stock m270_4xobj_3_grid_r2_c4.png,5852,1,143,29,31.5,3
17,4_640x stock m270_4xobj_3_grid_r2_c4.png,5853,1,389,22,46.0,3
17,4_640x stock m270_4xobj_3_grid_r2_c4.png,5854,1,324,10,46.0,3
17,4_640x stock m270_4xobj_3_grid_r2_c4.png,5855,1,358,8,46.0,3
17,4_640x stock m270_4xobj_3_grid_r2_c4.png,5856,1,392,7,46.0,3
17,4_640x stock m270_4xobj_3_grid_r2_c4.png,5857,1,210,5,46.0,3
17,4_640x stock m270_4xobj_3_grid_r2_c4.png,5858,1,443,2,28.0,2
17,4_640x stock m270_4xobj_3_grid_r2_c4.png,5859,1,314,2,28.0,2
17,4_640x stock m270_4xobj_3_grid_r2_c4.png,5860,1,190,503,31.5,3
17,4_640x stock m270_4xobj_3_grid_r2_c4.png,5861,1,429,452,46.0,3
17,4_640x stock m270_4xobj_3_grid_r2_c4.png,5862,1,468,434,74.5,4
17,4_640x stock m270_4xobj_3_grid_r2_c4.png,5863,1,417,404,46.0,3
17,4_640x stock m270_4xobj_3_grid_r2_c4.png,5864,1,507,379,31.5,3
17,4_640x stock m270_4xobj_3_grid_r2_c4.png,5865,1,218,360,46.0,3
17,4_640x stock m270_4xobj_3_grid_r2_c4.png,5866,1,470,354,31.5,3
17,4_640x stock m270_4xobj_3_grid_r2_c4.png,5867,1,82,353,46.0,3
17,4_640x stock m270_4xobj_3_grid_r2_c4.png,5868,1,237,340,46.0,3
17,4_640x stock m270_4xobj_3_grid_r2_c4.png,5869,1,481,332,46.0,3
17,4_640x stock m270_4xobj_3_grid_r2_c4.png,5870,1,352,331,46.0,3
17,4_640x stock m270_4xobj_3_grid_r2_c4.png,5871,1,459,326,46.0,3
17,4_640x stock m270_4xobj_3_grid_r2_c4.png,5872,1,480,314,46.0,3
17,4_640x stock m270_4xobj_3_grid_r2_c4.png,5873,1,405,310,46.0,3
17,4_640x stock m270_4xobj_3_grid_r2_c4.png,5874,1,294,305,46.0,3
17,4_640x stock m270_4xobj_3_grid_r2_c4.png,5875,1,425,280,46.0,3
17,4_640x stock m270_4xobj_3_grid_r2_c4.png,5876,1,325,278,46.0,3
17,4_640x stock m270_4xobj_3_grid_r2_c4.png,5877,1,380,276,46.0,3
17,4_640x stock m270_4xobj_3_grid_r2_c4.png,5878,1,283,270,46.0,3
17,4_640x stock m270_4xobj_3_grid_r2_c4.png,5879,1,417,262,31.5,3
17,4_640x stock m270_4xobj_3_grid_r2_c4.png,5880,1,156,253,46.0,3
17,4_640x stock m270_4xobj_3_grid_r2_c4.png,5881,1,274,251,46.0,3
17,4_640x stock m270_4xobj_3_grid_r2_c4.png,5882,1,346,249,46.0,3
17,4_640x stock m270_4xobj_3_grid_r2_c4.png,5883,1,388,247,46.0,3
17,4_640x stock m270_4xobj_3_grid_r2_c4.png,5884,1,408,236,74.5,4
17,4_640x stock m270_4xobj_3_grid_r2_c4.png,5885,1,346,223,46.0,3
17,4_640x stock m270_4xobj_3_grid_r2_c4.png,5886,1,338,213,46.0,3
17,4_640x stock m270_4xobj_3_grid_r2_c4.png,5887,1,257,212,46.0,3
17,4_640x stock m270_4xobj_3_grid_r2_c4.png,5888,1,293,210,46.0,3
17,4_640x stock m270_4xobj_3_grid_r2_c4.png,5889,1,239,210,46.0,3
17,4_640x stock m270_4xobj_3_grid_r2_c4.png,5890,1,50,208,31.5,3
17,4_640x stock m270_4xobj_3_grid_r2_c4.png,5891,1,166,198,31.5,3
17,4_640x stock m270_4xobj_3_grid_r2_c4.png,5892,1,386,197,46.0,3
17,4_640x stock m270_4xobj_3_grid_r2_c4.png,5893,1,279,194,46.0,3
17,4_640x stock m270_4xobj_3_grid_r2_c4.png,5894,1,424,193,46.0,3
17,4_640x stock m270_4xobj_3_grid_r2_c4.png,5895,1,55,175,46.0,3
17,4_640x stock m270_4xobj_3_grid_r2_c4.png,5896,1,480,162,46.0,3
17,4_640x stock m270_4xobj_3_grid_r2_c4.png,5897,1,200,159,46.0,3
17,4_640x stock m270_4xobj_3_grid_r2_c4.png,5898,1,7,158,46.0,3
17,4_640x stock m270_4xobj_3_grid_r2_c4.png,5899,1,439,152,46.0,3
17,4_640x stock m270_4xobj_3_grid_r2_c4.png,5900,1,128,144,46.0,3
17,4_640x stock m270_4xobj_3_grid_r2_c4.png,5901,1,262,140,46.0,3
17,4_640x stock m270_4xobj_3_grid_r2_c4.png,5902,1,261,129,46.0,3
17,4_640x stock m270_4xobj_3_grid_r2_c4.png,5903,1,426,126,46.0,3
17,4_640x stock m270_4xobj_3_grid_r2_c4.png,5904,1,238,127,46.0,3
17,4_640x stock m270_4xobj_3_grid_r2_c4.png,5905,1,436,115,46.0,3
17,4_640x stock m270_4xobj_3_grid_r2_c4.png,5906,1,203,109,46.0,3
17,4_640x stock m270_4xobj_3_grid_r2_c4.png,5907,1,134,108,46.0,3
17,4_640x stock m270_4xobj_3_grid_r2_c4.png,5908,1,448,102,46.0,3
17,4_640x stock m270_4xobj_3_grid_r2_c4.png,5909,1,184,85,46.0,3
17,4_640x stock m270_4xobj_3_grid_r2_c4.png,5910,1,97,84,31.5,3
17,4_640x stock m270_4xobj_3_grid_r2_c4.png,5911,1,110,78,46.0,3
17,4_640x stock m270_4xobj_3_grid_r2_c4.png,5912,1,119,73,46.0,3
17,4_640x stock m270_4xobj_3_grid_r2_c4.png,5913,1,183,68,46.0,3
17,4_640x stock m270_4xobj_3_grid_r2_c4.png,5914,1,369,67,46.0,3
17,4_640x stock m270_4xobj_3_grid_r2_c4.png,5915,1,37,64,46.0,3
17,4_640x stock m270_4xobj_3_grid_r2_c4.png,5916,1,236,60,74.5,4
17,4_640x stock m270_4xobj_3_grid_r2_c4.png,5917,1,402,49,31.5,3
17,4_640x stock m270_4xobj_3_grid_r2_c4.png,5918,1,59,49,46.0,3
17,4_640x stock m270_4xobj_3_grid_r2_c4.png,5919,1,239,36,46.0,3
17,4_640x stock m270_4xobj_3_grid_r2_c4.png,5920,1,25,37,46.0,3
17,4_640x stock m270_4xobj_3_grid_r2_c4.png,5921,1,481,34,46.0,3
17,4_640x stock m270_4xobj_3_grid_r2_c4.png,5922,1,463,33,46.0,3
17,4_640x stock m270_4xobj_3_grid_r2_c4.png,5923,1,157,7,46.0,3
17,4_640x stock m270_4xobj_3_grid_r2_c4.png,5924,1,325,503,46.0,3
17,4_640x stock m270_4xobj_3_grid_r2_c4.png,5925,1,459,500,31.5,3
17,4_640x stock m270_4xobj_3_grid_r2_c4.png,5926,1,23,500,31.5,3
17,4_640x stock m270_4xobj_3_grid_r2_c4.png,5927,1,367,490,46.0,3
17,4_640x stock m270_4xobj_3_grid_r2_c4.png,5928,1,402,487,46.0,3
17,4_640x stock m270_4xobj_3_grid_r2_c4.png,5929,1,462,481,46.0,3
17,4_640x stock m270_4xobj_3_grid_r2_c4.png,5930,1,406,477,46.0,3
17,4_640x stock m270_4xobj_3_grid_r2_c4.png,5931,1,52,474,46.0,3
17,4_640x stock m270_4xobj_3_grid_r2_c4.png,5932,1,345,471,46.0,3
17,4_640x stock m270_4xobj_3_grid_r2_c4.png,5933,1,24,467,46.0,3
17,4_640x stock m270_4xobj_3_grid_r2_c4.png,5934,1,421,460,46.0,3
17,4_640x stock m270_4xobj_3_grid_r2_c4.png,5935,1,399,455,46.0,3
17,4_640x stock m270_4xobj_3_grid_r2_c4.png,5936,1,301,444,46.0,3
17,4_640x stock m270_4xobj_3_grid_r2_c4.png,5937,1,194,437,31.5,3
17,4_640x stock m270_4xobj_3_grid_r2_c4.png,5938,1,280,420,46.0,3
17,4_640x stock m270_4xobj_3_grid_r2_c4.png,5939,1,378,417,31.5,3
17,4_640x stock m270_4xobj_3_grid_r2_c4.png,5940,1,247,410,46.0,3
17,4_640x stock m270_4xobj_3_grid_r2_c4.png,5941,1,79,395,31.5,3
17,4_640x stock m270_4xobj_3_grid_r2_c4.png,5942,1,466,388,46.0,3
17,4_640x stock m270_4xobj_3_grid_r2_c4.png,5943,1,396,384,31.5,3
17,4_640x stock m270_4xobj_3_grid_r2_c4.png,5944,1,269,381,46.0,3
17,4_640x stock m270_4xobj_3_grid_r2_c4.png,5945,1,126,379,46.0,3
17,4_640x stock m270_4xobj_3_grid_r2_c4.png,5946,1,260,374,46.0,3
17,4_640x stock m270_4xobj_3_grid_r2_c4.png,5947,1,295,372,46.0,3
17,4_640x stock m270_4xobj_3_grid_r2_c4.png,5948,1,346,367,46.0,3
17,4_640x stock m270_4xobj_3_grid_r2_c4.png,5949,1,355,353,46.0,3
17,4_640x stock m270_4xobj_3_grid_r2_c4.png,5950,1,4,334,31.5,3
17,4_640x stock m270_4xobj_3_grid_r2_c4.png,5951,1,110,332,46.0,3
17,4_640x stock m270_4xobj_3_grid_r2_c4.png,5952,1,423,327,46.0,3
17,4_640x stock m270_4xobj_3_grid_r2_c4.png,5953,1,472,320,31.5,3
17,4_640x stock m270_4xobj_3_grid_r2_c4.png,5954,1,65,308,46.0,3
17,4_640x stock m270_4xobj_3_grid_r2_c4.png,5955,1,83,308,46.0,3
17,4_640x stock m270_4xobj_3_grid_r2_c4.png,5956,1,185,306,46.0,3
17,4_640x stock m270_4xobj_3_grid_r2_c4.png,5957,1,18,305,46.0,3
17,4_640x stock m270_4xobj_3_grid_r2_c4.png,5958,1,198,295,46.0,3
17,4_640x stock m270_4xobj_3_grid_r2_c4.png,5959,1,389,286,46.0,3
17,4_640x stock m270_4xobj_3_grid_r2_c4.png,5960,1,108,280,46.0,3
17,4_640x stock m270_4xobj_3_grid_r2_c4.png,5961,1,22,280,46.0,3
17,4_640x stock m270_4xobj_3_grid_r2_c4.png,5962,1,273,277,46.0,3
17,4_640x stock m270_4xobj_3_grid_r2_c4.png,5963,1,314,271,46.0,3
17,4_640x stock m270_4xobj_3_grid_r2_c4.png,5964,1,230,271,46.0,3
17,4_640x stock m270_4xobj_3_grid_r2_c4.png,5965,1,117,258,46.0,3
17,4_640x stock m270_4xobj_3_grid_r2_c4.png,5966,1,8,255,46.0,3
17,4_640x stock m270_4xobj_3_grid_r2_c4.png,5967,1,398,254,46.0,3
17,4_640x stock m270_4xobj_3_grid_r2_c4.png,5968,1,74,250,46.0,3
17,4_640x stock m270_4xobj_3_grid_r2_c4.png,5969,1,91,246,46.0,3
17,4_640x stock m270_4xobj_3_grid_r2_c4.png,5970,1,115,233,46.0,3
17,4_640x stock m270_4xobj_3_grid_r2_c4.png,5971,1,16,231,46.0,3
17,4_640x stock m270_4xobj_3_grid_r2_c4.png,5972,1,31,231,46.0,3
17,4_640x stock m270_4xobj_3_grid_r2_c4.png,5973,1,199,229,46.0,3
17,4_640x stock m270_4xobj_3_grid_r2_c4.png,5974,1,317,227,46.0,3
17,4_640x stock m270_4xobj_3_grid_r2_c4.png,5975,1,97,227,31.5,3
17,4_640x stock m270_4xobj_3_grid_r2_c4.png,5976,1,148,219,46.0,3
17,4_640x stock m270_4xobj_3_grid_r2_c4.png,5977,1,53,219,31.5,3
17,4_640x stock m270_4xobj_3_grid_r2_c4.png,5978,1,217,217,46.0,3
17,4_640x stock m270_4xobj_3_grid_r2_c4.png,5979,1,104,216,46.0,3
17,4_640x stock m270_4xobj_3_grid_r2_c4.png,5980,1,70,208,46.0,3
17,4_640x stock m270_4xobj_3_grid_r2_c4.png,5981,1,93,201,46.0,3
17,4_640x stock m270_4xobj_3_grid_r2_c4.png,5982,1,215,185,46.0,3
17,4_640x stock m270_4xobj_3_grid_r2_c4.png,5983,1,67,179,46.0,3
17,4_640x stock m270_4xobj_3_grid_r2_c4.png,5984,1,327,172,46.0,3
17,4_640x stock m270_4xobj_3_grid_r2_c4.png,5985,1,51,152,46.0,3
17,4_640x stock m270_4xobj_3_grid_r2_c4.png,5986,1,151,136,46.0,3
17,4_640x stock m270_4xobj_3_grid_r2_c4.png,5987,1,97,134,46.0,3
17,4_640x stock m270_4xobj_3_grid_r2_c4.png,5988,1,314,125,46.0,3
17,4_640x stock m270_4xobj_3_grid_r2_c4.png,5989,1,67,112,74.5,4
17,4_640x stock m270_4xobj_3_grid_r2_c4.png,5990,1,244,109,46.0,3
17,4_640x stock m270_4xobj_3_grid_r2_c4.png,5991,1,34,101,46.0,3
17,4_640x stock m270_4xobj_3_grid_r2_c4.png,5992,1,31,86,46.0,3
17,4_640x stock m270_4xobj_3_grid_r2_c4.png,5993,1,227,75,46.0,3
17,4_640x stock m270_4xobj_3_grid_r2_c4.png,5994,1,142,74,46.0,3
17,4_640x stock m270_4xobj_3_grid_r2_c4.png,5995,1,46,26,46.0,3
17,4_640x stock m270_4xobj_3_grid_r2_c4.png,5996,1,501,508,26.5,2
17,4_640x stock m270_4xobj_3_grid_r2_c4.png,5997,1,66,502,46.0,3
17,4_640x stock m270_4xobj_3_grid_r2_c4.png,5998,1,162,494,46.0,3
17,4_640x stock m270_4xobj_3_grid_r2_c4.png,5999,1,502,480,31.5,3
17,4_640x stock m270_4xobj_3_grid_r2_c4.png,6000,1,358,442,46.0,3
17,4_640x stock m270_4xobj_3_grid_r2_c4.png,6001,1,48,434,46.0,3
17,4_640x stock m270_4xobj_3_grid_r2_c4.png,6002,1,107,427,46.0,3
17,4_640x stock m270_4xobj_3_grid_r2_c4.png,6003,1,439,387,74.5,4
17,4_640x stock m270_4xobj_3_grid_r2_c4.png,6004,1,358,385,46.0,3
17,4_640x stock m270_4xobj_3_grid_r2_c4.png,6005,1,309,382,74.5,4
17,4_640x stock m270_4xobj_3_grid_r2_c4.png,6006,1,105,378,46.0,3
17,4_640x stock m270_4xobj_3_grid_r2_c4.png,6007,1,66,371,46.0,3
17,4_640x stock m270_4xobj_3_grid_r2_c4.png,6008,1,6,362,46.0,3
17,4_640x stock m270_4xobj_3_grid_r2_c4.png,6009,1,120,347,46.0,3
17,4_640x stock m270_4xobj_3_grid_r2_c4.png,6010,1,257,330,74.5,4
17,4_640x stock m270_4xobj_3_grid_r2_c4.png,6011,1,52,291,46.0,3
17,4_640x stock m270_4xobj_3_grid_r2_c4.png,6012,1,89,499,46.0,3
17,4_640x stock m270_4xobj_3_grid_r2_c4.png,6013,1,305,488,46.0,3
17,4_640x stock m270_4xobj_3_grid_r2_c4.png,6014,1,228,352,46.0,3
17,4_640x stock m270_4xobj_3_grid_r2_c4.png,6015,1,291,294,31.5,3
17,4_640x stock m270_4xobj_3_grid_r2_c4.png,6016,1,132,304,74.5,4
17,4_640x stock m270_4xobj_3_grid_r2_c4.png,6017,1,23,245,46.0,3
17,4_640x stock m270_4xobj_3_grid_r2_c4.png,6018,1,124,457,31.5,3
17,4_640x stock m270_4xobj_3_grid_r2_c4.png,6019,1,14,495,31.5,3
18,4_640x stock m270_4xobj_3_grid_r2_c5.png,6020,1,154,7,31.5,3
18,4_640x stock m270_4xobj_3_grid_r2_c5.png,6021,1,458,503,46.0,3
18,4_640x stock m270_4xobj_3_grid_r2_c5.png,6022,1,361,478,31.5,3
18,4_640x stock m270_4xobj_3_grid_r2_c5.png,6023,1,485,461,46.0,3
18,4_640x stock m270_4xobj_3_grid_r2_c5.png,6024,1,363,432,46.0,3
18,4_640x stock m270_4xobj_3_grid_r2_c5.png,6025,1,176,431,46.0,3
18,4_640x stock m270_4xobj_3_grid_r2_c5.png,6026,1,488,430,46.0,3
18,4_640x stock m270_4xobj_3_grid_r2_c5.png,6027,1,336,424,31.5,3
18,4_640x stock m270_4xobj_3_grid_r2_c5.png,6028,1,448,427,318.0,10
18,4_640x stock m270_4xobj_3_grid_r2_c5.png,6029,1,372,421,46.0,3
18,4_640x stock m270_4xobj_3_grid_r2_c5.png,6030,1,394,379,46.0,3
18,4_640x stock m270_4xobj_3_grid_r2_c5.png,6031,1,407,377,46.0,3
18,4_640x stock m270_4xobj_3_grid_r2_c5.png,6032,1,342,375,104.0,5
18,4_640x stock m270_4xobj_3_grid_r2_c5.png,6033,1,149,374,46.0,3
18,4_640x stock m270_4xobj_3_grid_r2_c5.png,6034,1,461,373,46.0,3
18,4_640x stock m270_4xobj_3_grid_r2_c5.png,6035,1,349,366,46.0,3
18,4_640x stock m270_4xobj_3_grid_r2_c5.png,6036,1,285,363,46.0,3
18,4_640x stock m270_4xobj_3_grid_r2_c5.png,6037,1,71,364,46.0,3
18,4_640x stock m270_4xobj_3_grid_r2_c5.png,6038,1,409,363,46.0,3
18,4_640x stock m270_4xobj_3_grid_r2_c5.png,6039,1,198,362,46.0,3
18,4_640x stock m270_4xobj_3_grid_r2_c5.png,6040,1,125,355,46.0,3
18,4_640x stock m270_4xobj_3_grid_r2_c5.png,6041,1,451,344,46.0,3
18,4_640x stock m270_4xobj_3_grid_r2_c5.png,6042,1,147,334,46.0,3
18,4_640x stock m270_4xobj_3_grid_r2_c5.png,6043,1,318,331,46.0,3
18,4_640x stock m270_4xobj_3_grid_r2_c5.png,6044,1,358,317,46.0,3
18,4_640x stock m270_4xobj_3_grid_r2_c5.png,6045,1,150,317,46.0,3
18,4_640x stock m270_4xobj_3_grid_r2_c5.png,6046,1,177,314,46.0,3
18,4_640x stock m270_4xobj_3_grid_r2_c5.png,6047,1,5,314,46.0,3
18,4_640x stock m270_4xobj_3_grid_r2_c5.png,6048,1,83,310,46.0,3
18,4_640x stock m270_4xobj_3_grid_r2_c5.png,6049,1,167,306,31.5,3
18,4_640x stock m270_4xobj_3_grid_r2_c5.png,6050,1,453,303,46.0,3
18,4_640x stock m270_4xobj_3_grid_r2_c5.png,6051,1,493,303,46.0,3
18,4_640x stock m270_4xobj_3_grid_r2_c5.png,6052,1,180,301,46.0,3
18,4_640x stock m270_4xobj_3_grid_r2_c5.png,6053,1,115,297,46.0,3
18,4_640x stock m270_4xobj_3_grid_r2_c5.png,6054,1,473,285,46.0,3
18,4_640x stock m270_4xobj_3_grid_r2_c5.png,6055,1,383,285,46.0,3
18,4_640x stock m270_4xobj_3_grid_r2_c5.png,6056,1,418,279,31.5,3
18,4_640x stock m270_4xobj_3_grid_r2_c5.png,6057,1,36,269,46.0,3
18,4_640x stock m270_4xobj_3_grid_r2_c5.png,6058,1,472,258,46.0,3
18,4_640x stock m270_4xobj_3_grid_r2_c5.png,6059,1,340,258,46.0,3
18,4_640x stock m270_4xobj_3_grid_r2_c5.png,6060,1,42,258,46.0,3
18,4_640x stock m270_4xobj_3_grid_r2_c5.png,6061,1,156,253,46.0,3
18,4_640x stock m270_4xobj_3_grid_r2_c5.png,6062,1,280,253,46.0,3
18,4_640x stock m270_4xobj_3_grid_r2_c5.png,6063,1,429,251,46.0,3
18,4_640x stock m270_4xobj_3_grid_r2_c5.png,6064,1,61,246,46.0,3
18,4_640x stock m270_4xobj_3_grid_r2_c5.png,6065,1,165,244,46.0,3
18,4_640x stock m270_4xobj_3_grid_r2_c5.png,6066,1,277,104,46.0,3
18,4_640x stock m270_4xobj_3_grid_r2_c5.png,6067,1,278,95,46.0,3
18,4_640x stock m270_4xobj_3_grid_r2_c5.png,6068,1,199,73,46.0,3
18,4_640x stock m270_4xobj_3_grid_r2_c5.png,6069,1,199,84,46.0,3
18,4_640x stock m270_4xobj_3_grid_r2_c5.png,6070,1,240,13,46.0,3
18,4_640x stock m270_4xobj_3_grid_r2_c5.png,6071,1,230,9,46.0,3
18,4_640x stock m270_4xobj_3_grid_r2_c5.png,6072,1,309,9,46.0,3
18,4_640x stock m270_4xobj_3_grid_r2_c5.png,6073,1,81,32,46.0,3
18,4_640x stock m270_4xobj_3_grid_r2_c5.png,6074,1,75,41,46.0,3
18,4_640x stock m270_4xobj_3_grid_r2_c5.png,6075,1,430,34,46.0,3
18,4_640x stock m270_4xobj_3_grid_r2_c5.png,6076,1,139,244,46.0,3
18,4_640x stock m270_4xobj_3_grid_r2_c5.png,6077,1,99,239,104.0,5
18,4_640x stock m270_4xobj_3_grid_r2_c5.png,6078,1,351,235,46.0,3
18,4_640x stock m270_4xobj_3_grid_r2_c5.png,6079,1,478,233,31.5,3
18,4_640x stock m270_4xobj_3_grid_r2_c5.png,6080,1,262,233,46.0,3
18,4_640x stock m270_4xobj_3_grid_r2_c5.png,6081,1,73,226,46.0,3
18,4_640x stock m270_4xobj_3_grid_r2_c5.png,6082,1,358,223,74.5,4
18,4_640x stock m270_4xobj_3_grid_r2_c5.png,6083,1,422,221,46.0,3
18,4_640x stock m270_4xobj_3_grid_r2_c5.png,6084,1,298,218,46.0,3
18,4_640x stock m270_4xobj_3_grid_r2_c5.png,6085,1,395,213,31.5,3
18,4_640x stock m270_4xobj_3_grid_r2_c5.png,6086,1,145,214,46.0,3
18,4_640x stock m270_4xobj_3_grid_r2_c5.png,6087,1,68,199,46.0,3
18,4_640x stock m270_4xobj_3_grid_r2_c5.png,6088,1,226,198,46.0,3
18,4_640x stock m270_4xobj_3_grid_r2_c5.png,6089,1,393,195,46.0,3
18,4_640x stock m270_4xobj_3_grid_r2_c5.png,6090,1,472,193,31.5,3
18,4_640x stock m270_4xobj_3_grid_r2_c5.png,6091,1,375,190,46.0,3
18,4_640x stock m270_4xobj_3_grid_r2_c5.png,6092,1,103,188,46.0,3
18,4_640x stock m270_4xobj_3_grid_r2_c5.png,6093,1,13,180,46.0,3
18,4_640x stock m270_4xobj_3_grid_r2_c5.png,6094,1,31,172,46.0,3
18,4_640x stock m270_4xobj_3_grid_r2_c5.png,6095,1,171,168,46.0,3
18,4_640x stock m270_4xobj_3_grid_r2_c5.png,6096,1,5,162,46.0,3
18,4_640x stock m270_4xobj_3_grid_r2_c5.png,6097,1,56,156,46.0,3
18,4_640x stock m270_4xobj_3_grid_r2_c5.png,6098,1,335,157,74.5,4
18,4_640x stock m270_4xobj_3_grid_r2_c5.png,6099,1,93,152,46.0,3
18,4_640x stock m270_4xobj_3_grid_r2_c5.png,6100,1,215,151,46.0,3
18,4_640x stock m270_4xobj_3_grid_r2_c5.png,6101,1,72,149,46.0,3
18,4_640x stock m270_4xobj_3_grid_r2_c5.png,6102,1,27,146,46.0,3
18,4_640x stock m270_4xobj_3_grid_r2_c5.png,6103,1,281,139,46.0,3
18,4_640x stock m270_4xobj_3_grid_r2_c5.png,6104,1,194,137,74.5,4
18,4_640x stock m270_4xobj_3_grid_r2_c5.png,6105,1,104,134,46.0,3
18,4_640x stock m270_4xobj_3_grid_r2_c5.png,6106,1,399,125,46.0,3
18,4_640x stock m270_4xobj_3_grid_r2_c5.png,6107,1,343,117,46.0,3
18,4_640x stock m270_4xobj_3_grid_r2_c5.png,6108,1,220,109,46.0,3
18,4_640x stock m270_4xobj_3_grid_r2_c5.png,6109,1,101,104,46.0,3
18,4_640x stock m270_4xobj_3_grid_r2_c5.png,6110,1,452,104,46.0,3
18,4_640x stock m270_4xobj_3_grid_r2_c5.png,6111,1,238,96,46.0,3
18,4_640x stock m270_4xobj_3_grid_r2_c5.png,6112,1,170,78,74.5,4
18,4_640x stock m270_4xobj_3_grid_r2_c5.png,6113,1,114,74,46.0,3
18,4_640x stock m270_4xobj_3_grid_r2_c5.png,6114,1,492,57,74.5,4
18,4_640x stock m270_4xobj_3_grid_r2_c5.png,6115,1,403,56,46.0,3
18,4_640x stock m270_4xobj_3_grid_r2_c5.png,6116,1,233,43,46.0,3
18,4_640x stock m270_4xobj_3_grid_r2_c5.png,6117,1,118,42,46.0,3
18,4_640x stock m270_4xobj_3_grid_r2_c5.png,6118,1,6,34,46.0,3
18,4_640x stock m270_4xobj_3_grid_r2_c5.png,6119,1,294,31,74.5,4
18,4_640x stock m270_4xobj_3_grid_r2_c5.png,6120,1,263,506,46.0,3
18,4_640x stock m270_4xobj_3_grid_r2_c5.png,6121,1,350,495,46.0,3
18,4_640x stock m270_4xobj_3_grid_r2_c5.png,6122,1,430,484,46.0,3
18,4_640x stock m270_4xobj_3_grid_r2_c5.png,6123,1,354,471,31.5,3
18,4_640x stock m270_4xobj_3_grid_r2_c5.png,6124,1,232,463,46.0,3
18,4_640x stock m270_4xobj_3_grid_r2_c5.png,6125,1,174,459,46.0,3
18,4_640x stock m270_4xobj_3_grid_r2_c5.png,6126,1,450,456,46.0,3
18,4_640x stock m270_4xobj_3_grid_r2_c5.png,6127,1,207,452,46.0,3
18,4_640x stock m270_4xobj_3_grid_r2_c5.png,6128,1,375,448,46.0,3
18,4_640x stock m270_4xobj_3_grid_r2_c5.png,6129,1,53,444,46.0,3
18,4_640x stock m270_4xobj_3_grid_r2_c5.png,6130,1,206,439,46.0,3
18,4_640x stock m270_4xobj_3_grid_r2_c5.png,6131,1,221,437,46.0,3
18,4_640x stock m270_4xobj_3_grid_r2_c5.png,6132,1,206,421,46.0,3
18,4_640x stock m270_4xobj_3_grid_r2_c5.png,6133,1,54,412,46.0,3
18,4_640x stock m270_4xobj_3_grid_r2_c5.png,6134,1,123,407,46.0,3
18,4_640x stock m270_4xobj_3_grid_r2_c5.png,6135,1,260,400,46.0,3
18,4_640x stock m270_4xobj_3_grid_r2_c5.png,6136,1,113,388,46.0,3
18,4_640x stock m270_4xobj_3_grid_r2_c5.png,6137,1,70,384,46.0,3
18,4_640x stock m270_4xobj_3_grid_r2_c5.png,6138,1,87,359,46.0,3
18,4_640x stock m270_4xobj_3_grid_r2_c5.png,6139,1,108,355,46.0,3
18,4_640x stock m270_4xobj_3_grid_r2_c5.png,6140,1,315,355,46.0,3
18,4_640x stock m270_4xobj_3_grid_r2_c5.png,6141,1,236,352,46.0,3
18,4_640x stock m270_4xobj_3_grid_r2_c5.png,6142,1,39,348,46.0,3
18,4_640x stock m270_4xobj_3_grid_r2_c5.png,6143,1,195,348,46.0,3
18,4_640x stock m270_4xobj_3_grid_r2_c5.png,6144,1,119,335,46.0,3
18,4_640x stock m270_4xobj_3_grid_r2_c5.png,6145,1,6,332,46.0,3
18,4_640x stock m270_4xobj_3_grid_r2_c5.png,6146,1,191,303,46.0,3
18,4_640x stock m270_4xobj_3_grid_r2_c5.png,6147,1,154,303,46.0,3
18,4_640x stock m270_4xobj_3_grid_r2_c5.png,6148,1,169,287,46.0,3
18,4_640x stock m270_4xobj_3_grid_r2_c5.png,6149,1,221,284,31.5,3
18,4_640x stock m270_4xobj_3_grid_r2_c5.png,6150,1,209,282,46.0,3
18,4_640x stock m270_4xobj_3_grid_r2_c5.png,6151,1,314,282,46.0,3
18,4_640x stock m270_4xobj_3_grid_r2_c5.png,6152,1,421,260,31.5,3
18,4_640x stock m270_4xobj_3_grid_r2_c5.png,6153,1,84,246,46.0,3
18,4_640x stock m270_4xobj_3_grid_r2_c5.png,6154,1,221,217,46.0,3
18,4_640x stock m270_4xobj_3_grid_r2_c5.png,6155,1,417,203,46.0,3
18,4_640x stock m270_4xobj_3_grid_r2_c5.png,6156,1,141,194,46.0,3
18,4_640x stock m270_4xobj_3_grid_r2_c5.png,6157,1,482,180,46.0,3
18,4_640x stock m270_4xobj_3_grid_r2_c5.png,6158,1,411,106,74.5,4
18,4_640x stock m270_4xobj_3_grid_r2_c5.png,6159,1,26,508,26.5,2
18,4_640x stock m270_4xobj_3_grid_r2_c5.png,6160,1,35,503,31.5,3
18,4_640x stock m270_4xobj_3_grid_r2_c5.png,6161,1,317,503,46.0,3
18,4_640x stock m270_4xobj_3_grid_r2_c5.png,6162,1,339,482,46.0,3
18,4_640x stock m270_4xobj_3_grid_r2_c5.png,6163,1,27,480,46.0,3
18,4_640x stock m270_4xobj_3_grid_r2_c5.png,6164,1,296,432,74.5,4
18,4_640x stock m270_4xobj_3_grid_r2_c5.png,6165,1,92,425,74.5,4
18,4_640x stock m270_4xobj_3_grid_r2_c5.png,6166,1,299,414,46.0,3
18,4_640x stock m270_4xobj_3_grid_r2_c5.png,6167,1,257,288,74.5,4
18,4_640x stock m270_4xobj_3_grid_r2_c5.png,6168,1,345,451,31.5,3
18,4_640x stock m270_4xobj_3_grid_r2_c5.png,6169,1,425,27,46.0,3
18,4_640x stock m270_4xobj_3_grid_r2_c5.png,6170,1,78,13,46.0,3
18,4_640x stock m270_4xobj_3_grid_r2_c5.png,6171,1,74,4,46.0,3
18,4_640x stock m270_4xobj_3_grid_r2_c5.png,6172,1,32,379,46.0,3
18,4_640x stock m270_4xobj_3_grid_r2_c5.png,6173,1,45,378,46.0,3
18,4_640x stock m270_4xobj_3_grid_r2_c5.png,6174,1,36,388,46.0,3
18,4_640x stock m270_4xobj_3_grid_r2_c5.png,6175,1,40,397,46.0,3
18,4_640x stock m270_4xobj_3_grid_r2_c5.png,6176,1,38,311,46.0,3
18,4_640x stock m270_4xobj_3_grid_r2_c5.png,6177,1,189,443,46.0,3
18,4_640x stock m270_4xobj_3_grid_r2_c5.png,6178,1,190,452,46.0,3
18,4_640x stock m270_4xobj_3_grid_r2_c5.png,6179,1,10,383,46.0,3
18,4_640x stock m270_4xobj_3_grid_r2_c5.png,6180,1,5,390,46.0,3
18,4_640x stock m270_4xobj_3_grid_r2_c5.png,6181,1,261,425,46.0,3
18,4_640x stock m270_4xobj_3_grid_r2_c5.png,6182,1,250,427,46.0,3
18,4_640x stock m270_4xobj_3_grid_r2_c5.png,6183,1,323,465,46.0,3
18,4_640x stock m270_4xobj_3_grid_r2_c5.png,6184,1,315,461,46.0,3
18,4_640x stock m270_4xobj_3_grid_r2_c5.png,6185,1,295,501,46.0,3
18,4_640x stock m270_4xobj_3_grid_r2_c5.png,6186,1,283,505,46.0,3
18,4_640x stock m270_4xobj_3_grid_r2_c5.png,6187,1,427,412,46.0,3
18,4_640x stock m270_4xobj_3_grid_r2_c5.png,6188,1,433,420,46.0,3
18,4_640x stock m270_4xobj_3_grid_r2_c5.png,6189,1,326,102,46.0,3
18,4_640x stock m270_4xobj_3_grid_r2_c5.png,6190,1,317,106,46.0,3
18,4_640x stock m270_4xobj_3_grid_r2_c5.png,6191,1,433,506,46.0,3
18,4_640x stock m270_4xobj_3_grid_r2_c5.png,6192,1,396,478,46.0,3
18,4_640x stock m270_4xobj_3_grid_r2_c5.png,6193,1,152,349,74.5,4
18,4_640x stock m270_4xobj_3_grid_r2_c5.png,6194,1,398,267,46.0,3
18,4_640x stock m270_4xobj_3_grid_r2_c5.png,6195,1,436,224,46.0,3
18,4_640x stock m270_4xobj_3_grid_r2_c5.png,6196,1,281,213,104.0,5
18,4_640x stock m270_4xobj_3_grid_r2_c5.png,6197,1,463,155,74.5,4
18,4_640x stock m270_4xobj_3_grid_r2_c5.png,6198,1,144,58,46.0,3
18,4_640x stock m270_4xobj_3_grid_r2_c5.png,6199,1,312,53,104.0,5
18,4_640x stock m270_4xobj_3_grid_r2_c5.png,6200,1,290,506,31.5,3
18,4_640x stock m270_4xobj_3_grid_r2_c5.png,6201,1,299,485,74.5,4
18,4_640x stock m270_4xobj_3_grid_r2_c5.png,6202,1,15,450,74.5,4
18,4_640x stock m270_4xobj_3_grid_r2_c5.png,6203,1,328,437,31.5,3
18,4_640x stock m270_4xobj_3_grid_r2_c5.png,6204,1,473,421,46.0,3
18,4_640x stock m270_4xobj_3_grid_r2_c5.png,6205,1,347,68,74.5,4
18,4_640x stock m270_4xobj_3_grid_r2_c5.png,6206,1,389,488,74.5,4
18,4_640x stock m270_4xobj_3_grid_r2_c5.png,6207,1,470,468,147.5,6
18,4_640x stock m270_4xobj_3_grid_r2_c5.png,6208,1,483,352,46.0,3
18,4_640x stock m270_4xobj_3_grid_r2_c5.png,6209,1,27,291,104.0,5
18,4_640x stock m270_4xobj_3_grid_r2_c5.png,6210,1,432,129,74.5,4
18,4_640x stock m270_4xobj_3_grid_r2_c5.png,6211,1,87,4,31.5,3
18,4_640x stock m270_4xobj_3_grid_r2_c5.png,6212,1,507,495,8.0,1
18,4_640x stock m270_4xobj_3_grid_r2_c5.png,6213,1,172,334,147.5,6
18,4_640x stock m270_4xobj_3_grid_r2_c5.png,6214,1,52,333,147.5,6
18,4_640x stock m270_4xobj_3_grid_r2_c5.png,6215,1,493,310,31.5,3
18,4_640x stock m270_4xobj_3_grid_r2_c5.png,6216,1,328,303,104.0,5
18,4_640x stock m270_4xobj_3_grid_r2_c5.png,6217,1,458,239,31.5,3
18,4_640x stock m270_4xobj_3_grid_r2_c5.png,6218,1,10,237,74.5,4
18,4_640x stock m270_4xobj_3_grid_r2_c5.png,6219,1,3,225,31.5,3
18,4_640x stock m270_4xobj_3_grid_r2_c5.png,6220,1,177,195,46.0,3
18,4_640x stock m270_4xobj_3_grid_r2_c5.png,6221,1,16,195,46.0,3
18,4_640x stock m270_4xobj_3_grid_r2_c5.png,6222,1,224,120,46.0,3
18,4_640x stock m270_4xobj_3_grid_r2_c5.png,6223,1,189,119,31.5,3
18,4_640x stock m270_4xobj_3_grid_r2_c5.png,6224,1,488,116,46.0,3
18,4_640x stock m270_4xobj_3_grid_r2_c5.png,6225,1,484,101,31.5,3
18,4_640x stock m270_4xobj_3_grid_r2_c5.png,6226,1,470,92,46.0,3
18,4_640x stock m270_4xobj_3_grid_r2_c5.png,6227,1,497,89,31.5,3
18,4_640x stock m270_4xobj_3_grid_r2_c5.png,6228,1,498,78,46.0,3
18,4_640x stock m270_4xobj_3_grid_r2_c5.png,6229,1,57,74,31.5,3
18,4_640x stock m270_4xobj_3_grid_r2_c5.png,6230,1,47,68,46.0,3
18,4_640x stock m270_4xobj_3_grid_r2_c5.png,6231,1,302,14,31.5,3
18,4_640x stock m270_4xobj_3_grid_r2_c5.png,6232,1,254,2,8.0,1
18,4_640x stock m270_4xobj_3_grid_r2_c5.png,6233,1,92,489,74.5,4
18,4_640x stock m270_4xobj_3_grid_r2_c5.png,6234,1,437,363,31.5,3
18,4_640x stock m270_4xobj_3_grid_r2_c5.png,6235,1,459,353,46.0,3
18,4_640x stock m270_4xobj_3_grid_r2_c5.png,6236,1,483,341,31.5,3
18,4_640x stock m270_4xobj_3_grid_r2_c5.png,6237,1,306,316,46.0,3
18,4_640x stock m270_4xobj_3_grid_r2_c5.png,6238,1,205,310,46.0,3
18,4_640x stock m270_4xobj_3_grid_r2_c5.png,6239,1,452,291,46.0,3
18,4_640x stock m270_4xobj_3_grid_r2_c5.png,6240,1,426,289,46.0,3
18,4_640x stock m270_4xobj_3_grid_r2_c5.png,6241,1,353,284,46.0,3
18,4_640x stock m270_4xobj_3_grid_r2_c5.png,6242,1,138,284,31.5,3
18,4_640x stock m270_4xobj_3_grid_r2_c5.png,6243,1,408,277,31.5,3
18,4_640x stock m270_4xobj_3_grid_r2_c5.png,6244,1,130,274,46.0,3
18,4_640x stock m270_4xobj_3_grid_r2_c5.png,6245,1,267,273,46.0,3
18,4_640x stock m270_4xobj_3_grid_r2_c5.png,6246,1,435,267,46.0,3
18,4_640x stock m270_4xobj_3_grid_r2_c5.png,6247,1,9,264,46.0,3
18,4_640x stock m270_4xobj_3_grid_r2_c5.png,6248,1,410,244,46.0,3
18,4_640x stock m270_4xobj_3_grid_r2_c5.png,6249,1,43,240,46.0,3
18,4_640x stock m270_4xobj_3_grid_r2_c5.png,6250,1,490,235,46.0,3
18,4_640x stock m270_4xobj_3_grid_r2_c5.png,6251,1,483,222,31.5,3
18,4_640x stock m270_4xobj_3_grid_r2_c5.png,6252,1,446,215,46.0,3
18,4_640x stock m270_4xobj_3_grid_r2_c5.png,6253,1,188,207,46.0,3
18,4_640x stock m270_4xobj_3_grid_r2_c5.png,6254,1,53,197,46.0,3
18,4_640x stock m270_4xobj_3_grid_r2_c5.png,6255,1,178,180,31.5,3
18,4_640x stock m270_4xobj_3_grid_r2_c5.png,6256,1,75,167,46.0,3
18,4_640x stock m270_4xobj_3_grid_r2_c5.png,6257,1,434,165,46.0,3
18,4_640x stock m270_4xobj_3_grid_r2_c5.png,6258,1,493,163,46.0,3
18,4_640x stock m270_4xobj_3_grid_r2_c5.png,6259,1,182,156,31.5,3
18,4_640x stock m270_4xobj_3_grid_r2_c5.png,6260,1,34,156,46.0,3
18,4_640x stock m270_4xobj_3_grid_r2_c5.png,6261,1,114,149,46.0,3
18,4_640x stock m270_4xobj_3_grid_r2_c5.png,6262,1,393,151,147.5,6
18,4_640x stock m270_4xobj_3_grid_r2_c5.png,6263,1,430,142,46.0,3
18,4_640x stock m270_4xobj_3_grid_r2_c5.png,6264,1,508,142,31.5,3
18,4_640x stock m270_4xobj_3_grid_r2_c5.png,6265,1,121,133,46.0,3
18,4_640x stock m270_4xobj_3_grid_r2_c5.png,6266,1,448,131,46.0,3
18,4_640x stock m270_4xobj_3_grid_r2_c5.png,6267,1,246,129,46.0,3
18,4_640x stock m270_4xobj_3_grid_r2_c5.png,6268,1,486,120,31.5,3
18,4_640x stock m270_4xobj_3_grid_r2_c5.png,6269,1,366,118,46.0,3
18,4_640x stock m270_4xobj_3_grid_r2_c5.png,6270,1,111,119,46.0,3
18,4_640x stock m270_4xobj_3_grid_r2_c5.png,6271,1,22,118,46.0,3
18,4_640x stock m270_4xobj_3_grid_r2_c5.png,6272,1,464,110,46.0,3
18,4_640x stock m270_4xobj_3_grid_r2_c5.png,6273,1,360,110,46.0,3
18,4_640x stock m270_4xobj_3_grid_r2_c5.png,6274,1,182,362,46.0,3
18,4_640x stock m270_4xobj_3_grid_r2_c5.png,6275,1,193,108,31.5,3
18,4_640x stock m270_4xobj_3_grid_r2_c5.png,6276,1,391,106,46.0,3
18,4_640x stock m270_4xobj_3_grid_r2_c5.png,6277,1,84,99,46.0,3
18,4_640x stock m270_4xobj_3_grid_r2_c5.png,6278,1,49,99,31.5,3
18,4_640x stock m270_4xobj_3_grid_r2_c5.png,6279,1,30,90,46.0,3
18,4_640x stock m270_4xobj_3_grid_r2_c5.png,6280,1,188,66,31.5,3
18,4_640x stock m270_4xobj_3_grid_r2_c5.png,6281,1,164,65,46.0,3
18,4_640x stock m270_4xobj_3_grid_r2_c5.png,6282,1,466,64,74.5,4
18,4_640x stock m270_4xobj_3_grid_r2_c5.png,6283,1,85,61,46.0,3
18,4_640x stock m270_4xobj_3_grid_r2_c5.png,6284,1,254,60,46.0,3
18,4_640x stock m270_4xobj_3_grid_r2_c5.png,6285,1,266,52,46.0,3
18,4_640x stock m270_4xobj_3_grid_r2_c5.png,6286,1,103,48,46.0,3
18,4_640x stock m270_4xobj_3_grid_r2_c5.png,6287,1,420,44,46.0,3
18,4_640x stock m270_4xobj_3_grid_r2_c5.png,6288,1,480,40,46.0,3
18,4_640x stock m270_4xobj_3_grid_r2_c5.png,6289,1,260,38,46.0,3
18,4_640x stock m270_4xobj_3_grid_r2_c5.png,6290,1,343,29,46.0,3
18,4_640x stock m270_4xobj_3_grid_r2_c5.png,6291,1,313,23,46.0,3
18,4_640x stock m270_4xobj_3_grid_r2_c5.png,6292,1,422,16,31.5,3
18,4_640x stock m270_4xobj_3_grid_r2_c5.png,6293,1,43,12,46.0,3
19,4_640x stock m270_4xobj_3_grid_r2_c6.png,6294,1,507,241,46.0,3
19,4_640x stock m270_4xobj_3_grid_r2_c6.png,6295,1,114,290,46.0,3
19,4_640x stock m270_4xobj_3_grid_r2_c6.png,6296,1,264,292,31.5,3
19,4_640x stock m270_4xobj_3_grid_r2_c6.png,6297,1,161,294,31.5,3
19,4_640x stock m270_4xobj_3_grid_r2_c6.png,6298,1,420,295,31.5,3
19,4_640x stock m270_4xobj_3_grid_r2_c6.png,6299,1,56,307,46.0,3
19,4_640x stock m270_4xobj_3_grid_r2_c6.png,6300,1,224,309,46.0,3
19,4_640x stock m270_4xobj_3_grid_r2_c6.png,6301,1,245,310,31.5,3
19,4_640x stock m270_4xobj_3_grid_r2_c6.png,6302,1,266,310,31.5,3
19,4_640x stock m270_4xobj_3_grid_r2_c6.png,6303,1,168,318,46.0,3
19,4_640x stock m270_4xobj_3_grid_r2_c6.png,6304,1,205,317,31.5,3
19,4_640x stock m270_4xobj_3_grid_r2_c6.png,6305,1,43,334,46.0,3
19,4_640x stock m270_4xobj_3_grid_r2_c6.png,6306,1,343,336,46.0,3
19,4_640x stock m270_4xobj_3_grid_r2_c6.png,6307,1,304,345,74.5,4
19,4_640x stock m270_4xobj_3_grid_r2_c6.png,6308,1,120,362,31.5,3
19,4_640x stock m270_4xobj_3_grid_r2_c6.png,6309,1,238,363,46.0,3
19,4_640x stock m270_4xobj_3_grid_r2_c6.png,6310,1,428,364,31.5,3
19,4_640x stock m270_4xobj_3_grid_r2_c6.png,6311,1,173,374,46.0,3
19,4_640x stock m270_4xobj_3_grid_r2_c6.png,6312,1,367,374,46.0,3
19,4_640x stock m270_4xobj_3_grid_r2_c6.png,6313,1,211,388,46.0,3
19,4_640x stock m270_4xobj_3_grid_r2_c6.png,6314,1,41,401,46.0,3
19,4_640x stock m270_4xobj_3_grid_r2_c6.png,6315,1,151,404,31.5,3
19,4_640x stock m270_4xobj_3_grid_r2_c6.png,6316,1,479,408,31.5,3
19,4_640x stock m270_4xobj_3_grid_r2_c6.png,6317,1,147,415,31.5,3
19,4_640x stock m270_4xobj_3_grid_r2_c6.png,6318,1,243,437,46.0,3
19,4_640x stock m270_4xobj_3_grid_r2_c6.png,6319,1,149,440,46.0,3
19,4_640x stock m270_4xobj_3_grid_r2_c6.png,6320,1,261,442,46.0,3
19,4_640x stock m270_4xobj_3_grid_r2_c6.png,6321,1,160,446,31.5,3
19,4_640x stock m270_4xobj_3_grid_r2_c6.png,6322,1,415,448,46.0,3
19,4_640x stock m270_4xobj_3_grid_r2_c6.png,6323,1,98,449,46.0,3
19,4_640x stock m270_4xobj_3_grid_r2_c6.png,6324,1,338,450,31.5,3
19,4_640x stock m270_4xobj_3_grid_r2_c6.png,6325,1,10,461,31.5,3
19,4_640x stock m270_4xobj_3_grid_r2_c6.png,6326,1,211,461,46.0,3
19,4_640x stock m270_4xobj_3_grid_r2_c6.png,6327,1,377,461,46.0,3
19,4_640x stock m270_4xobj_3_grid_r2_c6.png,6328,1,353,463,31.5,3
19,4_640x stock m270_4xobj_3_grid_r2_c6.png,6329,1,57,475,46.0,3
19,4_640x stock m270_4xobj_3_grid_r2_c6.png,6330,1,476,480,46.0,3
19,4_640x stock m270_4xobj_3_grid_r2_c6.png,6331,1,301,488,46.0,3
19,4_640x stock m270_4xobj_3_grid_r2_c6.png,6332,1,118,491,46.0,3
19,4_640x stock m270_4xobj_3_grid_r2_c6.png,6333,1,236,496,46.0,3
19,4_640x stock m270_4xobj_3_grid_r2_c6.png,6334,1,36,503,46.0,3
19,4_640x stock m270_4xobj_3_grid_r2_c6.png,6335,1,251,503,31.5,3
19,4_640x stock m270_4xobj_3_grid_r2_c6.png,6336,1,294,504,46.0,3
19,4_640x stock m270_4xobj_3_grid_r2_c6.png,6337,1,386,508,31.5,3
19,4_640x stock m270_4xobj_3_grid_r2_c6.png,6338,1,167,13,46.0,3
19,4_640x stock m270_4xobj_3_grid_r2_c6.png,6339,1,102,18,46.0,3
19,4_640x stock m270_4xobj_3_grid_r2_c6.png,6340,1,233,26,31.5,3
19,4_640x stock m270_4xobj_3_grid_r2_c6.png,6341,1,5,40,46.0,3
19,4_640x stock m270_4xobj_3_grid_r2_c6.png,6342,1,157,44,46.0,3
19,4_640x stock m270_4xobj_3_grid_r2_c6.png,6343,1,379,50,46.0,3
19,4_640x stock m270_4xobj_3_grid_r2_c6.png,6344,1,112,69,46.0,3
19,4_640x stock m270_4xobj_3_grid_r2_c6.png,6345,1,176,70,46.0,3
19,4_640x stock m270_4xobj_3_grid_r2_c6.png,6346,1,286,75,46.0,3
19,4_640x stock m270_4xobj_3_grid_r2_c6.png,6347,1,389,77,46.0,3
19,4_640x stock m270_4xobj_3_grid_r2_c6.png,6348,1,222,79,46.0,3
19,4_640x stock m270_4xobj_3_grid_r2_c6.png,6349,1,418,80,46.0,3
19,4_640x stock m270_4xobj_3_grid_r2_c6.png,6350,1,272,82,46.0,3
19,4_640x stock m270_4xobj_3_grid_r2_c6.png,6351,1,89,88,46.0,3
19,4_640x stock m270_4xobj_3_grid_r2_c6.png,6352,1,12,120,31.5,3
19,4_640x stock m270_4xobj_3_grid_r2_c6.png,6353,1,267,127,46.0,3
19,4_640x stock m270_4xobj_3_grid_r2_c6.png,6354,1,229,138,46.0,3
19,4_640x stock m270_4xobj_3_grid_r2_c6.png,6355,1,33,142,46.0,3
19,4_640x stock m270_4xobj_3_grid_r2_c6.png,6356,1,291,144,31.5,3
19,4_640x stock m270_4xobj_3_grid_r2_c6.png,6357,1,189,146,46.0,3
19,4_640x stock m270_4xobj_3_grid_r2_c6.png,6358,1,301,148,31.5,3
19,4_640x stock m270_4xobj_3_grid_r2_c6.png,6359,1,325,149,31.5,3
19,4_640x stock m270_4xobj_3_grid_r2_c6.png,6360,1,407,160,46.0,3
19,4_640x stock m270_4xobj_3_grid_r2_c6.png,6361,1,182,160,31.5,3
19,4_640x stock m270_4xobj_3_grid_r2_c6.png,6362,1,18,163,46.0,3
19,4_640x stock m270_4xobj_3_grid_r2_c6.png,6363,1,168,166,46.0,3
19,4_640x stock m270_4xobj_3_grid_r2_c6.png,6364,1,379,167,46.0,3
19,4_640x stock m270_4xobj_3_grid_r2_c6.png,6365,1,249,174,46.0,3
19,4_640x stock m270_4xobj_3_grid_r2_c6.png,6366,1,55,178,46.0,3
19,4_640x stock m270_4xobj_3_grid_r2_c6.png,6367,1,393,187,46.0,3
19,4_640x stock m270_4xobj_3_grid_r2_c6.png,6368,1,261,192,46.0,3
19,4_640x stock m270_4xobj_3_grid_r2_c6.png,6369,1,147,193,46.0,3
19,4_640x stock m270_4xobj_3_grid_r2_c6.png,6370,1,185,195,31.5,3
19,4_640x stock m270_4xobj_3_grid_r2_c6.png,6371,1,137,206,46.0,3
19,4_640x stock m270_4xobj_3_grid_r2_c6.png,6372,1,209,209,46.0,3
19,4_640x stock m270_4xobj_3_grid_r2_c6.png,6373,1,350,210,31.5,3
19,4_640x stock m270_4xobj_3_grid_r2_c6.png,6374,1,331,215,46.0,3
19,4_640x stock m270_4xobj_3_grid_r2_c6.png,6375,1,440,214,46.0,3
19,4_640x stock m270_4xobj_3_grid_r2_c6.png,6376,1,276,215,46.0,3
19,4_640x stock m270_4xobj_3_grid_r2_c6.png,6377,1,61,216,74.5,4
19,4_640x stock m270_4xobj_3_grid_r2_c6.png,6378,1,119,217,31.5,3
19,4_640x stock m270_4xobj_3_grid_r2_c6.png,6379,1,242,221,147.5,6
19,4_640x stock m270_4xobj_3_grid_r2_c6.png,6380,1,257,222,46.0,3
19,4_640x stock m270_4xobj_3_grid_r2_c6.png,6381,1,363,231,31.5,3
19,4_640x stock m270_4xobj_3_grid_r2_c6.png,6382,1,15,235,46.0,3
19,4_640x stock m270_4xobj_3_grid_r2_c6.png,6383,1,315,236,31.5,3
19,4_640x stock m270_4xobj_3_grid_r2_c6.png,6384,1,180,244,46.0,3
19,4_640x stock m270_4xobj_3_grid_r2_c6.png,6385,1,136,258,31.5,3
19,4_640x stock m270_4xobj_3_grid_r2_c6.png,6386,1,50,260,46.0,3
19,4_640x stock m270_4xobj_3_grid_r2_c6.png,6387,1,390,261,31.5,3
19,4_640x stock m270_4xobj_3_grid_r2_c6.png,6388,1,107,276,46.0,3
19,4_640x stock m270_4xobj_3_grid_r2_c6.png,6389,1,138,278,46.0,3
19,4_640x stock m270_4xobj_3_grid_r2_c6.png,6390,1,452,282,46.0,3
19,4_640x stock m270_4xobj_3_grid_r2_c6.png,6391,1,104,287,31.5,3
19,4_640x stock m270_4xobj_3_grid_r2_c6.png,6392,1,345,288,46.0,3
19,4_640x stock m270_4xobj_3_grid_r2_c6.png,6393,1,476,290,31.5,3
19,4_640x stock m270_4xobj_3_grid_r2_c6.png,6394,1,329,293,46.0,3
19,4_640x stock m270_4xobj_3_grid_r2_c6.png,6395,1,375,293,74.5,4
19,4_640x stock m270_4xobj_3_grid_r2_c6.png,6396,1,18,303,31.5,3
19,4_640x stock m270_4xobj_3_grid_r2_c6.png,6397,1,86,311,46.0,3
19,4_640x stock m270_4xobj_3_grid_r2_c6.png,6398,1,269,321,31.5,3
19,4_640x stock m270_4xobj_3_grid_r2_c6.png,6399,1,317,323,46.0,3
19,4_640x stock m270_4xobj_3_grid_r2_c6.png,6400,1,494,328,74.5,4
19,4_640x stock m270_4xobj_3_grid_r2_c6.png,6401,1,8,341,31.5,3
19,4_640x stock m270_4xobj_3_grid_r2_c6.png,6402,1,232,351,46.0,3
19,4_640x stock m270_4xobj_3_grid_r2_c6.png,6403,1,402,389,31.5,3
19,4_640x stock m270_4xobj_3_grid_r2_c6.png,6404,1,482,394,46.0,3
19,4_640x stock m270_4xobj_3_grid_r2_c6.png,6405,1,404,403,46.0,3
19,4_640x stock m270_4xobj_3_grid_r2_c6.png,6406,1,491,403,46.0,3
19,4_640x stock m270_4xobj_3_grid_r2_c6.png,6407,1,316,411,46.0,3
19,4_640x stock m270_4xobj_3_grid_r2_c6.png,6408,1,394,430,31.5,3
19,4_640x stock m270_4xobj_3_grid_r2_c6.png,6409,1,336,440,31.5,3
19,4_640x stock m270_4xobj_3_grid_r2_c6.png,6410,1,372,474,46.0,3
19,4_640x stock m270_4xobj_3_grid_r2_c6.png,6411,1,41,3,31.5,3
19,4_640x stock m270_4xobj_3_grid_r2_c6.png,6412,1,434,5,46.0,3
19,4_640x stock m270_4xobj_3_grid_r2_c6.png,6413,1,250,11,46.0,3
19,4_640x stock m270_4xobj_3_grid_r2_c6.png,6414,1,328,14,31.5,3
19,4_640x stock m270_4xobj_3_grid_r2_c6.png,6415,1,244,23,46.0,3
19,4_640x stock m270_4xobj_3_grid_r2_c6.png,6416,1,277,27,46.0,3
19,4_640x stock m270_4xobj_3_grid_r2_c6.png,6417,1,173,30,46.0,3
19,4_640x stock m270_4xobj_3_grid_r2_c6.png,6418,1,253,30,31.5,3
19,4_640x stock m270_4xobj_3_grid_r2_c6.png,6419,1,440,33,46.0,3
19,4_640x stock m270_4xobj_3_grid_r2_c6.png,6420,1,105,49,31.5,3
19,4_640x stock m270_4xobj_3_grid_r2_c6.png,6421,1,297,52,31.5,3
19,4_640x stock m270_4xobj_3_grid_r2_c6.png,6422,1,333,65,31.5,3
19,4_640x stock m270_4xobj_3_grid_r2_c6.png,6423,1,142,68,46.0,3
19,4_640x stock m270_4xobj_3_grid_r2_c6.png,6424,1,341,72,46.0,3
19,4_640x stock m270_4xobj_3_grid_r2_c6.png,6425,1,23,78,46.0,3
19,4_640x stock m270_4xobj_3_grid_r2_c6.png,6426,1,55,87,46.0,3
19,4_640x stock m270_4xobj_3_grid_r2_c6.png,6427,1,22,88,31.5,3
19,4_640x stock m270_4xobj_3_grid_r2_c6.png,6428,1,234,98,46.0,3
19,4_640x stock m270_4xobj_3_grid_r2_c6.png,6429,1,9,101,31.5,3
19,4_640x stock m270_4xobj_3_grid_r2_c6.png,6430,1,258,118,31.5,3
19,4_640x stock m270_4xobj_3_grid_r2_c6.png,6431,1,218,120,46.0,3
19,4_640x stock m270_4xobj_3_grid_r2_c6.png,6432,1,335,127,31.5,3
19,4_640x stock m270_4xobj_3_grid_r2_c6.png,6433,1,199,131,46.0,3
19,4_640x stock m270_4xobj_3_grid_r2_c6.png,6434,1,419,138,46.0,3
19,4_640x stock m270_4xobj_3_grid_r2_c6.png,6435,1,350,152,46.0,3
19,4_640x stock m270_4xobj_3_grid_r2_c6.png,6436,1,165,153,46.0,3
19,4_640x stock m270_4xobj_3_grid_r2_c6.png,6437,1,365,157,46.0,3
19,4_640x stock m270_4xobj_3_grid_r2_c6.png,6438,1,394,161,46.0,3
19,4_640x stock m270_4xobj_3_grid_r2_c6.png,6439,1,341,163,46.0,3
19,4_640x stock m270_4xobj_3_grid_r2_c6.png,6440,1,48,166,190.0,7
19,4_640x stock m270_4xobj_3_grid_r2_c6.png,6441,1,313,166,31.5,3
19,4_640x stock m270_4xobj_3_grid_r2_c6.png,6442,1,213,177,46.0,3
19,4_640x stock m270_4xobj_3_grid_r2_c6.png,6443,1,493,192,190.0,7
19,4_640x stock m270_4xobj_3_grid_r2_c6.png,6444,1,414,192,46.0,3
19,4_640x stock m270_4xobj_3_grid_r2_c6.png,6445,1,363,199,46.0,3
19,4_640x stock m270_4xobj_3_grid_r2_c6.png,6446,1,449,201,46.0,3
19,4_640x stock m270_4xobj_3_grid_r2_c6.png,6447,1,427,206,46.0,3
19,4_640x stock m270_4xobj_3_grid_r2_c6.png,6448,1,170,218,46.0,3
19,4_640x stock m270_4xobj_3_grid_r2_c6.png,6449,1,47,231,104.0,5
19,4_640x stock m270_4xobj_3_grid_r2_c6.png,6450,1,394,229,46.0,3
19,4_640x stock m270_4xobj_3_grid_r2_c6.png,6451,1,267,230,46.0,3
19,4_640x stock m270_4xobj_3_grid_r2_c6.png,6452,1,296,234,46.0,3
19,4_640x stock m270_4xobj_3_grid_r2_c6.png,6453,1,196,283,46.0,3
19,4_640x stock m270_4xobj_3_grid_r2_c6.png,6454,1,467,262,46.0,3
19,4_640x stock m270_4xobj_3_grid_r2_c6.png,6455,1,163,267,46.0,3
19,4_640x stock m270_4xobj_3_grid_r2_c6.png,6456,1,390,295,104.0,5
19,4_640x stock m270_4xobj_3_grid_r2_c6.png,6457,1,357,302,74.5,4
19,4_640x stock m270_4xobj_3_grid_r2_c6.png,6458,1,484,302,31.5,3
19,4_640x stock m270_4xobj_3_grid_r2_c6.png,6459,1,19,313,31.5,3
19,4_640x stock m270_4xobj_3_grid_r2_c6.png,6460,1,339,320,31.5,3
19,4_640x stock m270_4xobj_3_grid_r2_c6.png,6461,1,411,322,31.5,3
19,4_640x stock m270_4xobj_3_grid_r2_c6.png,6462,1,201,354,31.5,3
19,4_640x stock m270_4xobj_3_grid_r2_c6.png,6463,1,492,361,46.0,3
19,4_640x stock m270_4xobj_3_grid_r2_c6.png,6464,1,409,367,31.5,3
19,4_640x stock m270_4xobj_3_grid_r2_c6.png,6465,1,253,400,31.5,3
19,4_640x stock m270_4xobj_3_grid_r2_c6.png,6466,1,503,407,46.0,3
19,4_640x stock m270_4xobj_3_grid_r2_c6.png,6467,1,430,424,74.5,4
19,4_640x stock m270_4xobj_3_grid_r2_c6.png,6468,1,506,426,31.5,3
19,4_640x stock m270_4xobj_3_grid_r2_c6.png,6469,1,32,492,104.0,5
19,4_640x stock m270_4xobj_3_grid_r2_c6.png,6470,1,308,45,46.0,3
19,4_640x stock m270_4xobj_3_grid_r2_c6.png,6471,1,456,47,46.0,3
19,4_640x stock m270_4xobj_3_grid_r2_c6.png,6472,1,390,87,31.5,3
19,4_640x stock m270_4xobj_3_grid_r2_c6.png,6473,1,261,107,31.5,3
19,4_640x stock m270_4xobj_3_grid_r2_c6.png,6474,1,144,110,46.0,3
19,4_640x stock m270_4xobj_3_grid_r2_c6.png,6475,1,386,115,46.0,3
19,4_640x stock m270_4xobj_3_grid_r2_c6.png,6476,1,89,124,147.5,6
19,4_640x stock m270_4xobj_3_grid_r2_c6.png,6477,1,488,127,31.5,3
19,4_640x stock m270_4xobj_3_grid_r2_c6.png,6478,1,455,128,46.0,3
19,4_640x stock m270_4xobj_3_grid_r2_c6.png,6479,1,249,131,46.0,3
19,4_640x stock m270_4xobj_3_grid_r2_c6.png,6480,1,333,142,31.5,3
19,4_640x stock m270_4xobj_3_grid_r2_c6.png,6481,1,147,149,46.0,3
19,4_640x stock m270_4xobj_3_grid_r2_c6.png,6482,1,488,162,46.0,3
19,4_640x stock m270_4xobj_3_grid_r2_c6.png,6483,1,191,186,31.5,3
19,4_640x stock m270_4xobj_3_grid_r2_c6.png,6484,1,193,203,31.5,3
19,4_640x stock m270_4xobj_3_grid_r2_c6.png,6485,1,102,215,147.5,6
19,4_640x stock m270_4xobj_3_grid_r2_c6.png,6486,1,368,221,31.5,3
19,4_640x stock m270_4xobj_3_grid_r2_c6.png,6487,1,278,278,31.5,3
19,4_640x stock m270_4xobj_3_grid_r2_c6.png,6488,1,8,352,46.0,3
19,4_640x stock m270_4xobj_3_grid_r2_c6.png,6489,1,462,409,74.5,4
19,4_640x stock m270_4xobj_3_grid_r2_c6.png,6490,1,477,6,46.0,3
19,4_640x stock m270_4xobj_3_grid_r2_c6.png,6491,1,447,20,46.0,3
19,4_640x stock m270_4xobj_3_grid_r2_c6.png,6492,1,450,56,31.5,3
19,4_640x stock m270_4xobj_3_grid_r2_c6.png,6493,1,14,111,31.5,3
19,4_640x stock m270_4xobj_3_grid_r2_c6.png,6494,1,437,182,46.0,3
19,4_640x stock m270_4xobj_3_grid_r2_c6.png,6495,1,119,259,74.5,4
19,4_640x stock m270_4xobj_3_grid_r2_c6.png,6496,1,388,276,74.5,4
19,4_640x stock m270_4xobj_3_grid_r2_c6.png,6497,1,108,333,104.0,5
19,4_640x stock m270_4xobj_3_grid_r2_c6.png,6498,1,450,371,104.0,5
19,4_640x stock m270_4xobj_3_grid_r2_c6.png,6499,1,361,450,74.5,4
19,4_640x stock m270_4xobj_3_grid_r2_c6.png,6500,1,421,29,104.0,5
19,4_640x stock m270_4xobj_3_grid_r2_c6.png,6501,1,49,191,74.5,4
19,4_640x stock m270_4xobj_3_grid_r2_c6.png,6502,1,132,225,31.5,3
19,4_640x stock m270_4xobj_3_grid_r2_c6.png,6503,1,469,314,46.0,3
19,4_640x stock m270_4xobj_3_grid_r2_c6.png,6504,1,356,361,74.5,4
19,4_640x stock m270_4xobj_3_grid_r2_c6.png,6505,1,464,382,74.5,4
19,4_640x stock m270_4xobj_3_grid_r2_c6.png,6506,1,317,390,74.5,4
19,4_640x stock m270_4xobj_3_grid_r2_c6.png,6507,1,495,469,104.0,5
19,4_640x stock m270_4xobj_3_grid_r2_c6.png,6508,1,318,16,31.5,3
19,4_640x stock m270_4xobj_3_grid_r2_c6.png,6509,1,316,66,74.5,4
19,4_640x stock m270_4xobj_3_grid_r2_c6.png,6510,1,485,139,31.5,3
19,4_640x stock m270_4xobj_3_grid_r2_c6.png,6511,1,381,143,74.5,4
19,4_640x stock m270_4xobj_3_grid_r2_c6.png,6512,1,485,237,74.5,4
19,4_640x stock m270_4xobj_3_grid_r2_c6.png,6513,1,248,299,31.5,3
19,4_640x stock m270_4xobj_3_grid_r2_c6.png,6514,1,77,432,74.5,4
19,4_640x stock m270_4xobj_3_grid_r2_c6.png,6515,1,392,495,46.0,3
19,4_640x stock m270_4xobj_3_grid_r2_c6.png,6516,1,113,203,8.0,1
19,4_640x stock m270_4xobj_3_grid_r2_c6.png,6517,1,449,244,318.0,10
19,4_640x stock m270_4xobj_3_grid_r2_c6.png,6518,1,176,481,74.5,4
19,4_640x stock m270_4xobj_3_grid_r2_c6.png,6519,1,195,298,74.5,4
19,4_640x stock m270_4xobj_3_grid_r2_c6.png,6520,1,84,505,46.0,3
19,4_640x stock m270_4xobj_3_grid_r2_c6.png,6521,1,95,139,31.5,3
19,4_640x stock m270_4xobj_3_grid_r2_c6.png,6522,1,7,180,46.0,3
19,4_640x stock m270_4xobj_3_grid_r2_c6.png,6523,1,231,190,46.0,3
19,4_640x stock m270_4xobj_3_grid_r2_c6.png,6524,1,95,270,46.0,3
19,4_640x stock m270_4xobj_3_grid_r2_c6.png,6525,1,301,274,46.0,3
19,4_640x stock m270_4xobj_3_grid_r2_c6.png,6526,1,296,304,46.0,3
19,4_640x stock m270_4xobj_3_grid_r2_c6.png,6527,1,143,342,74.5,4
19,4_640x stock m270_4xobj_3_grid_r2_c6.png,6528,1,169,392,46.0,3
19,4_640x stock m270_4xobj_3_grid_r2_c6.png,6529,1,226,394,31.5,3
19,4_640x stock m270_4xobj_3_grid_r2_c6.png,6530,1,390,410,46.0,3
19,4_640x stock m270_4xobj_3_grid_r2_c6.png,6531,1,347,414,46.0,3
19,4_640x stock m270_4xobj_3_grid_r2_c6.png,6532,1,13,430,46.0,3
19,4_640x stock m270_4xobj_3_grid_r2_c6.png,6533,1,66,455,46.0,3
19,4_640x stock m270_4xobj_3_grid_r2_c6.png,6534,1,202,468,46.0,3
19,4_640x stock m270_4xobj_3_grid_r2_c6.png,6535,1,252,468,46.0,3
19,4_640x stock m270_4xobj_3_grid_r2_c6.png,6536,1,149,473,74.5,4
19,4_640x stock m270_4xobj_3_grid_r2_c6.png,6537,1,246,490,46.0,3
19,4_640x stock m270_4xobj_3_grid_r2_c6.png,6538,1,218,493,46.0,3
19,4_640x stock m270_4xobj_3_grid_r2_c6.png,6539,1,144,503,31.5,3
19,4_640x stock m270_4xobj_3_grid_r2_c6.png,6540,1,245,2,28.0,2
19,4_640x stock m270_4xobj_3_grid_r2_c6.png,6541,1,17,57,74.5,4
19,4_640x stock m270_4xobj_3_grid_r2_c6.png,6542,1,256,73,46.0,3
19,4_640x stock m270_4xobj_3_grid_r2_c6.png,6543,1,36,83,46.0,3
19,4_640x stock m270_4xobj_3_grid_r2_c6.png,6544,1,48,102,46.0,3
19,4_640x stock m270_4xobj_3_grid_r2_c6.png,6545,1,83,109,46.0,3
19,4_640x stock m270_4xobj_3_grid_r2_c6.png,6546,1,137,149,31.5,3
19,4_640x stock m270_4xobj_3_grid_r2_c6.png,6547,1,122,162,74.5,4
19,4_640x stock m270_4xobj_3_grid_r2_c6.png,6548,1,325,169,46.0,3
19,4_640x stock m270_4xobj_3_grid_r2_c6.png,6549,1,139,172,74.5,4
19,4_640x stock m270_4xobj_3_grid_r2_c6.png,6550,1,156,173,46.0,3
19,4_640x stock m270_4xobj_3_grid_r2_c6.png,6551,1,323,188,46.0,3
19,4_640x stock m270_4xobj_3_grid_r2_c6.png,6552,1,123,192,104.0,5
19,4_640x stock m270_4xobj_3_grid_r2_c6.png,6553,1,469,195,74.5,4
19,4_640x stock m270_4xobj_3_grid_r2_c6.png,6554,1,158,199,74.5,4
19,4_640x stock m270_4xobj_3_grid_r2_c6.png,6555,1,8,222,31.5,3
19,4_640x stock m270_4xobj_3_grid_r2_c6.png,6556,1,324,227,46.0,3
19,4_640x stock m270_4xobj_3_grid_r2_c6.png,6557,1,3,233,31.5,3
19,4_640x stock m270_4xobj_3_grid_r2_c6.png,6558,1,436,238,74.5,4
19,4_640x stock m270_4xobj_3_grid_r2_c6.png,6559,1,41,244,31.5,3
19,4_640x stock m270_4xobj_3_grid_r2_c6.png,6560,1,265,246,46.0,3
19,4_640x stock m270_4xobj_3_grid_r2_c6.png,6561,1,154,258,74.5,4
19,4_640x stock m270_4xobj_3_grid_r2_c6.png,6562,1,236,270,46.0,3
19,4_640x stock m270_4xobj_3_grid_r2_c6.png,6563,1,212,276,46.0,3
19,4_640x stock m270_4xobj_3_grid_r2_c6.png,6564,1,158,281,31.5,3
20,5_1280x stock m270_4xobj_3_grid_r1_c7.png,6565,1,130,273,46.0,3
20,5_1280x stock m270_4xobj_3_grid_r1_c7.png,6566,1,221,219,46.0,3
20,5_1280x stock m270_4xobj_3_grid_r1_c7.png,6567,1,154,215,46.0,3
20,5_1280x stock m270_4xobj_3_grid_r1_c7.png,6568,1,147,197,46.0,3
20,5_1280x stock m270_4xobj_3_grid_r1_c7.png,6569,1,90,194,46.0,3
20,5_1280x stock m270_4xobj_3_grid_r1_c7.png,6570,1,10,176,46.0,3
20,5_1280x stock m270_4xobj_3_grid_r1_c7.png,6571,1,51,155,74.5,4
20,5_1280x stock m270_4xobj_3_grid_r1_c7.png,6572,1,182,113,46.0,3
20,5_1280x stock m270_4xobj_3_grid_r1_c7.png,6573,1,270,43,46.0,3
20,5_1280x stock m270_4xobj_3_grid_r1_c7.png,6574,1,19,6,74.5,4
20,5_1280x stock m270_4xobj_3_grid_r1_c7.png,6575,1,125,507,31.5,3
20,5_1280x stock m270_4xobj_3_grid_r1_c7.png,6576,1,31,507,43.0,3
20,5_1280x stock m270_4xobj_3_grid_r1_c7.png,6577,1,141,485,46.0,3
20,5_1280x stock m270_4xobj_3_grid_r1_c7.png,6578,1,203,448,31.5,3
20,5_1280x stock m270_4xobj_3_grid_r1_c7.png,6579,1,166,435,31.5,3
20,5_1280x stock m270_4xobj_3_grid_r1_c7.png,6580,1,324,422,31.5,3
20,5_1280x stock m270_4xobj_3_grid_r1_c7.png,6581,1,244,394,31.5,3
20,5_1280x stock m270_4xobj_3_grid_r1_c7.png,6582,1,185,374,46.0,3
20,5_1280x stock m270_4xobj_3_grid_r1_c7.png,6583,1,12,246,31.5,3
20,5_1280x stock m270_4xobj_3_grid_r1_c7.png,6584,1,41,72,31.5,3
20,5_1280x stock m270_4xobj_3_grid_r1_c7.png,6585,1,43,81,31.5,3
20,5_1280x stock m270_4xobj_3_grid_r1_c7.png,6586,1,178,19,31.5,3
20,5_1280x stock m270_4xobj_3_grid_r1_c7.png,6587,1,223,64,31.5,3
20,5_1280x stock m270_4xobj_3_grid_r1_c7.png,6588,1,136,124,31.5,3
20,5_1280x stock m270_4xobj_3_grid_r1_c7.png,6589,1,298,82,31.5,3
20,5_1280x stock m270_4xobj_3_grid_r1_c7.png,6590,1,299,91,31.5,3
20,5_1280x stock m270_4xobj_3_grid_r1_c7.png,6591,1,315,38,31.5,3
20,5_1280x stock m270_4xobj_3_grid_r1_c7.png,6592,1,322,49,31.5,3
20,5_1280x stock m270_4xobj_3_grid_r1_c7.png,6593,1,425,135,31.5,3
20,5_1280x stock m270_4xobj_3_grid_r1_c7.png,6594,1,430,122,31.5,3
20,5_1280x stock m270_4xobj_3_grid_r1_c7.png,6595,1,474,95,31.5,3
20,5_1280x stock m270_4xobj_3_grid_r1_c7.png,6596,1,486,75,31.5,3
20,5_1280x stock m270_4xobj_3_grid_r1_c7.png,6597,1,498,78,31.5,3
20,5_1280x stock m270_4xobj_3_grid_r1_c7.png,6598,1,410,186,31.5,3
20,5_1280x stock m270_4xobj_3_grid_r1_c7.png,6599,1,419,195,31.5,3
20,5_1280x stock m270_4xobj_3_grid_r1_c7.png,6600,1,466,200,31.5,3
20,5_1280x stock m270_4xobj_3_grid_r1_c7.png,6601,1,410,209,31.5,3
20,5_1280x stock m270_4xobj_3_grid_r1_c7.png,6602,1,401,212,31.5,3
20,5_1280x stock m270_4xobj_3_grid_r1_c7.png,6603,1,351,239,31.5,3
20,5_1280x stock m270_4xobj_3_grid_r1_c7.png,6604,1,301,279,31.5,3
20,5_1280x stock m270_4xobj_3_grid_r1_c7.png,6605,1,93,291,46.0,3
20,5_1280x stock m270_4xobj_3_grid_r1_c7.png,6606,1,256,290,46.0,3
20,5_1280x stock m270_4xobj_3_grid_r1_c7.png,6607,1,63,289,74.5,4
20,5_1280x stock m270_4xobj_3_grid_r1_c7.png,6608,1,204,278,74.5,4
20,5_1280x stock m270_4xobj_3_grid_r1_c7.png,6609,1,31,263,46.0,3
20,5_1280x stock m270_4xobj_3_grid_r1_c7.png,6610,1,346,251,74.5,4
20,5_1280x stock m270_4xobj_3_grid_r1_c7.png,6611,1,240,241,46.0,3
20,5_1280x stock m270_4xobj_3_grid_r1_c7.png,6612,1,71,235,31.5,3
20,5_1280x stock m270_4xobj_3_grid_r1_c7.png,6613,1,174,210,46.0,3
20,5_1280x stock m270_4xobj_3_grid_r1_c7.png,6614,1,181,194,46.0,3
20,5_1280x stock m270_4xobj_3_grid_r1_c7.png,6615,1,88,64,46.0,3
20,5_1280x stock m270_4xobj_3_grid_r1_c7.png,6616,1,170,34,190.0,7
20,5_1280x stock m270_4xobj_3_grid_r1_c7.png,6617,1,12,25,74.5,4
20,5_1280x stock m270_4xobj_3_grid_r1_c7.png,6618,1,132,473,46.0,3
20,5_1280x stock m270_4xobj_3_grid_r1_c7.png,6619,1,432,421,104.0,5
20,5_1280x stock m270_4xobj_3_grid_r1_c7.png,6620,1,349,417,74.5,4
20,5_1280x stock m270_4xobj_3_grid_r1_c7.png,6621,1,135,378,46.0,3
20,5_1280x stock m270_4xobj_3_grid_r1_c7.png,6622,1,368,331,74.5,4
20,5_1280x stock m270_4xobj_3_grid_r1_c7.png,6623,1,32,491,46.0,3
20,5_1280x stock m270_4xobj_3_grid_r1_c7.png,6624,1,156,299,46.0,3
20,5_1280x stock m270_4xobj_3_grid_r1_c7.png,6625,1,247,188,46.0,3
20,5_1280x stock m270_4xobj_3_grid_r1_c7.png,6626,1,48,173,46.0,3
20,5_1280x stock m270_4xobj_3_grid_r1_c7.png,6627,1,464,8,104.0,5
20,5_1280x stock m270_4xobj_3_grid_r1_c7.png,6628,1,240,201,74.5,4
20,5_1280x stock m270_4xobj_3_grid_r1_c7.png,6629,1,219,197,74.5,4
20,5_1280x stock m270_4xobj_3_grid_r1_c7.png,6630,1,473,137,46.0,3
20,5_1280x stock m270_4xobj_3_grid_r1_c7.png,6631,1,418,5,31.5,3
20,5_1280x stock m270_4xobj_3_grid_r1_c7.png,6632,1,51,81,31.5,3
20,5_1280x stock m270_4xobj_3_grid_r1_c7.png,6633,1,484,384,31.5,3
20,5_1280x stock m270_4xobj_3_grid_r1_c7.png,6634,1,447,252,31.5,3
20,5_1280x stock m270_4xobj_3_grid_r1_c7.png,6635,1,494,169,46.0,3
20,5_1280x stock m270_4xobj_3_grid_r1_c7.png,6636,1,454,150,46.0,3
20,5_1280x stock m270_4xobj_3_grid_r1_c7.png,6637,1,475,472,31.5,3
20,5_1280x stock m270_4xobj_3_grid_r1_c7.png,6638,1,496,455,46.0,3
20,5_1280x stock m270_4xobj_3_grid_r1_c7.png,6639,1,464,326,46.0,3
20,5_1280x stock m270_4xobj_3_grid_r1_c7.png,6640,1,398,302,31.5,3
20,5_1280x stock m270_4xobj_3_grid_r1_c7.png,6641,1,21,244,31.5,3
20,5_1280x stock m270_4xobj_3_grid_r1_c7.png,6642,1,415,227,46.0,3
20,5_1280x stock m270_4xobj_3_grid_r1_c7.png,6643,1,395,224,31.5,3
20,5_1280x stock m270_4xobj_3_grid_r1_c7.png,6644,1,430,223,31.5,3
20,5_1280x stock m270_4xobj_3_grid_r1_c7.png,6645,1,435,198,46.0,3
20,5_1280x stock m270_4xobj_3_grid_r1_c7.png,6646,1,108,195,31.5,3
20,5_1280x stock m270_4xobj_3_grid_r1_c7.png,6647,1,317,144,31.5,3
20,5_1280x stock m270_4xobj_3_grid_r1_c7.png,6648,1,465,107,74.5,4
20,5_1280x stock m270_4xobj_3_grid_r1_c7.png,6649,1,401,105,31.5,3
20,5_1280x stock m270_4xobj_3_grid_r1_c7.png,6650,1,421,41,74.5,4
20,5_1280x stock m270_4xobj_3_grid_r1_c7.png,6651,1,447,472,46.0,3
20,5_1280x stock m270_4xobj_3_grid_r1_c7.png,6652,1,425,471,31.5,3
20,5_1280x stock m270_4xobj_3_grid_r1_c7.png,6653,1,37,452,46.0,3
20,5_1280x stock m270_4xobj_3_grid_r1_c7.png,6654,1,332,414,46.0,3
20,5_1280x stock m270_4xobj_3_grid_r1_c7.png,6655,1,343,365,46.0,3
20,5_1280x stock m270_4xobj_3_grid_r1_c7.png,6656,1,397,343,46.0,3
20,5_1280x stock m270_4xobj_3_grid_r1_c7.png,6657,1,235,309,31.5,3
20,5_1280x stock m270_4xobj_3_grid_r1_c7.png,6658,1,225,299,31.5,3
20,5_1280x stock m270_4xobj_3_grid_r1_c7.png,6659,1,361,258,31.5,3
20,5_1280x stock m270_4xobj_3_grid_r1_c7.png,6660,1,495,254,74.5,4
20,5_1280x stock m270_4xobj_3_grid_r1_c7.png,6661,1,202,238,31.5,3
20,5_1280x stock m270_4xobj_3_grid_r1_c7.png,6662,1,486,234,74.5,4
20,5_1280x stock m270_4xobj_3_grid_r1_c7.png,6663,1,366,233,31.5,3
20,5_1280x stock m270_4xobj_3_grid_r1_c7.png,6664,1,369,217,31.5,3
20,5_1280x stock m270_4xobj_3_grid_r1_c7.png,6665,1,380,215,46.0,3
20,5_1280x stock m270_4xobj_3_grid_r1_c7.png,6666,1,99,204,46.0,3
20,5_1280x stock m270_4xobj_3_grid_r1_c7.png,6667,1,278,264,31.5,3
20,5_1280x stock m270_4xobj_3_grid_r1_c7.png,6668,1,267,261,31.5,3
20,5_1280x stock m270_4xobj_3_grid_r1_c7.png,6669,1,483,307,31.5,3
20,5_1280x stock m270_4xobj_3_grid_r1_c7.png,6670,1,467,280,31.5,3
20,5_1280x stock m270_4xobj_3_grid_r1_c7.png,6671,1,502,229,31.5,3
20,5_1280x stock m270_4xobj_3_grid_r1_c7.png,6672,1,396,467,31.5,3
20,5_1280x stock m270_4xobj_3_grid_r1_c7.png,6673,1,330,443,31.5,3
20,5_1280x stock m270_4xobj_3_grid_r1_c7.png,6674,1,122,342,74.5,4
20,5_1280x stock m270_4xobj_3_grid_r1_c7.png,6675,1,152,367,74.5,4
20,5_1280x stock m270_4xobj_3_grid_r1_c7.png,6676,1,62,352,74.5,4
20,5_1280x stock m270_4xobj_3_grid_r1_c7.png,6677,1,346,183,46.0,3
20,5_1280x stock m270_4xobj_3_grid_r1_c7.png,6678,1,35,182,31.5,3
20,5_1280x stock m270_4xobj_3_grid_r1_c7.png,6679,1,171,172,46.0,3
20,5_1280x stock m270_4xobj_3_grid_r1_c7.png,6680,1,270,163,46.0,3
20,5_1280x stock m270_4xobj_3_grid_r1_c7.png,6681,1,296,160,46.0,3
20,5_1280x stock m270_4xobj_3_grid_r1_c7.png,6682,1,93,122,46.0,3
20,5_1280x stock m270_4xobj_3_grid_r1_c7.png,6683,1,319,75,74.5,4
20,5_1280x stock m270_4xobj_3_grid_r1_c7.png,6684,1,209,67,46.0,3
20,5_1280x stock m270_4xobj_3_grid_r1_c7.png,6685,1,72,60,46.0,3
20,5_1280x stock m270_4xobj_3_grid_r1_c7.png,6686,1,280,55,147.5,6
20,5_1280x stock m270_4xobj_3_grid_r1_c7.png,6687,1,75,40,31.5,3
20,5_1280x stock m270_4xobj_3_grid_r1_c7.png,6688,1,86,34,46.0,3
20,5_1280x stock m270_4xobj_3_grid_r1_c7.png,6689,1,331,27,74.5,4
20,5_1280x stock m270_4xobj_3_grid_r1_c7.png,6690,1,220,18,46.0,3
20,5_1280x stock m270_4xobj_3_grid_r1_c7.png,6691,1,75,15,46.0,3
20,5_1280x stock m270_4xobj_3_grid_r1_c7.png,6692,1,32,14,46.0,3
20,5_1280x stock m270_4xobj_3_grid_r1_c7.png,6693,1,337,4,46.0,3
20,5_1280x stock m270_4xobj_3_grid_r1_c7.png,6694,1,355,499,31.5,3
20,5_1280x stock m270_4xobj_3_grid_r1_c7.png,6695,1,68,484,31.5,3
20,5_1280x stock m270_4xobj_3_grid_r1_c7.png,6696,1,81,464,46.0,3
20,5_1280x stock m270_4xobj_3_grid_r1_c7.png,6697,1,59,461,46.0,3
20,5_1280x stock m270_4xobj_3_grid_r1_c7.png,6698,1,70,459,46.0,3
20,5_1280x stock m270_4xobj_3_grid_r1_c7.png,6699,1,180,447,46.0,3
20,5_1280x stock m270_4xobj_3_grid_r1_c7.png,6700,1,87,444,46.0,3
20,5_1280x stock m270_4xobj_3_grid_r1_c7.png,6701,1,370,442,31.5,3
20,5_1280x stock m270_4xobj_3_grid_r1_c7.png,6702,1,193,440,31.5,3
20,5_1280x stock m270_4xobj_3_grid_r1_c7.png,6703,1,488,438,46.0,3
20,5_1280x stock m270_4xobj_3_grid_r1_c7.png,6704,1,83,433,31.5,3
20,5_1280x stock m270_4xobj_3_grid_r1_c7.png,6705,1,358,429,31.5,3
20,5_1280x stock m270_4xobj_3_grid_r1_c7.png,6706,1,402,398,74.5,4
20,5_1280x stock m270_4xobj_3_grid_r1_c7.png,6707,1,55,398,46.0,3
20,5_1280x stock m270_4xobj_3_grid_r1_c7.png,6708,1,273,386,46.0,3
20,5_1280x stock m270_4xobj_3_grid_r1_c7.png,6709,1,173,355,31.5,3
20,5_1280x stock m270_4xobj_3_grid_r1_c7.png,6710,1,296,334,31.5,3
20,5_1280x stock m270_4xobj_3_grid_r1_c7.png,6711,1,278,331,31.5,3
20,5_1280x stock m270_4xobj_3_grid_r1_c7.png,6712,1,160,320,31.5,3
20,5_1280x stock m270_4xobj_3_grid_r1_c7.png,6713,1,181,303,46.0,3
20,5_1280x stock m270_4xobj_3_grid_r1_c7.png,6714,1,203,293,31.5,3
20,5_1280x stock m270_4xobj_3_grid_r1_c7.png,6715,1,341,283,46.0,3
21,5_1280x stock m270_4xobj_3_grid_r2_c0.png,6716,1,445,355,46.0,3
21,5_1280x stock m270_4xobj_3_grid_r2_c0.png,6717,1,332,389,46.0,3
21,5_1280x stock m270_4xobj_3_grid_r2_c0.png,6718,1,490,391,31.5,3
21,5_1280x stock m270_4xobj_3_grid_r2_c0.png,6719,1,423,431,46.0,3
21,5_1280x stock m270_4xobj_3_grid_r2_c0.png,6720,1,479,442,46.0,3
21,5_1280x stock m270_4xobj_3_grid_r2_c0.png,6721,1,446,447,46.0,3
21,5_1280x stock m270_4xobj_3_grid_r2_c0.png,6722,1,154,473,31.5,3
21,5_1280x stock m270_4xobj_3_grid_r2_c0.png,6723,1,508,494,27.5,2
21,5_1280x stock m270_4xobj_3_grid_r2_c0.png,6724,1,408,495,46.0,3
21,5_1280x stock m270_4xobj_3_grid_r2_c0.png,6725,1,343,497,46.0,3
21,5_1280x stock m270_4xobj_3_grid_r2_c0.png,6726,1,171,2,8.0,1
21,5_1280x stock m270_4xobj_3_grid_r2_c0.png,6727,1,143,17,46.0,3
21,5_1280x stock m270_4xobj_3_grid_r2_c0.png,6728,1,407,21,46.0,3
21,5_1280x stock m270_4xobj_3_grid_r2_c0.png,6729,1,197,35,46.0,3
21,5_1280x stock m270_4xobj_3_grid_r2_c0.png,6730,1,217,37,46.0,3
21,5_1280x stock m270_4xobj_3_grid_r2_c0.png,6731,1,269,86,46.0,3
21,5_1280x stock m270_4xobj_3_grid_r2_c0.png,6732,1,201,88,46.0,3
21,5_1280x stock m270_4xobj_3_grid_r2_c0.png,6733,1,167,96,46.0,3
21,5_1280x stock m270_4xobj_3_grid_r2_c0.png,6734,1,383,121,46.0,3
21,5_1280x stock m270_4xobj_3_grid_r2_c0.png,6735,1,465,122,46.0,3
21,5_1280x stock m270_4xobj_3_grid_r2_c0.png,6736,1,303,127,31.5,3
21,5_1280x stock m270_4xobj_3_grid_r2_c0.png,6737,1,508,146,27.5,2
21,5_1280x stock m270_4xobj_3_grid_r2_c0.png,6738,1,498,166,46.0,3
21,5_1280x stock m270_4xobj_3_grid_r2_c0.png,6739,1,494,194,46.0,3
21,5_1280x stock m270_4xobj_3_grid_r2_c0.png,6740,1,347,196,46.0,3
21,5_1280x stock m270_4xobj_3_grid_r2_c0.png,6741,1,398,206,46.0,3
21,5_1280x stock m270_4xobj_3_grid_r2_c0.png,6742,1,504,205,46.0,3
21,5_1280x stock m270_4xobj_3_grid_r2_c0.png,6743,1,385,208,46.0,3
21,5_1280x stock m270_4xobj_3_grid_r2_c0.png,6744,1,443,229,46.0,3
21,5_1280x stock m270_4xobj_3_grid_r2_c0.png,6745,1,394,245,46.0,3
21,5_1280x stock m270_4xobj_3_grid_r2_c0.png,6746,1,356,265,46.0,3
21,5_1280x stock m270_4xobj_3_grid_r2_c0.png,6747,1,376,282,46.0,3
21,5_1280x stock m270_4xobj_3_grid_r2_c0.png,6748,1,448,415,74.5,4
21,5_1280x stock m270_4xobj_3_grid_r2_c0.png,6749,1,441,130,74.5,4
21,5_1280x stock m270_4xobj_3_grid_r2_c0.png,6750,1,19,86,46.0,3
21,5_1280x stock m270_4xobj_3_grid_r2_c0.png,6751,1,159,212,74.5,4
21,5_1280x stock m270_4xobj_3_grid_r2_c0.png,6752,1,29,471,74.5,4
21,5_1280x stock m270_4xobj_3_grid_r2_c0.png,6753,1,236,17,46.0,3
21,5_1280x stock m270_4xobj_3_grid_r2_c0.png,6754,1,506,428,74.5,4
21,5_1280x stock m270_4xobj_3_grid_r2_c0.png,6755,1,381,255,46.0,3
21,5_1280x stock m270_4xobj_3_grid_r2_c0.png,6756,1,400,232,31.5,3
21,5_1280x stock m270_4xobj_3_grid_r2_c0.png,6757,1,443,204,46.0,3
21,5_1280x stock m270_4xobj_3_grid_r2_c0.png,6758,1,138,172,46.0,3
21,5_1280x stock m270_4xobj_3_grid_r2_c0.png,6759,1,416,164,46.0,3
21,5_1280x stock m270_4xobj_3_grid_r2_c0.png,6760,1,164,126,31.5,3
21,5_1280x stock m270_4xobj_3_grid_r2_c0.png,6761,1,338,97,46.0,3
21,5_1280x stock m270_4xobj_3_grid_r2_c0.png,6762,1,222,95,46.0,3
21,5_1280x stock m270_4xobj_3_grid_r2_c0.png,6763,1,388,65,46.0,3
21,5_1280x stock m270_4xobj_3_grid_r2_c0.png,6764,1,405,55,46.0,3
21,5_1280x stock m270_4xobj_3_grid_r2_c0.png,6765,1,238,36,31.5,3
21,5_1280x stock m270_4xobj_3_grid_r2_c0.png,6766,1,102,461,31.5,3
21,5_1280x stock m270_4xobj_3_grid_r2_c0.png,6767,1,453,87,74.5,4
21,5_1280x stock m270_4xobj_3_grid_r2_c0.png,6768,1,112,465,46.0,3
21,5_1280x stock m270_4xobj_3_grid_r2_c0.png,6769,1,205,322,46.0,3
21,5_1280x stock m270_4xobj_3_grid_r2_c0.png,6770,1,66,448,46.0,3
21,5_1280x stock m270_4xobj_3_grid_r2_c0.png,6771,1,157,483,46.0,3
21,5_1280x stock m270_4xobj_3_grid_r2_c0.png,6772,1,110,193,74.5,4
21,5_1280x stock m270_4xobj_3_grid_r2_c0.png,6773,1,67,296,74.5,4
21,5_1280x stock m270_4xobj_3_grid_r2_c0.png,6774,1,109,324,46.0,3
21,5_1280x stock m270_4xobj_3_grid_r2_c0.png,6775,1,342,413,46.0,3
21,5_1280x stock m270_4xobj_3_grid_r2_c0.png,6776,1,189,423,46.0,3
21,5_1280x stock m270_4xobj_3_grid_r2_c0.png,6777,1,69,425,46.0,3
21,5_1280x stock m270_4xobj_3_grid_r2_c0.png,6778,1,164,431,46.0,3
21,5_1280x stock m270_4xobj_3_grid_r2_c0.png,6779,1,34,437,46.0,3
21,5_1280x stock m270_4xobj_3_grid_r2_c0.png,6780,1,173,451,46.0,3
21,5_1280x stock m270_4xobj_3_grid_r2_c0.png,6781,1,225,452,46.0,3
21,5_1280x stock m270_4xobj_3_grid_r2_c0.png,6782,1,302,484,46.0,3
21,5_1280x stock m270_4xobj_3_grid_r2_c0.png,6783,1,52,23,46.0,3
21,5_1280x stock m270_4xobj_3_grid_r2_c0.png,6784,1,99,184,46.0,3
21,5_1280x stock m270_4xobj_3_grid_r2_c0.png,6785,1,207,193,46.0,3
21,5_1280x stock m270_4xobj_3_grid_r2_c0.png,6786,1,43,210,46.0,3
21,5_1280x stock m270_4xobj_3_grid_r2_c0.png,6787,1,171,222,46.0,3
21,5_1280x stock m270_4xobj_3_grid_r2_c0.png,6788,1,3,264,31.5,3
21,5_1280x stock m270_4xobj_3_grid_r2_c0.png,6789,1,82,272,46.0,3
21,5_1280x stock m270_4xobj_3_grid_r2_c0.png,6790,1,180,293,31.5,3
21,5_1280x stock m270_4xobj_3_grid_r2_c0.png,6791,1,202,295,46.0,3
21,5_1280x stock m270_4xobj_3_grid_r2_c0.png,6792,1,119,319,46.0,3
21,5_1280x stock m270_4xobj_3_grid_r2_c0.png,6793,1,401,325,46.0,3
21,5_1280x stock m270_4xobj_3_grid_r2_c0.png,6794,1,130,326,46.0,3
21,5_1280x stock m270_4xobj_3_grid_r2_c0.png,6795,1,70,329,46.0,3
21,5_1280x stock m270_4xobj_3_grid_r2_c0.png,6796,1,465,352,46.0,3
21,5_1280x stock m270_4xobj_3_grid_r2_c0.png,6797,1,306,355,46.0,3
21,5_1280x stock m270_4xobj_3_grid_r2_c0.png,6798,1,225,360,46.0,3
21,5_1280x stock m270_4xobj_3_grid_r2_c0.png,6799,1,177,365,46.0,3
21,5_1280x stock m270_4xobj_3_grid_r2_c0.png,6800,1,462,366,46.0,3
21,5_1280x stock m270_4xobj_3_grid_r2_c0.png,6801,1,192,372,46.0,3
21,5_1280x stock m270_4xobj_3_grid_r2_c0.png,6802,1,151,387,46.0,3
21,5_1280x stock m270_4xobj_3_grid_r2_c0.png,6803,1,38,399,46.0,3
21,5_1280x stock m270_4xobj_3_grid_r2_c0.png,6804,1,205,412,46.0,3
21,5_1280x stock m270_4xobj_3_grid_r2_c0.png,6805,1,273,436,46.0,3
21,5_1280x stock m270_4xobj_3_grid_r2_c0.png,6806,1,175,479,46.0,3
21,5_1280x stock m270_4xobj_3_grid_r2_c0.png,6807,1,369,480,46.0,3
21,5_1280x stock m270_4xobj_3_grid_r2_c0.png,6808,1,388,480,46.0,3
21,5_1280x stock m270_4xobj_3_grid_r2_c0.png,6809,1,3,40,31.5,3
21,5_1280x stock m270_4xobj_3_grid_r2_c0.png,6810,1,83,51,46.0,3
21,5_1280x stock m270_4xobj_3_grid_r2_c0.png,6811,1,123,60,46.0,3
21,5_1280x stock m270_4xobj_3_grid_r2_c0.png,6812,1,80,65,46.0,3
21,5_1280x stock m270_4xobj_3_grid_r2_c0.png,6813,1,257,70,46.0,3
21,5_1280x stock m270_4xobj_3_grid_r2_c0.png,6814,1,456,34,46.0,3
21,5_1280x stock m270_4xobj_3_grid_r2_c0.png,6815,1,209,26,46.0,3
21,5_1280x stock m270_4xobj_3_grid_r2_c0.png,6816,1,483,19,46.0,3
21,5_1280x stock m270_4xobj_3_grid_r2_c0.png,6817,1,422,17,46.0,3
21,5_1280x stock m270_4xobj_3_grid_r2_c0.png,6818,1,388,8,46.0,3
21,5_1280x stock m270_4xobj_3_grid_r2_c0.png,6819,1,462,477,46.0,3
21,5_1280x stock m270_4xobj_3_grid_r2_c0.png,6820,1,495,381,31.5,3
21,5_1280x stock m270_4xobj_3_grid_r2_c0.png,6821,1,327,364,46.0,3
21,5_1280x stock m270_4xobj_3_grid_r2_c0.png,6822,1,492,363,46.0,3
21,5_1280x stock m270_4xobj_3_grid_r2_c0.png,6823,1,335,346,46.0,3
21,5_1280x stock m270_4xobj_3_grid_r2_c0.png,6824,1,463,328,46.0,3
21,5_1280x stock m270_4xobj_3_grid_r2_c0.png,6825,1,495,327,46.0,3
21,5_1280x stock m270_4xobj_3_grid_r2_c0.png,6826,1,150,317,46.0,3
21,5_1280x stock m270_4xobj_3_grid_r2_c0.png,6827,1,468,302,46.0,3
21,5_1280x stock m270_4xobj_3_grid_r2_c0.png,6828,1,27,122,31.5,3
21,5_1280x stock m270_4xobj_3_grid_r2_c0.png,6829,1,240,363,31.5,3
21,5_1280x stock m270_4xobj_3_grid_r2_c0.png,6830,1,248,364,31.5,3
21,5_1280x stock m270_4xobj_3_grid_r2_c0.png,6831,1,238,370,31.5,3
21,5_1280x stock m270_4xobj_3_grid_r2_c0.png,6832,1,391,305,31.5,3
21,5_1280x stock m270_4xobj_3_grid_r2_c0.png,6833,1,392,296,31.5,3
21,5_1280x stock m270_4xobj_3_grid_r2_c0.png,6834,1,396,500,31.5,3
21,5_1280x stock m270_4xobj_3_grid_r2_c0.png,6835,1,391,494,31.5,3
21,5_1280x stock m270_4xobj_3_grid_r2_c0.png,6836,1,69,347,31.5,3
21,5_1280x stock m270_4xobj_3_grid_r2_c0.png,6837,1,61,353,31.5,3
21,5_1280x stock m270_4xobj_3_grid_r2_c0.png,6838,1,406,224,31.5,3
21,5_1280x stock m270_4xobj_3_grid_r2_c0.png,6839,1,405,215,31.5,3
21,5_1280x stock m270_4xobj_3_grid_r2_c0.png,6840,1,3,125,31.5,3
21,5_1280x stock m270_4xobj_3_grid_r2_c0.png,6841,1,14,213,31.5,3
21,5_1280x stock m270_4xobj_3_grid_r2_c0.png,6842,1,19,202,31.5,3
21,5_1280x stock m270_4xobj_3_grid_r2_c0.png,6843,1,46,74,46.0,3
21,5_1280x stock m270_4xobj_3_grid_r2_c0.png,6844,1,70,82,31.5,3
21,5_1280x stock m270_4xobj_3_grid_r2_c0.png,6845,1,138,86,46.0,3
21,5_1280x stock m270_4xobj_3_grid_r2_c0.png,6846,1,93,102,46.0,3
21,5_1280x stock m270_4xobj_3_grid_r2_c0.png,6847,1,134,102,46.0,3
21,5_1280x stock m270_4xobj_3_grid_r2_c0.png,6848,1,488,110,46.0,3
21,5_1280x stock m270_4xobj_3_grid_r2_c0.png,6849,1,74,113,46.0,3
21,5_1280x stock m270_4xobj_3_grid_r2_c0.png,6850,1,294,132,46.0,3
21,5_1280x stock m270_4xobj_3_grid_r2_c0.png,6851,1,151,137,46.0,3
21,5_1280x stock m270_4xobj_3_grid_r2_c0.png,6852,1,151,149,46.0,3
21,5_1280x stock m270_4xobj_3_grid_r2_c0.png,6853,1,59,157,46.0,3
21,5_1280x stock m270_4xobj_3_grid_r2_c0.png,6854,1,68,167,46.0,3
21,5_1280x stock m270_4xobj_3_grid_r2_c0.png,6855,1,245,170,46.0,3
21,5_1280x stock m270_4xobj_3_grid_r2_c0.png,6856,1,144,180,46.0,3
21,5_1280x stock m270_4xobj_3_grid_r2_c0.png,6857,1,316,184,46.0,3
21,5_1280x stock m270_4xobj_3_grid_r2_c0.png,6858,1,96,208,46.0,3
21,5_1280x stock m270_4xobj_3_grid_r2_c0.png,6859,1,304,216,46.0,3
21,5_1280x stock m270_4xobj_3_grid_r2_c0.png,6860,1,364,229,46.0,3
21,5_1280x stock m270_4xobj_3_grid_r2_c0.png,6861,1,119,253,46.0,3
21,5_1280x stock m270_4xobj_3_grid_r2_c0.png,6862,1,104,256,46.0,3
21,5_1280x stock m270_4xobj_3_grid_r2_c0.png,6863,1,467,280,46.0,3
21,5_1280x stock m270_4xobj_3_grid_r2_c0.png,6864,1,170,296,31.5,3
21,5_1280x stock m270_4xobj_3_grid_r2_c0.png,6865,1,444,298,46.0,3
21,5_1280x stock m270_4xobj_3_grid_r2_c0.png,6866,1,373,305,46.0,3
21,5_1280x stock m270_4xobj_3_grid_r2_c0.png,6867,1,189,311,46.0,3
21,5_1280x stock m270_4xobj_3_grid_r2_c0.png,6868,1,382,336,46.0,3
21,5_1280x stock m270_4xobj_3_grid_r2_c0.png,6869,1,353,337,46.0,3
21,5_1280x stock m270_4xobj_3_grid_r2_c0.png,6870,1,166,351,46.0,3
21,5_1280x stock m270_4xobj_3_grid_r2_c0.png,6871,1,217,352,46.0,3
21,5_1280x stock m270_4xobj_3_grid_r2_c0.png,6872,1,263,379,31.5,3
22,5_1280x stock m270_4xobj_3_grid_r2_c1.png,6873,1,441,394,31.5,3
22,5_1280x stock m270_4xobj_3_grid_r2_c1.png,6874,1,421,283,46.0,3
22,5_1280x stock m270_4xobj_3_grid_r2_c1.png,6875,1,458,194,46.0,3
22,5_1280x stock m270_4xobj_3_grid_r2_c1.png,6876,1,407,137,46.0,3
22,5_1280x stock m270_4xobj_3_grid_r2_c1.png,6877,1,166,116,46.0,3
22,5_1280x stock m270_4xobj_3_grid_r2_c1.png,6878,1,454,108,46.0,3
22,5_1280x stock m270_4xobj_3_grid_r2_c1.png,6879,1,241,103,31.5,3
22,5_1280x stock m270_4xobj_3_grid_r2_c1.png,6880,1,497,68,46.0,3
22,5_1280x stock m270_4xobj_3_grid_r2_c1.png,6881,1,398,54,46.0,3
22,5_1280x stock m270_4xobj_3_grid_r2_c1.png,6882,1,333,45,46.0,3
22,5_1280x stock m270_4xobj_3_grid_r2_c1.png,6883,1,350,40,46.0,3
22,5_1280x stock m270_4xobj_3_grid_r2_c1.png,6884,1,444,27,46.0,3
22,5_1280x stock m270_4xobj_3_grid_r2_c1.png,6885,1,90,25,46.0,3
22,5_1280x stock m270_4xobj_3_grid_r2_c1.png,6886,1,79,343,46.0,3
22,5_1280x stock m270_4xobj_3_grid_r2_c1.png,6887,1,4,442,31.5,3
22,5_1280x stock m270_4xobj_3_grid_r2_c1.png,6888,1,217,451,46.0,3
22,5_1280x stock m270_4xobj_3_grid_r2_c1.png,6889,1,259,459,46.0,3
22,5_1280x stock m270_4xobj_3_grid_r2_c1.png,6890,1,257,494,46.0,3
22,5_1280x stock m270_4xobj_3_grid_r2_c1.png,6891,1,196,507,31.5,3
22,5_1280x stock m270_4xobj_3_grid_r2_c1.png,6892,1,330,96,46.0,3
22,5_1280x stock m270_4xobj_3_grid_r2_c1.png,6893,1,51,132,46.0,3
22,5_1280x stock m270_4xobj_3_grid_r2_c1.png,6894,1,19,194,46.0,3
22,5_1280x stock m270_4xobj_3_grid_r2_c1.png,6895,1,30,205,46.0,3
22,5_1280x stock m270_4xobj_3_grid_r2_c1.png,6896,1,48,216,46.0,3
22,5_1280x stock m270_4xobj_3_grid_r2_c1.png,6897,1,162,254,46.0,3
22,5_1280x stock m270_4xobj_3_grid_r2_c1.png,6898,1,121,269,46.0,3
22,5_1280x stock m270_4xobj_3_grid_r2_c1.png,6899,1,57,270,46.0,3
22,5_1280x stock m270_4xobj_3_grid_r2_c1.png,6900,1,124,296,46.0,3
22,5_1280x stock m270_4xobj_3_grid_r2_c1.png,6901,1,286,304,46.0,3
22,5_1280x stock m270_4xobj_3_grid_r2_c1.png,6902,1,48,313,46.0,3
22,5_1280x stock m270_4xobj_3_grid_r2_c1.png,6903,1,66,319,46.0,3
22,5_1280x stock m270_4xobj_3_grid_r2_c1.png,6904,1,20,327,46.0,3
22,5_1280x stock m270_4xobj_3_grid_r2_c1.png,6905,1,105,338,46.0,3
22,5_1280x stock m270_4xobj_3_grid_r2_c1.png,6906,1,478,10,46.0,3
22,5_1280x stock m270_4xobj_3_grid_r2_c1.png,6907,1,414,348,46.0,3
22,5_1280x stock m270_4xobj_3_grid_r2_c1.png,6908,1,440,338,46.0,3
22,5_1280x stock m270_4xobj_3_grid_r2_c1.png,6909,1,473,250,46.0,3
22,5_1280x stock m270_4xobj_3_grid_r2_c1.png,6910,1,433,237,46.0,3
22,5_1280x stock m270_4xobj_3_grid_r2_c1.png,6911,1,143,229,46.0,3
22,5_1280x stock m270_4xobj_3_grid_r2_c1.png,6912,1,374,217,31.5,3
22,5_1280x stock m270_4xobj_3_grid_r2_c1.png,6913,1,177,205,46.0,3
22,5_1280x stock m270_4xobj_3_grid_r2_c1.png,6914,1,474,182,46.0,3
22,5_1280x stock m270_4xobj_3_grid_r2_c1.png,6915,1,183,156,46.0,3
22,5_1280x stock m270_4xobj_3_grid_r2_c1.png,6916,1,383,147,46.0,3
22,5_1280x stock m270_4xobj_3_grid_r2_c1.png,6917,1,180,142,46.0,3
22,5_1280x stock m270_4xobj_3_grid_r2_c1.png,6918,1,96,141,46.0,3
22,5_1280x stock m270_4xobj_3_grid_r2_c1.png,6919,1,487,127,46.0,3
22,5_1280x stock m270_4xobj_3_grid_r2_c1.png,6920,1,140,104,46.0,3
22,5_1280x stock m270_4xobj_3_grid_r2_c1.png,6921,1,288,92,46.0,3
22,5_1280x stock m270_4xobj_3_grid_r2_c1.png,6922,1,329,78,46.0,3
22,5_1280x stock m270_4xobj_3_grid_r2_c1.png,6923,1,429,65,46.0,3
22,5_1280x stock m270_4xobj_3_grid_r2_c1.png,6924,1,269,56,46.0,3
22,5_1280x stock m270_4xobj_3_grid_r2_c1.png,6925,1,108,44,46.0,3
22,5_1280x stock m270_4xobj_3_grid_r2_c1.png,6926,1,175,41,31.5,3
22,5_1280x stock m270_4xobj_3_grid_r2_c1.png,6927,1,174,30,46.0,3
22,5_1280x stock m270_4xobj_3_grid_r2_c1.png,6928,1,189,3,31.5,3
22,5_1280x stock m270_4xobj_3_grid_r2_c1.png,6929,1,478,498,31.5,3
22,5_1280x stock m270_4xobj_3_grid_r2_c1.png,6930,1,415,500,46.0,3
22,5_1280x stock m270_4xobj_3_grid_r2_c1.png,6931,1,467,488,46.0,3
22,5_1280x stock m270_4xobj_3_grid_r2_c1.png,6932,1,427,462,31.5,3
22,5_1280x stock m270_4xobj_3_grid_r2_c1.png,6933,1,320,440,46.0,3
22,5_1280x stock m270_4xobj_3_grid_r2_c1.png,6934,1,241,437,46.0,3
22,5_1280x stock m270_4xobj_3_grid_r2_c1.png,6935,1,170,419,46.0,3
22,5_1280x stock m270_4xobj_3_grid_r2_c1.png,6936,1,304,404,46.0,3
22,5_1280x stock m270_4xobj_3_grid_r2_c1.png,6937,1,463,394,46.0,3
22,5_1280x stock m270_4xobj_3_grid_r2_c1.png,6938,1,20,381,31.5,3
22,5_1280x stock m270_4xobj_3_grid_r2_c1.png,6939,1,303,380,46.0,3
22,5_1280x stock m270_4xobj_3_grid_r2_c1.png,6940,1,316,373,46.0,3
22,5_1280x stock m270_4xobj_3_grid_r2_c1.png,6941,1,364,364,46.0,3
22,5_1280x stock m270_4xobj_3_grid_r2_c1.png,6942,1,396,353,46.0,3
22,5_1280x stock m270_4xobj_3_grid_r2_c1.png,6943,1,35,318,46.0,3
22,5_1280x stock m270_4xobj_3_grid_r2_c1.png,6944,1,186,304,46.0,3
22,5_1280x stock m270_4xobj_3_grid_r2_c1.png,6945,1,106,302,31.5,3
22,5_1280x stock m270_4xobj_3_grid_r2_c1.png,6946,1,199,301,46.0,3
22,5_1280x stock m270_4xobj_3_grid_r2_c1.png,6947,1,241,300,31.5,3
22,5_1280x stock m270_4xobj_3_grid_r2_c1.png,6948,1,143,296,46.0,3
22,5_1280x stock m270_4xobj_3_grid_r2_c1.png,6949,1,40,286,46.0,3
22,5_1280x stock m270_4xobj_3_grid_r2_c1.png,6950,1,204,278,46.0,3
22,5_1280x stock m270_4xobj_3_grid_r2_c1.png,6951,1,357,260,46.0,3
22,5_1280x stock m270_4xobj_3_grid_r2_c1.png,6952,1,236,257,46.0,3
22,5_1280x stock m270_4xobj_3_grid_r2_c1.png,6953,1,392,255,46.0,3
22,5_1280x stock m270_4xobj_3_grid_r2_c1.png,6954,1,190,253,46.0,3
22,5_1280x stock m270_4xobj_3_grid_r2_c1.png,6955,1,139,251,46.0,3
22,5_1280x stock m270_4xobj_3_grid_r2_c1.png,6956,1,168,237,46.0,3
22,5_1280x stock m270_4xobj_3_grid_r2_c1.png,6957,1,211,225,46.0,3
22,5_1280x stock m270_4xobj_3_grid_r2_c1.png,6958,1,497,216,46.0,3
22,5_1280x stock m270_4xobj_3_grid_r2_c1.png,6959,1,282,206,46.0,3
22,5_1280x stock m270_4xobj_3_grid_r2_c1.png,6960,1,71,205,46.0,3
22,5_1280x stock m270_4xobj_3_grid_r2_c1.png,6961,1,97,188,46.0,3
22,5_1280x stock m270_4xobj_3_grid_r2_c1.png,6962,1,203,187,46.0,3
22,5_1280x stock m270_4xobj_3_grid_r2_c1.png,6963,1,236,171,46.0,3
22,5_1280x stock m270_4xobj_3_grid_r2_c1.png,6964,1,23,166,46.0,3
22,5_1280x stock m270_4xobj_3_grid_r2_c1.png,6965,1,258,150,46.0,3
22,5_1280x stock m270_4xobj_3_grid_r2_c1.png,6966,1,309,148,46.0,3
22,5_1280x stock m270_4xobj_3_grid_r2_c1.png,6967,1,35,146,46.0,3
22,5_1280x stock m270_4xobj_3_grid_r2_c1.png,6968,1,239,90,46.0,3
22,5_1280x stock m270_4xobj_3_grid_r2_c1.png,6969,1,8,19,46.0,3
22,5_1280x stock m270_4xobj_3_grid_r2_c1.png,6970,1,302,493,46.0,3
22,5_1280x stock m270_4xobj_3_grid_r2_c1.png,6971,1,198,462,46.0,3
22,5_1280x stock m270_4xobj_3_grid_r2_c1.png,6972,1,108,495,31.5,3
22,5_1280x stock m270_4xobj_3_grid_r2_c1.png,6973,1,115,491,31.5,3
22,5_1280x stock m270_4xobj_3_grid_r2_c1.png,6974,1,28,428,31.5,3
22,5_1280x stock m270_4xobj_3_grid_r2_c1.png,6975,1,35,428,31.5,3
22,5_1280x stock m270_4xobj_3_grid_r2_c1.png,6976,1,218,355,46.0,3
22,5_1280x stock m270_4xobj_3_grid_r2_c1.png,6977,1,227,355,46.0,3
22,5_1280x stock m270_4xobj_3_grid_r2_c1.png,6978,1,451,205,46.0,3
22,5_1280x stock m270_4xobj_3_grid_r2_c1.png,6979,1,445,211,46.0,3
22,5_1280x stock m270_4xobj_3_grid_r2_c1.png,6980,1,114,158,46.0,3
22,5_1280x stock m270_4xobj_3_grid_r2_c1.png,6981,1,122,169,46.0,3
22,5_1280x stock m270_4xobj_3_grid_r2_c1.png,6982,1,302,50,46.0,3
22,5_1280x stock m270_4xobj_3_grid_r2_c1.png,6983,1,309,56,46.0,3
22,5_1280x stock m270_4xobj_3_grid_r2_c1.png,6984,1,302,59,46.0,3
22,5_1280x stock m270_4xobj_3_grid_r2_c1.png,6985,1,34,494,31.5,3
22,5_1280x stock m270_4xobj_3_grid_r2_c1.png,6986,1,505,484,31.5,3
22,5_1280x stock m270_4xobj_3_grid_r2_c1.png,6987,1,463,470,46.0,3
22,5_1280x stock m270_4xobj_3_grid_r2_c1.png,6988,1,161,449,46.0,3
22,5_1280x stock m270_4xobj_3_grid_r2_c1.png,6989,1,340,438,46.0,3
22,5_1280x stock m270_4xobj_3_grid_r2_c1.png,6990,1,287,434,46.0,3
22,5_1280x stock m270_4xobj_3_grid_r2_c1.png,6991,1,100,433,46.0,3
22,5_1280x stock m270_4xobj_3_grid_r2_c1.png,6992,1,420,425,46.0,3
22,5_1280x stock m270_4xobj_3_grid_r2_c1.png,6993,1,117,417,31.5,3
22,5_1280x stock m270_4xobj_3_grid_r2_c1.png,6994,1,66,398,46.0,3
22,5_1280x stock m270_4xobj_3_grid_r2_c1.png,6995,1,15,391,31.5,3
22,5_1280x stock m270_4xobj_3_grid_r2_c1.png,6996,1,80,369,46.0,3
22,5_1280x stock m270_4xobj_3_grid_r2_c1.png,6997,1,430,369,46.0,3
22,5_1280x stock m270_4xobj_3_grid_r2_c1.png,6998,1,17,363,46.0,3
22,5_1280x stock m270_4xobj_3_grid_r2_c1.png,6999,1,193,355,46.0,3
22,5_1280x stock m270_4xobj_3_grid_r2_c1.png,7000,1,352,68,46.0,3
22,5_1280x stock m270_4xobj_3_grid_r2_c1.png,7001,1,13,110,46.0,3
22,5_1280x stock m270_4xobj_3_grid_r2_c1.png,7002,1,185,367,46.0,3
22,5_1280x stock m270_4xobj_3_grid_r2_c1.png,7003,1,222,381,46.0,3
22,5_1280x stock m270_4xobj_3_grid_r2_c1.png,7004,1,266,419,46.0,3
22,5_1280x stock m270_4xobj_3_grid_r2_c1.png,7005,1,106,421,31.5,3
22,5_1280x stock m270_4xobj_3_grid_r2_c1.png,7006,1,198,432,46.0,3
22,5_1280x stock m270_4xobj_3_grid_r2_c1.png,7007,1,147,29,74.5,4
22,5_1280x stock m270_4xobj_3_grid_r2_c1.png,7008,1,476,412,74.5,4
22,5_1280x stock m270_4xobj_3_grid_r2_c1.png,7009,1,498,463,74.5,4
22,5_1280x stock m270_4xobj_3_grid_r2_c1.png,7010,1,397,383,74.5,4
22,5_1280x stock m270_4xobj_3_grid_r2_c1.png,7011,1,341,335,46.0,3
22,5_1280x stock m270_4xobj_3_grid_r2_c1.png,7012,1,230,299,74.5,4
22,5_1280x stock m270_4xobj_3_grid_r2_c1.png,7013,1,138,496,74.5,4
22,5_1280x stock m270_4xobj_3_grid_r2_c1.png,7014,1,336,326,31.5,3
22,5_1280x stock m270_4xobj_3_grid_r2_c1.png,7015,1,507,20,31.5,3
23,5_1280x stock m270_4xobj_3_grid_r2_c2.png,7016,1,147,172,46.0,3
23,5_1280x stock m270_4xobj_3_grid_r2_c2.png,7017,1,67,494,46.0,3
23,5_1280x stock m270_4xobj_3_grid_r2_c2.png,7018,1,127,194,46.0,3
23,5_1280x stock m270_4xobj_3_grid_r2_c2.png,7019,1,22,216,46.0,3
23,5_1280x stock m270_4xobj_3_grid_r2_c2.png,7020,1,97,439,46.0,3
23,5_1280x stock m270_4xobj_3_grid_r2_c2.png,7021,1,139,461,46.0,3
23,5_1280x stock m270_4xobj_3_grid_r2_c2.png,7022,1,209,480,46.0,3
23,5_1280x stock m270_4xobj_3_grid_r2_c2.png,7023,1,30,484,46.0,3
23,5_1280x stock m270_4xobj_3_grid_r2_c2.png,7024,1,160,277,46.0,3
23,5_1280x stock m270_4xobj_3_grid_r2_c2.png,7025,1,320,287,46.0,3
23,5_1280x stock m270_4xobj_3_grid_r2_c2.png,7026,1,57,344,46.0,3
23,5_1280x stock m270_4xobj_3_grid_r2_c2.png,7027,1,189,360,46.0,3
23,5_1280x stock m270_4xobj_3_grid_r2_c2.png,7028,1,241,362,46.0,3
23,5_1280x stock m270_4xobj_3_grid_r2_c2.png,7029,1,304,386,46.0,3
23,5_1280x stock m270_4xobj_3_grid_r2_c2.png,7030,1,54,387,46.0,3
23,5_1280x stock m270_4xobj_3_grid_r2_c2.png,7031,1,60,401,46.0,3
23,5_1280x stock m270_4xobj_3_grid_r2_c2.png,7032,1,203,430,46.0,3
23,5_1280x stock m270_4xobj_3_grid_r2_c2.png,7033,1,223,435,46.0,3
23,5_1280x stock m270_4xobj_3_grid_r2_c2.png,7034,1,392,438,31.5,3
23,5_1280x stock m270_4xobj_3_grid_r2_c2.png,7035,1,166,468,46.0,3
23,5_1280x stock m270_4xobj_3_grid_r2_c2.png,7036,1,107,472,46.0,3
23,5_1280x stock m270_4xobj_3_grid_r2_c2.png,7037,1,242,151,31.5,3
23,5_1280x stock m270_4xobj_3_grid_r2_c2.png,7038,1,245,156,31.5,3
23,5_1280x stock m270_4xobj_3_grid_r2_c2.png,7039,1,145,382,31.5,3
23,5_1280x stock m270_4xobj_3_grid_r2_c2.png,7040,1,152,384,31.5,3
23,5_1280x stock m270_4xobj_3_grid_r2_c2.png,7041,1,153,434,31.5,3
23,5_1280x stock m270_4xobj_3_grid_r2_c2.png,7042,1,155,428,31.5,3
23,5_1280x stock m270_4xobj_3_grid_r2_c2.png,7043,1,109,129,31.5,3
23,5_1280x stock m270_4xobj_3_grid_r2_c2.png,7044,1,103,124,31.5,3
23,5_1280x stock m270_4xobj_3_grid_r2_c2.png,7045,1,4,412,46.0,3
23,5_1280x stock m270_4xobj_3_grid_r2_c2.png,7046,1,434,473,46.0,3
23,5_1280x stock m270_4xobj_3_grid_r2_c2.png,7047,1,430,464,46.0,3
23,5_1280x stock m270_4xobj_3_grid_r2_c2.png,7048,1,481,363,46.0,3
23,5_1280x stock m270_4xobj_3_grid_r2_c2.png,7049,1,220,337,46.0,3
23,5_1280x stock m270_4xobj_3_grid_r2_c2.png,7050,1,490,321,46.0,3
23,5_1280x stock m270_4xobj_3_grid_r2_c2.png,7051,1,446,322,46.0,3
23,5_1280x stock m270_4xobj_3_grid_r2_c2.png,7052,1,337,307,46.0,3
23,5_1280x stock m270_4xobj_3_grid_r2_c2.png,7053,1,286,300,31.5,3
23,5_1280x stock m270_4xobj_3_grid_r2_c2.png,7054,1,296,297,31.5,3
23,5_1280x stock m270_4xobj_3_grid_r2_c2.png,7055,1,122,260,46.0,3
23,5_1280x stock m270_4xobj_3_grid_r2_c2.png,7056,1,263,258,31.5,3
23,5_1280x stock m270_4xobj_3_grid_r2_c2.png,7057,1,231,245,46.0,3
23,5_1280x stock m270_4xobj_3_grid_r2_c2.png,7058,1,80,241,46.0,3
23,5_1280x stock m270_4xobj_3_grid_r2_c2.png,7059,1,149,232,46.0,3
23,5_1280x stock m270_4xobj_3_grid_r2_c2.png,7060,1,262,219,46.0,3
23,5_1280x stock m270_4xobj_3_grid_r2_c2.png,7061,1,104,208,46.0,3
23,5_1280x stock m270_4xobj_3_grid_r2_c2.png,7062,1,149,207,46.0,3
23,5_1280x stock m270_4xobj_3_grid_r2_c2.png,7063,1,93,178,31.5,3
23,5_1280x stock m270_4xobj_3_grid_r2_c2.png,7064,1,232,177,46.0,3
23,5_1280x stock m270_4xobj_3_grid_r2_c2.png,7065,1,342,159,46.0,3
23,5_1280x stock m270_4xobj_3_grid_r2_c2.png,7066,1,63,150,46.0,3
23,5_1280x stock m270_4xobj_3_grid_r2_c2.png,7067,1,223,145,46.0,3
23,5_1280x stock m270_4xobj_3_grid_r2_c2.png,7068,1,22,68,46.0,3
23,5_1280x stock m270_4xobj_3_grid_r2_c2.png,7069,1,39,39,46.0,3
23,5_1280x stock m270_4xobj_3_grid_r2_c2.png,7070,1,3,10,31.5,3
23,5_1280x stock m270_4xobj_3_grid_r2_c2.png,7071,1,446,441,46.0,3
23,5_1280x stock m270_4xobj_3_grid_r2_c2.png,7072,1,422,438,46.0,3
23,5_1280x stock m270_4xobj_3_grid_r2_c2.png,7073,1,183,430,46.0,3
23,5_1280x stock m270_4xobj_3_grid_r2_c2.png,7074,1,244,393,46.0,3
23,5_1280x stock m270_4xobj_3_grid_r2_c2.png,7075,1,343,362,46.0,3
23,5_1280x stock m270_4xobj_3_grid_r2_c2.png,7076,1,405,358,46.0,3
23,5_1280x stock m270_4xobj_3_grid_r2_c2.png,7077,1,37,358,46.0,3
23,5_1280x stock m270_4xobj_3_grid_r2_c2.png,7078,1,148,341,46.0,3
23,5_1280x stock m270_4xobj_3_grid_r2_c2.png,7079,1,271,329,46.0,3
23,5_1280x stock m270_4xobj_3_grid_r2_c2.png,7080,1,149,325,46.0,3
23,5_1280x stock m270_4xobj_3_grid_r2_c2.png,7081,1,85,322,46.0,3
23,5_1280x stock m270_4xobj_3_grid_r2_c2.png,7082,1,396,318,46.0,3
23,5_1280x stock m270_4xobj_3_grid_r2_c2.png,7083,1,198,314,46.0,3
23,5_1280x stock m270_4xobj_3_grid_r2_c2.png,7084,1,214,314,46.0,3
23,5_1280x stock m270_4xobj_3_grid_r2_c2.png,7085,1,119,300,46.0,3
23,5_1280x stock m270_4xobj_3_grid_r2_c2.png,7086,1,99,287,46.0,3
23,5_1280x stock m270_4xobj_3_grid_r2_c2.png,7087,1,143,262,46.0,3
23,5_1280x stock m270_4xobj_3_grid_r2_c2.png,7088,1,12,127,31.5,3
23,5_1280x stock m270_4xobj_3_grid_r2_c2.png,7089,1,191,69,46.0,3
23,5_1280x stock m270_4xobj_3_grid_r2_c2.png,7090,1,6,500,31.5,3
23,5_1280x stock m270_4xobj_3_grid_r2_c2.png,7091,1,195,476,46.0,3
23,5_1280x stock m270_4xobj_3_grid_r2_c2.png,7092,1,312,397,46.0,3
23,5_1280x stock m270_4xobj_3_grid_r2_c2.png,7093,1,391,423,46.0,3
23,5_1280x stock m270_4xobj_3_grid_r2_c2.png,7094,1,330,423,46.0,3
23,5_1280x stock m270_4xobj_3_grid_r2_c2.png,7095,1,438,487,31.5,3
23,5_1280x stock m270_4xobj_3_grid_r2_c2.png,7096,1,434,498,31.5,3
23,5_1280x stock m270_4xobj_3_grid_r2_c2.png,7097,1,32,20,46.0,3
23,5_1280x stock m270_4xobj_3_grid_r2_c2.png,7098,1,303,22,46.0,3
23,5_1280x stock m270_4xobj_3_grid_r2_c2.png,7099,1,164,37,46.0,3
23,5_1280x stock m270_4xobj_3_grid_r2_c2.png,7100,1,98,43,46.0,3
23,5_1280x stock m270_4xobj_3_grid_r2_c2.png,7101,1,203,74,46.0,3
23,5_1280x stock m270_4xobj_3_grid_r2_c2.png,7102,1,231,101,46.0,3
23,5_1280x stock m270_4xobj_3_grid_r2_c2.png,7103,1,193,167,46.0,3
23,5_1280x stock m270_4xobj_3_grid_r2_c2.png,7104,1,100,172,31.5,3
23,5_1280x stock m270_4xobj_3_grid_r2_c2.png,7105,1,297,178,46.0,3
23,5_1280x stock m270_4xobj_3_grid_r2_c2.png,7106,1,374,183,46.0,3
23,5_1280x stock m270_4xobj_3_grid_r2_c2.png,7107,1,239,192,46.0,3
23,5_1280x stock m270_4xobj_3_grid_r2_c2.png,7108,1,179,198,46.0,3
23,5_1280x stock m270_4xobj_3_grid_r2_c2.png,7109,1,418,230,46.0,3
23,5_1280x stock m270_4xobj_3_grid_r2_c2.png,7110,1,277,241,46.0,3
23,5_1280x stock m270_4xobj_3_grid_r2_c2.png,7111,1,267,249,31.5,3
23,5_1280x stock m270_4xobj_3_grid_r2_c2.png,7112,1,316,272,46.0,3
23,5_1280x stock m270_4xobj_3_grid_r2_c2.png,7113,1,332,328,46.0,3
23,5_1280x stock m270_4xobj_3_grid_r2_c2.png,7114,1,398,349,31.5,3
23,5_1280x stock m270_4xobj_3_grid_r2_c2.png,7115,1,357,361,46.0,3
23,5_1280x stock m270_4xobj_3_grid_r2_c2.png,7116,1,493,371,46.0,3
23,5_1280x stock m270_4xobj_3_grid_r2_c2.png,7117,1,404,439,46.0,3
23,5_1280x stock m270_4xobj_3_grid_r2_c2.png,7118,1,333,3,31.5,3
23,5_1280x stock m270_4xobj_3_grid_r2_c2.png,7119,1,346,6,46.0,3
23,5_1280x stock m270_4xobj_3_grid_r2_c2.png,7120,1,397,10,46.0,3
23,5_1280x stock m270_4xobj_3_grid_r2_c2.png,7121,1,418,21,31.5,3
23,5_1280x stock m270_4xobj_3_grid_r2_c2.png,7122,1,282,53,46.0,3
23,5_1280x stock m270_4xobj_3_grid_r2_c2.png,7123,1,298,90,46.0,3
23,5_1280x stock m270_4xobj_3_grid_r2_c2.png,7124,1,328,115,46.0,3
23,5_1280x stock m270_4xobj_3_grid_r2_c2.png,7125,1,399,157,46.0,3
23,5_1280x stock m270_4xobj_3_grid_r2_c2.png,7126,1,410,166,46.0,3
23,5_1280x stock m270_4xobj_3_grid_r2_c2.png,7127,1,491,176,46.0,3
23,5_1280x stock m270_4xobj_3_grid_r2_c2.png,7128,1,359,184,46.0,3
23,5_1280x stock m270_4xobj_3_grid_r2_c2.png,7129,1,249,186,31.5,3
23,5_1280x stock m270_4xobj_3_grid_r2_c2.png,7130,1,500,220,46.0,3
23,5_1280x stock m270_4xobj_3_grid_r2_c2.png,7131,1,497,243,46.0,3
23,5_1280x stock m270_4xobj_3_grid_r2_c2.png,7132,1,157,365,46.0,3
23,5_1280x stock m270_4xobj_3_grid_r2_c2.png,7133,1,318,20,46.0,3
23,5_1280x stock m270_4xobj_3_grid_r2_c2.png,7134,1,382,27,31.5,3
23,5_1280x stock m270_4xobj_3_grid_r2_c2.png,7135,1,393,27,31.5,3
23,5_1280x stock m270_4xobj_3_grid_r2_c2.png,7136,1,506,66,46.0,3
23,5_1280x stock m270_4xobj_3_grid_r2_c2.png,7137,1,433,90,46.0,3
23,5_1280x stock m270_4xobj_3_grid_r2_c2.png,7138,1,490,198,46.0,3
23,5_1280x stock m270_4xobj_3_grid_r2_c2.png,7139,1,23,463,74.5,4
24,5_1280x stock m270_4xobj_3_grid_r2_c3.png,7140,1,380,397,46.0,3
24,5_1280x stock m270_4xobj_3_grid_r2_c3.png,7141,1,279,405,46.0,3
24,5_1280x stock m270_4xobj_3_grid_r2_c3.png,7142,1,464,408,74.5,4
24,5_1280x stock m270_4xobj_3_grid_r2_c3.png,7143,1,458,495,46.0,3
24,5_1280x stock m270_4xobj_3_grid_r2_c3.png,7144,1,289,480,46.0,3
24,5_1280x stock m270_4xobj_3_grid_r2_c3.png,7145,1,405,207,31.5,3
24,5_1280x stock m270_4xobj_3_grid_r2_c3.png,7146,1,397,208,31.5,3
24,5_1280x stock m270_4xobj_3_grid_r2_c3.png,7147,1,197,411,31.5,3
24,5_1280x stock m270_4xobj_3_grid_r2_c3.png,7148,1,194,405,31.5,3
24,5_1280x stock m270_4xobj_3_grid_r2_c3.png,7149,1,168,473,31.5,3
24,5_1280x stock m270_4xobj_3_grid_r2_c3.png,7150,1,194,482,46.0,3
24,5_1280x stock m270_4xobj_3_grid_r2_c3.png,7151,1,403,480,46.0,3
24,5_1280x stock m270_4xobj_3_grid_r2_c3.png,7152,1,343,476,46.0,3
24,5_1280x stock m270_4xobj_3_grid_r2_c3.png,7153,1,355,474,31.5,3
24,5_1280x stock m270_4xobj_3_grid_r2_c3.png,7154,1,339,446,31.5,3
24,5_1280x stock m270_4xobj_3_grid_r2_c3.png,7155,1,52,412,46.0,3
24,5_1280x stock m270_4xobj_3_grid_r2_c3.png,7156,1,299,371,46.0,3
24,5_1280x stock m270_4xobj_3_grid_r2_c3.png,7157,1,276,353,46.0,3
24,5_1280x stock m270_4xobj_3_grid_r2_c3.png,7158,1,268,345,31.5,3
24,5_1280x stock m270_4xobj_3_grid_r2_c3.png,7159,1,44,199,46.0,3
24,5_1280x stock m270_4xobj_3_grid_r2_c3.png,7160,1,48,208,46.0,3
24,5_1280x stock m270_4xobj_3_grid_r2_c3.png,7161,1,122,207,46.0,3
24,5_1280x stock m270_4xobj_3_grid_r2_c3.png,7162,1,130,200,46.0,3
24,5_1280x stock m270_4xobj_3_grid_r2_c3.png,7163,1,230,196,46.0,3
24,5_1280x stock m270_4xobj_3_grid_r2_c3.png,7164,1,222,189,46.0,3
24,5_1280x stock m270_4xobj_3_grid_r2_c3.png,7165,1,423,320,46.0,3
24,5_1280x stock m270_4xobj_3_grid_r2_c3.png,7166,1,418,310,46.0,3
24,5_1280x stock m270_4xobj_3_grid_r2_c3.png,7167,1,185,352,46.0,3
24,5_1280x stock m270_4xobj_3_grid_r2_c3.png,7168,1,189,346,46.0,3
24,5_1280x stock m270_4xobj_3_grid_r2_c3.png,7169,1,95,363,46.0,3
24,5_1280x stock m270_4xobj_3_grid_r2_c3.png,7170,1,95,355,46.0,3
24,5_1280x stock m270_4xobj_3_grid_r2_c3.png,7171,1,160,468,31.5,3
24,5_1280x stock m270_4xobj_3_grid_r2_c3.png,7172,1,471,78,46.0,3
24,5_1280x stock m270_4xobj_3_grid_r2_c3.png,7173,1,494,74,46.0,3
24,5_1280x stock m270_4xobj_3_grid_r2_c3.png,7174,1,191,52,31.5,3
24,5_1280x stock m270_4xobj_3_grid_r2_c3.png,7175,1,15,198,46.0,3
24,5_1280x stock m270_4xobj_3_grid_r2_c3.png,7176,1,435,161,46.0,3
24,5_1280x stock m270_4xobj_3_grid_r2_c3.png,7177,1,373,114,46.0,3
24,5_1280x stock m270_4xobj_3_grid_r2_c3.png,7178,1,417,107,46.0,3
24,5_1280x stock m270_4xobj_3_grid_r2_c3.png,7179,1,52,92,46.0,3
24,5_1280x stock m270_4xobj_3_grid_r2_c3.png,7180,1,421,89,46.0,3
24,5_1280x stock m270_4xobj_3_grid_r2_c3.png,7181,1,185,480,46.0,3
24,5_1280x stock m270_4xobj_3_grid_r2_c3.png,7182,1,30,66,46.0,3
24,5_1280x stock m270_4xobj_3_grid_r2_c3.png,7183,1,131,65,46.0,3
24,5_1280x stock m270_4xobj_3_grid_r2_c3.png,7184,1,417,51,46.0,3
24,5_1280x stock m270_4xobj_3_grid_r2_c3.png,7185,1,202,50,46.0,3
24,5_1280x stock m270_4xobj_3_grid_r2_c3.png,7186,1,155,24,46.0,3
24,5_1280x stock m270_4xobj_3_grid_r2_c3.png,7187,1,498,12,46.0,3
24,5_1280x stock m270_4xobj_3_grid_r2_c3.png,7188,1,464,354,46.0,3
24,5_1280x stock m270_4xobj_3_grid_r2_c3.png,7189,1,420,279,46.0,3
24,5_1280x stock m270_4xobj_3_grid_r2_c3.png,7190,1,203,254,31.5,3
24,5_1280x stock m270_4xobj_3_grid_r2_c3.png,7191,1,240,238,46.0,3
24,5_1280x stock m270_4xobj_3_grid_r2_c3.png,7192,1,306,237,31.5,3
24,5_1280x stock m270_4xobj_3_grid_r2_c3.png,7193,1,26,220,46.0,3
24,5_1280x stock m270_4xobj_3_grid_r2_c3.png,7194,1,440,211,46.0,3
24,5_1280x stock m270_4xobj_3_grid_r2_c3.png,7195,1,276,189,46.0,3
24,5_1280x stock m270_4xobj_3_grid_r2_c3.png,7196,1,184,180,46.0,3
24,5_1280x stock m270_4xobj_3_grid_r2_c3.png,7197,1,231,176,46.0,3
24,5_1280x stock m270_4xobj_3_grid_r2_c3.png,7198,1,129,175,46.0,3
24,5_1280x stock m270_4xobj_3_grid_r2_c3.png,7199,1,459,147,46.0,3
24,5_1280x stock m270_4xobj_3_grid_r2_c3.png,7200,1,360,139,46.0,3
24,5_1280x stock m270_4xobj_3_grid_r2_c3.png,7201,1,246,134,46.0,3
24,5_1280x stock m270_4xobj_3_grid_r2_c3.png,7202,1,390,131,46.0,3
24,5_1280x stock m270_4xobj_3_grid_r2_c3.png,7203,1,437,121,46.0,3
24,5_1280x stock m270_4xobj_3_grid_r2_c3.png,7204,1,273,95,46.0,3
24,5_1280x stock m270_4xobj_3_grid_r2_c3.png,7205,1,155,83,46.0,3
24,5_1280x stock m270_4xobj_3_grid_r2_c3.png,7206,1,65,76,46.0,3
24,5_1280x stock m270_4xobj_3_grid_r2_c3.png,7207,1,103,74,46.0,3
24,5_1280x stock m270_4xobj_3_grid_r2_c3.png,7208,1,359,31,46.0,3
24,5_1280x stock m270_4xobj_3_grid_r2_c3.png,7209,1,393,6,46.0,3
24,5_1280x stock m270_4xobj_3_grid_r2_c3.png,7210,1,469,504,46.0,3
24,5_1280x stock m270_4xobj_3_grid_r2_c3.png,7211,1,66,295,46.0,3
24,5_1280x stock m270_4xobj_3_grid_r2_c3.png,7212,1,322,291,46.0,3
24,5_1280x stock m270_4xobj_3_grid_r2_c3.png,7213,1,118,270,46.0,3
24,5_1280x stock m270_4xobj_3_grid_r2_c3.png,7214,1,469,242,46.0,3
24,5_1280x stock m270_4xobj_3_grid_r2_c3.png,7215,1,22,243,46.0,3
24,5_1280x stock m270_4xobj_3_grid_r2_c3.png,7216,1,270,237,46.0,3
24,5_1280x stock m270_4xobj_3_grid_r2_c3.png,7217,1,425,409,46.0,3
24,5_1280x stock m270_4xobj_3_grid_r2_c3.png,7218,1,56,236,46.0,3
24,5_1280x stock m270_4xobj_3_grid_r2_c3.png,7219,1,296,236,46.0,3
24,5_1280x stock m270_4xobj_3_grid_r2_c3.png,7220,1,152,223,46.0,3
24,5_1280x stock m270_4xobj_3_grid_r2_c3.png,7221,1,62,205,46.0,3
24,5_1280x stock m270_4xobj_3_grid_r2_c3.png,7222,1,262,179,46.0,3
24,5_1280x stock m270_4xobj_3_grid_r2_c3.png,7223,1,16,176,46.0,3
24,5_1280x stock m270_4xobj_3_grid_r2_c3.png,7224,1,247,170,46.0,3
24,5_1280x stock m270_4xobj_3_grid_r2_c3.png,7225,1,44,63,46.0,3
24,5_1280x stock m270_4xobj_3_grid_r2_c3.png,7226,1,280,458,46.0,3
24,5_1280x stock m270_4xobj_3_grid_r2_c3.png,7227,1,246,450,46.0,3
24,5_1280x stock m270_4xobj_3_grid_r2_c3.png,7228,1,198,438,46.0,3
24,5_1280x stock m270_4xobj_3_grid_r2_c3.png,7229,1,247,428,46.0,3
24,5_1280x stock m270_4xobj_3_grid_r2_c3.png,7230,1,143,427,46.0,3
24,5_1280x stock m270_4xobj_3_grid_r2_c3.png,7231,1,83,344,31.5,3
24,5_1280x stock m270_4xobj_3_grid_r2_c3.png,7232,1,68,230,46.0,3
24,5_1280x stock m270_4xobj_3_grid_r2_c3.png,7233,1,368,439,46.0,3
24,5_1280x stock m270_4xobj_3_grid_r2_c3.png,7234,1,47,448,46.0,3
24,5_1280x stock m270_4xobj_3_grid_r2_c3.png,7235,1,150,503,46.0,3
24,5_1280x stock m270_4xobj_3_grid_r2_c3.png,7236,1,213,216,46.0,3
24,5_1280x stock m270_4xobj_3_grid_r2_c3.png,7237,1,15,322,46.0,3
24,5_1280x stock m270_4xobj_3_grid_r2_c3.png,7238,1,145,370,46.0,3
24,5_1280x stock m270_4xobj_3_grid_r2_c3.png,7239,1,170,382,46.0,3
24,5_1280x stock m270_4xobj_3_grid_r2_c3.png,7240,1,292,395,46.0,3
24,5_1280x stock m270_4xobj_3_grid_r2_c3.png,7241,1,44,430,46.0,3
24,5_1280x stock m270_4xobj_3_grid_r2_c3.png,7242,1,147,448,46.0,3
24,5_1280x stock m270_4xobj_3_grid_r2_c3.png,7243,1,313,336,46.0,3
24,5_1280x stock m270_4xobj_3_grid_r2_c3.png,7244,1,62,355,46.0,3
24,5_1280x stock m270_4xobj_3_grid_r2_c3.png,7245,1,6,364,46.0,3
24,5_1280x stock m270_4xobj_3_grid_r2_c3.png,7246,1,67,368,46.0,3
24,5_1280x stock m270_4xobj_3_grid_r2_c3.png,7247,1,18,371,46.0,3
24,5_1280x stock m270_4xobj_3_grid_r2_c3.png,7248,1,131,372,46.0,3
24,5_1280x stock m270_4xobj_3_grid_r2_c3.png,7249,1,36,388,46.0,3
25,5_1280x stock m270_4xobj_4_grid_r0_c5.png,7250,1,73,357,74.5,4
25,5_1280x stock m270_4xobj_4_grid_r0_c5.png,7251,1,18,57,74.5,4
25,5_1280x stock m270_4xobj_4_grid_r0_c5.png,7252,1,405,48,46.0,3
25,5_1280x stock m270_4xobj_4_grid_r0_c5.png,7253,1,493,33,46.0,3
25,5_1280x stock m270_4xobj_4_grid_r0_c5.png,7254,1,484,23,74.5,4
25,5_1280x stock m270_4xobj_4_grid_r0_c5.png,7255,1,117,20,46.0,3
25,5_1280x stock m270_4xobj_4_grid_r0_c5.png,7256,1,422,282,31.5,3
25,5_1280x stock m270_4xobj_4_grid_r0_c5.png,7257,1,342,262,46.0,3
25,5_1280x stock m270_4xobj_4_grid_r0_c5.png,7258,1,459,223,46.0,3
25,5_1280x stock m270_4xobj_4_grid_r0_c5.png,7259,1,344,221,46.0,3
25,5_1280x stock m270_4xobj_4_grid_r0_c5.png,7260,1,265,216,46.0,3
25,5_1280x stock m270_4xobj_4_grid_r0_c5.png,7261,1,451,193,46.0,3
25,5_1280x stock m270_4xobj_4_grid_r0_c5.png,7262,1,318,192,46.0,3
25,5_1280x stock m270_4xobj_4_grid_r0_c5.png,7263,1,284,181,31.5,3
25,5_1280x stock m270_4xobj_4_grid_r0_c5.png,7264,1,474,179,46.0,3
25,5_1280x stock m270_4xobj_4_grid_r0_c5.png,7265,1,472,95,46.0,3
25,5_1280x stock m270_4xobj_4_grid_r0_c5.png,7266,1,270,69,46.0,3
25,5_1280x stock m270_4xobj_4_grid_r0_c5.png,7267,1,124,65,46.0,3
25,5_1280x stock m270_4xobj_4_grid_r0_c5.png,7268,1,346,64,46.0,3
25,5_1280x stock m270_4xobj_4_grid_r0_c5.png,7269,1,101,64,46.0,3
25,5_1280x stock m270_4xobj_4_grid_r0_c5.png,7270,1,362,52,46.0,3
25,5_1280x stock m270_4xobj_4_grid_r0_c5.png,7271,1,265,38,46.0,3
25,5_1280x stock m270_4xobj_4_grid_r0_c5.png,7272,1,86,32,46.0,3
25,5_1280x stock m270_4xobj_4_grid_r0_c5.png,7273,1,319,22,46.0,3
25,5_1280x stock m270_4xobj_4_grid_r0_c5.png,7274,1,46,14,46.0,3
25,5_1280x stock m270_4xobj_4_grid_r0_c5.png,7275,1,224,10,74.5,4
25,5_1280x stock m270_4xobj_4_grid_r0_c5.png,7276,1,309,5,46.0,3
25,5_1280x stock m270_4xobj_4_grid_r0_c5.png,7277,1,41,444,31.5,3
25,5_1280x stock m270_4xobj_4_grid_r0_c5.png,7278,1,294,379,31.5,3
25,5_1280x stock m270_4xobj_4_grid_r0_c5.png,7279,1,487,314,46.0,3
25,5_1280x stock m270_4xobj_4_grid_r0_c5.png,7280,1,340,309,46.0,3
25,5_1280x stock m270_4xobj_4_grid_r0_c5.png,7281,1,392,278,46.0,3
25,5_1280x stock m270_4xobj_4_grid_r0_c5.png,7282,1,264,279,46.0,3
25,5_1280x stock m270_4xobj_4_grid_r0_c5.png,7283,1,489,254,46.0,3
25,5_1280x stock m270_4xobj_4_grid_r0_c5.png,7284,1,471,250,46.0,3
25,5_1280x stock m270_4xobj_4_grid_r0_c5.png,7285,1,143,238,74.5,4
25,5_1280x stock m270_4xobj_4_grid_r0_c5.png,7286,1,328,233,74.5,4
25,5_1280x stock m270_4xobj_4_grid_r0_c5.png,7287,1,239,227,46.0,3
25,5_1280x stock m270_4xobj_4_grid_r0_c5.png,7288,1,38,217,46.0,3
25,5_1280x stock m270_4xobj_4_grid_r0_c5.png,7289,1,21,198,74.5,4
25,5_1280x stock m270_4xobj_4_grid_r0_c5.png,7290,1,341,179,46.0,3
25,5_1280x stock m270_4xobj_4_grid_r0_c5.png,7291,1,276,149,46.0,3
25,5_1280x stock m270_4xobj_4_grid_r0_c5.png,7292,1,361,146,46.0,3
25,5_1280x stock m270_4xobj_4_grid_r0_c5.png,7293,1,336,141,46.0,3
25,5_1280x stock m270_4xobj_4_grid_r0_c5.png,7294,1,284,125,46.0,3
25,5_1280x stock m270_4xobj_4_grid_r0_c5.png,7295,1,410,117,74.5,4
25,5_1280x stock m270_4xobj_4_grid_r0_c5.png,7296,1,262,114,74.5,4
25,5_1280x stock m270_4xobj_4_grid_r0_c5.png,7297,1,341,109,46.0,3
25,5_1280x stock m270_4xobj_4_grid_r0_c5.png,7298,1,130,83,74.5,4
25,5_1280x stock m270_4xobj_4_grid_r0_c5.png,7299,1,7,79,46.0,3
25,5_1280x stock m270_4xobj_4_grid_r0_c5.png,7300,1,36,60,46.0,3
25,5_1280x stock m270_4xobj_4_grid_r0_c5.png,7301,1,58,47,74.5,4
25,5_1280x stock m270_4xobj_4_grid_r0_c5.png,7302,1,261,5,46.0,3
25,5_1280x stock m270_4xobj_4_grid_r0_c5.png,7303,1,336,485,31.5,3
25,5_1280x stock m270_4xobj_4_grid_r0_c5.png,7304,1,50,451,31.5,3
25,5_1280x stock m270_4xobj_4_grid_r0_c5.png,7305,1,35,436,31.5,3
25,5_1280x stock m270_4xobj_4_grid_r0_c5.png,7306,1,507,421,46.0,3
25,5_1280x stock m270_4xobj_4_grid_r0_c5.png,7307,1,306,394,46.0,3
25,5_1280x stock m270_4xobj_4_grid_r0_c5.png,7308,1,203,392,31.5,3
25,5_1280x stock m270_4xobj_4_grid_r0_c5.png,7309,1,198,382,31.5,3
25,5_1280x stock m270_4xobj_4_grid_r0_c5.png,7310,1,18,381,46.0,3
25,5_1280x stock m270_4xobj_4_grid_r0_c5.png,7311,1,178,349,46.0,3
25,5_1280x stock m270_4xobj_4_grid_r0_c5.png,7312,1,383,346,46.0,3
25,5_1280x stock m270_4xobj_4_grid_r0_c5.png,7313,1,168,341,31.5,3
25,5_1280x stock m270_4xobj_4_grid_r0_c5.png,7314,1,286,328,46.0,3
25,5_1280x stock m270_4xobj_4_grid_r0_c5.png,7315,1,478,327,46.0,3
25,5_1280x stock m270_4xobj_4_grid_r0_c5.png,7316,1,323,307,46.0,3
25,5_1280x stock m270_4xobj_4_grid_r0_c5.png,7317,1,389,305,31.5,3
25,5_1280x stock m270_4xobj_4_grid_r0_c5.png,7318,1,203,295,46.0,3
25,5_1280x stock m270_4xobj_4_grid_r0_c5.png,7319,1,335,290,74.5,4
25,5_1280x stock m270_4xobj_4_grid_r0_c5.png,7320,1,499,287,104.0,5
25,5_1280x stock m270_4xobj_4_grid_r0_c5.png,7321,1,401,247,74.5,4
25,5_1280x stock m270_4xobj_4_grid_r0_c5.png,7322,1,16,242,46.0,3
25,5_1280x stock m270_4xobj_4_grid_r0_c5.png,7323,1,120,239,46.0,3
25,5_1280x stock m270_4xobj_4_grid_r0_c5.png,7324,1,191,229,46.0,3
25,5_1280x stock m270_4xobj_4_grid_r0_c5.png,7325,1,450,173,46.0,3
25,5_1280x stock m270_4xobj_4_grid_r0_c5.png,7326,1,118,169,46.0,3
25,5_1280x stock m270_4xobj_4_grid_r0_c5.png,7327,1,50,162,46.0,3
25,5_1280x stock m270_4xobj_4_grid_r0_c5.png,7328,1,250,131,46.0,3
25,5_1280x stock m270_4xobj_4_grid_r0_c5.png,7329,1,52,26,46.0,3
25,5_1280x stock m270_4xobj_4_grid_r0_c5.png,7330,1,368,494,46.0,3
25,5_1280x stock m270_4xobj_4_grid_r0_c5.png,7331,1,290,489,46.0,3
25,5_1280x stock m270_4xobj_4_grid_r0_c5.png,7332,1,78,477,74.5,4
25,5_1280x stock m270_4xobj_4_grid_r0_c5.png,7333,1,319,453,46.0,3
25,5_1280x stock m270_4xobj_4_grid_r0_c5.png,7334,1,480,437,74.5,4
25,5_1280x stock m270_4xobj_4_grid_r0_c5.png,7335,1,72,411,46.0,3
25,5_1280x stock m270_4xobj_4_grid_r0_c5.png,7336,1,253,399,46.0,3
25,5_1280x stock m270_4xobj_4_grid_r0_c5.png,7337,1,407,399,31.5,3
25,5_1280x stock m270_4xobj_4_grid_r0_c5.png,7338,1,172,393,46.0,3
25,5_1280x stock m270_4xobj_4_grid_r0_c5.png,7339,1,106,369,46.0,3
25,5_1280x stock m270_4xobj_4_grid_r0_c5.png,7340,1,58,339,46.0,3
25,5_1280x stock m270_4xobj_4_grid_r0_c5.png,7341,1,266,334,74.5,4
25,5_1280x stock m270_4xobj_4_grid_r0_c5.png,7342,1,185,325,46.0,3
25,5_1280x stock m270_4xobj_4_grid_r0_c5.png,7343,1,9,304,46.0,3
25,5_1280x stock m270_4xobj_4_grid_r0_c5.png,7344,1,231,242,104.0,5
25,5_1280x stock m270_4xobj_4_grid_r0_c5.png,7345,1,64,221,46.0,3
25,5_1280x stock m270_4xobj_4_grid_r0_c5.png,7346,1,317,506,46.0,3
25,5_1280x stock m270_4xobj_4_grid_r0_c5.png,7347,1,170,489,74.5,4
25,5_1280x stock m270_4xobj_4_grid_r0_c5.png,7348,1,149,476,46.0,3
25,5_1280x stock m270_4xobj_4_grid_r0_c5.png,7349,1,412,442,46.0,3
25,5_1280x stock m270_4xobj_4_grid_r0_c5.png,7350,1,125,383,46.0,3
25,5_1280x stock m270_4xobj_4_grid_r0_c5.png,7351,1,185,369,46.0,3
25,5_1280x stock m270_4xobj_4_grid_r0_c5.png,7352,1,280,295,46.0,3
25,5_1280x stock m270_4xobj_4_grid_r0_c5.png,7353,1,96,341,46.0,3
25,5_1280x stock m270_4xobj_4_grid_r0_c5.png,7354,1,84,341,46.0,3
25,5_1280x stock m270_4xobj_4_grid_r0_c5.png,7355,1,247,193,31.5,3
25,5_1280x stock m270_4xobj_4_grid_r0_c5.png,7356,1,254,191,31.5,3
25,5_1280x stock m270_4xobj_4_grid_r0_c5.png,7357,1,256,198,31.5,3
25,5_1280x stock m270_4xobj_4_grid_r0_c5.png,7358,1,392,64,31.5,3
25,5_1280x stock m270_4xobj_4_grid_r0_c5.png,7359,1,397,70,31.5,3
26,5_1280x stock m270_4xobj_4_grid_r0_c6.png,7360,1,508,257,27.5,2
26,5_1280x stock m270_4xobj_4_grid_r0_c6.png,7361,1,496,251,46.0,3
26,5_1280x stock m270_4xobj_4_grid_r0_c6.png,7362,1,297,244,46.0,3
26,5_1280x stock m270_4xobj_4_grid_r0_c6.png,7363,1,399,235,31.5,3
26,5_1280x stock m270_4xobj_4_grid_r0_c6.png,7364,1,216,233,46.0,3
26,5_1280x stock m270_4xobj_4_grid_r0_c6.png,7365,1,302,225,46.0,3
26,5_1280x stock m270_4xobj_4_grid_r0_c6.png,7366,1,279,202,46.0,3
26,5_1280x stock m270_4xobj_4_grid_r0_c6.png,7367,1,181,186,46.0,3
26,5_1280x stock m270_4xobj_4_grid_r0_c6.png,7368,1,300,179,31.5,3
26,5_1280x stock m270_4xobj_4_grid_r0_c6.png,7369,1,165,170,46.0,3
26,5_1280x stock m270_4xobj_4_grid_r0_c6.png,7370,1,315,143,31.5,3
26,5_1280x stock m270_4xobj_4_grid_r0_c6.png,7371,1,223,116,46.0,3
26,5_1280x stock m270_4xobj_4_grid_r0_c6.png,7372,1,234,100,46.0,3
26,5_1280x stock m270_4xobj_4_grid_r0_c6.png,7373,1,437,93,31.5,3
26,5_1280x stock m270_4xobj_4_grid_r0_c6.png,7374,1,304,81,31.5,3
26,5_1280x stock m270_4xobj_4_grid_r0_c6.png,7375,1,362,77,31.5,3
26,5_1280x stock m270_4xobj_4_grid_r0_c6.png,7376,1,348,63,46.0,3
26,5_1280x stock m270_4xobj_4_grid_r0_c6.png,7377,1,365,55,74.5,4
26,5_1280x stock m270_4xobj_4_grid_r0_c6.png,7378,1,125,51,46.0,3
26,5_1280x stock m270_4xobj_4_grid_r0_c6.png,7379,1,470,39,46.0,3
26,5_1280x stock m270_4xobj_4_grid_r0_c6.png,7380,1,18,33,46.0,3
26,5_1280x stock m270_4xobj_4_grid_r0_c6.png,7381,1,9,23,46.0,3
26,5_1280x stock m270_4xobj_4_grid_r0_c6.png,7382,1,330,21,46.0,3
26,5_1280x stock m270_4xobj_4_grid_r0_c6.png,7383,1,50,4,46.0,3
26,5_1280x stock m270_4xobj_4_grid_r0_c6.png,7384,1,499,489,46.0,3
26,5_1280x stock m270_4xobj_4_grid_r0_c6.png,7385,1,400,483,31.5,3
26,5_1280x stock m270_4xobj_4_grid_r0_c6.png,7386,1,447,429,46.0,3
26,5_1280x stock m270_4xobj_4_grid_r0_c6.png,7387,1,261,425,46.0,3
26,5_1280x stock m270_4xobj_4_grid_r0_c6.png,7388,1,447,405,74.5,4
26,5_1280x stock m270_4xobj_4_grid_r0_c6.png,7389,1,156,397,31.5,3
26,5_1280x stock m270_4xobj_4_grid_r0_c6.png,7390,1,183,395,46.0,3
26,5_1280x stock m270_4xobj_4_grid_r0_c6.png,7391,1,352,374,74.5,4
26,5_1280x stock m270_4xobj_4_grid_r0_c6.png,7392,1,377,341,46.0,3
26,5_1280x stock m270_4xobj_4_grid_r0_c6.png,7393,1,336,336,46.0,3
26,5_1280x stock m270_4xobj_4_grid_r0_c6.png,7394,1,319,336,46.0,3
26,5_1280x stock m270_4xobj_4_grid_r0_c6.png,7395,1,12,315,46.0,3
26,5_1280x stock m270_4xobj_4_grid_r0_c6.png,7396,1,306,310,46.0,3
26,5_1280x stock m270_4xobj_4_grid_r0_c6.png,7397,1,359,297,31.5,3
26,5_1280x stock m270_4xobj_4_grid_r0_c6.png,7398,1,295,289,74.5,4
26,5_1280x stock m270_4xobj_4_grid_r0_c6.png,7399,1,74,274,46.0,3
26,5_1280x stock m270_4xobj_4_grid_r0_c6.png,7400,1,157,272,74.5,4
26,5_1280x stock m270_4xobj_4_grid_r0_c6.png,7401,1,483,270,74.5,4
26,5_1280x stock m270_4xobj_4_grid_r0_c6.png,7402,1,78,270,31.5,3
26,5_1280x stock m270_4xobj_4_grid_r0_c6.png,7403,1,185,267,46.0,3
26,5_1280x stock m270_4xobj_4_grid_r0_c6.png,7404,1,14,254,46.0,3
26,5_1280x stock m270_4xobj_4_grid_r0_c6.png,7405,1,79,254,46.0,3
26,5_1280x stock m270_4xobj_4_grid_r0_c6.png,7406,1,395,246,46.0,3
26,5_1280x stock m270_4xobj_4_grid_r0_c6.png,7407,1,374,236,74.5,4
26,5_1280x stock m270_4xobj_4_grid_r0_c6.png,7408,1,309,234,46.0,3
26,5_1280x stock m270_4xobj_4_grid_r0_c6.png,7409,1,202,226,31.5,3
26,5_1280x stock m270_4xobj_4_grid_r0_c6.png,7410,1,461,201,74.5,4
26,5_1280x stock m270_4xobj_4_grid_r0_c6.png,7411,1,317,428,46.0,3
26,5_1280x stock m270_4xobj_4_grid_r0_c6.png,7412,1,254,441,46.0,3
26,5_1280x stock m270_4xobj_4_grid_r0_c6.png,7413,1,272,452,46.0,3
26,5_1280x stock m270_4xobj_4_grid_r0_c6.png,7414,1,152,459,74.5,4
26,5_1280x stock m270_4xobj_4_grid_r0_c6.png,7415,1,349,494,46.0,3
26,5_1280x stock m270_4xobj_4_grid_r0_c6.png,7416,1,265,505,31.5,3
26,5_1280x stock m270_4xobj_4_grid_r0_c6.png,7417,1,483,27,104.0,5
26,5_1280x stock m270_4xobj_4_grid_r0_c6.png,7418,1,252,40,46.0,3
26,5_1280x stock m270_4xobj_4_grid_r0_c6.png,7419,1,328,44,31.5,3
26,5_1280x stock m270_4xobj_4_grid_r0_c6.png,7420,1,246,52,46.0,3
26,5_1280x stock m270_4xobj_4_grid_r0_c6.png,7421,1,68,78,46.0,3
26,5_1280x stock m270_4xobj_4_grid_r0_c6.png,7422,1,493,81,74.5,4
26,5_1280x stock m270_4xobj_4_grid_r0_c6.png,7423,1,80,87,31.5,3
26,5_1280x stock m270_4xobj_4_grid_r0_c6.png,7424,1,275,97,46.0,3
26,5_1280x stock m270_4xobj_4_grid_r0_c6.png,7425,1,74,99,31.5,3
26,5_1280x stock m270_4xobj_4_grid_r0_c6.png,7426,1,88,106,46.0,3
26,5_1280x stock m270_4xobj_4_grid_r0_c6.png,7427,1,432,105,74.5,4
26,5_1280x stock m270_4xobj_4_grid_r0_c6.png,7428,1,378,117,46.0,3
26,5_1280x stock m270_4xobj_4_grid_r0_c6.png,7429,1,268,118,46.0,3
26,5_1280x stock m270_4xobj_4_grid_r0_c6.png,7430,1,502,119,46.0,3
26,5_1280x stock m270_4xobj_4_grid_r0_c6.png,7431,1,264,135,31.5,3
26,5_1280x stock m270_4xobj_4_grid_r0_c6.png,7432,1,439,156,46.0,3
26,5_1280x stock m270_4xobj_4_grid_r0_c6.png,7433,1,193,157,46.0,3
26,5_1280x stock m270_4xobj_4_grid_r0_c6.png,7434,1,508,162,27.5,2
26,5_1280x stock m270_4xobj_4_grid_r0_c6.png,7435,1,461,162,46.0,3
26,5_1280x stock m270_4xobj_4_grid_r0_c6.png,7436,1,383,168,74.5,4
26,5_1280x stock m270_4xobj_4_grid_r0_c6.png,7437,1,49,175,46.0,3
26,5_1280x stock m270_4xobj_4_grid_r0_c6.png,7438,1,156,193,46.0,3
26,5_1280x stock m270_4xobj_4_grid_r0_c6.png,7439,1,114,389,31.5,3
26,5_1280x stock m270_4xobj_4_grid_r0_c6.png,7440,1,104,398,31.5,3
26,5_1280x stock m270_4xobj_4_grid_r0_c6.png,7441,1,352,323,31.5,3
26,5_1280x stock m270_4xobj_4_grid_r0_c6.png,7442,1,272,498,31.5,3
26,5_1280x stock m270_4xobj_4_grid_r0_c6.png,7443,1,267,488,31.5,3
26,5_1280x stock m270_4xobj_4_grid_r0_c6.png,7444,1,235,508,26.5,2
26,5_1280x stock m270_4xobj_4_grid_r0_c6.png,7445,1,171,486,31.5,3
26,5_1280x stock m270_4xobj_4_grid_r0_c6.png,7446,1,166,495,31.5,3
26,5_1280x stock m270_4xobj_4_grid_r0_c6.png,7447,1,181,505,46.0,3
26,5_1280x stock m270_4xobj_4_grid_r0_c6.png,7448,1,289,19,8.0,1
26,5_1280x stock m270_4xobj_4_grid_r0_c6.png,7449,1,305,396,74.5,4
26,5_1280x stock m270_4xobj_4_grid_r0_c6.png,7450,1,81,449,46.0,3
26,5_1280x stock m270_4xobj_4_grid_r0_c6.png,7451,1,387,63,31.5,3
26,5_1280x stock m270_4xobj_4_grid_r0_c6.png,7452,1,148,177,31.5,3
26,5_1280x stock m270_4xobj_4_grid_r0_c6.png,7453,1,149,184,31.5,3
26,5_1280x stock m270_4xobj_4_grid_r0_c6.png,7454,1,220,196,31.5,3
26,5_1280x stock m270_4xobj_4_grid_r0_c6.png,7455,1,152,506,46.0,3
26,5_1280x stock m270_4xobj_4_grid_r0_c6.png,7456,1,173,428,46.0,3
26,5_1280x stock m270_4xobj_4_grid_r0_c6.png,7457,1,69,435,74.5,4
26,5_1280x stock m270_4xobj_4_grid_r0_c6.png,7458,1,5,438,46.0,3
26,5_1280x stock m270_4xobj_4_grid_r0_c6.png,7459,1,163,442,46.0,3
26,5_1280x stock m270_4xobj_4_grid_r0_c6.png,7460,1,417,484,74.5,4
26,5_1280x stock m270_4xobj_4_grid_r0_c6.png,7461,1,299,508,31.5,3
26,5_1280x stock m270_4xobj_4_grid_r0_c6.png,7462,1,141,147,46.0,3
26,5_1280x stock m270_4xobj_4_grid_r0_c6.png,7463,1,24,287,104.0,5
26,5_1280x stock m270_4xobj_4_grid_r0_c6.png,7464,1,3,327,31.5,3
26,5_1280x stock m270_4xobj_4_grid_r0_c6.png,7465,1,67,329,46.0,3
26,5_1280x stock m270_4xobj_4_grid_r0_c6.png,7466,1,111,352,46.0,3
26,5_1280x stock m270_4xobj_4_grid_r0_c6.png,7467,1,106,412,74.5,4
26,5_1280x stock m270_4xobj_4_grid_r0_c6.png,7468,1,55,444,46.0,3
26,5_1280x stock m270_4xobj_4_grid_r0_c6.png,7469,1,175,467,46.0,3
26,5_1280x stock m270_4xobj_4_grid_r0_c6.png,7470,1,120,481,31.5,3
26,5_1280x stock m270_4xobj_4_grid_r0_c6.png,7471,1,287,37,74.5,4
26,5_1280x stock m270_4xobj_4_grid_r0_c6.png,7472,1,329,255,31.5,3
26,5_1280x stock m270_4xobj_4_grid_r0_c6.png,7473,1,165,262,46.0,3
26,5_1280x stock m270_4xobj_4_grid_r0_c6.png,7474,1,103,267,46.0,3
26,5_1280x stock m270_4xobj_4_grid_r0_c6.png,7475,1,111,295,46.0,3
26,5_1280x stock m270_4xobj_4_grid_r0_c6.png,7476,1,308,362,31.5,3
26,5_1280x stock m270_4xobj_4_grid_r0_c6.png,7477,1,271,383,46.0,3
26,5_1280x stock m270_4xobj_4_grid_r0_c6.png,7478,1,263,402,46.0,3
26,5_1280x stock m270_4xobj_4_grid_r0_c6.png,7479,1,250,406,46.0,3
26,5_1280x stock m270_4xobj_4_grid_r0_c6.png,7480,1,312,408,46.0,3
26,5_1280x stock m270_4xobj_4_grid_r0_c6.png,7481,1,32,421,46.0,3
26,5_1280x stock m270_4xobj_4_grid_r0_c6.png,7482,1,402,292,74.5,4
26,5_1280x stock m270_4xobj_4_grid_r0_c6.png,7483,1,407,218,74.5,4
26,5_1280x stock m270_4xobj_4_grid_r0_c6.png,7484,1,365,186,31.5,3
26,5_1280x stock m270_4xobj_4_grid_r0_c6.png,7485,1,457,181,46.0,3
26,5_1280x stock m270_4xobj_4_grid_r0_c6.png,7486,1,486,57,31.5,3
26,5_1280x stock m270_4xobj_4_grid_r0_c6.png,7487,1,339,54,46.0,3
26,5_1280x stock m270_4xobj_4_grid_r0_c6.png,7488,1,175,364,46.0,3
26,5_1280x stock m270_4xobj_4_grid_r0_c6.png,7489,1,450,347,74.5,4
26,5_1280x stock m270_4xobj_4_grid_r0_c6.png,7490,1,414,340,31.5,3
26,5_1280x stock m270_4xobj_4_grid_r0_c6.png,7491,1,197,287,46.0,3
26,5_1280x stock m270_4xobj_4_grid_r0_c6.png,7492,1,413,286,46.0,3
26,5_1280x stock m270_4xobj_4_grid_r0_c6.png,7493,1,429,280,46.0,3
26,5_1280x stock m270_4xobj_4_grid_r0_c6.png,7494,1,309,275,46.0,3
27,5_1280x stock m270_4xobj_4_grid_r0_c7.png,7495,1,356,179,46.0,3
27,5_1280x stock m270_4xobj_4_grid_r0_c7.png,7496,1,182,496,22.0,2
27,5_1280x stock m270_4xobj_4_grid_r0_c7.png,7497,1,50,504,22.0,2
27,5_1280x stock m270_4xobj_4_grid_r0_c7.png,7498,1,69,476,22.0,2
27,5_1280x stock m270_4xobj_4_grid_r0_c7.png,7499,1,75,482,22.0,2
27,5_1280x stock m270_4xobj_4_grid_r0_c7.png,7500,1,63,344,22.0,2
27,5_1280x stock m270_4xobj_4_grid_r0_c7.png,7501,1,59,337,22.0,2
27,5_1280x stock m270_4xobj_4_grid_r0_c7.png,7502,1,105,347,22.0,2
27,5_1280x stock m270_4xobj_4_grid_r0_c7.png,7503,1,112,338,22.0,2
27,5_1280x stock m270_4xobj_4_grid_r0_c7.png,7504,1,116,346,22.0,2
27,5_1280x stock m270_4xobj_4_grid_r0_c7.png,7505,1,118,313,22.0,2
27,5_1280x stock m270_4xobj_4_grid_r0_c7.png,7506,1,108,308,22.0,2
27,5_1280x stock m270_4xobj_4_grid_r0_c7.png,7507,1,57,111,22.0,2
27,5_1280x stock m270_4xobj_4_grid_r0_c7.png,7508,1,51,112,22.0,2
27,5_1280x stock m270_4xobj_4_grid_r0_c7.png,7509,1,54,106,8.0,1
27,5_1280x stock m270_4xobj_4_grid_r0_c7.png,7510,1,468,310,46.0,3
27,5_1280x stock m270_4xobj_4_grid_r0_c7.png,7511,1,465,93,74.5,4
27,5_1280x stock m270_4xobj_4_grid_r0_c7.png,7512,1,456,110,74.5,4
27,5_1280x stock m270_4xobj_4_grid_r0_c7.png,7513,1,456,57,74.5,4
27,5_1280x stock m270_4xobj_4_grid_r0_c7.png,7514,1,394,64,74.5,4
27,5_1280x stock m270_4xobj_4_grid_r0_c7.png,7515,1,401,45,74.5,4
27,5_1280x stock m270_4xobj_4_grid_r0_c7.png,7516,1,389,46,74.5,4
27,5_1280x stock m270_4xobj_4_grid_r0_c7.png,7517,1,386,34,74.5,4
27,5_1280x stock m270_4xobj_4_grid_r0_c7.png,7518,1,503,288,74.5,4
27,5_1280x stock m270_4xobj_4_grid_r0_c7.png,7519,1,504,270,74.5,4
27,5_1280x stock m270_4xobj_4_grid_r0_c7.png,7520,1,427,298,74.5,4
27,5_1280x stock m270_4xobj_4_grid_r0_c7.png,7521,1,453,333,74.5,4
27,5_1280x stock m270_4xobj_4_grid_r0_c7.png,7522,1,376,395,74.5,4
27,5_1280x stock m270_4xobj_4_grid_r0_c7.png,7523,1,314,391,74.5,4
27,5_1280x stock m270_4xobj_4_grid_r0_c7.png,7524,1,400,440,74.5,4
27,5_1280x stock m270_4xobj_4_grid_r0_c7.png,7525,1,389,476,74.5,4
27,5_1280x stock m270_4xobj_4_grid_r0_c7.png,7526,1,427,385,74.5,4
27,5_1280x stock m270_4xobj_4_grid_r0_c7.png,7527,1,425,374,74.5,4
27,5_1280x stock m270_4xobj_4_grid_r0_c7.png,7528,1,466,371,74.5,4
27,5_1280x stock m270_4xobj_4_grid_r0_c7.png,7529,1,457,481,74.5,4
27,5_1280x stock m270_4xobj_4_grid_r0_c7.png,7530,1,470,495,74.5,4
27,5_1280x stock m270_4xobj_4_grid_r0_c7.png,7531,1,507,468,63.5,4
27,5_1280x stock m270_4xobj_4_grid_r0_c7.png,7532,1,506,413,70.5,4
27,5_1280x stock m270_4xobj_4_grid_r0_c7.png,7533,1,479,444,74.5,4
27,5_1280x stock m270_4xobj_4_grid_r0_c7.png,7534,1,488,453,74.5,4
27,5_1280x stock m270_4xobj_4_grid_r0_c7.png,7535,1,486,375,74.5,4
27,5_1280x stock m270_4xobj_4_grid_r0_c7.png,7536,1,458,375,74.5,4
27,5_1280x stock m270_4xobj_4_grid_r0_c7.png,7537,1,457,361,74.5,4
27,5_1280x stock m270_4xobj_4_grid_r0_c7.png,7538,1,351,507,64.5,4
27,5_1280x stock m270_4xobj_4_grid_r0_c7.png,7539,1,271,507,64.5,4
27,5_1280x stock m270_4xobj_4_grid_r0_c7.png,7540,1,195,17,74.5,4
27,5_1280x stock m270_4xobj_4_grid_r0_c7.png,7541,1,247,82,74.5,4
27,5_1280x stock m270_4xobj_4_grid_r0_c7.png,7542,1,206,78,74.5,4
27,5_1280x stock m270_4xobj_4_grid_r0_c7.png,7543,1,340,24,74.5,4
27,5_1280x stock m270_4xobj_4_grid_r0_c7.png,7544,1,279,73,74.5,4
27,5_1280x stock m270_4xobj_4_grid_r0_c7.png,7545,1,370,19,74.5,4
27,5_1280x stock m270_4xobj_4_grid_r0_c7.png,7546,1,407,484,104.0,5
27,5_1280x stock m270_4xobj_4_grid_r0_c7.png,7547,1,378,159,31.5,3
27,5_1280x stock m270_4xobj_4_grid_r0_c7.png,7548,1,378,357,74.5,4
27,5_1280x stock m270_4xobj_4_grid_r0_c7.png,7549,1,322,167,31.5,3
27,5_1280x stock m270_4xobj_4_grid_r0_c7.png,7550,1,332,138,31.5,3
27,5_1280x stock m270_4xobj_4_grid_r0_c7.png,7551,1,321,84,31.5,3
27,5_1280x stock m270_4xobj_4_grid_r0_c7.png,7552,1,274,13,31.5,3
27,5_1280x stock m270_4xobj_4_grid_r0_c7.png,7553,1,458,458,46.0,3
27,5_1280x stock m270_4xobj_4_grid_r0_c7.png,7554,1,448,443,31.5,3
27,5_1280x stock m270_4xobj_4_grid_r0_c7.png,7555,1,389,402,31.5,3
27,5_1280x stock m270_4xobj_4_grid_r0_c7.png,7556,1,411,325,46.0,3
27,5_1280x stock m270_4xobj_4_grid_r0_c7.png,7557,1,316,307,46.0,3
27,5_1280x stock m270_4xobj_4_grid_r0_c7.png,7558,1,361,211,31.5,3
27,5_1280x stock m270_4xobj_4_grid_r0_c7.png,7559,1,279,87,31.5,3
27,5_1280x stock m270_4xobj_4_grid_r0_c7.png,7560,1,8,27,74.5,4
27,5_1280x stock m270_4xobj_4_grid_r0_c7.png,7561,1,268,482,147.5,6
27,5_1280x stock m270_4xobj_4_grid_r0_c7.png,7562,1,351,415,46.0,3
27,5_1280x stock m270_4xobj_4_grid_r0_c7.png,7563,1,329,366,46.0,3
27,5_1280x stock m270_4xobj_4_grid_r0_c7.png,7564,1,66,315,46.0,3
27,5_1280x stock m270_4xobj_4_grid_r0_c7.png,7565,1,35,258,46.0,3
27,5_1280x stock m270_4xobj_4_grid_r0_c7.png,7566,1,21,251,31.5,3
27,5_1280x stock m270_4xobj_4_grid_r0_c7.png,7567,1,189,193,31.5,3
27,5_1280x stock m270_4xobj_4_grid_r0_c7.png,7568,1,225,111,31.5,3
27,5_1280x stock m270_4xobj_4_grid_r0_c7.png,7569,1,213,67,46.0,3
27,5_1280x stock m270_4xobj_4_grid_r0_c7.png,7570,1,11,57,31.5,3
27,5_1280x stock m270_4xobj_4_grid_r0_c7.png,7571,1,62,502,31.5,3
27,5_1280x stock m270_4xobj_4_grid_r0_c7.png,7572,1,314,496,31.5,3
27,5_1280x stock m270_4xobj_4_grid_r0_c7.png,7573,1,344,438,46.0,3
27,5_1280x stock m270_4xobj_4_grid_r0_c7.png,7574,1,146,430,74.5,4
27,5_1280x stock m270_4xobj_4_grid_r0_c7.png,7575,1,109,414,46.0,3
27,5_1280x stock m270_4xobj_4_grid_r0_c7.png,7576,1,354,395,46.0,3
27,5_1280x stock m270_4xobj_4_grid_r0_c7.png,7577,1,37,394,31.5,3
27,5_1280x stock m270_4xobj_4_grid_r0_c7.png,7578,1,290,388,31.5,3
27,5_1280x stock m270_4xobj_4_grid_r0_c7.png,7579,1,261,389,46.0,3
27,5_1280x stock m270_4xobj_4_grid_r0_c7.png,7580,1,289,352,46.0,3
27,5_1280x stock m270_4xobj_4_grid_r0_c7.png,7581,1,126,329,31.5,3
27,5_1280x stock m270_4xobj_4_grid_r0_c7.png,7582,1,262,284,46.0,3
27,5_1280x stock m270_4xobj_4_grid_r0_c7.png,7583,1,134,269,31.5,3
27,5_1280x stock m270_4xobj_4_grid_r0_c7.png,7584,1,75,260,46.0,3
27,5_1280x stock m270_4xobj_4_grid_r0_c7.png,7585,1,205,260,31.5,3
27,5_1280x stock m270_4xobj_4_grid_r0_c7.png,7586,1,243,257,46.0,3
27,5_1280x stock m270_4xobj_4_grid_r0_c7.png,7587,1,184,251,46.0,3
27,5_1280x stock m270_4xobj_4_grid_r0_c7.png,7588,1,99,247,46.0,3
27,5_1280x stock m270_4xobj_4_grid_r0_c7.png,7589,1,264,239,46.0,3
27,5_1280x stock m270_4xobj_4_grid_r0_c7.png,7590,1,198,228,46.0,3
27,5_1280x stock m270_4xobj_4_grid_r0_c7.png,7591,1,48,224,46.0,3
27,5_1280x stock m270_4xobj_4_grid_r0_c7.png,7592,1,311,210,74.5,4
27,5_1280x stock m270_4xobj_4_grid_r0_c7.png,7593,1,34,162,31.5,3
27,5_1280x stock m270_4xobj_4_grid_r0_c7.png,7594,1,107,116,46.0,3
27,5_1280x stock m270_4xobj_4_grid_r0_c7.png,7595,1,158,114,31.5,3
27,5_1280x stock m270_4xobj_4_grid_r0_c7.png,7596,1,183,101,31.5,3
27,5_1280x stock m270_4xobj_4_grid_r0_c7.png,7597,1,177,85,46.0,3
27,5_1280x stock m270_4xobj_4_grid_r0_c7.png,7598,1,38,64,46.0,3
27,5_1280x stock m270_4xobj_4_grid_r0_c7.png,7599,1,192,65,38.0,3
27,5_1280x stock m270_4xobj_4_grid_r0_c7.png,7600,1,88,50,31.5,3
27,5_1280x stock m270_4xobj_4_grid_r0_c7.png,7601,1,98,41,74.5,4
27,5_1280x stock m270_4xobj_4_grid_r0_c7.png,7602,1,73,29,31.5,3
27,5_1280x stock m270_4xobj_4_grid_r0_c7.png,7603,1,44,9,46.0,3
27,5_1280x stock m270_4xobj_4_grid_r0_c7.png,7604,1,112,488,46.0,3
27,5_1280x stock m270_4xobj_4_grid_r0_c7.png,7605,1,24,489,46.0,3
27,5_1280x stock m270_4xobj_4_grid_r0_c7.png,7606,1,56,444,31.5,3
27,5_1280x stock m270_4xobj_4_grid_r0_c7.png,7607,1,208,430,46.0,3
27,5_1280x stock m270_4xobj_4_grid_r0_c7.png,7608,1,246,406,46.0,3
27,5_1280x stock m270_4xobj_4_grid_r0_c7.png,7609,1,61,358,46.0,3
27,5_1280x stock m270_4xobj_4_grid_r0_c7.png,7610,1,171,330,46.0,3
27,5_1280x stock m270_4xobj_4_grid_r0_c7.png,7611,1,79,323,31.5,3
27,5_1280x stock m270_4xobj_4_grid_r0_c7.png,7612,1,171,304,104.0,5
27,5_1280x stock m270_4xobj_4_grid_r0_c7.png,7613,1,179,282,46.0,3
27,5_1280x stock m270_4xobj_4_grid_r0_c7.png,7614,1,8,270,31.5,3
27,5_1280x stock m270_4xobj_4_grid_r0_c7.png,7615,1,98,214,46.0,3
27,5_1280x stock m270_4xobj_4_grid_r0_c7.png,7616,1,113,153,31.5,3
27,5_1280x stock m270_4xobj_4_grid_r0_c7.png,7617,1,78,137,46.0,3
27,5_1280x stock m270_4xobj_4_grid_r0_c7.png,7618,1,27,118,46.0,3
27,5_1280x stock m270_4xobj_4_grid_r0_c7.png,7619,1,97,116,31.5,3
27,5_1280x stock m270_4xobj_4_grid_r0_c7.png,7620,1,18,81,74.5,4
27,5_1280x stock m270_4xobj_4_grid_r0_c7.png,7621,1,75,48,46.0,3
27,5_1280x stock m270_4xobj_4_grid_r0_c7.png,7622,1,70,13,74.5,4
27,5_1280x stock m270_4xobj_4_grid_r0_c7.png,7623,1,180,447,46.0,3
27,5_1280x stock m270_4xobj_4_grid_r0_c7.png,7624,1,110,434,74.5,4
27,5_1280x stock m270_4xobj_4_grid_r0_c7.png,7625,1,114,390,46.0,3
27,5_1280x stock m270_4xobj_4_grid_r0_c7.png,7626,1,118,293,46.0,3
27,5_1280x stock m270_4xobj_4_grid_r0_c7.png,7627,1,47,140,46.0,3
27,5_1280x stock m270_4xobj_4_grid_r0_c7.png,7628,1,46,42,74.5,4
27,5_1280x stock m270_4xobj_4_grid_r0_c7.png,7629,1,160,446,46.0,3
27,5_1280x stock m270_4xobj_4_grid_r0_c7.png,7630,1,203,367,46.0,3
27,5_1280x stock m270_4xobj_4_grid_r0_c7.png,7631,1,152,76,31.5,3
27,5_1280x stock m270_4xobj_4_grid_r0_c7.png,7632,1,474,285,74.5,4
27,5_1280x stock m270_4xobj_4_grid_r0_c7.png,7633,1,485,286,74.5,4
27,5_1280x stock m270_4xobj_4_grid_r0_c7.png,7634,1,252,164,8.0,1
27,5_1280x stock m270_4xobj_4_grid_r0_c7.png,7635,1,257,136,8.0,1
27,5_1280x stock m270_4xobj_4_grid_r0_c7.png,7636,1,281,121,8.0,1
27,5_1280x stock m270_4xobj_4_grid_r0_c7.png,7637,1,345,151,8.0,1
27,5_1280x stock m270_4xobj_4_grid_r0_c7.png,7638,1,421,131,8.0,1
27,5_1280x stock m270_4xobj_4_grid_r0_c7.png,7639,1,457,168,8.0,1
27,5_1280x stock m270_4xobj_4_grid_r0_c7.png,7640,1,425,187,8.0,1
27,5_1280x stock m270_4xobj_4_grid_r0_c7.png,7641,1,415,196,8.0,1
27,5_1280x stock m270_4xobj_4_grid_r0_c7.png,7642,1,392,237,8.0,1
27,5_1280x stock m270_4xobj_4_grid_r0_c7.png,7643,1,385,228,8.0,1
27,5_1280x stock m270_4xobj_4_grid_r0_c7.png,7644,1,371,237,8.0,1
27,5_1280x stock m270_4xobj_4_grid_r0_c7.png,7645,1,352,258,8.0,1
27,5_1280x stock m270_4xobj_4_grid_r0_c7.png,7646,1,359,271,8.0,1
27,5_1280x stock m270_4xobj_4_grid_r0_c7.png,7647,1,347,287,8.0,1
27,5_1280x stock m270_4xobj_4_grid_r0_c7.png,7648,1,292,272,8.0,1
27,5_1280x stock m270_4xobj_4_grid_r0_c7.png,7649,1,282,277,8.0,1
27,5_1280x stock m270_4xobj_4_grid_r0_c7.png,7650,1,288,260,8.0,1
27,5_1280x stock m270_4xobj_4_grid_r0_c7.png,7651,1,244,298,74.5,4
27,5_1280x stock m270_4xobj_4_grid_r0_c7.png,7652,1,245,311,74.5,4
27,5_1280x stock m270_4xobj_4_grid_r0_c7.png,7653,1,206,200,8.0,1
27,5_1280x stock m270_4xobj_4_grid_r0_c7.png,7654,1,341,308,74.5,4
27,5_1280x stock m270_4xobj_4_grid_r0_c7.png,7655,1,480,200,74.5,4
27,5_1280x stock m270_4xobj_4_grid_r0_c7.png,7656,1,455,246,74.5,4
27,5_1280x stock m270_4xobj_4_grid_r0_c7.png,7657,1,463,264,74.5,4
28,5_1280x stock m270_4xobj_4_grid_r1_c0.png,7658,1,134,111,46.0,3
28,5_1280x stock m270_4xobj_4_grid_r1_c0.png,7659,1,74,88,46.0,3
28,5_1280x stock m270_4xobj_4_grid_r1_c0.png,7660,1,50,444,74.5,4
28,5_1280x stock m270_4xobj_4_grid_r1_c0.png,7661,1,5,455,31.5,3
28,5_1280x stock m270_4xobj_4_grid_r1_c0.png,7662,1,170,469,46.0,3
28,5_1280x stock m270_4xobj_4_grid_r1_c0.png,7663,1,38,477,31.5,3
28,5_1280x stock m270_4xobj_4_grid_r1_c0.png,7664,1,56,482,46.0,3
28,5_1280x stock m270_4xobj_4_grid_r1_c0.png,7665,1,19,488,46.0,3
28,5_1280x stock m270_4xobj_4_grid_r1_c0.png,7666,1,91,499,46.0,3
28,5_1280x stock m270_4xobj_4_grid_r1_c0.png,7667,1,274,506,46.0,3
28,5_1280x stock m270_4xobj_4_grid_r1_c0.png,7668,1,41,101,46.0,3
28,5_1280x stock m270_4xobj_4_grid_r1_c0.png,7669,1,248,153,46.0,3
28,5_1280x stock m270_4xobj_4_grid_r1_c0.png,7670,1,131,157,74.5,4
28,5_1280x stock m270_4xobj_4_grid_r1_c0.png,7671,1,41,176,74.5,4
28,5_1280x stock m270_4xobj_4_grid_r1_c0.png,7672,1,294,191,46.0,3
28,5_1280x stock m270_4xobj_4_grid_r1_c0.png,7673,1,6,205,46.0,3
28,5_1280x stock m270_4xobj_4_grid_r1_c0.png,7674,1,5,226,46.0,3
28,5_1280x stock m270_4xobj_4_grid_r1_c0.png,7675,1,27,253,46.0,3
28,5_1280x stock m270_4xobj_4_grid_r1_c0.png,7676,1,107,255,46.0,3
28,5_1280x stock m270_4xobj_4_grid_r1_c0.png,7677,1,68,314,46.0,3
28,5_1280x stock m270_4xobj_4_grid_r1_c0.png,7678,1,49,322,74.5,4
28,5_1280x stock m270_4xobj_4_grid_r1_c0.png,7679,1,20,330,31.5,3
28,5_1280x stock m270_4xobj_4_grid_r1_c0.png,7680,1,183,340,74.5,4
28,5_1280x stock m270_4xobj_4_grid_r1_c0.png,7681,1,132,362,46.0,3
28,5_1280x stock m270_4xobj_4_grid_r1_c0.png,7682,1,143,364,46.0,3
28,5_1280x stock m270_4xobj_4_grid_r1_c0.png,7683,1,71,375,31.5,3
28,5_1280x stock m270_4xobj_4_grid_r1_c0.png,7684,1,154,394,46.0,3
28,5_1280x stock m270_4xobj_4_grid_r1_c0.png,7685,1,246,420,46.0,3
28,5_1280x stock m270_4xobj_4_grid_r1_c0.png,7686,1,335,427,190.0,7
28,5_1280x stock m270_4xobj_4_grid_r1_c0.png,7687,1,89,253,46.0,3
28,5_1280x stock m270_4xobj_4_grid_r1_c0.png,7688,1,191,455,46.0,3
28,5_1280x stock m270_4xobj_4_grid_r1_c0.png,7689,1,160,477,31.5,3
28,5_1280x stock m270_4xobj_4_grid_r1_c0.png,7690,1,212,479,74.5,4
28,5_1280x stock m270_4xobj_4_grid_r1_c0.png,7691,1,357,231,147.5,6
28,5_1280x stock m270_4xobj_4_grid_r1_c0.png,7692,1,438,39,46.0,3
28,5_1280x stock m270_4xobj_4_grid_r1_c0.png,7693,1,382,142,46.0,3
28,5_1280x stock m270_4xobj_4_grid_r1_c0.png,7694,1,507,103,43.0,3
28,5_1280x stock m270_4xobj_4_grid_r1_c0.png,7695,1,400,66,31.5,3
28,5_1280x stock m270_4xobj_4_grid_r1_c0.png,7696,1,501,17,46.0,3
28,5_1280x stock m270_4xobj_4_grid_r1_c0.png,7697,1,416,208,46.0,3
28,5_1280x stock m270_4xobj_4_grid_r1_c0.png,7698,1,348,192,46.0,3
28,5_1280x stock m270_4xobj_4_grid_r1_c0.png,7699,1,402,180,74.5,4
28,5_1280x stock m270_4xobj_4_grid_r1_c0.png,7700,1,391,151,46.0,3
28,5_1280x stock m270_4xobj_4_grid_r1_c0.png,7701,1,280,129,46.0,3
28,5_1280x stock m270_4xobj_4_grid_r1_c0.png,7702,1,478,112,46.0,3
28,5_1280x stock m270_4xobj_4_grid_r1_c0.png,7703,1,308,92,46.0,3
28,5_1280x stock m270_4xobj_4_grid_r1_c0.png,7704,1,485,81,46.0,3
28,5_1280x stock m270_4xobj_4_grid_r1_c0.png,7705,1,283,70,46.0,3
28,5_1280x stock m270_4xobj_4_grid_r1_c0.png,7706,1,439,68,46.0,3
28,5_1280x stock m270_4xobj_4_grid_r1_c0.png,7707,1,398,54,46.0,3
28,5_1280x stock m270_4xobj_4_grid_r1_c0.png,7708,1,342,32,46.0,3
28,5_1280x stock m270_4xobj_4_grid_r1_c0.png,7709,1,271,30,46.0,3
28,5_1280x stock m270_4xobj_4_grid_r1_c0.png,7710,1,362,24,46.0,3
28,5_1280x stock m270_4xobj_4_grid_r1_c0.png,7711,1,417,20,46.0,3
28,5_1280x stock m270_4xobj_4_grid_r1_c0.png,7712,1,483,16,46.0,3
28,5_1280x stock m270_4xobj_4_grid_r1_c0.png,7713,1,420,365,46.0,3
28,5_1280x stock m270_4xobj_4_grid_r1_c0.png,7714,1,448,304,46.0,3
28,5_1280x stock m270_4xobj_4_grid_r1_c0.png,7715,1,456,280,46.0,3
28,5_1280x stock m270_4xobj_4_grid_r1_c0.png,7716,1,472,258,46.0,3
28,5_1280x stock m270_4xobj_4_grid_r1_c0.png,7717,1,469,241,46.0,3
28,5_1280x stock m270_4xobj_4_grid_r1_c0.png,7718,1,507,239,46.0,3
28,5_1280x stock m270_4xobj_4_grid_r1_c0.png,7719,1,324,233,46.0,3
28,5_1280x stock m270_4xobj_4_grid_r1_c0.png,7720,1,439,233,46.0,3
28,5_1280x stock m270_4xobj_4_grid_r1_c0.png,7721,1,420,220,31.5,3
28,5_1280x stock m270_4xobj_4_grid_r1_c0.png,7722,1,304,202,46.0,3
28,5_1280x stock m270_4xobj_4_grid_r1_c0.png,7723,1,304,160,46.0,3
28,5_1280x stock m270_4xobj_4_grid_r1_c0.png,7724,1,392,119,46.0,3
28,5_1280x stock m270_4xobj_4_grid_r1_c0.png,7725,1,313,115,46.0,3
28,5_1280x stock m270_4xobj_4_grid_r1_c0.png,7726,1,175,78,46.0,3
28,5_1280x stock m270_4xobj_4_grid_r1_c0.png,7727,1,286,21,46.0,3
28,5_1280x stock m270_4xobj_4_grid_r1_c0.png,7728,1,300,408,31.5,3
28,5_1280x stock m270_4xobj_4_grid_r1_c0.png,7729,1,359,399,46.0,3
28,5_1280x stock m270_4xobj_4_grid_r1_c0.png,7730,1,375,398,46.0,3
28,5_1280x stock m270_4xobj_4_grid_r1_c0.png,7731,1,394,391,46.0,3
28,5_1280x stock m270_4xobj_4_grid_r1_c0.png,7732,1,476,372,74.5,4
28,5_1280x stock m270_4xobj_4_grid_r1_c0.png,7733,1,298,346,46.0,3
28,5_1280x stock m270_4xobj_4_grid_r1_c0.png,7734,1,374,335,46.0,3
28,5_1280x stock m270_4xobj_4_grid_r1_c0.png,7735,1,271,304,46.0,3
28,5_1280x stock m270_4xobj_4_grid_r1_c0.png,7736,1,222,260,46.0,3
28,5_1280x stock m270_4xobj_4_grid_r1_c0.png,7737,1,133,252,46.0,3
28,5_1280x stock m270_4xobj_4_grid_r1_c0.png,7738,1,247,235,74.5,4
28,5_1280x stock m270_4xobj_4_grid_r1_c0.png,7739,1,205,155,46.0,3
28,5_1280x stock m270_4xobj_4_grid_r1_c0.png,7740,1,272,148,46.0,3
28,5_1280x stock m270_4xobj_4_grid_r1_c0.png,7741,1,174,135,46.0,3
28,5_1280x stock m270_4xobj_4_grid_r1_c0.png,7742,1,92,134,46.0,3
28,5_1280x stock m270_4xobj_4_grid_r1_c0.png,7743,1,109,115,46.0,3
28,5_1280x stock m270_4xobj_4_grid_r1_c0.png,7744,1,179,112,46.0,3
28,5_1280x stock m270_4xobj_4_grid_r1_c0.png,7745,1,230,72,46.0,3
28,5_1280x stock m270_4xobj_4_grid_r1_c0.png,7746,1,71,67,46.0,3
28,5_1280x stock m270_4xobj_4_grid_r1_c0.png,7747,1,144,60,46.0,3
28,5_1280x stock m270_4xobj_4_grid_r1_c0.png,7748,1,35,49,31.5,3
28,5_1280x stock m270_4xobj_4_grid_r1_c0.png,7749,1,70,39,46.0,3
28,5_1280x stock m270_4xobj_4_grid_r1_c0.png,7750,1,39,40,31.5,3
28,5_1280x stock m270_4xobj_4_grid_r1_c0.png,7751,1,175,7,46.0,3
28,5_1280x stock m270_4xobj_4_grid_r1_c0.png,7752,1,347,500,46.0,3
28,5_1280x stock m270_4xobj_4_grid_r1_c0.png,7753,1,462,479,74.5,4
28,5_1280x stock m270_4xobj_4_grid_r1_c0.png,7754,1,399,473,46.0,3
28,5_1280x stock m270_4xobj_4_grid_r1_c0.png,7755,1,487,467,46.0,3
28,5_1280x stock m270_4xobj_4_grid_r1_c0.png,7756,1,481,442,46.0,3
28,5_1280x stock m270_4xobj_4_grid_r1_c0.png,7757,1,277,426,46.0,3
28,5_1280x stock m270_4xobj_4_grid_r1_c0.png,7758,1,189,419,46.0,3
28,5_1280x stock m270_4xobj_4_grid_r1_c0.png,7759,1,234,416,31.5,3
28,5_1280x stock m270_4xobj_4_grid_r1_c0.png,7760,1,248,396,46.0,3
28,5_1280x stock m270_4xobj_4_grid_r1_c0.png,7761,1,344,382,46.0,3
28,5_1280x stock m270_4xobj_4_grid_r1_c0.png,7762,1,61,378,31.5,3
28,5_1280x stock m270_4xobj_4_grid_r1_c0.png,7763,1,296,372,46.0,3
28,5_1280x stock m270_4xobj_4_grid_r1_c0.png,7764,1,160,358,74.5,4
28,5_1280x stock m270_4xobj_4_grid_r1_c0.png,7765,1,382,349,46.0,3
28,5_1280x stock m270_4xobj_4_grid_r1_c0.png,7766,1,310,344,31.5,3
28,5_1280x stock m270_4xobj_4_grid_r1_c0.png,7767,1,154,292,46.0,3
28,5_1280x stock m270_4xobj_4_grid_r1_c0.png,7768,1,148,282,46.0,3
28,5_1280x stock m270_4xobj_4_grid_r1_c0.png,7769,1,170,244,46.0,3
28,5_1280x stock m270_4xobj_4_grid_r1_c0.png,7770,1,183,241,46.0,3
28,5_1280x stock m270_4xobj_4_grid_r1_c0.png,7771,1,146,240,46.0,3
28,5_1280x stock m270_4xobj_4_grid_r1_c0.png,7772,1,229,234,46.0,3
28,5_1280x stock m270_4xobj_4_grid_r1_c0.png,7773,1,94,210,46.0,3
28,5_1280x stock m270_4xobj_4_grid_r1_c0.png,7774,1,87,179,46.0,3
28,5_1280x stock m270_4xobj_4_grid_r1_c0.png,7775,1,232,124,46.0,3
28,5_1280x stock m270_4xobj_4_grid_r1_c0.png,7776,1,45,116,46.0,3
29,5_1280x stock m270_4xobj_4_grid_r1_c1.png,7777,1,8,16,46.0,3
29,5_1280x stock m270_4xobj_4_grid_r1_c1.png,7778,1,210,299,31.5,3
29,5_1280x stock m270_4xobj_4_grid_r1_c1.png,7779,1,190,177,74.5,4
29,5_1280x stock m270_4xobj_4_grid_r1_c1.png,7780,1,440,34,46.0,3
29,5_1280x stock m270_4xobj_4_grid_r1_c1.png,7781,1,300,162,46.0,3
29,5_1280x stock m270_4xobj_4_grid_r1_c1.png,7782,1,508,142,27.5,2
29,5_1280x stock m270_4xobj_4_grid_r1_c1.png,7783,1,484,87,46.0,3
29,5_1280x stock m270_4xobj_4_grid_r1_c1.png,7784,1,429,76,46.0,3
29,5_1280x stock m270_4xobj_4_grid_r1_c1.png,7785,1,287,54,46.0,3
29,5_1280x stock m270_4xobj_4_grid_r1_c1.png,7786,1,380,48,46.0,3
29,5_1280x stock m270_4xobj_4_grid_r1_c1.png,7787,1,460,20,46.0,3
29,5_1280x stock m270_4xobj_4_grid_r1_c1.png,7788,1,398,152,46.0,3
29,5_1280x stock m270_4xobj_4_grid_r1_c1.png,7789,1,306,141,46.0,3
29,5_1280x stock m270_4xobj_4_grid_r1_c1.png,7790,1,247,111,31.5,3
29,5_1280x stock m270_4xobj_4_grid_r1_c1.png,7791,1,386,61,46.0,3
29,5_1280x stock m270_4xobj_4_grid_r1_c1.png,7792,1,165,15,46.0,3
29,5_1280x stock m270_4xobj_4_grid_r1_c1.png,7793,1,471,13,46.0,3
29,5_1280x stock m270_4xobj_4_grid_r1_c1.png,7794,1,174,5,46.0,3
29,5_1280x stock m270_4xobj_4_grid_r1_c1.png,7795,1,196,1,7.0,1
29,5_1280x stock m270_4xobj_4_grid_r1_c1.png,7796,1,403,316,46.0,3
29,5_1280x stock m270_4xobj_4_grid_r1_c1.png,7797,1,461,309,46.0,3
29,5_1280x stock m270_4xobj_4_grid_r1_c1.png,7798,1,409,269,31.5,3
29,5_1280x stock m270_4xobj_4_grid_r1_c1.png,7799,1,229,263,46.0,3
29,5_1280x stock m270_4xobj_4_grid_r1_c1.png,7800,1,389,245,46.0,3
29,5_1280x stock m270_4xobj_4_grid_r1_c1.png,7801,1,89,234,31.5,3
29,5_1280x stock m270_4xobj_4_grid_r1_c1.png,7802,1,337,232,46.0,3
29,5_1280x stock m270_4xobj_4_grid_r1_c1.png,7803,1,177,224,46.0,3
29,5_1280x stock m270_4xobj_4_grid_r1_c1.png,7804,1,394,216,74.5,4
29,5_1280x stock m270_4xobj_4_grid_r1_c1.png,7805,1,349,191,46.0,3
29,5_1280x stock m270_4xobj_4_grid_r1_c1.png,7806,1,326,174,46.0,3
29,5_1280x stock m270_4xobj_4_grid_r1_c1.png,7807,1,112,156,46.0,3
29,5_1280x stock m270_4xobj_4_grid_r1_c1.png,7808,1,155,150,46.0,3
29,5_1280x stock m270_4xobj_4_grid_r1_c1.png,7809,1,240,134,46.0,3
29,5_1280x stock m270_4xobj_4_grid_r1_c1.png,7810,1,134,133,46.0,3
29,5_1280x stock m270_4xobj_4_grid_r1_c1.png,7811,1,50,125,46.0,3
29,5_1280x stock m270_4xobj_4_grid_r1_c1.png,7812,1,93,105,46.0,3
29,5_1280x stock m270_4xobj_4_grid_r1_c1.png,7813,1,33,103,46.0,3
29,5_1280x stock m270_4xobj_4_grid_r1_c1.png,7814,1,123,97,74.5,4
29,5_1280x stock m270_4xobj_4_grid_r1_c1.png,7815,1,123,57,46.0,3
29,5_1280x stock m270_4xobj_4_grid_r1_c1.png,7816,1,118,42,46.0,3
29,5_1280x stock m270_4xobj_4_grid_r1_c1.png,7817,1,26,17,46.0,3
29,5_1280x stock m270_4xobj_4_grid_r1_c1.png,7818,1,456,377,46.0,3
29,5_1280x stock m270_4xobj_4_grid_r1_c1.png,7819,1,401,357,46.0,3
29,5_1280x stock m270_4xobj_4_grid_r1_c1.png,7820,1,395,343,46.0,3
29,5_1280x stock m270_4xobj_4_grid_r1_c1.png,7821,1,347,324,46.0,3
29,5_1280x stock m270_4xobj_4_grid_r1_c1.png,7822,1,295,316,31.5,3
29,5_1280x stock m270_4xobj_4_grid_r1_c1.png,7823,1,315,299,46.0,3
29,5_1280x stock m270_4xobj_4_grid_r1_c1.png,7824,1,256,276,46.0,3
29,5_1280x stock m270_4xobj_4_grid_r1_c1.png,7825,1,420,271,46.0,3
29,5_1280x stock m270_4xobj_4_grid_r1_c1.png,7826,1,212,263,46.0,3
29,5_1280x stock m270_4xobj_4_grid_r1_c1.png,7827,1,324,250,46.0,3
29,5_1280x stock m270_4xobj_4_grid_r1_c1.png,7828,1,77,238,31.5,3
29,5_1280x stock m270_4xobj_4_grid_r1_c1.png,7829,1,209,231,46.0,3
29,5_1280x stock m270_4xobj_4_grid_r1_c1.png,7830,1,205,206,46.0,3
29,5_1280x stock m270_4xobj_4_grid_r1_c1.png,7831,1,3,112,31.5,3
29,5_1280x stock m270_4xobj_4_grid_r1_c1.png,7832,1,10,81,46.0,3
29,5_1280x stock m270_4xobj_4_grid_r1_c1.png,7833,1,350,467,46.0,3
29,5_1280x stock m270_4xobj_4_grid_r1_c1.png,7834,1,336,460,46.0,3
29,5_1280x stock m270_4xobj_4_grid_r1_c1.png,7835,1,353,439,46.0,3
29,5_1280x stock m270_4xobj_4_grid_r1_c1.png,7836,1,380,434,46.0,3
29,5_1280x stock m270_4xobj_4_grid_r1_c1.png,7837,1,491,420,46.0,3
29,5_1280x stock m270_4xobj_4_grid_r1_c1.png,7838,1,369,409,46.0,3
29,5_1280x stock m270_4xobj_4_grid_r1_c1.png,7839,1,462,403,46.0,3
29,5_1280x stock m270_4xobj_4_grid_r1_c1.png,7840,1,506,398,46.0,3
29,5_1280x stock m270_4xobj_4_grid_r1_c1.png,7841,1,370,382,46.0,3
29,5_1280x stock m270_4xobj_4_grid_r1_c1.png,7842,1,352,366,46.0,3
29,5_1280x stock m270_4xobj_4_grid_r1_c1.png,7843,1,152,355,46.0,3
29,5_1280x stock m270_4xobj_4_grid_r1_c1.png,7844,1,366,352,46.0,3
29,5_1280x stock m270_4xobj_4_grid_r1_c1.png,7845,1,467,345,46.0,3
29,5_1280x stock m270_4xobj_4_grid_r1_c1.png,7846,1,212,339,46.0,3
29,5_1280x stock m270_4xobj_4_grid_r1_c1.png,7847,1,142,336,46.0,3
29,5_1280x stock m270_4xobj_4_grid_r1_c1.png,7848,1,115,324,46.0,3
29,5_1280x stock m270_4xobj_4_grid_r1_c1.png,7849,1,286,321,46.0,3
29,5_1280x stock m270_4xobj_4_grid_r1_c1.png,7850,1,246,288,46.0,3
29,5_1280x stock m270_4xobj_4_grid_r1_c1.png,7851,1,32,239,46.0,3
29,5_1280x stock m270_4xobj_4_grid_r1_c1.png,7852,1,116,209,46.0,3
29,5_1280x stock m270_4xobj_4_grid_r1_c1.png,7853,1,296,505,46.0,3
29,5_1280x stock m270_4xobj_4_grid_r1_c1.png,7854,1,202,499,46.0,3
29,5_1280x stock m270_4xobj_4_grid_r1_c1.png,7855,1,484,497,46.0,3
29,5_1280x stock m270_4xobj_4_grid_r1_c1.png,7856,1,127,493,46.0,3
29,5_1280x stock m270_4xobj_4_grid_r1_c1.png,7857,1,481,477,74.5,4
29,5_1280x stock m270_4xobj_4_grid_r1_c1.png,7858,1,179,467,74.5,4
29,5_1280x stock m270_4xobj_4_grid_r1_c1.png,7859,1,85,433,46.0,3
29,5_1280x stock m270_4xobj_4_grid_r1_c1.png,7860,1,276,378,46.0,3
29,5_1280x stock m270_4xobj_4_grid_r1_c1.png,7861,1,152,375,46.0,3
29,5_1280x stock m270_4xobj_4_grid_r1_c1.png,7862,1,49,375,46.0,3
29,5_1280x stock m270_4xobj_4_grid_r1_c1.png,7863,1,38,323,46.0,3
29,5_1280x stock m270_4xobj_4_grid_r1_c1.png,7864,1,46,277,46.0,3
29,5_1280x stock m270_4xobj_4_grid_r1_c1.png,7865,1,340,503,46.0,3
29,5_1280x stock m270_4xobj_4_grid_r1_c1.png,7866,1,138,450,46.0,3
29,5_1280x stock m270_4xobj_4_grid_r1_c1.png,7867,1,6,442,46.0,3
29,5_1280x stock m270_4xobj_4_grid_r1_c1.png,7868,1,213,436,46.0,3
29,5_1280x stock m270_4xobj_4_grid_r1_c1.png,7869,1,12,467,46.0,3
29,5_1280x stock m270_4xobj_4_grid_r1_c1.png,7870,1,172,278,31.5,3
29,5_1280x stock m270_4xobj_4_grid_r1_c1.png,7871,1,180,272,31.5,3
29,5_1280x stock m270_4xobj_4_grid_r1_c1.png,7872,1,130,233,31.5,3
29,5_1280x stock m270_4xobj_4_grid_r1_c1.png,7873,1,123,229,31.5,3
29,5_1280x stock m270_4xobj_4_grid_r1_c1.png,7874,1,205,306,31.5,3
30,6_2560x stock m270_4xobj_2_grid_r1_c5.png,7875,1,103,121,46.0,3
30,6_2560x stock m270_4xobj_2_grid_r1_c5.png,7876,1,97,104,46.0,3
30,6_2560x stock m270_4xobj_2_grid_r1_c5.png,7877,1,222,102,74.5,4
30,6_2560x stock m270_4xobj_2_grid_r1_c5.png,7878,1,347,85,46.0,3
30,6_2560x stock m270_4xobj_2_grid_r1_c5.png,7879,1,177,43,46.0,3
30,6_2560x stock m270_4xobj_2_grid_r1_c5.png,7880,1,12,41,46.0,3
30,6_2560x stock m270_4xobj_2_grid_r1_c5.png,7881,1,467,5,74.5,4
30,6_2560x stock m270_4xobj_2_grid_r1_c5.png,7882,1,89,508,26.5,2
30,6_2560x stock m270_4xobj_2_grid_r1_c5.png,7883,1,103,507,31.5,3
30,6_2560x stock m270_4xobj_2_grid_r1_c5.png,7884,1,378,201,46.0,3
30,6_2560x stock m270_4xobj_2_grid_r1_c5.png,7885,1,488,492,74.5,4
30,6_2560x stock m270_4xobj_2_grid_r1_c5.png,7886,1,212,479,46.0,3
30,6_2560x stock m270_4xobj_2_grid_r1_c5.png,7887,1,374,467,46.0,3
30,6_2560x stock m270_4xobj_2_grid_r1_c5.png,7888,1,224,444,46.0,3
30,6_2560x stock m270_4xobj_2_grid_r1_c5.png,7889,1,462,404,46.0,3
30,6_2560x stock m270_4xobj_2_grid_r1_c5.png,7890,1,315,398,46.0,3
30,6_2560x stock m270_4xobj_2_grid_r1_c5.png,7891,1,73,390,46.0,3
30,6_2560x stock m270_4xobj_2_grid_r1_c5.png,7892,1,438,381,46.0,3
30,6_2560x stock m270_4xobj_2_grid_r1_c5.png,7893,1,24,380,46.0,3
30,6_2560x stock m270_4xobj_2_grid_r1_c5.png,7894,1,457,372,46.0,3
30,6_2560x stock m270_4xobj_2_grid_r1_c5.png,7895,1,324,337,46.0,3
30,6_2560x stock m270_4xobj_2_grid_r1_c5.png,7896,1,490,294,74.5,4
30,6_2560x stock m270_4xobj_2_grid_r1_c5.png,7897,1,104,293,46.0,3
30,6_2560x stock m270_4xobj_2_grid_r1_c5.png,7898,1,140,262,74.5,4
30,6_2560x stock m270_4xobj_2_grid_r1_c5.png,7899,1,501,259,46.0,3
30,6_2560x stock m270_4xobj_2_grid_r1_c5.png,7900,1,325,252,46.0,3
30,6_2560x stock m270_4xobj_2_grid_r1_c5.png,7901,1,497,237,46.0,3
30,6_2560x stock m270_4xobj_2_grid_r1_c5.png,7902,1,32,449,104.0,5
30,6_2560x stock m270_4xobj_2_grid_r1_c5.png,7903,1,78,222,74.5,4
30,6_2560x stock m270_4xobj_2_grid_r1_c5.png,7904,1,65,4,31.5,3
30,6_2560x stock m270_4xobj_2_grid_r1_c5.png,7905,1,165,497,104.0,5
30,6_2560x stock m270_4xobj_2_grid_r1_c5.png,7906,1,174,207,46.0,3
30,6_2560x stock m270_4xobj_2_grid_r1_c5.png,7907,1,280,179,46.0,3
30,6_2560x stock m270_4xobj_2_grid_r1_c5.png,7908,1,419,139,46.0,3
30,6_2560x stock m270_4xobj_2_grid_r1_c5.png,7909,1,77,178,31.5,3
30,6_2560x stock m270_4xobj_2_grid_r1_c5.png,7910,1,365,269,46.0,3
30,6_2560x stock m270_4xobj_2_grid_r1_c5.png,7911,1,141,333,31.5,3
30,6_2560x stock m270_4xobj_2_grid_r1_c5.png,7912,1,368,345,46.0,3
30,6_2560x stock m270_4xobj_2_grid_r1_c5.png,7913,1,47,359,74.5,4
30,6_2560x stock m270_4xobj_2_grid_r1_c5.png,7914,1,244,430,46.0,3
30,6_2560x stock m270_4xobj_2_grid_r1_c5.png,7915,1,125,434,74.5,4
30,6_2560x stock m270_4xobj_2_grid_r1_c5.png,7916,1,296,445,46.0,3
30,6_2560x stock m270_4xobj_2_grid_r1_c5.png,7917,1,463,458,46.0,3
30,6_2560x stock m270_4xobj_2_grid_r1_c5.png,7918,1,499,52,46.0,3
30,6_2560x stock m270_4xobj_2_grid_r1_c5.png,7919,1,138,75,74.5,4
30,6_2560x stock m270_4xobj_2_grid_r1_c5.png,7920,1,326,121,46.0,3
30,6_2560x stock m270_4xobj_2_grid_r1_c5.png,7921,1,149,129,74.5,4
30,6_2560x stock m270_4xobj_2_grid_r1_c5.png,7922,1,191,134,46.0,3
30,6_2560x stock m270_4xobj_2_grid_r1_c5.png,7923,1,72,164,46.0,3
30,6_2560x stock m270_4xobj_2_grid_r1_c5.png,7924,1,89,198,46.0,3
30,6_2560x stock m270_4xobj_2_grid_r1_c5.png,7925,1,353,236,46.0,3
30,6_2560x stock m270_4xobj_2_grid_r1_c5.png,7926,1,265,235,46.0,3
30,6_2560x stock m270_4xobj_2_grid_r1_c5.png,7927,1,297,216,46.0,3
30,6_2560x stock m270_4xobj_2_grid_r1_c5.png,7928,1,100,213,74.5,4
30,6_2560x stock m270_4xobj_2_grid_r1_c5.png,7929,1,432,126,46.0,3
30,6_2560x stock m270_4xobj_2_grid_r1_c5.png,7930,1,186,79,46.0,3
30,6_2560x stock m270_4xobj_2_grid_r1_c5.png,7931,1,113,66,46.0,3
30,6_2560x stock m270_4xobj_2_grid_r1_c5.png,7932,1,215,202,46.0,3
30,6_2560x stock m270_4xobj_2_grid_r1_c5.png,7933,1,428,50,46.0,3
30,6_2560x stock m270_4xobj_2_grid_r1_c5.png,7934,1,296,42,46.0,3
30,6_2560x stock m270_4xobj_2_grid_r1_c5.png,7935,1,448,15,46.0,3
30,6_2560x stock m270_4xobj_2_grid_r1_c5.png,7936,1,252,4,46.0,3
30,6_2560x stock m270_4xobj_2_grid_r1_c5.png,7937,1,103,486,46.0,3
30,6_2560x stock m270_4xobj_2_grid_r1_c5.png,7938,1,85,174,31.5,3
30,6_2560x stock m270_4xobj_2_grid_r1_c5.png,7939,1,371,453,46.0,3
30,6_2560x stock m270_4xobj_2_grid_r1_c5.png,7940,1,402,430,46.0,3
30,6_2560x stock m270_4xobj_2_grid_r1_c5.png,7941,1,390,375,46.0,3
30,6_2560x stock m270_4xobj_2_grid_r1_c5.png,7942,1,41,302,46.0,3
30,6_2560x stock m270_4xobj_2_grid_r1_c5.png,7943,1,119,286,46.0,3
30,6_2560x stock m270_4xobj_2_grid_r1_c5.png,7944,1,472,243,74.5,4
30,6_2560x stock m270_4xobj_2_grid_r1_c5.png,7945,1,310,188,46.0,3
30,6_2560x stock m270_4xobj_2_grid_r1_c5.png,7946,1,376,174,46.0,3
30,6_2560x stock m270_4xobj_2_grid_r1_c5.png,7947,1,492,152,46.0,3
30,6_2560x stock m270_4xobj_2_grid_r1_c5.png,7948,1,67,136,46.0,3
30,6_2560x stock m270_4xobj_2_grid_r1_c5.png,7949,1,45,124,74.5,4
30,6_2560x stock m270_4xobj_2_grid_r1_c5.png,7950,1,497,123,46.0,3
31,6_2560x stock m270_4xobj_2_grid_r1_c6.png,7951,1,56,358,74.5,4
31,6_2560x stock m270_4xobj_2_grid_r1_c6.png,7952,1,15,294,74.5,4
31,6_2560x stock m270_4xobj_2_grid_r1_c6.png,7953,1,47,246,46.0,3
31,6_2560x stock m270_4xobj_2_grid_r1_c6.png,7954,1,76,196,46.0,3
31,6_2560x stock m270_4xobj_2_grid_r1_c6.png,7955,1,396,89,74.5,4
31,6_2560x stock m270_4xobj_2_grid_r1_c6.png,7956,1,72,139,46.0,3
31,6_2560x stock m270_4xobj_2_grid_r1_c6.png,7957,1,22,123,46.0,3
31,6_2560x stock m270_4xobj_2_grid_r1_c6.png,7958,1,127,93,46.0,3
31,6_2560x stock m270_4xobj_2_grid_r1_c6.png,7959,1,496,93,74.5,4
31,6_2560x stock m270_4xobj_2_grid_r1_c6.png,7960,1,209,66,74.5,4
31,6_2560x stock m270_4xobj_2_grid_r1_c6.png,7961,1,268,8,46.0,3
31,6_2560x stock m270_4xobj_2_grid_r1_c6.png,7962,1,488,7,46.0,3
31,6_2560x stock m270_4xobj_2_grid_r1_c6.png,7963,1,444,1,7.0,1
31,6_2560x stock m270_4xobj_2_grid_r1_c6.png,7964,1,285,1,7.0,1
31,6_2560x stock m270_4xobj_2_grid_r1_c6.png,7965,1,186,496,46.0,3
31,6_2560x stock m270_4xobj_2_grid_r1_c6.png,7966,1,195,376,46.0,3
31,6_2560x stock m270_4xobj_2_grid_r1_c6.png,7967,1,242,363,46.0,3
31,6_2560x stock m270_4xobj_2_grid_r1_c6.png,7968,1,84,356,74.5,4
31,6_2560x stock m270_4xobj_2_grid_r1_c6.png,7969,1,396,338,46.0,3
31,6_2560x stock m270_4xobj_2_grid_r1_c6.png,7970,1,251,323,74.5,4
31,6_2560x stock m270_4xobj_2_grid_r1_c6.png,7971,1,96,323,74.5,4
31,6_2560x stock m270_4xobj_2_grid_r1_c6.png,7972,1,302,319,46.0,3
31,6_2560x stock m270_4xobj_2_grid_r1_c6.png,7973,1,375,300,74.5,4
31,6_2560x stock m270_4xobj_2_grid_r1_c6.png,7974,1,70,280,46.0,3
31,6_2560x stock m270_4xobj_2_grid_r1_c6.png,7975,1,199,261,46.0,3
31,6_2560x stock m270_4xobj_2_grid_r1_c6.png,7976,1,26,259,46.0,3
31,6_2560x stock m270_4xobj_2_grid_r1_c6.png,7977,1,22,237,46.0,3
31,6_2560x stock m270_4xobj_2_grid_r1_c6.png,7978,1,125,224,46.0,3
31,6_2560x stock m270_4xobj_2_grid_r1_c6.png,7979,1,351,411,46.0,3
31,6_2560x stock m270_4xobj_2_grid_r1_c6.png,7980,1,344,400,46.0,3
31,6_2560x stock m270_4xobj_2_grid_r1_c6.png,7981,1,412,387,46.0,3
31,6_2560x stock m270_4xobj_2_grid_r1_c6.png,7982,1,104,342,46.0,3
31,6_2560x stock m270_4xobj_2_grid_r1_c6.png,7983,1,226,341,46.0,3
31,6_2560x stock m270_4xobj_2_grid_r1_c6.png,7984,1,55,311,46.0,3
31,6_2560x stock m270_4xobj_2_grid_r1_c6.png,7985,1,93,278,46.0,3
31,6_2560x stock m270_4xobj_2_grid_r1_c6.png,7986,1,415,226,74.5,4
31,6_2560x stock m270_4xobj_2_grid_r1_c6.png,7987,1,351,221,46.0,3
31,6_2560x stock m270_4xobj_2_grid_r1_c6.png,7988,1,231,216,46.0,3
31,6_2560x stock m270_4xobj_2_grid_r1_c6.png,7989,1,172,194,31.5,3
31,6_2560x stock m270_4xobj_2_grid_r1_c6.png,7990,1,492,172,46.0,3
31,6_2560x stock m270_4xobj_2_grid_r1_c6.png,7991,1,332,167,31.5,3
31,6_2560x stock m270_4xobj_2_grid_r1_c6.png,7992,1,252,153,74.5,4
31,6_2560x stock m270_4xobj_2_grid_r1_c6.png,7993,1,17,152,46.0,3
31,6_2560x stock m270_4xobj_2_grid_r1_c6.png,7994,1,397,139,74.5,4
31,6_2560x stock m270_4xobj_2_grid_r1_c6.png,7995,1,120,46,104.0,5
31,6_2560x stock m270_4xobj_2_grid_r1_c6.png,7996,1,139,123,104.0,5
31,6_2560x stock m270_4xobj_2_grid_r1_c6.png,7997,1,478,118,31.5,3
31,6_2560x stock m270_4xobj_2_grid_r1_c6.png,7998,1,311,207,31.5,3
31,6_2560x stock m270_4xobj_2_grid_r1_c6.png,7999,1,208,418,46.0,3
31,6_2560x stock m270_4xobj_2_grid_r1_c6.png,8000,1,253,437,46.0,3
31,6_2560x stock m270_4xobj_2_grid_r1_c6.png,8001,1,489,447,31.5,3
31,6_2560x stock m270_4xobj_2_grid_r1_c6.png,8002,1,265,453,74.5,4
31,6_2560x stock m270_4xobj_2_grid_r1_c6.png,8003,1,474,7,31.5,3
31,6_2560x stock m270_4xobj_2_grid_r1_c6.png,8004,1,193,17,46.0,3
31,6_2560x stock m270_4xobj_2_grid_r1_c6.png,8005,1,501,19,31.5,3
31,6_2560x stock m270_4xobj_2_grid_r1_c6.png,8006,1,500,73,46.0,3
31,6_2560x stock m270_4xobj_2_grid_r1_c6.png,8007,1,370,110,46.0,3
31,6_2560x stock m270_4xobj_2_grid_r1_c6.png,8008,1,193,117,46.0,3
31,6_2560x stock m270_4xobj_2_grid_r1_c6.png,8009,1,252,125,31.5,3
31,6_2560x stock m270_4xobj_2_grid_r1_c6.png,8010,1,442,204,46.0,3
31,6_2560x stock m270_4xobj_2_grid_r1_c6.png,8011,1,203,174,46.0,3
31,6_2560x stock m270_4xobj_2_grid_r1_c6.png,8012,1,101,148,46.0,3
31,6_2560x stock m270_4xobj_2_grid_r1_c6.png,8013,1,57,133,74.5,4
31,6_2560x stock m270_4xobj_2_grid_r1_c6.png,8014,1,442,60,46.0,3
31,6_2560x stock m270_4xobj_2_grid_r1_c6.png,8015,1,24,52,74.5,4
31,6_2560x stock m270_4xobj_2_grid_r1_c6.png,8016,1,327,508,31.5,3
31,6_2560x stock m270_4xobj_2_grid_r1_c6.png,8017,1,111,496,46.0,3
31,6_2560x stock m270_4xobj_2_grid_r1_c6.png,8018,1,13,492,46.0,3
31,6_2560x stock m270_4xobj_2_grid_r1_c6.png,8019,1,99,456,46.0,3
31,6_2560x stock m270_4xobj_2_grid_r1_c6.png,8020,1,116,376,74.5,4
32,6_2560x stock m270_4xobj_2_grid_r1_c7.png,8021,1,208,115,31.5,3
32,6_2560x stock m270_4xobj_2_grid_r1_c7.png,8022,1,85,136,31.5,3
32,6_2560x stock m270_4xobj_2_grid_r1_c7.png,8023,1,77,136,31.5,3
32,6_2560x stock m270_4xobj_2_grid_r1_c7.png,8024,1,114,216,31.5,3
32,6_2560x stock m270_4xobj_2_grid_r1_c7.png,8025,1,107,223,31.5,3
32,6_2560x stock m270_4xobj_2_grid_r1_c7.png,8026,1,361,139,31.5,3
32,6_2560x stock m270_4xobj_2_grid_r1_c7.png,8027,1,496,109,31.5,3
32,6_2560x stock m270_4xobj_2_grid_r1_c7.png,8028,1,453,157,31.5,3
32,6_2560x stock m270_4xobj_2_grid_r1_c7.png,8029,1,493,246,31.5,3
32,6_2560x stock m270_4xobj_2_grid_r1_c7.png,8030,1,500,288,31.5,3
32,6_2560x stock m270_4xobj_2_grid_r1_c7.png,8031,1,424,293,31.5,3
32,6_2560x stock m270_4xobj_2_grid_r1_c7.png,8032,1,385,321,31.5,3
32,6_2560x stock m270_4xobj_2_grid_r1_c7.png,8033,1,410,349,31.5,3
32,6_2560x stock m270_4xobj_2_grid_r1_c7.png,8034,1,484,428,31.5,3
32,6_2560x stock m270_4xobj_2_grid_r1_c7.png,8035,1,495,428,31.5,3
32,6_2560x stock m270_4xobj_2_grid_r1_c7.png,8036,1,447,470,31.5,3
32,6_2560x stock m270_4xobj_2_grid_r1_c7.png,8037,1,382,437,31.5,3
32,6_2560x stock m270_4xobj_2_grid_r1_c7.png,8038,1,454,427,31.5,3
32,6_2560x stock m270_4xobj_2_grid_r1_c7.png,8039,1,165,427,31.5,3
32,6_2560x stock m270_4xobj_2_grid_r1_c7.png,8040,1,173,433,31.5,3
32,6_2560x stock m270_4xobj_2_grid_r1_c7.png,8041,1,145,418,31.5,3
32,6_2560x stock m270_4xobj_2_grid_r1_c7.png,8042,1,154,416,31.5,3
32,6_2560x stock m270_4xobj_2_grid_r1_c7.png,8043,1,152,426,31.5,3
32,6_2560x stock m270_4xobj_2_grid_r1_c7.png,8044,1,267,478,31.5,3
32,6_2560x stock m270_4xobj_2_grid_r1_c7.png,8045,1,333,91,74.5,4
32,6_2560x stock m270_4xobj_2_grid_r1_c7.png,8046,1,42,374,46.0,3
32,6_2560x stock m270_4xobj_2_grid_r1_c7.png,8047,1,13,7,46.0,3
32,6_2560x stock m270_4xobj_2_grid_r1_c7.png,8048,1,192,12,74.5,4
32,6_2560x stock m270_4xobj_2_grid_r1_c7.png,8049,1,54,33,74.5,4
32,6_2560x stock m270_4xobj_2_grid_r1_c7.png,8050,1,17,172,46.0,3
32,6_2560x stock m270_4xobj_2_grid_r1_c7.png,8051,1,147,222,74.5,4
32,6_2560x stock m270_4xobj_2_grid_r1_c7.png,8052,1,81,227,46.0,3
32,6_2560x stock m270_4xobj_2_grid_r1_c7.png,8053,1,201,401,31.5,3
32,6_2560x stock m270_4xobj_2_grid_r1_c7.png,8054,1,14,447,31.5,3
32,6_2560x stock m270_4xobj_2_grid_r1_c7.png,8055,1,412,447,46.0,3
32,6_2560x stock m270_4xobj_2_grid_r1_c7.png,8056,1,96,485,31.5,3
32,6_2560x stock m270_4xobj_2_grid_r1_c7.png,8057,1,154,491,31.5,3
32,6_2560x stock m270_4xobj_2_grid_r1_c7.png,8058,1,307,490,46.0,3
32,6_2560x stock m270_4xobj_2_grid_r1_c7.png,8059,1,354,491,31.5,3
32,6_2560x stock m270_4xobj_2_grid_r1_c7.png,8060,1,302,506,31.5,3
32,6_2560x stock m270_4xobj_2_grid_r1_c7.png,8061,1,26,19,46.0,3
32,6_2560x stock m270_4xobj_2_grid_r1_c7.png,8062,1,199,52,74.5,4
32,6_2560x stock m270_4xobj_2_grid_r1_c7.png,8063,1,99,78,46.0,3
32,6_2560x stock m270_4xobj_2_grid_r1_c7.png,8064,1,416,80,74.5,4
32,6_2560x stock m270_4xobj_2_grid_r1_c7.png,8065,1,466,114,74.5,4
32,6_2560x stock m270_4xobj_2_grid_r1_c7.png,8066,1,3,118,31.5,3
32,6_2560x stock m270_4xobj_2_grid_r1_c7.png,8067,1,67,168,46.0,3
32,6_2560x stock m270_4xobj_2_grid_r1_c7.png,8068,1,281,202,31.5,3
32,6_2560x stock m270_4xobj_2_grid_r1_c7.png,8069,1,161,208,46.0,3
32,6_2560x stock m270_4xobj_2_grid_r1_c7.png,8070,1,65,281,46.0,3
32,6_2560x stock m270_4xobj_2_grid_r1_c7.png,8071,1,177,298,31.5,3
32,6_2560x stock m270_4xobj_2_grid_r1_c7.png,8072,1,282,311,31.5,3
32,6_2560x stock m270_4xobj_2_grid_r1_c7.png,8073,1,312,324,31.5,3
32,6_2560x stock m270_4xobj_2_grid_r1_c7.png,8074,1,321,351,31.5,3
32,6_2560x stock m270_4xobj_2_grid_r1_c7.png,8075,1,168,417,31.5,3
32,6_2560x stock m270_4xobj_2_grid_r1_c7.png,8076,1,113,50,46.0,3
32,6_2560x stock m270_4xobj_2_grid_r1_c7.png,8077,1,217,53,46.0,3
32,6_2560x stock m270_4xobj_2_grid_r1_c7.png,8078,1,25,73,46.0,3
32,6_2560x stock m270_4xobj_2_grid_r1_c7.png,8079,1,21,93,74.5,4
32,6_2560x stock m270_4xobj_2_grid_r1_c7.png,8080,1,362,102,46.0,3
32,6_2560x stock m270_4xobj_2_grid_r1_c7.png,8081,1,507,125,63.5,4
32,6_2560x stock m270_4xobj_2_grid_r1_c7.png,8082,1,366,214,31.5,3
32,6_2560x stock m270_4xobj_2_grid_r1_c7.png,8083,1,388,296,46.0,3
32,6_2560x stock m270_4xobj_2_grid_r1_c7.png,8084,1,478,394,46.0,3
32,6_2560x stock m270_4xobj_2_grid_r1_c7.png,8085,1,478,408,46.0,3
32,6_2560x stock m270_4xobj_2_grid_r1_c7.png,8086,1,439,411,31.5,3
32,6_2560x stock m270_4xobj_2_grid_r1_c7.png,8087,1,359,421,46.0,3
32,6_2560x stock m270_4xobj_2_grid_r1_c7.png,8088,1,417,25,46.0,3
32,6_2560x stock m270_4xobj_2_grid_r1_c7.png,8089,1,402,29,46.0,3
32,6_2560x stock m270_4xobj_2_grid_r1_c7.png,8090,1,393,43,46.0,3
32,6_2560x stock m270_4xobj_2_grid_r1_c7.png,8091,1,301,56,31.5,3
32,6_2560x stock m270_4xobj_2_grid_r1_c7.png,8092,1,443,90,46.0,3
32,6_2560x stock m270_4xobj_2_grid_r1_c7.png,8093,1,440,134,46.0,3
32,6_2560x stock m270_4xobj_2_grid_r1_c7.png,8094,1,355,147,31.5,3
32,6_2560x stock m270_4xobj_2_grid_r1_c7.png,8095,1,423,283,31.5,3
32,6_2560x stock m270_4xobj_2_grid_r1_c7.png,8096,1,406,288,31.5,3
32,6_2560x stock m270_4xobj_2_grid_r1_c7.png,8097,1,496,314,31.5,3
32,6_2560x stock m270_4xobj_2_grid_r1_c7.png,8098,1,483,362,31.5,3
32,6_2560x stock m270_4xobj_2_grid_r1_c7.png,8099,1,502,455,31.5,3
33,6_2560x stock m270_4xobj_2_grid_r2_c0.png,8100,1,233,127,46.0,3
33,6_2560x stock m270_4xobj_2_grid_r2_c0.png,8101,1,403,88,46.0,3
33,6_2560x stock m270_4xobj_2_grid_r2_c0.png,8102,1,496,272,46.0,3
33,6_2560x stock m270_4xobj_2_grid_r2_c0.png,8103,1,390,253,46.0,3
33,6_2560x stock m270_4xobj_2_grid_r2_c0.png,8104,1,410,133,46.0,3
33,6_2560x stock m270_4xobj_2_grid_r2_c0.png,8105,1,436,82,46.0,3
33,6_2560x stock m270_4xobj_2_grid_r2_c0.png,8106,1,362,74,46.0,3
33,6_2560x stock m270_4xobj_2_grid_r2_c0.png,8107,1,500,74,46.0,3
33,6_2560x stock m270_4xobj_2_grid_r2_c0.png,8108,1,500,457,46.0,3
33,6_2560x stock m270_4xobj_2_grid_r2_c0.png,8109,1,243,422,46.0,3
33,6_2560x stock m270_4xobj_2_grid_r2_c0.png,8110,1,458,363,46.0,3
33,6_2560x stock m270_4xobj_2_grid_r2_c0.png,8111,1,472,296,46.0,3
33,6_2560x stock m270_4xobj_2_grid_r2_c0.png,8112,1,389,177,46.0,3
33,6_2560x stock m270_4xobj_2_grid_r2_c0.png,8113,1,477,159,46.0,3
33,6_2560x stock m270_4xobj_2_grid_r2_c0.png,8114,1,477,134,46.0,3
33,6_2560x stock m270_4xobj_2_grid_r2_c0.png,8115,1,313,134,46.0,3
33,6_2560x stock m270_4xobj_2_grid_r2_c0.png,8116,1,241,119,46.0,3
33,6_2560x stock m270_4xobj_2_grid_r2_c0.png,8117,1,279,99,46.0,3
33,6_2560x stock m270_4xobj_2_grid_r2_c0.png,8118,1,371,83,46.0,3
33,6_2560x stock m270_4xobj_2_grid_r2_c0.png,8119,1,234,70,46.0,3
33,6_2560x stock m270_4xobj_2_grid_r2_c0.png,8120,1,405,47,46.0,3
33,6_2560x stock m270_4xobj_2_grid_r2_c0.png,8121,1,328,26,46.0,3
33,6_2560x stock m270_4xobj_2_grid_r2_c0.png,8122,1,398,501,46.0,3
33,6_2560x stock m270_4xobj_2_grid_r2_c0.png,8123,1,405,485,31.5,3
33,6_2560x stock m270_4xobj_2_grid_r2_c0.png,8124,1,458,480,46.0,3
33,6_2560x stock m270_4xobj_2_grid_r2_c0.png,8125,1,379,456,46.0,3
33,6_2560x stock m270_4xobj_2_grid_r2_c0.png,8126,1,433,442,46.0,3
33,6_2560x stock m270_4xobj_2_grid_r2_c0.png,8127,1,339,430,46.0,3
33,6_2560x stock m270_4xobj_2_grid_r2_c0.png,8128,1,498,394,46.0,3
33,6_2560x stock m270_4xobj_2_grid_r2_c0.png,8129,1,450,339,46.0,3
33,6_2560x stock m270_4xobj_2_grid_r2_c0.png,8130,1,392,333,46.0,3
33,6_2560x stock m270_4xobj_2_grid_r2_c0.png,8131,1,68,330,46.0,3
33,6_2560x stock m270_4xobj_2_grid_r2_c0.png,8132,1,219,251,46.0,3
33,6_2560x stock m270_4xobj_2_grid_r2_c0.png,8133,1,295,243,46.0,3
33,6_2560x stock m270_4xobj_2_grid_r2_c0.png,8134,1,184,186,31.5,3
33,6_2560x stock m270_4xobj_2_grid_r2_c0.png,8135,1,253,176,46.0,3
33,6_2560x stock m270_4xobj_2_grid_r2_c0.png,8136,1,289,168,74.5,4
33,6_2560x stock m270_4xobj_2_grid_r2_c0.png,8137,1,425,159,190.0,7
33,6_2560x stock m270_4xobj_2_grid_r2_c0.png,8138,1,68,143,46.0,3
33,6_2560x stock m270_4xobj_2_grid_r2_c0.png,8139,1,172,138,46.0,3
33,6_2560x stock m270_4xobj_2_grid_r2_c0.png,8140,1,204,79,74.5,4
33,6_2560x stock m270_4xobj_2_grid_r2_c0.png,8141,1,277,123,46.0,3
33,6_2560x stock m270_4xobj_2_grid_r2_c0.png,8142,1,296,102,74.5,4
33,6_2560x stock m270_4xobj_2_grid_r2_c0.png,8143,1,214,91,46.0,3
33,6_2560x stock m270_4xobj_2_grid_r2_c0.png,8144,1,170,35,46.0,3
33,6_2560x stock m270_4xobj_2_grid_r2_c0.png,8145,1,310,496,46.0,3
33,6_2560x stock m270_4xobj_2_grid_r2_c0.png,8146,1,428,480,46.0,3
33,6_2560x stock m270_4xobj_2_grid_r2_c0.png,8147,1,219,465,46.0,3
33,6_2560x stock m270_4xobj_2_grid_r2_c0.png,8148,1,329,412,46.0,3
33,6_2560x stock m270_4xobj_2_grid_r2_c0.png,8149,1,77,288,46.0,3
33,6_2560x stock m270_4xobj_2_grid_r2_c0.png,8150,1,200,248,46.0,3
33,6_2560x stock m270_4xobj_2_grid_r2_c0.png,8151,1,488,224,46.0,3
33,6_2560x stock m270_4xobj_2_grid_r2_c0.png,8152,1,114,196,46.0,3
33,6_2560x stock m270_4xobj_2_grid_r2_c0.png,8153,1,18,169,46.0,3
33,6_2560x stock m270_4xobj_2_grid_r2_c0.png,8154,1,95,167,74.5,4
33,6_2560x stock m270_4xobj_2_grid_r2_c0.png,8155,1,127,153,46.0,3
33,6_2560x stock m270_4xobj_2_grid_r2_c0.png,8156,1,59,72,46.0,3
33,6_2560x stock m270_4xobj_2_grid_r2_c0.png,8157,1,180,475,46.0,3
33,6_2560x stock m270_4xobj_2_grid_r2_c0.png,8158,1,142,357,46.0,3
33,6_2560x stock m270_4xobj_2_grid_r2_c0.png,8159,1,133,349,46.0,3
33,6_2560x stock m270_4xobj_2_grid_r2_c0.png,8160,1,244,348,46.0,3
33,6_2560x stock m270_4xobj_2_grid_r2_c0.png,8161,1,45,290,46.0,3
33,6_2560x stock m270_4xobj_2_grid_r2_c0.png,8162,1,65,278,46.0,3
33,6_2560x stock m270_4xobj_2_grid_r2_c0.png,8163,1,243,250,46.0,3
33,6_2560x stock m270_4xobj_2_grid_r2_c0.png,8164,1,34,245,46.0,3
33,6_2560x stock m270_4xobj_2_grid_r2_c0.png,8165,1,148,220,46.0,3
33,6_2560x stock m270_4xobj_2_grid_r2_c0.png,8166,1,37,164,31.5,3
33,6_2560x stock m270_4xobj_2_grid_r2_c0.png,8167,1,12,17,46.0,3
33,6_2560x stock m270_4xobj_2_grid_r2_c0.png,8168,1,120,496,46.0,3
33,6_2560x stock m270_4xobj_2_grid_r2_c0.png,8169,1,81,443,46.0,3
33,6_2560x stock m270_4xobj_2_grid_r2_c0.png,8170,1,26,437,46.0,3
33,6_2560x stock m270_4xobj_2_grid_r2_c0.png,8171,1,5,409,31.5,3
33,6_2560x stock m270_4xobj_2_grid_r2_c0.png,8172,1,130,276,46.0,3
33,6_2560x stock m270_4xobj_2_grid_r2_c0.png,8173,1,121,279,46.0,3
33,6_2560x stock m270_4xobj_2_grid_r2_c0.png,8174,1,139,328,46.0,3
33,6_2560x stock m270_4xobj_2_grid_r2_c0.png,8175,1,134,335,46.0,3
33,6_2560x stock m270_4xobj_2_grid_r2_c0.png,8176,1,351,234,46.0,3
33,6_2560x stock m270_4xobj_2_grid_r2_c0.png,8177,1,30,151,46.0,3
33,6_2560x stock m270_4xobj_2_grid_r2_c0.png,8178,1,116,48,46.0,3
33,6_2560x stock m270_4xobj_2_grid_r2_c0.png,8179,1,56,32,74.5,4
34,6_2560x stock m270_4xobj_2_grid_r2_c1.png,8180,1,292,388,46.0,3
34,6_2560x stock m270_4xobj_2_grid_r2_c1.png,8181,1,300,391,46.0,3
34,6_2560x stock m270_4xobj_2_grid_r2_c1.png,8182,1,62,397,46.0,3
34,6_2560x stock m270_4xobj_2_grid_r2_c1.png,8183,1,348,252,46.0,3
34,6_2560x stock m270_4xobj_2_grid_r2_c1.png,8184,1,2,159,27.0,2
34,6_2560x stock m270_4xobj_2_grid_r2_c1.png,8185,1,2,134,27.0,2
34,6_2560x stock m270_4xobj_2_grid_r2_c1.png,8186,1,253,80,74.5,4
34,6_2560x stock m270_4xobj_2_grid_r2_c1.png,8187,1,23,394,46.0,3
34,6_2560x stock m270_4xobj_2_grid_r2_c1.png,8188,1,13,224,46.0,3
34,6_2560x stock m270_4xobj_2_grid_r2_c1.png,8189,1,299,441,46.0,3
34,6_2560x stock m270_4xobj_2_grid_r2_c1.png,8190,1,422,367,104.0,5
34,6_2560x stock m270_4xobj_2_grid_r2_c1.png,8191,1,337,45,147.5,6
34,6_2560x stock m270_4xobj_2_grid_r2_c1.png,8192,1,500,36,46.0,3
34,6_2560x stock m270_4xobj_2_grid_r2_c1.png,8193,1,468,416,46.0,3
34,6_2560x stock m270_4xobj_2_grid_r2_c1.png,8194,1,445,386,31.5,3
34,6_2560x stock m270_4xobj_2_grid_r2_c1.png,8195,1,501,362,46.0,3
34,6_2560x stock m270_4xobj_2_grid_r2_c1.png,8196,1,507,343,46.0,3
34,6_2560x stock m270_4xobj_2_grid_r2_c1.png,8197,1,469,270,46.0,3
34,6_2560x stock m270_4xobj_2_grid_r2_c1.png,8198,1,316,268,46.0,3
34,6_2560x stock m270_4xobj_2_grid_r2_c1.png,8199,1,473,255,46.0,3
34,6_2560x stock m270_4xobj_2_grid_r2_c1.png,8200,1,384,230,46.0,3
34,6_2560x stock m270_4xobj_2_grid_r2_c1.png,8201,1,427,208,46.0,3
34,6_2560x stock m270_4xobj_2_grid_r2_c1.png,8202,1,331,192,46.0,3
34,6_2560x stock m270_4xobj_2_grid_r2_c1.png,8203,1,464,148,46.0,3
34,6_2560x stock m270_4xobj_2_grid_r2_c1.png,8204,1,446,138,46.0,3
34,6_2560x stock m270_4xobj_2_grid_r2_c1.png,8205,1,164,106,46.0,3
34,6_2560x stock m270_4xobj_2_grid_r2_c1.png,8206,1,396,27,46.0,3
34,6_2560x stock m270_4xobj_2_grid_r2_c1.png,8207,1,360,495,46.0,3
34,6_2560x stock m270_4xobj_2_grid_r2_c1.png,8208,1,471,479,46.0,3
34,6_2560x stock m270_4xobj_2_grid_r2_c1.png,8209,1,497,468,31.5,3
34,6_2560x stock m270_4xobj_2_grid_r2_c1.png,8210,1,486,465,46.0,3
34,6_2560x stock m270_4xobj_2_grid_r2_c1.png,8211,1,381,458,46.0,3
34,6_2560x stock m270_4xobj_2_grid_r2_c1.png,8212,1,497,443,46.0,3
34,6_2560x stock m270_4xobj_2_grid_r2_c1.png,8213,1,441,370,46.0,3
34,6_2560x stock m270_4xobj_2_grid_r2_c1.png,8214,1,463,364,46.0,3
34,6_2560x stock m270_4xobj_2_grid_r2_c1.png,8215,1,386,345,46.0,3
34,6_2560x stock m270_4xobj_2_grid_r2_c1.png,8216,1,407,288,46.0,3
34,6_2560x stock m270_4xobj_2_grid_r2_c1.png,8217,1,328,285,46.0,3
34,6_2560x stock m270_4xobj_2_grid_r2_c1.png,8218,1,295,281,46.0,3
34,6_2560x stock m270_4xobj_2_grid_r2_c1.png,8219,1,260,248,46.0,3
34,6_2560x stock m270_4xobj_2_grid_r2_c1.png,8220,1,398,210,46.0,3
34,6_2560x stock m270_4xobj_2_grid_r2_c1.png,8221,1,283,188,46.0,3
34,6_2560x stock m270_4xobj_2_grid_r2_c1.png,8222,1,276,179,31.5,3
34,6_2560x stock m270_4xobj_2_grid_r2_c1.png,8223,1,233,165,46.0,3
34,6_2560x stock m270_4xobj_2_grid_r2_c1.png,8224,1,303,137,46.0,3
34,6_2560x stock m270_4xobj_2_grid_r2_c1.png,8225,1,237,122,46.0,3
34,6_2560x stock m270_4xobj_2_grid_r2_c1.png,8226,1,60,88,46.0,3
34,6_2560x stock m270_4xobj_2_grid_r2_c1.png,8227,1,231,81,46.0,3
34,6_2560x stock m270_4xobj_2_grid_r2_c1.png,8228,1,187,65,46.0,3
34,6_2560x stock m270_4xobj_2_grid_r2_c1.png,8229,1,408,63,46.0,3
34,6_2560x stock m270_4xobj_2_grid_r2_c1.png,8230,1,259,60,46.0,3
34,6_2560x stock m270_4xobj_2_grid_r2_c1.png,8231,1,220,31,46.0,3
34,6_2560x stock m270_4xobj_2_grid_r2_c1.png,8232,1,153,480,46.0,3
34,6_2560x stock m270_4xobj_2_grid_r2_c1.png,8233,1,259,462,46.0,3
34,6_2560x stock m270_4xobj_2_grid_r2_c1.png,8234,1,341,435,46.0,3
34,6_2560x stock m270_4xobj_2_grid_r2_c1.png,8235,1,71,415,46.0,3
34,6_2560x stock m270_4xobj_2_grid_r2_c1.png,8236,1,137,405,46.0,3
34,6_2560x stock m270_4xobj_2_grid_r2_c1.png,8237,1,246,397,46.0,3
34,6_2560x stock m270_4xobj_2_grid_r2_c1.png,8238,1,162,388,46.0,3
34,6_2560x stock m270_4xobj_2_grid_r2_c1.png,8239,1,151,357,46.0,3
34,6_2560x stock m270_4xobj_2_grid_r2_c1.png,8240,1,96,327,46.0,3
34,6_2560x stock m270_4xobj_2_grid_r2_c1.png,8241,1,186,293,46.0,3
34,6_2560x stock m270_4xobj_2_grid_r2_c1.png,8242,1,21,272,46.0,3
34,6_2560x stock m270_4xobj_2_grid_r2_c1.png,8243,1,131,251,46.0,3
34,6_2560x stock m270_4xobj_2_grid_r2_c1.png,8244,1,190,212,46.0,3
34,6_2560x stock m270_4xobj_2_grid_r2_c1.png,8245,1,119,211,46.0,3
34,6_2560x stock m270_4xobj_2_grid_r2_c1.png,8246,1,54,150,46.0,3
34,6_2560x stock m270_4xobj_2_grid_r2_c1.png,8247,1,208,144,46.0,3
34,6_2560x stock m270_4xobj_2_grid_r2_c1.png,8248,1,141,143,46.0,3
34,6_2560x stock m270_4xobj_2_grid_r2_c1.png,8249,1,84,99,46.0,3
34,6_2560x stock m270_4xobj_2_grid_r2_c1.png,8250,1,63,76,46.0,3
34,6_2560x stock m270_4xobj_2_grid_r2_c1.png,8251,1,25,74,46.0,3
34,6_2560x stock m270_4xobj_2_grid_r2_c1.png,8252,1,115,488,46.0,3
34,6_2560x stock m270_4xobj_2_grid_r2_c1.png,8253,1,67,459,46.0,3
34,6_2560x stock m270_4xobj_2_grid_r2_c1.png,8254,1,25,457,46.0,3
34,6_2560x stock m270_4xobj_2_grid_r2_c1.png,8255,1,56,442,46.0,3
34,6_2560x stock m270_4xobj_2_grid_r2_c1.png,8256,1,161,413,46.0,3
34,6_2560x stock m270_4xobj_2_grid_r2_c1.png,8257,1,81,32,46.0,3
34,6_2560x stock m270_4xobj_2_grid_r2_c1.png,8258,1,73,27,46.0,3
34,6_2560x stock m270_4xobj_2_grid_r2_c1.png,8259,1,37,205,46.0,3
34,6_2560x stock m270_4xobj_2_grid_r2_c1.png,8260,1,41,196,46.0,3
34,6_2560x stock m270_4xobj_2_grid_r2_c1.png,8261,1,350,178,46.0,3
34,6_2560x stock m270_4xobj_2_grid_r2_c1.png,8262,1,358,175,46.0,3
34,6_2560x stock m270_4xobj_2_grid_r2_c1.png,8263,1,409,442,46.0,3
34,6_2560x stock m270_4xobj_2_grid_r2_c1.png,8264,1,416,449,46.0,3
35,6_2560x stock m270_4xobj_4_grid_r0_c1.png,8265,1,24,411,46.0,3
35,6_2560x stock m270_4xobj_4_grid_r0_c1.png,8266,1,414,355,46.0,3
35,6_2560x stock m270_4xobj_4_grid_r0_c1.png,8267,1,99,405,46.0,3
35,6_2560x stock m270_4xobj_4_grid_r0_c1.png,8268,1,3,258,31.5,3
35,6_2560x stock m270_4xobj_4_grid_r0_c1.png,8269,1,100,287,46.0,3
35,6_2560x stock m270_4xobj_4_grid_r0_c1.png,8270,1,16,358,46.0,3
35,6_2560x stock m270_4xobj_4_grid_r0_c1.png,8271,1,107,416,46.0,3
35,6_2560x stock m270_4xobj_4_grid_r0_c1.png,8272,1,177,456,46.0,3
35,6_2560x stock m270_4xobj_4_grid_r0_c1.png,8273,1,79,51,46.0,3
35,6_2560x stock m270_4xobj_4_grid_r0_c1.png,8274,1,45,53,46.0,3
35,6_2560x stock m270_4xobj_4_grid_r0_c1.png,8275,1,52,138,46.0,3
35,6_2560x stock m270_4xobj_4_grid_r0_c1.png,8276,1,175,148,74.5,4
35,6_2560x stock m270_4xobj_4_grid_r0_c1.png,8277,1,176,229,46.0,3
35,6_2560x stock m270_4xobj_4_grid_r0_c1.png,8278,1,92,302,46.0,3
35,6_2560x stock m270_4xobj_4_grid_r0_c1.png,8279,1,103,331,46.0,3
35,6_2560x stock m270_4xobj_4_grid_r0_c1.png,8280,1,49,364,46.0,3
35,6_2560x stock m270_4xobj_4_grid_r0_c1.png,8281,1,409,382,46.0,3
35,6_2560x stock m270_4xobj_4_grid_r0_c1.png,8282,1,211,427,46.0,3
35,6_2560x stock m270_4xobj_4_grid_r0_c1.png,8283,1,316,440,46.0,3
35,6_2560x stock m270_4xobj_4_grid_r0_c1.png,8284,1,488,506,46.0,3
35,6_2560x stock m270_4xobj_4_grid_r0_c1.png,8285,1,108,26,46.0,3
35,6_2560x stock m270_4xobj_4_grid_r0_c1.png,8286,1,256,41,46.0,3
35,6_2560x stock m270_4xobj_4_grid_r0_c1.png,8287,1,312,84,46.0,3
35,6_2560x stock m270_4xobj_4_grid_r0_c1.png,8288,1,251,201,46.0,3
35,6_2560x stock m270_4xobj_4_grid_r0_c1.png,8289,1,168,234,31.5,3
35,6_2560x stock m270_4xobj_4_grid_r0_c1.png,8290,1,175,242,31.5,3
35,6_2560x stock m270_4xobj_4_grid_r0_c1.png,8291,1,349,295,46.0,3
35,6_2560x stock m270_4xobj_4_grid_r0_c1.png,8292,1,296,300,46.0,3
35,6_2560x stock m270_4xobj_4_grid_r0_c1.png,8293,1,426,403,46.0,3
35,6_2560x stock m270_4xobj_4_grid_r0_c1.png,8294,1,235,87,46.0,3
35,6_2560x stock m270_4xobj_4_grid_r0_c1.png,8295,1,372,142,46.0,3
35,6_2560x stock m270_4xobj_4_grid_r0_c1.png,8296,1,428,166,46.0,3
35,6_2560x stock m270_4xobj_4_grid_r0_c1.png,8297,1,288,195,46.0,3
35,6_2560x stock m270_4xobj_4_grid_r0_c1.png,8298,1,341,225,46.0,3
35,6_2560x stock m270_4xobj_4_grid_r0_c1.png,8299,1,424,250,46.0,3
35,6_2560x stock m270_4xobj_4_grid_r0_c1.png,8300,1,370,306,46.0,3
35,6_2560x stock m270_4xobj_4_grid_r0_c1.png,8301,1,460,31,46.0,3
35,6_2560x stock m270_4xobj_4_grid_r0_c1.png,8302,1,324,74,46.0,3
35,6_2560x stock m270_4xobj_4_grid_r0_c1.png,8303,1,507,26,46.0,3
36,6_2560x stock m270_4xobj_4_grid_r0_c2.png,8304,1,157,7,46.0,3
36,6_2560x stock m270_4xobj_4_grid_r0_c2.png,8305,1,467,16,46.0,3
36,6_2560x stock m270_4xobj_4_grid_r0_c2.png,8306,1,374,18,74.5,4
36,6_2560x stock m270_4xobj_4_grid_r0_c2.png,8307,1,477,390,8.0,1
36,6_2560x stock m270_4xobj_4_grid_r0_c2.png,8308,1,161,32,46.0,3
36,6_2560x stock m270_4xobj_4_grid_r0_c2.png,8309,1,66,375,46.0,3
36,6_2560x stock m270_4xobj_4_grid_r0_c2.png,8310,1,34,26,46.0,3
36,6_2560x stock m270_4xobj_4_grid_r0_c2.png,8311,1,491,217,46.0,3
36,6_2560x stock m270_4xobj_4_grid_r0_c2.png,8312,1,491,208,46.0,3
36,6_2560x stock m270_4xobj_4_grid_r0_c2.png,8313,1,13,506,46.0,3
36,6_2560x stock m270_4xobj_4_grid_r0_c2.png,8314,1,426,253,46.0,3
36,6_2560x stock m270_4xobj_4_grid_r0_c2.png,8315,1,509,197,8.0,1
36,6_2560x stock m270_4xobj_4_grid_r0_c2.png,8316,1,258,194,74.5,4
36,6_2560x stock m270_4xobj_4_grid_r0_c2.png,8317,1,320,185,46.0,3
36,6_2560x stock m270_4xobj_4_grid_r0_c2.png,8318,1,418,184,46.0,3
36,6_2560x stock m270_4xobj_4_grid_r0_c2.png,8319,1,249,131,46.0,3
36,6_2560x stock m270_4xobj_4_grid_r0_c2.png,8320,1,384,66,46.0,3
36,6_2560x stock m270_4xobj_4_grid_r0_c2.png,8321,1,287,56,74.5,4
36,6_2560x stock m270_4xobj_4_grid_r0_c2.png,8322,1,292,34,46.0,3
36,6_2560x stock m270_4xobj_4_grid_r0_c2.png,8323,1,168,412,46.0,3
36,6_2560x stock m270_4xobj_4_grid_r0_c2.png,8324,1,259,482,46.0,3
36,6_2560x stock m270_4xobj_4_grid_r0_c2.png,8325,1,97,112,46.0,3
36,6_2560x stock m270_4xobj_4_grid_r0_c2.png,8326,1,189,138,46.0,3
36,6_2560x stock m270_4xobj_4_grid_r0_c2.png,8327,1,313,161,31.5,3
36,6_2560x stock m270_4xobj_4_grid_r0_c2.png,8328,1,135,184,46.0,3
36,6_2560x stock m270_4xobj_4_grid_r0_c2.png,8329,1,37,287,46.0,3
36,6_2560x stock m270_4xobj_4_grid_r0_c2.png,8330,1,95,303,46.0,3
36,6_2560x stock m270_4xobj_4_grid_r0_c2.png,8331,1,330,318,46.0,3
36,6_2560x stock m270_4xobj_4_grid_r0_c2.png,8332,1,149,360,46.0,3
36,6_2560x stock m270_4xobj_4_grid_r0_c2.png,8333,1,499,442,46.0,3
36,6_2560x stock m270_4xobj_4_grid_r0_c2.png,8334,1,183,447,46.0,3
36,6_2560x stock m270_4xobj_4_grid_r0_c2.png,8335,1,322,464,46.0,3
36,6_2560x stock m270_4xobj_4_grid_r0_c2.png,8336,1,465,508,26.5,2
36,6_2560x stock m270_4xobj_4_grid_r0_c2.png,8337,1,108,21,46.0,3
36,6_2560x stock m270_4xobj_4_grid_r0_c2.png,8338,1,326,147,46.0,3
36,6_2560x stock m270_4xobj_4_grid_r0_c2.png,8339,1,219,177,46.0,3
36,6_2560x stock m270_4xobj_4_grid_r0_c2.png,8340,1,178,241,46.0,3
36,6_2560x stock m270_4xobj_4_grid_r0_c2.png,8341,1,285,262,46.0,3
36,6_2560x stock m270_4xobj_4_grid_r0_c2.png,8342,1,458,306,46.0,3
36,6_2560x stock m270_4xobj_4_grid_r0_c2.png,8343,1,335,404,46.0,3
37,6_2560x stock m270_4xobj_4_grid_r0_c3.png,8344,1,25,442,46.0,3
37,6_2560x stock m270_4xobj_4_grid_r0_c3.png,8345,1,418,5,31.5,3
37,6_2560x stock m270_4xobj_4_grid_r0_c3.png,8346,1,352,306,46.0,3
37,6_2560x stock m270_4xobj_4_grid_r0_c3.png,8347,1,106,66,46.0,3
37,6_2560x stock m270_4xobj_4_grid_r0_c3.png,8348,1,154,66,46.0,3
37,6_2560x stock m270_4xobj_4_grid_r0_c3.png,8349,1,429,98,46.0,3
37,6_2560x stock m270_4xobj_4_grid_r0_c3.png,8350,1,340,126,74.5,4
37,6_2560x stock m270_4xobj_4_grid_r0_c3.png,8351,1,248,142,46.0,3
37,6_2560x stock m270_4xobj_4_grid_r0_c3.png,8352,1,465,177,46.0,3
37,6_2560x stock m270_4xobj_4_grid_r0_c3.png,8353,1,311,180,46.0,3
37,6_2560x stock m270_4xobj_4_grid_r0_c3.png,8354,1,240,198,46.0,3
37,6_2560x stock m270_4xobj_4_grid_r0_c3.png,8355,1,90,201,46.0,3
37,6_2560x stock m270_4xobj_4_grid_r0_c3.png,8356,1,125,204,46.0,3
37,6_2560x stock m270_4xobj_4_grid_r0_c3.png,8357,1,227,242,46.0,3
37,6_2560x stock m270_4xobj_4_grid_r0_c3.png,8358,1,151,263,46.0,3
37,6_2560x stock m270_4xobj_4_grid_r0_c3.png,8359,1,354,504,46.0,3
37,6_2560x stock m270_4xobj_4_grid_r0_c3.png,8360,1,16,217,46.0,3
37,6_2560x stock m270_4xobj_4_grid_r0_c3.png,8361,1,15,208,46.0,3
37,6_2560x stock m270_4xobj_4_grid_r0_c3.png,8362,1,333,396,46.0,3
37,6_2560x stock m270_4xobj_4_grid_r0_c3.png,8363,1,150,3,43.0,3
37,6_2560x stock m270_4xobj_4_grid_r0_c3.png,8364,1,332,47,46.0,3
37,6_2560x stock m270_4xobj_4_grid_r0_c3.png,8365,1,328,56,46.0,3
37,6_2560x stock m270_4xobj_4_grid_r0_c3.png,8366,1,346,507,46.0,3
37,6_2560x stock m270_4xobj_4_grid_r0_c3.png,8367,1,104,275,46.0,3
37,6_2560x stock m270_4xobj_4_grid_r0_c3.png,8368,1,35,197,46.0,3
37,6_2560x stock m270_4xobj_4_grid_r0_c3.png,8369,1,49,81,46.0,3
37,6_2560x stock m270_4xobj_4_grid_r0_c3.png,8370,1,113,505,46.0,3
37,6_2560x stock m270_4xobj_4_grid_r0_c3.png,8371,1,283,473,46.0,3
37,6_2560x stock m270_4xobj_4_grid_r0_c3.png,8372,1,308,437,46.0,3
37,6_2560x stock m270_4xobj_4_grid_r0_c3.png,8373,1,311,421,46.0,3
37,6_2560x stock m270_4xobj_4_grid_r0_c3.png,8374,1,370,408,46.0,3
37,6_2560x stock m270_4xobj_4_grid_r0_c3.png,8375,1,188,346,46.0,3
37,6_2560x stock m270_4xobj_4_grid_r0_c3.png,8376,1,259,300,46.0,3
37,6_2560x stock m270_4xobj_4_grid_r0_c3.png,8377,1,114,490,46.0,3
37,6_2560x stock m270_4xobj_4_grid_r0_c3.png,8378,1,280,457,46.0,3
37,6_2560x stock m270_4xobj_4_grid_r0_c3.png,8379,1,200,402,46.0,3
37,6_2560x stock m270_4xobj_4_grid_r0_c3.png,8380,1,170,360,46.0,3
37,6_2560x stock m270_4xobj_4_grid_r0_c3.png,8381,1,320,332,46.0,3
37,6_2560x stock m270_4xobj_4_grid_r0_c3.png,8382,1,173,20,31.5,3
38,6_2560x stock m270_4xobj_4_grid_r0_c4.png,8383,1,421,271,46.0,3
38,6_2560x stock m270_4xobj_4_grid_r0_c4.png,8384,1,91,449,46.0,3
38,6_2560x stock m270_4xobj_4_grid_r0_c4.png,8385,1,102,387,74.5,4
38,6_2560x stock m270_4xobj_4_grid_r0_c4.png,8386,1,452,410,74.5,4
38,6_2560x stock m270_4xobj_4_grid_r0_c4.png,8387,1,139,452,46.0,3
38,6_2560x stock m270_4xobj_4_grid_r0_c4.png,8388,1,228,217,46.0,3
38,6_2560x stock m270_4xobj_4_grid_r0_c4.png,8389,1,417,366,46.0,3
38,6_2560x stock m270_4xobj_4_grid_r0_c4.png,8390,1,60,60,46.0,3
38,6_2560x stock m270_4xobj_4_grid_r0_c4.png,8391,1,66,87,46.0,3
38,6_2560x stock m270_4xobj_4_grid_r0_c4.png,8392,1,323,203,46.0,3
38,6_2560x stock m270_4xobj_4_grid_r0_c4.png,8393,1,143,224,46.0,3
38,6_2560x stock m270_4xobj_4_grid_r0_c4.png,8394,1,466,287,46.0,3
38,6_2560x stock m270_4xobj_4_grid_r0_c4.png,8395,1,338,356,74.5,4
38,6_2560x stock m270_4xobj_4_grid_r0_c4.png,8396,1,261,357,46.0,3
38,6_2560x stock m270_4xobj_4_grid_r0_c4.png,8397,1,424,427,46.0,3
38,6_2560x stock m270_4xobj_4_grid_r0_c4.png,8398,1,507,456,46.0,3
38,6_2560x stock m270_4xobj_4_grid_r0_c4.png,8399,1,423,466,46.0,3
38,6_2560x stock m270_4xobj_4_grid_r0_c4.png,8400,1,132,8,46.0,3
38,6_2560x stock m270_4xobj_4_grid_r0_c4.png,8401,1,480,20,104.0,5
38,6_2560x stock m270_4xobj_4_grid_r0_c4.png,8402,1,54,35,46.0,3
38,6_2560x stock m270_4xobj_4_grid_r0_c4.png,8403,1,421,61,46.0,3
38,6_2560x stock m270_4xobj_4_grid_r0_c4.png,8404,1,291,64,74.5,4
38,6_2560x stock m270_4xobj_4_grid_r0_c4.png,8405,1,503,84,74.5,4
38,6_2560x stock m270_4xobj_4_grid_r0_c4.png,8406,1,450,102,46.0,3
38,6_2560x stock m270_4xobj_4_grid_r0_c4.png,8407,1,168,122,74.5,4
38,6_2560x stock m270_4xobj_4_grid_r0_c4.png,8408,1,388,122,46.0,3
38,6_2560x stock m270_4xobj_4_grid_r0_c4.png,8409,1,416,155,46.0,3
38,6_2560x stock m270_4xobj_4_grid_r0_c4.png,8410,1,497,187,74.5,4
38,6_2560x stock m270_4xobj_4_grid_r0_c4.png,8411,1,265,223,46.0,3
38,6_2560x stock m270_4xobj_4_grid_r0_c4.png,8412,1,484,263,46.0,3
38,6_2560x stock m270_4xobj_4_grid_r0_c4.png,8413,1,317,322,46.0,3
38,6_2560x stock m270_4xobj_4_grid_r0_c4.png,8414,1,261,391,104.0,5
39,6_2560x stock m270_4xobj_4_grid_r0_c5.png,8415,1,5,20,31.5,3
39,6_2560x stock m270_4xobj_4_grid_r0_c5.png,8416,1,394,431,31.5,3
39,6_2560x stock m270_4xobj_4_grid_r0_c5.png,8417,1,107,387,46.0,3
39,6_2560x stock m270_4xobj_4_grid_r0_c5.png,8418,1,65,364,46.0,3
39,6_2560x stock m270_4xobj_4_grid_r0_c5.png,8419,1,468,351,74.5,4
39,6_2560x stock m270_4xobj_4_grid_r0_c5.png,8420,1,302,340,74.5,4
39,6_2560x stock m270_4xobj_4_grid_r0_c5.png,8421,1,438,306,46.0,3
39,6_2560x stock m270_4xobj_4_grid_r0_c5.png,8422,1,268,459,46.0,3
39,6_2560x stock m270_4xobj_4_grid_r0_c5.png,8423,1,119,9,190.0,7
39,6_2560x stock m270_4xobj_4_grid_r0_c5.png,8424,1,212,175,46.0,3
39,6_2560x stock m270_4xobj_4_grid_r0_c5.png,8425,1,249,437,46.0,3
39,6_2560x stock m270_4xobj_4_grid_r0_c5.png,8426,1,351,18,8.0,1
39,6_2560x stock m270_4xobj_4_grid_r0_c5.png,8427,1,104,175,74.5,4
39,6_2560x stock m270_4xobj_4_grid_r0_c5.png,8428,1,463,105,46.0,3
39,6_2560x stock m270_4xobj_4_grid_r0_c5.png,8429,1,28,84,46.0,3
39,6_2560x stock m270_4xobj_4_grid_r0_c5.png,8430,1,334,36,46.0,3
39,6_2560x stock m270_4xobj_4_grid_r0_c5.png,8431,1,154,501,46.0,3
39,6_2560x stock m270_4xobj_4_grid_r0_c5.png,8432,1,143,448,46.0,3
39,6_2560x stock m270_4xobj_4_grid_r0_c5.png,8433,1,201,446,46.0,3
39,6_2560x stock m270_4xobj_4_grid_r0_c5.png,8434,1,170,445,31.5,3
39,6_2560x stock m270_4xobj_4_grid_r0_c5.png,8435,1,310,179,74.5,4
39,6_2560x stock m270_4xobj_4_grid_r0_c5.png,8436,1,300,201,46.0,3
39,6_2560x stock m270_4xobj_4_grid_r0_c5.png,8437,1,231,210,46.0,3
39,6_2560x stock m270_4xobj_4_grid_r0_c5.png,8438,1,73,229,46.0,3
39,6_2560x stock m270_4xobj_4_grid_r0_c5.png,8439,1,165,233,46.0,3
39,6_2560x stock m270_4xobj_4_grid_r0_c5.png,8440,1,295,252,46.0,3
39,6_2560x stock m270_4xobj_4_grid_r0_c5.png,8441,1,186,253,74.5,4
39,6_2560x stock m270_4xobj_4_grid_r0_c5.png,8442,1,9,263,46.0,3
39,6_2560x stock m270_4xobj_4_grid_r0_c5.png,8443,1,345,281,46.0,3
39,6_2560x stock m270_4xobj_4_grid_r0_c5.png,8444,1,133,296,31.5,3
39,6_2560x stock m270_4xobj_4_grid_r0_c5.png,8445,1,280,298,46.0,3
39,6_2560x stock m270_4xobj_4_grid_r0_c5.png,8446,1,359,307,46.0,3
39,6_2560x stock m270_4xobj_4_grid_r0_c5.png,8447,1,274,317,46.0,3
39,6_2560x stock m270_4xobj_4_grid_r0_c5.png,8448,1,184,325,46.0,3
39,6_2560x stock m270_4xobj_4_grid_r0_c5.png,8449,1,224,354,74.5,4
39,6_2560x stock m270_4xobj_4_grid_r0_c5.png,8450,1,376,385,46.0,3
39,6_2560x stock m270_4xobj_4_grid_r0_c5.png,8451,1,32,456,46.0,3
39,6_2560x stock m270_4xobj_4_grid_r0_c5.png,8452,1,339,475,46.0,3
39,6_2560x stock m270_4xobj_4_grid_r0_c5.png,8453,1,405,9,46.0,3
39,6_2560x stock m270_4xobj_4_grid_r0_c5.png,8454,1,81,64,46.0,3
39,6_2560x stock m270_4xobj_4_grid_r0_c5.png,8455,1,129,117,46.0,3
39,6_2560x stock m270_4xobj_4_grid_r0_c5.png,8456,1,233,122,46.0,3
39,6_2560x stock m270_4xobj_4_grid_r0_c5.png,8457,1,157,149,46.0,3
39,6_2560x stock m270_4xobj_4_grid_r0_c5.png,8458,1,499,179,46.0,3
39,6_2560x stock m270_4xobj_4_grid_r0_c5.png,8459,1,22,187,46.0,3
39,6_2560x stock m270_4xobj_4_grid_r0_c5.png,8460,1,236,189,46.0,3
39,6_2560x stock m270_4xobj_4_grid_r0_c5.png,8461,1,402,228,46.0,3
39,6_2560x stock m270_4xobj_4_grid_r0_c5.png,8462,1,416,275,46.0,3
39,6_2560x stock m270_4xobj_4_grid_r0_c5.png,8463,1,458,292,46.0,3
40,6_2560x stock m270_4xobj_4_grid_r3_c1.png,8464,1,165,218,46.0,3
40,6_2560x stock m270_4xobj_4_grid_r3_c1.png,8465,1,138,386,74.5,4
40,6_2560x stock m270_4xobj_4_grid_r3_c1.png,8466,1,18,468,46.0,3
40,6_2560x stock m270_4xobj_4_grid_r3_c1.png,8467,1,23,206,46.0,3
40,6_2560x stock m270_4xobj_4_grid_r3_c1.png,8468,1,3,233,31.5,3
40,6_2560x stock m270_4xobj_4_grid_r3_c1.png,8469,1,108,361,46.0,3
40,6_2560x stock m270_4xobj_4_grid_r3_c1.png,8470,1,156,433,46.0,3
40,6_2560x stock m270_4xobj_4_grid_r3_c1.png,8471,1,137,135,46.0,3
40,6_2560x stock m270_4xobj_4_grid_r3_c1.png,8472,1,285,157,46.0,3
40,6_2560x stock m270_4xobj_4_grid_r3_c1.png,8473,1,101,220,46.0,3
40,6_2560x stock m270_4xobj_4_grid_r3_c1.png,8474,1,34,243,46.0,3
40,6_2560x stock m270_4xobj_4_grid_r3_c1.png,8475,1,55,256,46.0,3
40,6_2560x stock m270_4xobj_4_grid_r3_c1.png,8476,1,378,263,46.0,3
40,6_2560x stock m270_4xobj_4_grid_r3_c1.png,8477,1,84,264,46.0,3
40,6_2560x stock m270_4xobj_4_grid_r3_c1.png,8478,1,161,308,31.5,3
40,6_2560x stock m270_4xobj_4_grid_r3_c1.png,8479,1,48,337,46.0,3
40,6_2560x stock m270_4xobj_4_grid_r3_c1.png,8480,1,491,439,46.0,3
40,6_2560x stock m270_4xobj_4_grid_r3_c1.png,8481,1,393,462,46.0,3
40,6_2560x stock m270_4xobj_4_grid_r3_c1.png,8482,1,216,474,46.0,3
40,6_2560x stock m270_4xobj_4_grid_r3_c1.png,8483,1,442,482,46.0,3
40,6_2560x stock m270_4xobj_4_grid_r3_c1.png,8484,1,185,482,46.0,3
40,6_2560x stock m270_4xobj_4_grid_r3_c1.png,8485,1,254,58,46.0,3
40,6_2560x stock m270_4xobj_4_grid_r3_c1.png,8486,1,334,165,46.0,3
40,6_2560x stock m270_4xobj_4_grid_r3_c1.png,8487,1,303,175,46.0,3
40,6_2560x stock m270_4xobj_4_grid_r3_c1.png,8488,1,79,185,31.5,3
40,6_2560x stock m270_4xobj_4_grid_r3_c1.png,8489,1,429,222,46.0,3
40,6_2560x stock m270_4xobj_4_grid_r3_c1.png,8490,1,434,233,46.0,3
40,6_2560x stock m270_4xobj_4_grid_r3_c1.png,8491,1,303,275,46.0,3
40,6_2560x stock m270_4xobj_4_grid_r3_c1.png,8492,1,100,307,46.0,3
40,6_2560x stock m270_4xobj_4_grid_r3_c1.png,8493,1,155,317,31.5,3
40,6_2560x stock m270_4xobj_4_grid_r3_c1.png,8494,1,331,346,46.0,3
40,6_2560x stock m270_4xobj_4_grid_r3_c1.png,8495,1,430,357,31.5,3
40,6_2560x stock m270_4xobj_4_grid_r3_c1.png,8496,1,449,497,46.0,3
40,6_2560x stock m270_4xobj_4_grid_r3_c1.png,8497,1,287,13,46.0,3
40,6_2560x stock m270_4xobj_4_grid_r3_c1.png,8498,1,418,55,46.0,3
40,6_2560x stock m270_4xobj_4_grid_r3_c1.png,8499,1,417,101,46.0,3
40,6_2560x stock m270_4xobj_4_grid_r3_c1.png,8500,1,452,185,46.0,3
40,6_2560x stock m270_4xobj_4_grid_r3_c1.png,8501,1,465,212,46.0,3
40,6_2560x stock m270_4xobj_4_grid_r3_c1.png,8502,1,494,290,46.0,3
40,6_2560x stock m270_4xobj_4_grid_r3_c1.png,8503,1,88,352,104.0,5
40,6_2560x stock m270_4xobj_4_grid_r3_c1.png,8504,1,423,367,31.5,3
40,6_2560x stock m270_4xobj_4_grid_r3_c1.png,8505,1,83,155,104.0,5
40,6_2560x stock m270_4xobj_4_grid_r3_c1.png,8506,1,371,195,74.5,4
41,6_2560x stock m270_4xobj_4_grid_r3_c2.png,8507,1,497,437,46.0,3
41,6_2560x stock m270_4xobj_4_grid_r3_c2.png,8508,1,334,469,46.0,3
41,6_2560x stock m270_4xobj_4_grid_r3_c2.png,8509,1,386,430,31.5,3
41,6_2560x stock m270_4xobj_4_grid_r3_c2.png,8510,1,376,421,46.0,3
41,6_2560x stock m270_4xobj_4_grid_r3_c2.png,8511,1,485,270,46.0,3
41,6_2560x stock m270_4xobj_4_grid_r3_c2.png,8512,1,276,125,46.0,3
41,6_2560x stock m270_4xobj_4_grid_r3_c2.png,8513,1,138,120,46.0,3
41,6_2560x stock m270_4xobj_4_grid_r3_c2.png,8514,1,79,105,46.0,3
41,6_2560x stock m270_4xobj_4_grid_r3_c2.png,8515,1,272,71,46.0,3
41,6_2560x stock m270_4xobj_4_grid_r3_c2.png,8516,1,400,19,46.0,3
41,6_2560x stock m270_4xobj_4_grid_r3_c2.png,8517,1,182,446,46.0,3
41,6_2560x stock m270_4xobj_4_grid_r3_c2.png,8518,1,101,423,46.0,3
41,6_2560x stock m270_4xobj_4_grid_r3_c2.png,8519,1,387,442,31.5,3
41,6_2560x stock m270_4xobj_4_grid_r3_c2.png,8520,1,229,415,46.0,3
41,6_2560x stock m270_4xobj_4_grid_r3_c2.png,8521,1,151,219,46.0,3
41,6_2560x stock m270_4xobj_4_grid_r3_c2.png,8522,1,142,506,46.0,3
41,6_2560x stock m270_4xobj_4_grid_r3_c2.png,8523,1,66,481,46.0,3
41,6_2560x stock m270_4xobj_4_grid_r3_c2.png,8524,1,16,439,46.0,3
41,6_2560x stock m270_4xobj_4_grid_r3_c2.png,8525,1,53,393,46.0,3
41,6_2560x stock m270_4xobj_4_grid_r3_c2.png,8526,1,111,372,46.0,3
41,6_2560x stock m270_4xobj_4_grid_r3_c2.png,8527,1,76,505,46.0,3
41,6_2560x stock m270_4xobj_4_grid_r3_c2.png,8528,1,341,502,46.0,3
41,6_2560x stock m270_4xobj_4_grid_r3_c2.png,8529,1,205,48,46.0,3
41,6_2560x stock m270_4xobj_4_grid_r3_c2.png,8530,1,145,73,46.0,3
41,6_2560x stock m270_4xobj_4_grid_r3_c2.png,8531,1,198,198,46.0,3
41,6_2560x stock m270_4xobj_4_grid_r3_c2.png,8532,1,309,248,46.0,3
41,6_2560x stock m270_4xobj_4_grid_r3_c2.png,8533,1,19,290,46.0,3
41,6_2560x stock m270_4xobj_4_grid_r3_c2.png,8534,1,503,292,46.0,3
41,6_2560x stock m270_4xobj_4_grid_r3_c2.png,8535,1,358,395,46.0,3
41,6_2560x stock m270_4xobj_4_grid_r3_c2.png,8536,1,325,423,46.0,3
42,6_2560x stock m270_4xobj_4_grid_r3_c3.png,8537,1,508,438,31.5,3
42,6_2560x stock m270_4xobj_4_grid_r3_c3.png,8538,1,262,339,46.0,3
42,6_2560x stock m270_4xobj_4_grid_r3_c3.png,8539,1,279,278,46.0,3
42,6_2560x stock m270_4xobj_4_grid_r3_c3.png,8540,1,10,270,46.0,3
42,6_2560x stock m270_4xobj_4_grid_r3_c3.png,8541,1,303,174,46.0,3
42,6_2560x stock m270_4xobj_4_grid_r3_c3.png,8542,1,217,403,46.0,3
42,6_2560x stock m270_4xobj_4_grid_r3_c3.png,8543,1,37,346,46.0,3
42,6_2560x stock m270_4xobj_4_grid_r3_c3.png,8544,1,22,437,46.0,3
42,6_2560x stock m270_4xobj_4_grid_r3_c3.png,8545,1,28,292,46.0,3
42,6_2560x stock m270_4xobj_4_grid_r3_c3.png,8546,1,412,360,46.0,3
42,6_2560x stock m270_4xobj_4_grid_r3_c3.png,8547,1,122,377,46.0,3
42,6_2560x stock m270_4xobj_4_grid_r3_c3.png,8548,1,158,9,46.0,3
42,6_2560x stock m270_4xobj_4_grid_r3_c3.png,8549,1,186,49,46.0,3
42,6_2560x stock m270_4xobj_4_grid_r3_c3.png,8550,1,172,100,46.0,3
42,6_2560x stock m270_4xobj_4_grid_r3_c3.png,8551,1,269,106,46.0,3
42,6_2560x stock m270_4xobj_4_grid_r3_c3.png,8552,1,233,114,46.0,3
42,6_2560x stock m270_4xobj_4_grid_r3_c3.png,8553,1,206,148,46.0,3
42,6_2560x stock m270_4xobj_4_grid_r3_c3.png,8554,1,285,179,46.0,3
42,6_2560x stock m270_4xobj_4_grid_r3_c3.png,8555,1,252,237,46.0,3
42,6_2560x stock m270_4xobj_4_grid_r3_c3.png,8556,1,174,248,46.0,3
42,6_2560x stock m270_4xobj_4_grid_r3_c3.png,8557,1,470,253,74.5,4
42,6_2560x stock m270_4xobj_4_grid_r3_c3.png,8558,1,261,298,46.0,3
42,6_2560x stock m270_4xobj_4_grid_r3_c3.png,8559,1,158,322,46.0,3
42,6_2560x stock m270_4xobj_4_grid_r3_c3.png,8560,1,169,324,31.5,3
42,6_2560x stock m270_4xobj_4_grid_r3_c3.png,8561,1,438,332,46.0,3
42,6_2560x stock m270_4xobj_4_grid_r3_c3.png,8562,1,364,336,46.0,3
42,6_2560x stock m270_4xobj_4_grid_r3_c3.png,8563,1,441,429,46.0,3
42,6_2560x stock m270_4xobj_4_grid_r3_c3.png,8564,1,469,476,46.0,3
42,6_2560x stock m270_4xobj_4_grid_r3_c3.png,8565,1,422,59,46.0,3
42,6_2560x stock m270_4xobj_4_grid_r3_c3.png,8566,1,305,76,46.0,3
42,6_2560x stock m270_4xobj_4_grid_r3_c3.png,8567,1,341,96,46.0,3
42,6_2560x stock m270_4xobj_4_grid_r3_c3.png,8568,1,271,128,46.0,3
42,6_2560x stock m270_4xobj_4_grid_r3_c3.png,8569,1,499,247,46.0,3
42,6_2560x stock m270_4xobj_4_grid_r3_c3.png,8570,1,434,305,46.0,3
42,6_2560x stock m270_4xobj_4_grid_r3_c3.png,8571,1,449,134,46.0,3
42,6_2560x stock m270_4xobj_4_grid_r3_c3.png,8572,1,492,63,104.0,5
43,6_2560x stock m270_4xobj_4_grid_r3_c4.png,8573,1,492,196,46.0,3
43,6_2560x stock m270_4xobj_4_grid_r3_c4.png,8574,1,257,193,46.0,3
43,6_2560x stock m270_4xobj_4_grid_r3_c4.png,8575,1,198,160,46.0,3
43,6_2560x stock m270_4xobj_4_grid_r3_c4.png,8576,1,252,131,46.0,3
43,6_2560x stock m270_4xobj_4_grid_r3_c4.png,8577,1,196,113,46.0,3
43,6_2560x stock m270_4xobj_4_grid_r3_c4.png,8578,1,202,96,46.0,3
43,6_2560x stock m270_4xobj_4_grid_r3_c4.png,8579,1,98,24,46.0,3
43,6_2560x stock m270_4xobj_4_grid_r3_c4.png,8580,1,338,482,46.0,3
43,6_2560x stock m270_4xobj_4_grid_r3_c4.png,8581,1,495,463,46.0,3
43,6_2560x stock m270_4xobj_4_grid_r3_c4.png,8582,1,423,449,46.0,3
43,6_2560x stock m270_4xobj_4_grid_r3_c4.png,8583,1,436,346,46.0,3
43,6_2560x stock m270_4xobj_4_grid_r3_c4.png,8584,1,218,335,46.0,3
43,6_2560x stock m270_4xobj_4_grid_r3_c4.png,8585,1,267,312,46.0,3
43,6_2560x stock m270_4xobj_4_grid_r3_c4.png,8586,1,256,311,31.5,3
43,6_2560x stock m270_4xobj_4_grid_r3_c4.png,8587,1,389,182,74.5,4
43,6_2560x stock m270_4xobj_4_grid_r3_c4.png,8588,1,201,416,46.0,3
43,6_2560x stock m270_4xobj_4_grid_r3_c4.png,8589,1,24,247,46.0,3
43,6_2560x stock m270_4xobj_4_grid_r3_c4.png,8590,1,232,463,46.0,3
43,6_2560x stock m270_4xobj_4_grid_r3_c4.png,8591,1,87,463,46.0,3
43,6_2560x stock m270_4xobj_4_grid_r3_c4.png,8592,1,33,438,46.0,3
43,6_2560x stock m270_4xobj_4_grid_r3_c4.png,8593,1,17,63,74.5,4
43,6_2560x stock m270_4xobj_4_grid_r3_c4.png,8594,1,463,140,46.0,3
43,6_2560x stock m270_4xobj_4_grid_r3_c4.png,8595,1,243,88,46.0,3
43,6_2560x stock m270_4xobj_4_grid_r3_c4.png,8596,1,449,148,46.0,3
43,6_2560x stock m270_4xobj_4_grid_r3_c4.png,8597,1,431,91,46.0,3
43,6_2560x stock m270_4xobj_4_grid_r3_c4.png,8598,1,348,46,46.0,3
43,6_2560x stock m270_4xobj_4_grid_r3_c4.png,8599,1,489,2,28.0,2
43,6_2560x stock m270_4xobj_4_grid_r3_c4.png,8600,1,495,387,46.0,3
43,6_2560x stock m270_4xobj_4_grid_r3_c4.png,8601,1,437,288,46.0,3
43,6_2560x stock m270_4xobj_4_grid_r3_c4.png,8602,1,479,268,46.0,3
43,6_2560x stock m270_4xobj_4_grid_r3_c4.png,8603,1,298,204,46.0,3
44,6_2560x stock m270_4xobj_4_grid_r3_c5.png,8604,1,350,146,46.0,3
44,6_2560x stock m270_4xobj_4_grid_r3_c5.png,8605,1,302,135,46.0,3
44,6_2560x stock m270_4xobj_4_grid_r3_c5.png,8606,1,372,2,28.0,2
44,6_2560x stock m270_4xobj_4_grid_r3_c5.png,8607,1,280,507,46.0,3
44,6_2560x stock m270_4xobj_4_grid_r3_c5.png,8608,1,422,472,46.0,3
44,6_2560x stock m270_4xobj_4_grid_r3_c5.png,8609,1,448,442,46.0,3
44,6_2560x stock m270_4xobj_4_grid_r3_c5.png,8610,1,194,322,46.0,3
44,6_2560x stock m270_4xobj_4_grid_r3_c5.png,8611,1,461,296,46.0,3
44,6_2560x stock m270_4xobj_4_grid_r3_c5.png,8612,1,276,291,46.0,3
44,6_2560x stock m270_4xobj_4_grid_r3_c5.png,8613,1,306,230,46.0,3
44,6_2560x stock m270_4xobj_4_grid_r3_c5.png,8614,1,373,195,74.5,4
44,6_2560x stock m270_4xobj_4_grid_r3_c5.png,8615,1,289,153,74.5,4
44,6_2560x stock m270_4xobj_4_grid_r3_c5.png,8616,1,288,141,46.0,3
44,6_2560x stock m270_4xobj_4_grid_r3_c5.png,8617,1,189,78,46.0,3
44,6_2560x stock m270_4xobj_4_grid_r3_c5.png,8618,1,363,71,74.5,4
44,6_2560x stock m270_4xobj_4_grid_r3_c5.png,8619,1,405,64,46.0,3
44,6_2560x stock m270_4xobj_4_grid_r3_c5.png,8620,1,324,51,46.0,3
44,6_2560x stock m270_4xobj_4_grid_r3_c5.png,8621,1,39,17,46.0,3
44,6_2560x stock m270_4xobj_4_grid_r3_c5.png,8622,1,414,484,46.0,3
44,6_2560x stock m270_4xobj_4_grid_r3_c5.png,8623,1,141,496,46.0,3
44,6_2560x stock m270_4xobj_4_grid_r3_c5.png,8624,1,90,498,46.0,3
44,6_2560x stock m270_4xobj_4_grid_r3_c5.png,8625,1,154,498,46.0,3
44,6_2560x stock m270_4xobj_4_grid_r3_c5.png,8626,1,219,409,46.0,3
44,6_2560x stock m270_4xobj_4_grid_r3_c5.png,8627,1,240,149,31.5,3
44,6_2560x stock m270_4xobj_4_grid_r3_c5.png,8628,1,86,140,31.5,3
44,6_2560x stock m270_4xobj_4_grid_r3_c5.png,8629,1,81,110,31.5,3
44,6_2560x stock m270_4xobj_4_grid_r3_c5.png,8630,1,461,487,31.5,3
44,6_2560x stock m270_4xobj_4_grid_r3_c5.png,8631,1,11,163,31.5,3
44,6_2560x stock m270_4xobj_4_grid_r3_c5.png,8632,1,186,460,46.0,3
44,6_2560x stock m270_4xobj_4_grid_r3_c5.png,8633,1,20,463,46.0,3
44,6_2560x stock m270_4xobj_4_grid_r3_c5.png,8634,1,247,477,46.0,3
44,6_2560x stock m270_4xobj_4_grid_r3_c5.png,8635,1,50,479,46.0,3
44,6_2560x stock m270_4xobj_4_grid_r3_c5.png,8636,1,14,2,28.0,2
44,6_2560x stock m270_4xobj_4_grid_r3_c5.png,8637,1,71,15,46.0,3
44,6_2560x stock m270_4xobj_4_grid_r3_c5.png,8638,1,137,129,46.0,3
44,6_2560x stock m270_4xobj_4_grid_r3_c5.png,8639,1,17,196,46.0,3
44,6_2560x stock m270_4xobj_4_grid_r3_c5.png,8640,1,4,268,31.5,3
44,6_2560x stock m270_4xobj_4_grid_r3_c5.png,8641,1,20,387,46.0,3
44,6_2560x stock m270_4xobj_4_grid_r3_c5.png,8642,1,335,5,46.0,3
44,6_2560x stock m270_4xobj_4_grid_r3_c5.png,8643,1,119,15,46.0,3
44,6_2560x stock m270_4xobj_4_grid_r3_c5.png,8644,1,80,421,46.0,3
44,6_2560x stock m270_4xobj_4_grid_r3_c5.png,8645,1,414,388,74.5,4
44,6_2560x stock m270_4xobj_4_grid_r3_c5.png,8646,1,335,429,46.0,3
44,6_2560x stock m270_4xobj_4_grid_r3_c5.png,8647,1,272,439,46.0,3
44,6_2560x stock m270_4xobj_4_grid_r3_c5.png,8648,1,489,449,46.0,3
44,6_2560x stock m270_4xobj_4_grid_r3_c5.png,8649,1,460,462,74.5,4
44,6_2560x stock m270_4xobj_4_grid_r3_c5.png,8650,1,298,207,74.5,4
44,6_2560x stock m270_4xobj_4_grid_r3_c5.png,8651,1,508,91,27.5,2
44,6_2560x stock m270_4xobj_4_grid_r3_c5.png,8652,1,481,53,46.0,3
44,6_2560x stock m270_4xobj_4_grid_r3_c5.png,8653,1,298,367,46.0,3
44,6_2560x stock m270_4xobj_4_grid_r3_c5.png,8654,1,363,333,46.0,3
44,6_2560x stock m270_4xobj_4_grid_r3_c5.png,8655,1,231,276,46.0,3
44,6_2560x stock m270_4xobj_4_grid_r3_c5.png,8656,1,488,219,46.0,3
44,6_2560x stock m270_4xobj_4_grid_r3_c5.png,8657,1,274,215,46.0,3
44,6_2560x stock m270_4xobj_4_grid_r3_c5.png,8658,1,265,186,104.0,5
44,6_2560x stock m270_4xobj_4_grid_r3_c5.png,8659,1,505,170,46.0,3
45,6_320x stock m270_4x obj_grid_r2_c1.png,8660,1,330,221,46.0,3
45,6_320x stock m270_4x obj_grid_r2_c1.png,8661,1,458,487,190.0,7
45,6_320x stock m270_4x obj_grid_r2_c1.png,8662,1,393,491,190.0,7
45,6_320x stock m270_4x obj_grid_r2_c1.png,8663,1,253,82,147.5,6
45,6_320x stock m270_4x obj_grid_r2_c1.png,8664,1,262,178,318.0,10
45,6_320x stock m270_4x obj_grid_r2_c1.png,8665,1,101,263,147.5,6
45,6_320x stock m270_4x obj_grid_r2_c1.png,8666,1,86,479,104.0,5
45,6_320x stock m270_4x obj_grid_r2_c1.png,8667,1,16,504,46.0,3
45,6_320x stock m270_4x obj_grid_r2_c1.png,8668,1,19,153,46.0,3
45,6_320x stock m270_4x obj_grid_r2_c1.png,8669,1,207,334,147.5,6
45,6_320x stock m270_4x obj_grid_r2_c1.png,8670,1,104,398,104.0,5
45,6_320x stock m270_4x obj_grid_r2_c1.png,8671,1,88,453,46.0,3
45,6_320x stock m270_4x obj_grid_r2_c1.png,8672,1,139,489,46.0,3
45,6_320x stock m270_4x obj_grid_r2_c1.png,8673,1,52,60,46.0,3
45,6_320x stock m270_4x obj_grid_r2_c1.png,8674,1,384,92,31.5,3
45,6_320x stock m270_4x obj_grid_r2_c1.png,8675,1,86,250,46.0,3
45,6_320x stock m270_4x obj_grid_r2_c1.png,8676,1,45,259,46.0,3
45,6_320x stock m270_4x obj_grid_r2_c1.png,8677,1,255,268,46.0,3
45,6_320x stock m270_4x obj_grid_r2_c1.png,8678,1,87,280,46.0,3
45,6_320x stock m270_4x obj_grid_r2_c1.png,8679,1,35,294,46.0,3
45,6_320x stock m270_4x obj_grid_r2_c1.png,8680,1,110,296,46.0,3
45,6_320x stock m270_4x obj_grid_r2_c1.png,8681,1,115,311,46.0,3
45,6_320x stock m270_4x obj_grid_r2_c1.png,8682,1,46,320,46.0,3
45,6_320x stock m270_4x obj_grid_r2_c1.png,8683,1,142,320,46.0,3
45,6_320x stock m270_4x obj_grid_r2_c1.png,8684,1,80,324,46.0,3
45,6_320x stock m270_4x obj_grid_r2_c1.png,8685,1,13,342,46.0,3
45,6_320x stock m270_4x obj_grid_r2_c1.png,8686,1,398,348,190.0,7
45,6_320x stock m270_4x obj_grid_r2_c1.png,8687,1,46,350,31.5,3
45,6_320x stock m270_4x obj_grid_r2_c1.png,8688,1,32,368,46.0,3
45,6_320x stock m270_4x obj_grid_r2_c1.png,8689,1,278,370,46.0,3
45,6_320x stock m270_4x obj_grid_r2_c1.png,8690,1,133,374,46.0,3
45,6_320x stock m270_4x obj_grid_r2_c1.png,8691,1,39,378,46.0,3
45,6_320x stock m270_4x obj_grid_r2_c1.png,8692,1,9,388,46.0,3
45,6_320x stock m270_4x obj_grid_r2_c1.png,8693,1,68,388,46.0,3
45,6_320x stock m270_4x obj_grid_r2_c1.png,8694,1,42,389,31.5,3
45,6_320x stock m270_4x obj_grid_r2_c1.png,8695,1,191,393,46.0,3
45,6_320x stock m270_4x obj_grid_r2_c1.png,8696,1,50,396,46.0,3
45,6_320x stock m270_4x obj_grid_r2_c1.png,8697,1,120,397,46.0,3
45,6_320x stock m270_4x obj_grid_r2_c1.png,8698,1,147,408,46.0,3
45,6_320x stock m270_4x obj_grid_r2_c1.png,8699,1,2,412,27.0,2
45,6_320x stock m270_4x obj_grid_r2_c1.png,8700,1,166,415,46.0,3
45,6_320x stock m270_4x obj_grid_r2_c1.png,8701,1,116,421,46.0,3
45,6_320x stock m270_4x obj_grid_r2_c1.png,8702,1,102,423,46.0,3
45,6_320x stock m270_4x obj_grid_r2_c1.png,8703,1,234,425,46.0,3
45,6_320x stock m270_4x obj_grid_r2_c1.png,8704,1,69,428,46.0,3
45,6_320x stock m270_4x obj_grid_r2_c1.png,8705,1,187,434,46.0,3
45,6_320x stock m270_4x obj_grid_r2_c1.png,8706,1,171,439,46.0,3
45,6_320x stock m270_4x obj_grid_r2_c1.png,8707,1,239,445,46.0,3
45,6_320x stock m270_4x obj_grid_r2_c1.png,8708,1,208,448,46.0,3
45,6_320x stock m270_4x obj_grid_r2_c1.png,8709,1,7,451,46.0,3
45,6_320x stock m270_4x obj_grid_r2_c1.png,8710,1,132,453,31.5,3
45,6_320x stock m270_4x obj_grid_r2_c1.png,8711,1,177,454,46.0,3
45,6_320x stock m270_4x obj_grid_r2_c1.png,8712,1,128,463,46.0,3
45,6_320x stock m270_4x obj_grid_r2_c1.png,8713,1,212,467,46.0,3
45,6_320x stock m270_4x obj_grid_r2_c1.png,8714,1,199,471,46.0,3
45,6_320x stock m270_4x obj_grid_r2_c1.png,8715,1,281,476,46.0,3
45,6_320x stock m270_4x obj_grid_r2_c1.png,8716,1,382,477,46.0,3
45,6_320x stock m270_4x obj_grid_r2_c1.png,8717,1,237,481,46.0,3
45,6_320x stock m270_4x obj_grid_r2_c1.png,8718,1,65,487,46.0,3
45,6_320x stock m270_4x obj_grid_r2_c1.png,8719,1,15,488,46.0,3
45,6_320x stock m270_4x obj_grid_r2_c1.png,8720,1,183,495,46.0,3
45,6_320x stock m270_4x obj_grid_r2_c1.png,8721,1,257,499,104.0,5
45,6_320x stock m270_4x obj_grid_r2_c1.png,8722,1,33,498,46.0,3
45,6_320x stock m270_4x obj_grid_r2_c1.png,8723,1,155,498,46.0,3
45,6_320x stock m270_4x obj_grid_r2_c1.png,8724,1,80,500,46.0,3
45,6_320x stock m270_4x obj_grid_r2_c1.png,8725,1,217,501,46.0,3
45,6_320x stock m270_4x obj_grid_r2_c1.png,8726,1,53,504,31.5,3
45,6_320x stock m270_4x obj_grid_r2_c1.png,8727,1,23,6,46.0,3
45,6_320x stock m270_4x obj_grid_r2_c1.png,8728,1,91,6,46.0,3
45,6_320x stock m270_4x obj_grid_r2_c1.png,8729,1,5,17,31.5,3
45,6_320x stock m270_4x obj_grid_r2_c1.png,8730,1,153,22,46.0,3
45,6_320x stock m270_4x obj_grid_r2_c1.png,8731,1,40,30,46.0,3
45,6_320x stock m270_4x obj_grid_r2_c1.png,8732,1,88,38,46.0,3
45,6_320x stock m270_4x obj_grid_r2_c1.png,8733,1,198,39,46.0,3
45,6_320x stock m270_4x obj_grid_r2_c1.png,8734,1,132,41,46.0,3
45,6_320x stock m270_4x obj_grid_r2_c1.png,8735,1,143,45,46.0,3
45,6_320x stock m270_4x obj_grid_r2_c1.png,8736,1,96,47,46.0,3
45,6_320x stock m270_4x obj_grid_r2_c1.png,8737,1,61,51,46.0,3
45,6_320x stock m270_4x obj_grid_r2_c1.png,8738,1,220,73,46.0,3
45,6_320x stock m270_4x obj_grid_r2_c1.png,8739,1,161,76,46.0,3
45,6_320x stock m270_4x obj_grid_r2_c1.png,8740,1,58,89,46.0,3
45,6_320x stock m270_4x obj_grid_r2_c1.png,8741,1,38,90,46.0,3
45,6_320x stock m270_4x obj_grid_r2_c1.png,8742,1,216,93,46.0,3
45,6_320x stock m270_4x obj_grid_r2_c1.png,8743,1,74,102,31.5,3
45,6_320x stock m270_4x obj_grid_r2_c1.png,8744,1,111,109,31.5,3
45,6_320x stock m270_4x obj_grid_r2_c1.png,8745,1,53,119,46.0,3
45,6_320x stock m270_4x obj_grid_r2_c1.png,8746,1,34,134,46.0,3
45,6_320x stock m270_4x obj_grid_r2_c1.png,8747,1,191,144,46.0,3
45,6_320x stock m270_4x obj_grid_r2_c1.png,8748,1,84,146,46.0,3
45,6_320x stock m270_4x obj_grid_r2_c1.png,8749,1,198,154,46.0,3
45,6_320x stock m270_4x obj_grid_r2_c1.png,8750,1,137,160,46.0,3
45,6_320x stock m270_4x obj_grid_r2_c1.png,8751,1,5,176,31.5,3
45,6_320x stock m270_4x obj_grid_r2_c1.png,8752,1,87,179,46.0,3
45,6_320x stock m270_4x obj_grid_r2_c1.png,8753,1,179,179,46.0,3
45,6_320x stock m270_4x obj_grid_r2_c1.png,8754,1,126,181,46.0,3
45,6_320x stock m270_4x obj_grid_r2_c1.png,8755,1,184,194,46.0,3
45,6_320x stock m270_4x obj_grid_r2_c1.png,8756,1,203,196,46.0,3
45,6_320x stock m270_4x obj_grid_r2_c1.png,8757,1,140,198,46.0,3
45,6_320x stock m270_4x obj_grid_r2_c1.png,8758,1,121,200,31.5,3
45,6_320x stock m270_4x obj_grid_r2_c1.png,8759,1,141,212,46.0,3
45,6_320x stock m270_4x obj_grid_r2_c1.png,8760,1,155,225,46.0,3
45,6_320x stock m270_4x obj_grid_r2_c1.png,8761,1,219,227,31.5,3
45,6_320x stock m270_4x obj_grid_r2_c1.png,8762,1,98,228,31.5,3
45,6_320x stock m270_4x obj_grid_r2_c1.png,8763,1,281,228,46.0,3
45,6_320x stock m270_4x obj_grid_r2_c1.png,8764,1,306,228,46.0,3
45,6_320x stock m270_4x obj_grid_r2_c1.png,8765,1,88,232,31.5,3
45,6_320x stock m270_4x obj_grid_r2_c1.png,8766,1,150,235,31.5,3
45,6_320x stock m270_4x obj_grid_r2_c1.png,8767,1,502,238,46.0,3
45,6_320x stock m270_4x obj_grid_r2_c1.png,8768,1,367,254,46.0,3
45,6_320x stock m270_4x obj_grid_r2_c1.png,8769,1,270,263,46.0,3
45,6_320x stock m270_4x obj_grid_r2_c1.png,8770,1,305,263,46.0,3
45,6_320x stock m270_4x obj_grid_r2_c1.png,8771,1,76,266,46.0,3
45,6_320x stock m270_4x obj_grid_r2_c1.png,8772,1,123,272,46.0,3
45,6_320x stock m270_4x obj_grid_r2_c1.png,8773,1,140,273,46.0,3
45,6_320x stock m270_4x obj_grid_r2_c1.png,8774,1,23,275,46.0,3
45,6_320x stock m270_4x obj_grid_r2_c1.png,8775,1,272,282,31.5,3
45,6_320x stock m270_4x obj_grid_r2_c1.png,8776,1,329,288,46.0,3
45,6_320x stock m270_4x obj_grid_r2_c1.png,8777,1,214,292,46.0,3
45,6_320x stock m270_4x obj_grid_r2_c1.png,8778,1,84,303,46.0,3
45,6_320x stock m270_4x obj_grid_r2_c1.png,8779,1,238,309,46.0,3
45,6_320x stock m270_4x obj_grid_r2_c1.png,8780,1,130,310,46.0,3
45,6_320x stock m270_4x obj_grid_r2_c1.png,8781,1,398,311,46.0,3
45,6_320x stock m270_4x obj_grid_r2_c1.png,8782,1,224,312,46.0,3
45,6_320x stock m270_4x obj_grid_r2_c1.png,8783,1,253,311,31.5,3
45,6_320x stock m270_4x obj_grid_r2_c1.png,8784,1,129,320,46.0,3
45,6_320x stock m270_4x obj_grid_r2_c1.png,8785,1,209,322,46.0,3
45,6_320x stock m270_4x obj_grid_r2_c1.png,8786,1,15,324,31.5,3
45,6_320x stock m270_4x obj_grid_r2_c1.png,8787,1,171,324,46.0,3
45,6_320x stock m270_4x obj_grid_r2_c1.png,8788,1,196,324,46.0,3
45,6_320x stock m270_4x obj_grid_r2_c1.png,8789,1,142,333,46.0,3
45,6_320x stock m270_4x obj_grid_r2_c1.png,8790,1,285,333,31.5,3
45,6_320x stock m270_4x obj_grid_r2_c1.png,8791,1,125,335,46.0,3
45,6_320x stock m270_4x obj_grid_r2_c1.png,8792,1,343,343,46.0,3
45,6_320x stock m270_4x obj_grid_r2_c1.png,8793,1,282,346,46.0,3
45,6_320x stock m270_4x obj_grid_r2_c1.png,8794,1,35,349,31.5,3
45,6_320x stock m270_4x obj_grid_r2_c1.png,8795,1,321,351,46.0,3
45,6_320x stock m270_4x obj_grid_r2_c1.png,8796,1,339,364,46.0,3
45,6_320x stock m270_4x obj_grid_r2_c1.png,8797,1,13,368,46.0,3
45,6_320x stock m270_4x obj_grid_r2_c1.png,8798,1,215,368,31.5,3
45,6_320x stock m270_4x obj_grid_r2_c1.png,8799,1,305,372,46.0,3
45,6_320x stock m270_4x obj_grid_r2_c1.png,8800,1,491,372,46.0,3
45,6_320x stock m270_4x obj_grid_r2_c1.png,8801,1,391,375,46.0,3
45,6_320x stock m270_4x obj_grid_r2_c1.png,8802,1,255,380,46.0,3
45,6_320x stock m270_4x obj_grid_r2_c1.png,8803,1,163,380,31.5,3
45,6_320x stock m270_4x obj_grid_r2_c1.png,8804,1,313,381,46.0,3
45,6_320x stock m270_4x obj_grid_r2_c1.png,8805,1,355,382,46.0,3
45,6_320x stock m270_4x obj_grid_r2_c1.png,8806,1,286,388,46.0,3
45,6_320x stock m270_4x obj_grid_r2_c1.png,8807,1,252,392,46.0,3
45,6_320x stock m270_4x obj_grid_r2_c1.png,8808,1,398,402,46.0,3
45,6_320x stock m270_4x obj_grid_r2_c1.png,8809,1,56,406,104.0,5
45,6_320x stock m270_4x obj_grid_r2_c1.png,8810,1,224,407,46.0,3
45,6_320x stock m270_4x obj_grid_r2_c1.png,8811,1,412,409,46.0,3
45,6_320x stock m270_4x obj_grid_r2_c1.png,8812,1,323,412,46.0,3
45,6_320x stock m270_4x obj_grid_r2_c1.png,8813,1,421,415,46.0,3
45,6_320x stock m270_4x obj_grid_r2_c1.png,8814,1,213,421,31.5,3
45,6_320x stock m270_4x obj_grid_r2_c1.png,8815,1,444,426,46.0,3
45,6_320x stock m270_4x obj_grid_r2_c1.png,8816,1,211,435,74.5,4
45,6_320x stock m270_4x obj_grid_r2_c1.png,8817,1,271,434,46.0,3
45,6_320x stock m270_4x obj_grid_r2_c1.png,8818,1,293,437,31.5,3
45,6_320x stock m270_4x obj_grid_r2_c1.png,8819,1,400,444,46.0,3
45,6_320x stock m270_4x obj_grid_r2_c1.png,8820,1,295,451,46.0,3
45,6_320x stock m270_4x obj_grid_r2_c1.png,8821,1,284,459,46.0,3
45,6_320x stock m270_4x obj_grid_r2_c1.png,8822,1,256,465,31.5,3
45,6_320x stock m270_4x obj_grid_r2_c1.png,8823,1,94,469,31.5,3
45,6_320x stock m270_4x obj_grid_r2_c1.png,8824,1,308,477,46.0,3
45,6_320x stock m270_4x obj_grid_r2_c1.png,8825,1,432,479,46.0,3
45,6_320x stock m270_4x obj_grid_r2_c1.png,8826,1,264,481,46.0,3
45,6_320x stock m270_4x obj_grid_r2_c1.png,8827,1,340,486,46.0,3
45,6_320x stock m270_4x obj_grid_r2_c1.png,8828,1,315,486,46.0,3
45,6_320x stock m270_4x obj_grid_r2_c1.png,8829,1,296,492,46.0,3
45,6_320x stock m270_4x obj_grid_r2_c1.png,8830,1,471,492,46.0,3
45,6_320x stock m270_4x obj_grid_r2_c1.png,8831,1,428,493,46.0,3
45,6_320x stock m270_4x obj_grid_r2_c1.png,8832,1,328,493,46.0,3
45,6_320x stock m270_4x obj_grid_r2_c1.png,8833,1,238,503,46.0,3
45,6_320x stock m270_4x obj_grid_r2_c1.png,8834,1,363,506,74.5,4
45,6_320x stock m270_4x obj_grid_r2_c1.png,8835,1,491,505,46.0,3
45,6_320x stock m270_4x obj_grid_r2_c1.png,8836,1,258,5,46.0,3
45,6_320x stock m270_4x obj_grid_r2_c1.png,8837,1,245,10,46.0,3
45,6_320x stock m270_4x obj_grid_r2_c1.png,8838,1,72,10,46.0,3
45,6_320x stock m270_4x obj_grid_r2_c1.png,8839,1,271,16,46.0,3
45,6_320x stock m270_4x obj_grid_r2_c1.png,8840,1,43,13,31.5,3
45,6_320x stock m270_4x obj_grid_r2_c1.png,8841,1,291,19,46.0,3
45,6_320x stock m270_4x obj_grid_r2_c1.png,8842,1,107,20,31.5,3
45,6_320x stock m270_4x obj_grid_r2_c1.png,8843,1,194,20,46.0,3
45,6_320x stock m270_4x obj_grid_r2_c1.png,8844,1,96,22,31.5,3
45,6_320x stock m270_4x obj_grid_r2_c1.png,8845,1,137,31,31.5,3
45,6_320x stock m270_4x obj_grid_r2_c1.png,8846,1,245,35,31.5,3
45,6_320x stock m270_4x obj_grid_r2_c1.png,8847,1,75,36,46.0,3
45,6_320x stock m270_4x obj_grid_r2_c1.png,8848,1,360,39,46.0,3
45,6_320x stock m270_4x obj_grid_r2_c1.png,8849,1,283,40,46.0,3
45,6_320x stock m270_4x obj_grid_r2_c1.png,8850,1,313,43,31.5,3
45,6_320x stock m270_4x obj_grid_r2_c1.png,8851,1,11,46,46.0,3
45,6_320x stock m270_4x obj_grid_r2_c1.png,8852,1,76,61,31.5,3
45,6_320x stock m270_4x obj_grid_r2_c1.png,8853,1,5,63,46.0,3
45,6_320x stock m270_4x obj_grid_r2_c1.png,8854,1,338,64,31.5,3
45,6_320x stock m270_4x obj_grid_r2_c1.png,8855,1,98,67,46.0,3
45,6_320x stock m270_4x obj_grid_r2_c1.png,8856,1,70,71,46.0,3
45,6_320x stock m270_4x obj_grid_r2_c1.png,8857,1,142,73,31.5,3
45,6_320x stock m270_4x obj_grid_r2_c1.png,8858,1,97,78,46.0,3
45,6_320x stock m270_4x obj_grid_r2_c1.png,8859,1,106,79,46.0,3
45,6_320x stock m270_4x obj_grid_r2_c1.png,8860,1,277,79,46.0,3
45,6_320x stock m270_4x obj_grid_r2_c1.png,8861,1,38,79,31.5,3
45,6_320x stock m270_4x obj_grid_r2_c1.png,8862,1,396,92,46.0,3
45,6_320x stock m270_4x obj_grid_r2_c1.png,8863,1,423,97,46.0,3
45,6_320x stock m270_4x obj_grid_r2_c1.png,8864,1,78,100,46.0,3
45,6_320x stock m270_4x obj_grid_r2_c1.png,8865,1,233,100,46.0,3
45,6_320x stock m270_4x obj_grid_r2_c1.png,8866,1,310,101,31.5,3
45,6_320x stock m270_4x obj_grid_r2_c1.png,8867,1,408,106,46.0,3
45,6_320x stock m270_4x obj_grid_r2_c1.png,8868,1,307,108,46.0,3
45,6_320x stock m270_4x obj_grid_r2_c1.png,8869,1,84,112,31.5,3
45,6_320x stock m270_4x obj_grid_r2_c1.png,8870,1,407,117,46.0,3
45,6_320x stock m270_4x obj_grid_r2_c1.png,8871,1,255,122,31.5,3
45,6_320x stock m270_4x obj_grid_r2_c1.png,8872,1,356,122,46.0,3
45,6_320x stock m270_4x obj_grid_r2_c1.png,8873,1,265,126,31.5,3
45,6_320x stock m270_4x obj_grid_r2_c1.png,8874,1,221,129,31.5,3
45,6_320x stock m270_4x obj_grid_r2_c1.png,8875,1,247,135,46.0,3
45,6_320x stock m270_4x obj_grid_r2_c1.png,8876,1,116,136,31.5,3
45,6_320x stock m270_4x obj_grid_r2_c1.png,8877,1,342,140,46.0,3
45,6_320x stock m270_4x obj_grid_r2_c1.png,8878,1,370,141,46.0,3
45,6_320x stock m270_4x obj_grid_r2_c1.png,8879,1,263,141,46.0,3
45,6_320x stock m270_4x obj_grid_r2_c1.png,8880,1,100,144,31.5,3
45,6_320x stock m270_4x obj_grid_r2_c1.png,8881,1,235,145,31.5,3
45,6_320x stock m270_4x obj_grid_r2_c1.png,8882,1,151,149,31.5,3
45,6_320x stock m270_4x obj_grid_r2_c1.png,8883,1,161,151,31.5,3
45,6_320x stock m270_4x obj_grid_r2_c1.png,8884,1,209,153,31.5,3
45,6_320x stock m270_4x obj_grid_r2_c1.png,8885,1,329,161,46.0,3
45,6_320x stock m270_4x obj_grid_r2_c1.png,8886,1,353,162,46.0,3
45,6_320x stock m270_4x obj_grid_r2_c1.png,8887,1,160,171,46.0,3
45,6_320x stock m270_4x obj_grid_r2_c1.png,8888,1,411,176,147.5,6
45,6_320x stock m270_4x obj_grid_r2_c1.png,8889,1,142,183,31.5,3
45,6_320x stock m270_4x obj_grid_r2_c1.png,8890,1,291,183,46.0,3
45,6_320x stock m270_4x obj_grid_r2_c1.png,8891,1,491,186,46.0,3
45,6_320x stock m270_4x obj_grid_r2_c1.png,8892,1,297,196,46.0,3
45,6_320x stock m270_4x obj_grid_r2_c1.png,8893,1,230,192,31.5,3
45,6_320x stock m270_4x obj_grid_r2_c1.png,8894,1,324,198,31.5,3
45,6_320x stock m270_4x obj_grid_r2_c1.png,8895,1,295,193,31.5,3
45,6_320x stock m270_4x obj_grid_r2_c1.png,8896,1,483,204,46.0,3
45,6_320x stock m270_4x obj_grid_r2_c1.png,8897,1,386,205,46.0,3
45,6_320x stock m270_4x obj_grid_r2_c1.png,8898,1,442,206,46.0,3
45,6_320x stock m270_4x obj_grid_r2_c1.png,8899,1,352,208,46.0,3
45,6_320x stock m270_4x obj_grid_r2_c1.png,8900,1,295,210,46.0,3
45,6_320x stock m270_4x obj_grid_r2_c1.png,8901,1,45,211,31.5,3
45,6_320x stock m270_4x obj_grid_r2_c1.png,8902,1,363,214,46.0,3
45,6_320x stock m270_4x obj_grid_r2_c1.png,8903,1,251,219,46.0,3
45,6_320x stock m270_4x obj_grid_r2_c1.png,8904,1,372,223,46.0,3
45,6_320x stock m270_4x obj_grid_r2_c1.png,8905,1,414,225,46.0,3
45,6_320x stock m270_4x obj_grid_r2_c1.png,8906,1,478,224,46.0,3
45,6_320x stock m270_4x obj_grid_r2_c1.png,8907,1,238,233,46.0,3
45,6_320x stock m270_4x obj_grid_r2_c1.png,8908,1,268,235,46.0,3
45,6_320x stock m270_4x obj_grid_r2_c1.png,8909,1,214,238,31.5,3
45,6_320x stock m270_4x obj_grid_r2_c1.png,8910,1,53,237,31.5,3
45,6_320x stock m270_4x obj_grid_r2_c1.png,8911,1,370,239,46.0,3
45,6_320x stock m270_4x obj_grid_r2_c1.png,8912,1,181,241,31.5,3
45,6_320x stock m270_4x obj_grid_r2_c1.png,8913,1,321,242,31.5,3
45,6_320x stock m270_4x obj_grid_r2_c1.png,8914,1,287,245,46.0,3
45,6_320x stock m270_4x obj_grid_r2_c1.png,8915,1,170,249,46.0,3
45,6_320x stock m270_4x obj_grid_r2_c1.png,8916,1,304,249,46.0,3
45,6_320x stock m270_4x obj_grid_r2_c1.png,8917,1,245,251,31.5,3
45,6_320x stock m270_4x obj_grid_r2_c1.png,8918,1,232,254,46.0,3
45,6_320x stock m270_4x obj_grid_r2_c1.png,8919,1,380,256,46.0,3
45,6_320x stock m270_4x obj_grid_r2_c1.png,8920,1,226,271,31.5,3
45,6_320x stock m270_4x obj_grid_r2_c1.png,8921,1,316,274,46.0,3
45,6_320x stock m270_4x obj_grid_r2_c1.png,8922,1,448,276,46.0,3
45,6_320x stock m270_4x obj_grid_r2_c1.png,8923,1,464,277,46.0,3
45,6_320x stock m270_4x obj_grid_r2_c1.png,8924,1,284,278,46.0,3
45,6_320x stock m270_4x obj_grid_r2_c1.png,8925,1,386,283,46.0,3
45,6_320x stock m270_4x obj_grid_r2_c1.png,8926,1,508,288,31.5,3
45,6_320x stock m270_4x obj_grid_r2_c1.png,8927,1,319,290,31.5,3
45,6_320x stock m270_4x obj_grid_r2_c1.png,8928,1,475,293,46.0,3
45,6_320x stock m270_4x obj_grid_r2_c1.png,8929,1,379,295,31.5,3
45,6_320x stock m270_4x obj_grid_r2_c1.png,8930,1,353,299,46.0,3
45,6_320x stock m270_4x obj_grid_r2_c1.png,8931,1,250,301,46.0,3
45,6_320x stock m270_4x obj_grid_r2_c1.png,8932,1,390,297,31.5,3
45,6_320x stock m270_4x obj_grid_r2_c1.png,8933,1,412,300,46.0,3
45,6_320x stock m270_4x obj_grid_r2_c1.png,8934,1,477,317,46.0,3
45,6_320x stock m270_4x obj_grid_r2_c1.png,8935,1,363,317,46.0,3
45,6_320x stock m270_4x obj_grid_r2_c1.png,8936,1,393,324,46.0,3
45,6_320x stock m270_4x obj_grid_r2_c1.png,8937,1,484,326,46.0,3
45,6_320x stock m270_4x obj_grid_r2_c1.png,8938,1,185,326,31.5,3
45,6_320x stock m270_4x obj_grid_r2_c1.png,8939,1,368,332,46.0,3
45,6_320x stock m270_4x obj_grid_r2_c1.png,8940,1,270,333,31.5,3
45,6_320x stock m270_4x obj_grid_r2_c1.png,8941,1,420,339,31.5,3
45,6_320x stock m270_4x obj_grid_r2_c1.png,8942,1,356,345,46.0,3
45,6_320x stock m270_4x obj_grid_r2_c1.png,8943,1,435,345,46.0,3
45,6_320x stock m270_4x obj_grid_r2_c1.png,8944,1,484,359,46.0,3
45,6_320x stock m270_4x obj_grid_r2_c1.png,8945,1,465,365,46.0,3
45,6_320x stock m270_4x obj_grid_r2_c1.png,8946,1,204,372,46.0,3
45,6_320x stock m270_4x obj_grid_r2_c1.png,8947,1,476,378,46.0,3
45,6_320x stock m270_4x obj_grid_r2_c1.png,8948,1,333,378,31.5,3
45,6_320x stock m270_4x obj_grid_r2_c1.png,8949,1,408,388,31.5,3
45,6_320x stock m270_4x obj_grid_r2_c1.png,8950,1,343,392,46.0,3
45,6_320x stock m270_4x obj_grid_r2_c1.png,8951,1,508,394,31.5,3
45,6_320x stock m270_4x obj_grid_r2_c1.png,8952,1,461,396,46.0,3
45,6_320x stock m270_4x obj_grid_r2_c1.png,8953,1,370,425,31.5,3
45,6_320x stock m270_4x obj_grid_r2_c1.png,8954,1,419,431,46.0,3
45,6_320x stock m270_4x obj_grid_r2_c1.png,8955,1,508,435,31.5,3
45,6_320x stock m270_4x obj_grid_r2_c1.png,8956,1,438,447,46.0,3
45,6_320x stock m270_4x obj_grid_r2_c1.png,8957,1,496,449,46.0,3
45,6_320x stock m270_4x obj_grid_r2_c1.png,8958,1,452,454,46.0,3
45,6_320x stock m270_4x obj_grid_r2_c1.png,8959,1,508,456,31.5,3
45,6_320x stock m270_4x obj_grid_r2_c1.png,8960,1,373,454,31.5,3
45,6_320x stock m270_4x obj_grid_r2_c1.png,8961,1,355,462,31.5,3
45,6_320x stock m270_4x obj_grid_r2_c1.png,8962,1,468,467,74.5,4
45,6_320x stock m270_4x obj_grid_r2_c1.png,8963,1,480,466,31.5,3
45,6_320x stock m270_4x obj_grid_r2_c1.png,8964,1,365,467,31.5,3
45,6_320x stock m270_4x obj_grid_r2_c1.png,8965,1,454,470,46.0,3
45,6_320x stock m270_4x obj_grid_r2_c1.png,8966,1,422,504,46.0,3
45,6_320x stock m270_4x obj_grid_r2_c1.png,8967,1,434,508,31.5,3
45,6_320x stock m270_4x obj_grid_r2_c1.png,8968,1,417,8,46.0,3
45,6_320x stock m270_4x obj_grid_r2_c1.png,8969,1,172,9,46.0,3
45,6_320x stock m270_4x obj_grid_r2_c1.png,8970,1,210,9,31.5,3
45,6_320x stock m270_4x obj_grid_r2_c1.png,8971,1,319,13,46.0,3
45,6_320x stock m270_4x obj_grid_r2_c1.png,8972,1,460,19,46.0,3
45,6_320x stock m270_4x obj_grid_r2_c1.png,8973,1,254,20,46.0,3
45,6_320x stock m270_4x obj_grid_r2_c1.png,8974,1,379,22,31.5,3
45,6_320x stock m270_4x obj_grid_r2_c1.png,8975,1,363,28,46.0,3
45,6_320x stock m270_4x obj_grid_r2_c1.png,8976,1,450,28,46.0,3
45,6_320x stock m270_4x obj_grid_r2_c1.png,8977,1,495,33,104.0,5
45,6_320x stock m270_4x obj_grid_r2_c1.png,8978,1,475,40,46.0,3
45,6_320x stock m270_4x obj_grid_r2_c1.png,8979,1,223,40,31.5,3
45,6_320x stock m270_4x obj_grid_r2_c1.png,8980,1,318,49,31.5,3
45,6_320x stock m270_4x obj_grid_r2_c1.png,8981,1,379,59,46.0,3
45,6_320x stock m270_4x obj_grid_r2_c1.png,8982,1,145,63,104.0,5
45,6_320x stock m270_4x obj_grid_r2_c1.png,8983,1,481,65,46.0,3
45,6_320x stock m270_4x obj_grid_r2_c1.png,8984,1,352,66,46.0,3
45,6_320x stock m270_4x obj_grid_r2_c1.png,8985,1,506,73,46.0,3
45,6_320x stock m270_4x obj_grid_r2_c1.png,8986,1,418,77,46.0,3
45,6_320x stock m270_4x obj_grid_r2_c1.png,8987,1,428,80,46.0,3
45,6_320x stock m270_4x obj_grid_r2_c1.png,8988,1,307,82,46.0,3
45,6_320x stock m270_4x obj_grid_r2_c1.png,8989,1,507,84,31.5,3
45,6_320x stock m270_4x obj_grid_r2_c1.png,8990,1,369,82,31.5,3
45,6_320x stock m270_4x obj_grid_r2_c1.png,8991,1,439,85,46.0,3
45,6_320x stock m270_4x obj_grid_r2_c1.png,8992,1,248,111,104.0,5
45,6_320x stock m270_4x obj_grid_r2_c1.png,8993,1,478,110,46.0,3
45,6_320x stock m270_4x obj_grid_r2_c1.png,8994,1,342,112,31.5,3
45,6_320x stock m270_4x obj_grid_r2_c1.png,8995,1,426,119,46.0,3
45,6_320x stock m270_4x obj_grid_r2_c1.png,8996,1,478,122,46.0,3
45,6_320x stock m270_4x obj_grid_r2_c1.png,8997,1,383,123,46.0,3
45,6_320x stock m270_4x obj_grid_r2_c1.png,8998,1,279,135,31.5,3
45,6_320x stock m270_4x obj_grid_r2_c1.png,8999,1,410,141,31.5,3
45,6_320x stock m270_4x obj_grid_r2_c1.png,9000,1,472,144,46.0,3
45,6_320x stock m270_4x obj_grid_r2_c1.png,9001,1,449,147,46.0,3
45,6_320x stock m270_4x obj_grid_r2_c1.png,9002,1,476,159,46.0,3
45,6_320x stock m270_4x obj_grid_r2_c1.png,9003,1,491,172,31.5,3
45,6_320x stock m270_4x obj_grid_r2_c1.png,9004,1,357,179,31.5,3
45,6_320x stock m270_4x obj_grid_r2_c1.png,9005,1,402,187,46.0,3
45,6_320x stock m270_4x obj_grid_r2_c1.png,9006,1,257,198,46.0,3
45,6_320x stock m270_4x obj_grid_r2_c1.png,9007,1,373,202,46.0,3
45,6_320x stock m270_4x obj_grid_r2_c1.png,9008,1,64,209,31.5,3
45,6_320x stock m270_4x obj_grid_r2_c1.png,9009,1,419,214,31.5,3
45,6_320x stock m270_4x obj_grid_r2_c1.png,9010,1,478,263,31.5,3
45,6_320x stock m270_4x obj_grid_r2_c1.png,9011,1,506,277,31.5,3
45,6_320x stock m270_4x obj_grid_r2_c1.png,9012,1,338,315,190.0,7
45,6_320x stock m270_4x obj_grid_r2_c1.png,9013,1,419,324,31.5,3
45,6_320x stock m270_4x obj_grid_r2_c1.png,9014,1,160,432,74.5,4
45,6_320x stock m270_4x obj_grid_r2_c1.png,9015,1,416,27,104.0,5
45,6_320x stock m270_4x obj_grid_r2_c1.png,9016,1,341,45,31.5,3
45,6_320x stock m270_4x obj_grid_r2_c1.png,9017,1,328,68,31.5,3
45,6_320x stock m270_4x obj_grid_r2_c1.png,9018,1,189,79,74.5,4
45,6_320x stock m270_4x obj_grid_r2_c1.png,9019,1,495,161,74.5,4
45,6_320x stock m270_4x obj_grid_r2_c1.png,9020,1,99,185,46.0,3
45,6_320x stock m270_4x obj_grid_r2_c1.png,9021,1,379,306,74.5,4
45,6_320x stock m270_4x obj_grid_r2_c1.png,9022,1,458,340,190.0,7
45,6_320x stock m270_4x obj_grid_r2_c1.png,9023,1,5,353,46.0,3
45,6_320x stock m270_4x obj_grid_r2_c1.png,9024,1,31,407,31.5,3
45,6_320x stock m270_4x obj_grid_r2_c1.png,9025,1,305,409,46.0,3
45,6_320x stock m270_4x obj_grid_r2_c1.png,9026,1,85,415,31.5,3
45,6_320x stock m270_4x obj_grid_r2_c1.png,9027,1,174,26,74.5,4
45,6_320x stock m270_4x obj_grid_r2_c1.png,9028,1,25,45,74.5,4
45,6_320x stock m270_4x obj_grid_r2_c1.png,9029,1,275,62,104.0,5
45,6_320x stock m270_4x obj_grid_r2_c1.png,9030,1,83,68,46.0,3
45,6_320x stock m270_4x obj_grid_r2_c1.png,9031,1,129,138,74.5,4
45,6_320x stock m270_4x obj_grid_r2_c1.png,9032,1,54,190,74.5,4
45,6_320x stock m270_4x obj_grid_r2_c1.png,9033,1,332,206,74.5,4
45,6_320x stock m270_4x obj_grid_r2_c1.png,9034,1,205,208,46.0,3
45,6_320x stock m270_4x obj_grid_r2_c1.png,9035,1,329,250,46.0,3
45,6_320x stock m270_4x obj_grid_r2_c1.png,9036,1,504,351,8.0,1
45,6_320x stock m270_4x obj_grid_r2_c1.png,9037,1,133,347,31.5,3
45,6_320x stock m270_4x obj_grid_r2_c1.png,9038,1,259,368,46.0,3
45,6_320x stock m270_4x obj_grid_r2_c1.png,9039,1,174,379,46.0,3
45,6_320x stock m270_4x obj_grid_r2_c1.png,9040,1,251,412,46.0,3
45,6_320x stock m270_4x obj_grid_r2_c1.png,9041,1,402,473,74.5,4
45,6_320x stock m270_4x obj_grid_r2_c1.png,9042,1,178,481,74.5,4
45,6_320x stock m270_4x obj_grid_r2_c1.png,9043,1,459,507,43.0,3
45,6_320x stock m270_4x obj_grid_r2_c1.png,9044,1,185,10,46.0,3
45,6_320x stock m270_4x obj_grid_r2_c1.png,9045,1,437,52,74.5,4
45,6_320x stock m270_4x obj_grid_r2_c1.png,9046,1,239,51,46.0,3
45,6_320x stock m270_4x obj_grid_r2_c1.png,9047,1,21,63,74.5,4
45,6_320x stock m270_4x obj_grid_r2_c1.png,9048,1,236,128,46.0,3
45,6_320x stock m270_4x obj_grid_r2_c1.png,9049,1,94,201,31.5,3
45,6_320x stock m270_4x obj_grid_r2_c1.png,9050,1,267,209,31.5,3
45,6_320x stock m270_4x obj_grid_r2_c1.png,9051,1,188,228,74.5,4
45,6_320x stock m270_4x obj_grid_r2_c1.png,9052,1,244,358,46.0,3
45,6_320x stock m270_4x obj_grid_r2_c1.png,9053,1,466,422,74.5,4
45,6_320x stock m270_4x obj_grid_r2_c1.png,9054,1,487,426,74.5,4
45,6_320x stock m270_4x obj_grid_r2_c1.png,9055,1,351,5,31.5,3
45,6_320x stock m270_4x obj_grid_r2_c1.png,9056,1,451,8,74.5,4
45,6_320x stock m270_4x obj_grid_r2_c1.png,9057,1,452,61,74.5,4
45,6_320x stock m270_4x obj_grid_r2_c1.png,9058,1,458,93,74.5,4
45,6_320x stock m270_4x obj_grid_r2_c1.png,9059,1,345,103,31.5,3
45,6_320x stock m270_4x obj_grid_r2_c1.png,9060,1,391,156,46.0,3
45,6_320x stock m270_4x obj_grid_r2_c1.png,9061,1,480,172,46.0,3
45,6_320x stock m270_4x obj_grid_r2_c1.png,9062,1,151,190,46.0,3
45,6_320x stock m270_4x obj_grid_r2_c1.png,9063,1,401,234,46.0,3
45,6_320x stock m270_4x obj_grid_r2_c1.png,9064,1,425,363,31.5,3
45,6_320x stock m270_4x obj_grid_r2_c1.png,9065,1,404,67,74.5,4
45,6_320x stock m270_4x obj_grid_r2_c1.png,9066,1,134,83,74.5,4
45,6_320x stock m270_4x obj_grid_r2_c1.png,9067,1,105,132,104.0,5
45,6_320x stock m270_4x obj_grid_r2_c1.png,9068,1,25,178,190.0,7
45,6_320x stock m270_4x obj_grid_r2_c1.png,9069,1,148,255,46.0,3
45,6_320x stock m270_4x obj_grid_r2_c1.png,9070,1,131,120,46.0,3
45,6_320x stock m270_4x obj_grid_r2_c1.png,9071,1,399,130,46.0,3
45,6_320x stock m270_4x obj_grid_r2_c1.png,9072,1,14,217,190.0,7
45,6_320x stock m270_4x obj_grid_r2_c1.png,9073,1,149,382,104.0,5
46,6_320x stock m270_4x obj_grid_r2_c2.png,9074,1,189,176,74.5,4
46,6_320x stock m270_4x obj_grid_r2_c2.png,9075,1,67,273,190.0,7
46,6_320x stock m270_4x obj_grid_r2_c2.png,9076,1,31,277,46.0,3
46,6_320x stock m270_4x obj_grid_r2_c2.png,9077,1,176,281,46.0,3
46,6_320x stock m270_4x obj_grid_r2_c2.png,9078,1,139,282,46.0,3
46,6_320x stock m270_4x obj_grid_r2_c2.png,9079,1,262,283,31.5,3
46,6_320x stock m270_4x obj_grid_r2_c2.png,9080,1,112,286,46.0,3
46,6_320x stock m270_4x obj_grid_r2_c2.png,9081,1,33,288,46.0,3
46,6_320x stock m270_4x obj_grid_r2_c2.png,9082,1,91,289,46.0,3
46,6_320x stock m270_4x obj_grid_r2_c2.png,9083,1,83,297,46.0,3
46,6_320x stock m270_4x obj_grid_r2_c2.png,9084,1,265,297,46.0,3
46,6_320x stock m270_4x obj_grid_r2_c2.png,9085,1,243,302,46.0,3
46,6_320x stock m270_4x obj_grid_r2_c2.png,9086,1,201,311,31.5,3
46,6_320x stock m270_4x obj_grid_r2_c2.png,9087,1,134,313,46.0,3
46,6_320x stock m270_4x obj_grid_r2_c2.png,9088,1,2,317,27.0,2
46,6_320x stock m270_4x obj_grid_r2_c2.png,9089,1,66,328,46.0,3
46,6_320x stock m270_4x obj_grid_r2_c2.png,9090,1,239,339,46.0,3
46,6_320x stock m270_4x obj_grid_r2_c2.png,9091,1,317,340,46.0,3
46,6_320x stock m270_4x obj_grid_r2_c2.png,9092,1,142,344,46.0,3
46,6_320x stock m270_4x obj_grid_r2_c2.png,9093,1,180,345,46.0,3
46,6_320x stock m270_4x obj_grid_r2_c2.png,9094,1,213,346,46.0,3
46,6_320x stock m270_4x obj_grid_r2_c2.png,9095,1,246,347,31.5,3
46,6_320x stock m270_4x obj_grid_r2_c2.png,9096,1,278,349,46.0,3
46,6_320x stock m270_4x obj_grid_r2_c2.png,9097,1,49,349,31.5,3
46,6_320x stock m270_4x obj_grid_r2_c2.png,9098,1,203,355,46.0,3
46,6_320x stock m270_4x obj_grid_r2_c2.png,9099,1,344,360,46.0,3
46,6_320x stock m270_4x obj_grid_r2_c2.png,9100,1,359,360,46.0,3
46,6_320x stock m270_4x obj_grid_r2_c2.png,9101,1,398,361,46.0,3
46,6_320x stock m270_4x obj_grid_r2_c2.png,9102,1,119,362,46.0,3
46,6_320x stock m270_4x obj_grid_r2_c2.png,9103,1,217,361,46.0,3
46,6_320x stock m270_4x obj_grid_r2_c2.png,9104,1,179,367,46.0,3
46,6_320x stock m270_4x obj_grid_r2_c2.png,9105,1,295,365,31.5,3
46,6_320x stock m270_4x obj_grid_r2_c2.png,9106,1,225,369,46.0,3
46,6_320x stock m270_4x obj_grid_r2_c2.png,9107,1,274,372,46.0,3
46,6_320x stock m270_4x obj_grid_r2_c2.png,9108,1,262,373,46.0,3
46,6_320x stock m270_4x obj_grid_r2_c2.png,9109,1,316,374,46.0,3
46,6_320x stock m270_4x obj_grid_r2_c2.png,9110,1,390,373,46.0,3
46,6_320x stock m270_4x obj_grid_r2_c2.png,9111,1,90,371,31.5,3
46,6_320x stock m270_4x obj_grid_r2_c2.png,9112,1,127,375,46.0,3
46,6_320x stock m270_4x obj_grid_r2_c2.png,9113,1,190,380,46.0,3
46,6_320x stock m270_4x obj_grid_r2_c2.png,9114,1,207,382,46.0,3
46,6_320x stock m270_4x obj_grid_r2_c2.png,9115,1,370,382,46.0,3
46,6_320x stock m270_4x obj_grid_r2_c2.png,9116,1,292,385,46.0,3
46,6_320x stock m270_4x obj_grid_r2_c2.png,9117,1,253,388,46.0,3
46,6_320x stock m270_4x obj_grid_r2_c2.png,9118,1,304,389,46.0,3
46,6_320x stock m270_4x obj_grid_r2_c2.png,9119,1,76,390,31.5,3
46,6_320x stock m270_4x obj_grid_r2_c2.png,9120,1,203,394,46.0,3
46,6_320x stock m270_4x obj_grid_r2_c2.png,9121,1,191,395,46.0,3
46,6_320x stock m270_4x obj_grid_r2_c2.png,9122,1,126,396,46.0,3
46,6_320x stock m270_4x obj_grid_r2_c2.png,9123,1,284,396,46.0,3
46,6_320x stock m270_4x obj_grid_r2_c2.png,9124,1,163,400,31.5,3
46,6_320x stock m270_4x obj_grid_r2_c2.png,9125,1,293,404,46.0,3
46,6_320x stock m270_4x obj_grid_r2_c2.png,9126,1,37,405,46.0,3
46,6_320x stock m270_4x obj_grid_r2_c2.png,9127,1,379,406,46.0,3
46,6_320x stock m270_4x obj_grid_r2_c2.png,9128,1,426,405,46.0,3
46,6_320x stock m270_4x obj_grid_r2_c2.png,9129,1,507,406,46.0,3
46,6_320x stock m270_4x obj_grid_r2_c2.png,9130,1,333,412,46.0,3
46,6_320x stock m270_4x obj_grid_r2_c2.png,9131,1,97,421,46.0,3
46,6_320x stock m270_4x obj_grid_r2_c2.png,9132,1,37,426,31.5,3
46,6_320x stock m270_4x obj_grid_r2_c2.png,9133,1,321,426,46.0,3
46,6_320x stock m270_4x obj_grid_r2_c2.png,9134,1,382,428,46.0,3
46,6_320x stock m270_4x obj_grid_r2_c2.png,9135,1,299,429,46.0,3
46,6_320x stock m270_4x obj_grid_r2_c2.png,9136,1,349,427,31.5,3
46,6_320x stock m270_4x obj_grid_r2_c2.png,9137,1,446,429,46.0,3
46,6_320x stock m270_4x obj_grid_r2_c2.png,9138,1,271,431,46.0,3
46,6_320x stock m270_4x obj_grid_r2_c2.png,9139,1,401,434,46.0,3
46,6_320x stock m270_4x obj_grid_r2_c2.png,9140,1,34,432,31.5,3
46,6_320x stock m270_4x obj_grid_r2_c2.png,9141,1,179,440,31.5,3
46,6_320x stock m270_4x obj_grid_r2_c2.png,9142,1,329,441,46.0,3
46,6_320x stock m270_4x obj_grid_r2_c2.png,9143,1,40,444,46.0,3
46,6_320x stock m270_4x obj_grid_r2_c2.png,9144,1,496,444,46.0,3
46,6_320x stock m270_4x obj_grid_r2_c2.png,9145,1,21,449,46.0,3
46,6_320x stock m270_4x obj_grid_r2_c2.png,9146,1,234,451,46.0,3
46,6_320x stock m270_4x obj_grid_r2_c2.png,9147,1,372,451,46.0,3
46,6_320x stock m270_4x obj_grid_r2_c2.png,9148,1,83,456,46.0,3
46,6_320x stock m270_4x obj_grid_r2_c2.png,9149,1,275,455,46.0,3
46,6_320x stock m270_4x obj_grid_r2_c2.png,9150,1,33,456,46.0,3
46,6_320x stock m270_4x obj_grid_r2_c2.png,9151,1,205,459,31.5,3
46,6_320x stock m270_4x obj_grid_r2_c2.png,9152,1,299,460,46.0,3
46,6_320x stock m270_4x obj_grid_r2_c2.png,9153,1,496,471,46.0,3
46,6_320x stock m270_4x obj_grid_r2_c2.png,9154,1,195,478,46.0,3
46,6_320x stock m270_4x obj_grid_r2_c2.png,9155,1,310,485,31.5,3
46,6_320x stock m270_4x obj_grid_r2_c2.png,9156,1,360,485,46.0,3
46,6_320x stock m270_4x obj_grid_r2_c2.png,9157,1,295,487,46.0,3
46,6_320x stock m270_4x obj_grid_r2_c2.png,9158,1,115,486,31.5,3
46,6_320x stock m270_4x obj_grid_r2_c2.png,9159,1,216,490,46.0,3
46,6_320x stock m270_4x obj_grid_r2_c2.png,9160,1,239,491,31.5,3
46,6_320x stock m270_4x obj_grid_r2_c2.png,9161,1,334,491,46.0,3
46,6_320x stock m270_4x obj_grid_r2_c2.png,9162,1,449,493,46.0,3
46,6_320x stock m270_4x obj_grid_r2_c2.png,9163,1,350,504,46.0,3
46,6_320x stock m270_4x obj_grid_r2_c2.png,9164,1,249,506,71.5,4
46,6_320x stock m270_4x obj_grid_r2_c2.png,9165,1,390,506,31.5,3
46,6_320x stock m270_4x obj_grid_r2_c2.png,9166,1,130,2,8.0,1
46,6_320x stock m270_4x obj_grid_r2_c2.png,9167,1,78,4,46.0,3
46,6_320x stock m270_4x obj_grid_r2_c2.png,9168,1,301,6,46.0,3
46,6_320x stock m270_4x obj_grid_r2_c2.png,9169,1,182,10,46.0,3
46,6_320x stock m270_4x obj_grid_r2_c2.png,9170,1,219,14,31.5,3
46,6_320x stock m270_4x obj_grid_r2_c2.png,9171,1,253,14,46.0,3
46,6_320x stock m270_4x obj_grid_r2_c2.png,9172,1,97,18,46.0,3
46,6_320x stock m270_4x obj_grid_r2_c2.png,9173,1,39,19,46.0,3
46,6_320x stock m270_4x obj_grid_r2_c2.png,9174,1,353,21,46.0,3
46,6_320x stock m270_4x obj_grid_r2_c2.png,9175,1,206,24,46.0,3
46,6_320x stock m270_4x obj_grid_r2_c2.png,9176,1,108,34,46.0,3
46,6_320x stock m270_4x obj_grid_r2_c2.png,9177,1,211,35,46.0,3
46,6_320x stock m270_4x obj_grid_r2_c2.png,9178,1,47,36,46.0,3
46,6_320x stock m270_4x obj_grid_r2_c2.png,9179,1,168,44,31.5,3
46,6_320x stock m270_4x obj_grid_r2_c2.png,9180,1,146,47,46.0,3
46,6_320x stock m270_4x obj_grid_r2_c2.png,9181,1,122,46,31.5,3
46,6_320x stock m270_4x obj_grid_r2_c2.png,9182,1,215,49,46.0,3
46,6_320x stock m270_4x obj_grid_r2_c2.png,9183,1,409,53,46.0,3
46,6_320x stock m270_4x obj_grid_r2_c2.png,9184,1,282,57,46.0,3
46,6_320x stock m270_4x obj_grid_r2_c2.png,9185,1,133,64,46.0,3
46,6_320x stock m270_4x obj_grid_r2_c2.png,9186,1,94,68,46.0,3
46,6_320x stock m270_4x obj_grid_r2_c2.png,9187,1,205,69,46.0,3
46,6_320x stock m270_4x obj_grid_r2_c2.png,9188,1,31,73,31.5,3
46,6_320x stock m270_4x obj_grid_r2_c2.png,9189,1,140,73,31.5,3
46,6_320x stock m270_4x obj_grid_r2_c2.png,9190,1,256,74,31.5,3
46,6_320x stock m270_4x obj_grid_r2_c2.png,9191,1,377,75,46.0,3
46,6_320x stock m270_4x obj_grid_r2_c2.png,9192,1,130,77,46.0,3
46,6_320x stock m270_4x obj_grid_r2_c2.png,9193,1,234,77,46.0,3
46,6_320x stock m270_4x obj_grid_r2_c2.png,9194,1,504,77,46.0,3
46,6_320x stock m270_4x obj_grid_r2_c2.png,9195,1,53,81,46.0,3
46,6_320x stock m270_4x obj_grid_r2_c2.png,9196,1,94,81,31.5,3
46,6_320x stock m270_4x obj_grid_r2_c2.png,9197,1,32,84,31.5,3
46,6_320x stock m270_4x obj_grid_r2_c2.png,9198,1,260,90,46.0,3
46,6_320x stock m270_4x obj_grid_r2_c2.png,9199,1,217,92,31.5,3
46,6_320x stock m270_4x obj_grid_r2_c2.png,9200,1,419,103,46.0,3
46,6_320x stock m270_4x obj_grid_r2_c2.png,9201,1,172,103,46.0,3
46,6_320x stock m270_4x obj_grid_r2_c2.png,9202,1,324,108,31.5,3
46,6_320x stock m270_4x obj_grid_r2_c2.png,9203,1,239,108,46.0,3
46,6_320x stock m270_4x obj_grid_r2_c2.png,9204,1,4,110,46.0,3
46,6_320x stock m270_4x obj_grid_r2_c2.png,9205,1,193,110,46.0,3
46,6_320x stock m270_4x obj_grid_r2_c2.png,9206,1,381,111,46.0,3
46,6_320x stock m270_4x obj_grid_r2_c2.png,9207,1,283,119,46.0,3
46,6_320x stock m270_4x obj_grid_r2_c2.png,9208,1,236,119,46.0,3
46,6_320x stock m270_4x obj_grid_r2_c2.png,9209,1,177,122,46.0,3
46,6_320x stock m270_4x obj_grid_r2_c2.png,9210,1,249,123,46.0,3
46,6_320x stock m270_4x obj_grid_r2_c2.png,9211,1,490,128,46.0,3
46,6_320x stock m270_4x obj_grid_r2_c2.png,9212,1,80,128,31.5,3
46,6_320x stock m270_4x obj_grid_r2_c2.png,9213,1,288,128,31.5,3
46,6_320x stock m270_4x obj_grid_r2_c2.png,9214,1,197,132,46.0,3
46,6_320x stock m270_4x obj_grid_r2_c2.png,9215,1,175,133,46.0,3
46,6_320x stock m270_4x obj_grid_r2_c2.png,9216,1,278,136,31.5,3
46,6_320x stock m270_4x obj_grid_r2_c2.png,9217,1,224,136,46.0,3
46,6_320x stock m270_4x obj_grid_r2_c2.png,9218,1,263,140,46.0,3
46,6_320x stock m270_4x obj_grid_r2_c2.png,9219,1,214,146,46.0,3
46,6_320x stock m270_4x obj_grid_r2_c2.png,9220,1,301,147,46.0,3
46,6_320x stock m270_4x obj_grid_r2_c2.png,9221,1,483,150,46.0,3
46,6_320x stock m270_4x obj_grid_r2_c2.png,9222,1,35,152,46.0,3
46,6_320x stock m270_4x obj_grid_r2_c2.png,9223,1,65,154,46.0,3
46,6_320x stock m270_4x obj_grid_r2_c2.png,9224,1,376,155,46.0,3
46,6_320x stock m270_4x obj_grid_r2_c2.png,9225,1,20,161,104.0,5
46,6_320x stock m270_4x obj_grid_r2_c2.png,9226,1,441,164,46.0,3
46,6_320x stock m270_4x obj_grid_r2_c2.png,9227,1,416,167,46.0,3
46,6_320x stock m270_4x obj_grid_r2_c2.png,9228,1,381,170,46.0,3
46,6_320x stock m270_4x obj_grid_r2_c2.png,9229,1,16,172,31.5,3
46,6_320x stock m270_4x obj_grid_r2_c2.png,9230,1,219,174,31.5,3
46,6_320x stock m270_4x obj_grid_r2_c2.png,9231,1,163,173,31.5,3
46,6_320x stock m270_4x obj_grid_r2_c2.png,9232,1,498,176,46.0,3
46,6_320x stock m270_4x obj_grid_r2_c2.png,9233,1,177,181,46.0,3
46,6_320x stock m270_4x obj_grid_r2_c2.png,9234,1,346,181,46.0,3
46,6_320x stock m270_4x obj_grid_r2_c2.png,9235,1,165,186,31.5,3
46,6_320x stock m270_4x obj_grid_r2_c2.png,9236,1,319,185,46.0,3
46,6_320x stock m270_4x obj_grid_r2_c2.png,9237,1,212,190,46.0,3
46,6_320x stock m270_4x obj_grid_r2_c2.png,9238,1,200,191,46.0,3
46,6_320x stock m270_4x obj_grid_r2_c2.png,9239,1,153,194,31.5,3
46,6_320x stock m270_4x obj_grid_r2_c2.png,9240,1,489,195,46.0,3
46,6_320x stock m270_4x obj_grid_r2_c2.png,9241,1,410,200,46.0,3
46,6_320x stock m270_4x obj_grid_r2_c2.png,9242,1,443,202,46.0,3
46,6_320x stock m270_4x obj_grid_r2_c2.png,9243,1,156,200,31.5,3
46,6_320x stock m270_4x obj_grid_r2_c2.png,9244,1,214,208,46.0,3
46,6_320x stock m270_4x obj_grid_r2_c2.png,9245,1,367,212,46.0,3
46,6_320x stock m270_4x obj_grid_r2_c2.png,9246,1,184,212,46.0,3
46,6_320x stock m270_4x obj_grid_r2_c2.png,9247,1,401,215,46.0,3
46,6_320x stock m270_4x obj_grid_r2_c2.png,9248,1,259,220,46.0,3
46,6_320x stock m270_4x obj_grid_r2_c2.png,9249,1,186,226,46.0,3
46,6_320x stock m270_4x obj_grid_r2_c2.png,9250,1,80,227,46.0,3
46,6_320x stock m270_4x obj_grid_r2_c2.png,9251,1,345,230,46.0,3
46,6_320x stock m270_4x obj_grid_r2_c2.png,9252,1,229,232,31.5,3
46,6_320x stock m270_4x obj_grid_r2_c2.png,9253,1,383,242,46.0,3
46,6_320x stock m270_4x obj_grid_r2_c2.png,9254,1,173,246,46.0,3
46,6_320x stock m270_4x obj_grid_r2_c2.png,9255,1,494,245,46.0,3
46,6_320x stock m270_4x obj_grid_r2_c2.png,9256,1,404,246,46.0,3
46,6_320x stock m270_4x obj_grid_r2_c2.png,9257,1,36,248,31.5,3
46,6_320x stock m270_4x obj_grid_r2_c2.png,9258,1,226,251,31.5,3
46,6_320x stock m270_4x obj_grid_r2_c2.png,9259,1,399,255,46.0,3
46,6_320x stock m270_4x obj_grid_r2_c2.png,9260,1,468,258,46.0,3
46,6_320x stock m270_4x obj_grid_r2_c2.png,9261,1,493,258,46.0,3
46,6_320x stock m270_4x obj_grid_r2_c2.png,9262,1,173,263,31.5,3
46,6_320x stock m270_4x obj_grid_r2_c2.png,9263,1,208,263,31.5,3
46,6_320x stock m270_4x obj_grid_r2_c2.png,9264,1,357,263,46.0,3
46,6_320x stock m270_4x obj_grid_r2_c2.png,9265,1,380,263,46.0,3
46,6_320x stock m270_4x obj_grid_r2_c2.png,9266,1,335,264,46.0,3
46,6_320x stock m270_4x obj_grid_r2_c2.png,9267,1,255,269,46.0,3
46,6_320x stock m270_4x obj_grid_r2_c2.png,9268,1,337,277,46.0,3
46,6_320x stock m270_4x obj_grid_r2_c2.png,9269,1,371,279,46.0,3
46,6_320x stock m270_4x obj_grid_r2_c2.png,9270,1,157,288,31.5,3
46,6_320x stock m270_4x obj_grid_r2_c2.png,9271,1,252,281,46.0,3
46,6_320x stock m270_4x obj_grid_r2_c2.png,9272,1,426,282,46.0,3
46,6_320x stock m270_4x obj_grid_r2_c2.png,9273,1,476,283,46.0,3
46,6_320x stock m270_4x obj_grid_r2_c2.png,9274,1,329,288,46.0,3
46,6_320x stock m270_4x obj_grid_r2_c2.png,9275,1,360,290,46.0,3
46,6_320x stock m270_4x obj_grid_r2_c2.png,9276,1,417,297,46.0,3
46,6_320x stock m270_4x obj_grid_r2_c2.png,9277,1,407,299,46.0,3
46,6_320x stock m270_4x obj_grid_r2_c2.png,9278,1,491,305,46.0,3
46,6_320x stock m270_4x obj_grid_r2_c2.png,9279,1,190,312,31.5,3
46,6_320x stock m270_4x obj_grid_r2_c2.png,9280,1,213,312,46.0,3
46,6_320x stock m270_4x obj_grid_r2_c2.png,9281,1,371,316,46.0,3
46,6_320x stock m270_4x obj_grid_r2_c2.png,9282,1,459,325,46.0,3
46,6_320x stock m270_4x obj_grid_r2_c2.png,9283,1,322,327,46.0,3
46,6_320x stock m270_4x obj_grid_r2_c2.png,9284,1,158,332,31.5,3
46,6_320x stock m270_4x obj_grid_r2_c2.png,9285,1,221,330,31.5,3
46,6_320x stock m270_4x obj_grid_r2_c2.png,9286,1,248,332,46.0,3
46,6_320x stock m270_4x obj_grid_r2_c2.png,9287,1,346,336,46.0,3
46,6_320x stock m270_4x obj_grid_r2_c2.png,9288,1,433,345,46.0,3
46,6_320x stock m270_4x obj_grid_r2_c2.png,9289,1,338,347,46.0,3
46,6_320x stock m270_4x obj_grid_r2_c2.png,9290,1,234,348,46.0,3
46,6_320x stock m270_4x obj_grid_r2_c2.png,9291,1,423,356,46.0,3
46,6_320x stock m270_4x obj_grid_r2_c2.png,9292,1,62,356,31.5,3
46,6_320x stock m270_4x obj_grid_r2_c2.png,9293,1,472,361,46.0,3
46,6_320x stock m270_4x obj_grid_r2_c2.png,9294,1,370,363,46.0,3
46,6_320x stock m270_4x obj_grid_r2_c2.png,9295,1,77,375,31.5,3
46,6_320x stock m270_4x obj_grid_r2_c2.png,9296,1,506,377,46.0,3
46,6_320x stock m270_4x obj_grid_r2_c2.png,9297,1,416,381,46.0,3
46,6_320x stock m270_4x obj_grid_r2_c2.png,9298,1,372,396,46.0,3
46,6_320x stock m270_4x obj_grid_r2_c2.png,9299,1,355,400,46.0,3
46,6_320x stock m270_4x obj_grid_r2_c2.png,9300,1,478,413,46.0,3
46,6_320x stock m270_4x obj_grid_r2_c2.png,9301,1,445,411,31.5,3
46,6_320x stock m270_4x obj_grid_r2_c2.png,9302,1,384,416,46.0,3
46,6_320x stock m270_4x obj_grid_r2_c2.png,9303,1,407,418,46.0,3
46,6_320x stock m270_4x obj_grid_r2_c2.png,9304,1,235,424,46.0,3
46,6_320x stock m270_4x obj_grid_r2_c2.png,9305,1,422,424,31.5,3
46,6_320x stock m270_4x obj_grid_r2_c2.png,9306,1,370,432,46.0,3
46,6_320x stock m270_4x obj_grid_r2_c2.png,9307,1,461,437,31.5,3
46,6_320x stock m270_4x obj_grid_r2_c2.png,9308,1,477,450,46.0,3
46,6_320x stock m270_4x obj_grid_r2_c2.png,9309,1,450,460,31.5,3
46,6_320x stock m270_4x obj_grid_r2_c2.png,9310,1,457,473,46.0,3
46,6_320x stock m270_4x obj_grid_r2_c2.png,9311,1,418,472,31.5,3
46,6_320x stock m270_4x obj_grid_r2_c2.png,9312,1,484,496,31.5,3
46,6_320x stock m270_4x obj_grid_r2_c2.png,9313,1,406,509,8.0,1
46,6_320x stock m270_4x obj_grid_r2_c2.png,9314,1,391,3,31.5,3
46,6_320x stock m270_4x obj_grid_r2_c2.png,9315,1,357,5,46.0,3
46,6_320x stock m270_4x obj_grid_r2_c2.png,9316,1,137,9,31.5,3
46,6_320x stock m270_4x obj_grid_r2_c2.png,9317,1,506,22,31.5,3
46,6_320x stock m270_4x obj_grid_r2_c2.png,9318,1,332,23,46.0,3
46,6_320x stock m270_4x obj_grid_r2_c2.png,9319,1,168,34,46.0,3
46,6_320x stock m270_4x obj_grid_r2_c2.png,9320,1,431,36,46.0,3
46,6_320x stock m270_4x obj_grid_r2_c2.png,9321,1,136,38,31.5,3
46,6_320x stock m270_4x obj_grid_r2_c2.png,9322,1,477,40,46.0,3
46,6_320x stock m270_4x obj_grid_r2_c2.png,9323,1,194,258,46.0,3
46,6_320x stock m270_4x obj_grid_r2_c2.png,9324,1,45,254,46.0,3
46,6_320x stock m270_4x obj_grid_r2_c2.png,9325,1,327,254,46.0,3
46,6_320x stock m270_4x obj_grid_r2_c2.png,9326,1,120,248,31.5,3
46,6_320x stock m270_4x obj_grid_r2_c2.png,9327,1,92,247,46.0,3
46,6_320x stock m270_4x obj_grid_r2_c2.png,9328,1,38,208,46.0,3
46,6_320x stock m270_4x obj_grid_r2_c2.png,9329,1,90,203,46.0,3
46,6_320x stock m270_4x obj_grid_r2_c2.png,9330,1,8,204,46.0,3
46,6_320x stock m270_4x obj_grid_r2_c2.png,9331,1,136,198,104.0,5
46,6_320x stock m270_4x obj_grid_r2_c2.png,9332,1,224,196,46.0,3
46,6_320x stock m270_4x obj_grid_r2_c2.png,9333,1,67,190,46.0,3
46,6_320x stock m270_4x obj_grid_r2_c2.png,9334,1,83,187,46.0,3
46,6_320x stock m270_4x obj_grid_r2_c2.png,9335,1,16,186,46.0,3
46,6_320x stock m270_4x obj_grid_r2_c2.png,9336,1,130,184,46.0,3
46,6_320x stock m270_4x obj_grid_r2_c2.png,9337,1,99,175,46.0,3
46,6_320x stock m270_4x obj_grid_r2_c2.png,9338,1,263,166,46.0,3
46,6_320x stock m270_4x obj_grid_r2_c2.png,9339,1,56,159,46.0,3
46,6_320x stock m270_4x obj_grid_r2_c2.png,9340,1,103,155,46.0,3
46,6_320x stock m270_4x obj_grid_r2_c2.png,9341,1,87,147,46.0,3
46,6_320x stock m270_4x obj_grid_r2_c2.png,9342,1,3,121,31.5,3
46,6_320x stock m270_4x obj_grid_r2_c2.png,9343,1,46,114,46.0,3
46,6_320x stock m270_4x obj_grid_r2_c2.png,9344,1,107,106,46.0,3
46,6_320x stock m270_4x obj_grid_r2_c2.png,9345,1,62,65,46.0,3
46,6_320x stock m270_4x obj_grid_r2_c2.png,9346,1,6,65,46.0,3
46,6_320x stock m270_4x obj_grid_r2_c2.png,9347,1,115,508,26.5,2
46,6_320x stock m270_4x obj_grid_r2_c2.png,9348,1,16,505,46.0,3
46,6_320x stock m270_4x obj_grid_r2_c2.png,9349,1,128,501,46.0,3
46,6_320x stock m270_4x obj_grid_r2_c2.png,9350,1,370,497,46.0,3
46,6_320x stock m270_4x obj_grid_r2_c2.png,9351,1,81,491,46.0,3
46,6_320x stock m270_4x obj_grid_r2_c2.png,9352,1,149,489,46.0,3
46,6_320x stock m270_4x obj_grid_r2_c2.png,9353,1,40,487,46.0,3
46,6_320x stock m270_4x obj_grid_r2_c2.png,9354,1,196,487,31.5,3
46,6_320x stock m270_4x obj_grid_r2_c2.png,9355,1,57,482,46.0,3
46,6_320x stock m270_4x obj_grid_r2_c2.png,9356,1,253,472,46.0,3
46,6_320x stock m270_4x obj_grid_r2_c2.png,9357,1,290,471,46.0,3
46,6_320x stock m270_4x obj_grid_r2_c2.png,9358,1,45,470,46.0,3
46,6_320x stock m270_4x obj_grid_r2_c2.png,9359,1,74,467,46.0,3
46,6_320x stock m270_4x obj_grid_r2_c2.png,9360,1,5,466,31.5,3
46,6_320x stock m270_4x obj_grid_r2_c2.png,9361,1,97,449,46.0,3
46,6_320x stock m270_4x obj_grid_r2_c2.png,9362,1,106,438,46.0,3
46,6_320x stock m270_4x obj_grid_r2_c2.png,9363,1,113,427,46.0,3
46,6_320x stock m270_4x obj_grid_r2_c2.png,9364,1,107,408,46.0,3
46,6_320x stock m270_4x obj_grid_r2_c2.png,9365,1,33,394,46.0,3
46,6_320x stock m270_4x obj_grid_r2_c2.png,9366,1,16,372,46.0,3
46,6_320x stock m270_4x obj_grid_r2_c2.png,9367,1,9,359,46.0,3
46,6_320x stock m270_4x obj_grid_r2_c2.png,9368,1,397,329,46.0,3
46,6_320x stock m270_4x obj_grid_r2_c2.png,9369,1,9,326,46.0,3
46,6_320x stock m270_4x obj_grid_r2_c2.png,9370,1,285,325,46.0,3
46,6_320x stock m270_4x obj_grid_r2_c2.png,9371,1,107,317,46.0,3
46,6_320x stock m270_4x obj_grid_r2_c2.png,9372,1,3,224,31.5,3
46,6_320x stock m270_4x obj_grid_r2_c2.png,9373,1,267,49,104.0,5
46,6_320x stock m270_4x obj_grid_r2_c2.png,9374,1,387,460,31.5,3
46,6_320x stock m270_4x obj_grid_r2_c2.png,9375,1,27,238,46.0,3
46,6_320x stock m270_4x obj_grid_r2_c2.png,9376,1,170,469,190.0,7
46,6_320x stock m270_4x obj_grid_r2_c2.png,9377,1,228,217,147.5,6
46,6_320x stock m270_4x obj_grid_r2_c2.png,9378,1,20,33,190.0,7
46,6_320x stock m270_4x obj_grid_r2_c2.png,9379,1,281,413,147.5,6
46,6_320x stock m270_4x obj_grid_r2_c2.png,9380,1,6,266,31.5,3
46,6_320x stock m270_4x obj_grid_r2_c2.png,9381,1,410,41,46.0,3
46,6_320x stock m270_4x obj_grid_r2_c2.png,9382,1,441,42,46.0,3
46,6_320x stock m270_4x obj_grid_r2_c2.png,9383,1,469,49,31.5,3
46,6_320x stock m270_4x obj_grid_r2_c2.png,9384,1,44,57,31.5,3
46,6_320x stock m270_4x obj_grid_r2_c2.png,9385,1,242,54,46.0,3
46,6_320x stock m270_4x obj_grid_r2_c2.png,9386,1,326,60,31.5,3
46,6_320x stock m270_4x obj_grid_r2_c2.png,9387,1,395,59,46.0,3
46,6_320x stock m270_4x obj_grid_r2_c2.png,9388,1,498,63,46.0,3
46,6_320x stock m270_4x obj_grid_r2_c2.png,9389,1,175,65,46.0,3
46,6_320x stock m270_4x obj_grid_r2_c2.png,9390,1,463,73,46.0,3
46,6_320x stock m270_4x obj_grid_r2_c2.png,9391,1,116,78,31.5,3
46,6_320x stock m270_4x obj_grid_r2_c2.png,9392,1,199,80,46.0,3
46,6_320x stock m270_4x obj_grid_r2_c2.png,9393,1,399,82,46.0,3
46,6_320x stock m270_4x obj_grid_r2_c2.png,9394,1,432,95,46.0,3
46,6_320x stock m270_4x obj_grid_r2_c2.png,9395,1,303,97,31.5,3
46,6_320x stock m270_4x obj_grid_r2_c2.png,9396,1,123,103,31.5,3
46,6_320x stock m270_4x obj_grid_r2_c2.png,9397,1,455,108,46.0,3
46,6_320x stock m270_4x obj_grid_r2_c2.png,9398,1,506,119,31.5,3
46,6_320x stock m270_4x obj_grid_r2_c2.png,9399,1,453,119,31.5,3
46,6_320x stock m270_4x obj_grid_r2_c2.png,9400,1,467,119,46.0,3
46,6_320x stock m270_4x obj_grid_r2_c2.png,9401,1,439,121,46.0,3
46,6_320x stock m270_4x obj_grid_r2_c2.png,9402,1,263,122,46.0,3
46,6_320x stock m270_4x obj_grid_r2_c2.png,9403,1,417,129,31.5,3
46,6_320x stock m270_4x obj_grid_r2_c2.png,9404,1,397,134,46.0,3
46,6_320x stock m270_4x obj_grid_r2_c2.png,9405,1,369,141,46.0,3
46,6_320x stock m270_4x obj_grid_r2_c2.png,9406,1,345,145,74.5,4
46,6_320x stock m270_4x obj_grid_r2_c2.png,9407,1,473,162,46.0,3
46,6_320x stock m270_4x obj_grid_r2_c2.png,9408,1,366,173,46.0,3
46,6_320x stock m270_4x obj_grid_r2_c2.png,9409,1,496,188,46.0,3
46,6_320x stock m270_4x obj_grid_r2_c2.png,9410,1,506,195,31.5,3
46,6_320x stock m270_4x obj_grid_r2_c2.png,9411,1,324,201,31.5,3
46,6_320x stock m270_4x obj_grid_r2_c2.png,9412,1,384,204,46.0,3
46,6_320x stock m270_4x obj_grid_r2_c2.png,9413,1,502,208,31.5,3
46,6_320x stock m270_4x obj_grid_r2_c2.png,9414,1,318,210,31.5,3
46,6_320x stock m270_4x obj_grid_r2_c2.png,9415,1,373,230,46.0,3
46,6_320x stock m270_4x obj_grid_r2_c2.png,9416,1,466,241,147.5,6
46,6_320x stock m270_4x obj_grid_r2_c2.png,9417,1,454,254,46.0,3
46,6_320x stock m270_4x obj_grid_r2_c2.png,9418,1,208,272,31.5,3
46,6_320x stock m270_4x obj_grid_r2_c2.png,9419,1,505,276,46.0,3
46,6_320x stock m270_4x obj_grid_r2_c2.png,9420,1,413,281,46.0,3
46,6_320x stock m270_4x obj_grid_r2_c2.png,9421,1,444,281,31.5,3
46,6_320x stock m270_4x obj_grid_r2_c2.png,9422,1,507,288,46.0,3
46,6_320x stock m270_4x obj_grid_r2_c2.png,9423,1,457,308,46.0,3
46,6_320x stock m270_4x obj_grid_r2_c2.png,9424,1,480,327,31.5,3
46,6_320x stock m270_4x obj_grid_r2_c2.png,9425,1,434,332,46.0,3
46,6_320x stock m270_4x obj_grid_r2_c2.png,9426,1,471,473,31.5,3
46,6_320x stock m270_4x obj_grid_r2_c2.png,9427,1,169,492,104.0,5
46,6_320x stock m270_4x obj_grid_r2_c2.png,9428,1,449,505,31.5,3
46,6_320x stock m270_4x obj_grid_r2_c2.png,9429,1,413,3,31.5,3
46,6_320x stock m270_4x obj_grid_r2_c2.png,9430,1,488,2,8.0,1
46,6_320x stock m270_4x obj_grid_r2_c2.png,9431,1,327,14,31.5,3
46,6_320x stock m270_4x obj_grid_r2_c2.png,9432,1,233,43,147.5,6
46,6_320x stock m270_4x obj_grid_r2_c2.png,9433,1,257,59,74.5,4
46,6_320x stock m270_4x obj_grid_r2_c2.png,9434,1,490,85,31.5,3
46,6_320x stock m270_4x obj_grid_r2_c2.png,9435,1,274,128,46.0,3
46,6_320x stock m270_4x obj_grid_r2_c2.png,9436,1,267,209,8.0,1
46,6_320x stock m270_4x obj_grid_r2_c2.png,9437,1,493,213,31.5,3
46,6_320x stock m270_4x obj_grid_r2_c2.png,9438,1,277,292,104.0,5
46,6_320x stock m270_4x obj_grid_r2_c2.png,9439,1,60,303,74.5,4
46,6_320x stock m270_4x obj_grid_r2_c2.png,9440,1,232,411,74.5,4
46,6_320x stock m270_4x obj_grid_r2_c2.png,9441,1,12,426,74.5,4
46,6_320x stock m270_4x obj_grid_r2_c2.png,9442,1,63,4,46.0,3
46,6_320x stock m270_4x obj_grid_r2_c2.png,9443,1,267,236,74.5,4
46,6_320x stock m270_4x obj_grid_r2_c2.png,9444,1,43,239,46.0,3
46,6_320x stock m270_4x obj_grid_r2_c2.png,9445,1,118,258,46.0,3
46,6_320x stock m270_4x obj_grid_r2_c2.png,9446,1,311,306,31.5,3
46,6_320x stock m270_4x obj_grid_r2_c2.png,9447,1,383,311,74.5,4
46,6_320x stock m270_4x obj_grid_r2_c2.png,9448,1,72,354,46.0,3
46,6_320x stock m270_4x obj_grid_r2_c2.png,9449,1,401,399,74.5,4
46,6_320x stock m270_4x obj_grid_r2_c2.png,9450,1,76,406,74.5,4
46,6_320x stock m270_4x obj_grid_r2_c2.png,9451,1,167,413,74.5,4
46,6_320x stock m270_4x obj_grid_r2_c2.png,9452,1,151,414,46.0,3
46,6_320x stock m270_4x obj_grid_r2_c2.png,9453,1,249,430,46.0,3
46,6_320x stock m270_4x obj_grid_r2_c2.png,9454,1,139,438,74.5,4
46,6_320x stock m270_4x obj_grid_r2_c2.png,9455,1,199,438,46.0,3
46,6_320x stock m270_4x obj_grid_r2_c2.png,9456,1,356,442,46.0,3
46,6_320x stock m270_4x obj_grid_r2_c2.png,9457,1,226,465,74.5,4
46,6_320x stock m270_4x obj_grid_r2_c2.png,9458,1,468,500,104.0,5
46,6_320x stock m270_4x obj_grid_r2_c2.png,9459,1,466,12,74.5,4
46,6_320x stock m270_4x obj_grid_r2_c2.png,9460,1,324,97,46.0,3
46,6_320x stock m270_4x obj_grid_r2_c2.png,9461,1,174,155,74.5,4
46,6_320x stock m270_4x obj_grid_r2_c2.png,9462,1,5,172,46.0,3
46,6_320x stock m270_4x obj_grid_r2_c2.png,9463,1,242,183,46.0,3
46,6_320x stock m270_4x obj_grid_r2_c2.png,9464,1,401,195,74.5,4
46,6_320x stock m270_4x obj_grid_r2_c2.png,9465,1,233,243,46.0,3
46,6_320x stock m270_4x obj_grid_r2_c2.png,9466,1,455,273,74.5,4
46,6_320x stock m270_4x obj_grid_r2_c2.png,9467,1,224,303,74.5,4
46,6_320x stock m270_4x obj_grid_r2_c2.png,9468,1,334,322,104.0,5
46,6_320x stock m270_4x obj_grid_r2_c2.png,9469,1,35,340,31.5,3
46,6_320x stock m270_4x obj_grid_r2_c2.png,9470,1,202,368,46.0,3
46,6_320x stock m270_4x obj_grid_r2_c2.png,9471,1,480,372,74.5,4
46,6_320x stock m270_4x obj_grid_r2_c2.png,9472,1,339,388,74.5,4
46,6_320x stock m270_4x obj_grid_r2_c2.png,9473,1,173,393,46.0,3
46,6_320x stock m270_4x obj_grid_r2_c2.png,9474,1,400,457,46.0,3
46,6_320x stock m270_4x obj_grid_r2_c2.png,9475,1,315,479,46.0,3
46,6_320x stock m270_4x obj_grid_r2_c2.png,9476,1,400,476,74.5,4
46,6_320x stock m270_4x obj_grid_r2_c2.png,9477,1,134,24,74.5,4
46,6_320x stock m270_4x obj_grid_r2_c2.png,9478,1,274,86,74.5,4
46,6_320x stock m270_4x obj_grid_r2_c2.png,9479,1,125,92,31.5,3
46,6_320x stock m270_4x obj_grid_r2_c2.png,9480,1,101,119,74.5,4
46,6_320x stock m270_4x obj_grid_r2_c2.png,9481,1,398,163,31.5,3
46,6_320x stock m270_4x obj_grid_r2_c2.png,9482,1,285,227,74.5,4
46,6_320x stock m270_4x obj_grid_r2_c2.png,9483,1,305,255,74.5,4
46,6_320x stock m270_4x obj_grid_r2_c2.png,9484,1,170,329,31.5,3
46,6_320x stock m270_4x obj_grid_r2_c2.png,9485,1,108,385,31.5,3
46,6_320x stock m270_4x obj_grid_r2_c2.png,9486,1,169,438,46.0,3
46,6_320x stock m270_4x obj_grid_r2_c2.png,9487,1,468,28,74.5,4
46,6_320x stock m270_4x obj_grid_r2_c2.png,9488,1,497,29,74.5,4
46,6_320x stock m270_4x obj_grid_r2_c2.png,9489,1,284,41,74.5,4
46,6_320x stock m270_4x obj_grid_r2_c2.png,9490,1,215,79,46.0,3
46,6_320x stock m270_4x obj_grid_r2_c2.png,9491,1,105,81,31.5,3
46,6_320x stock m270_4x obj_grid_r2_c2.png,9492,1,189,88,31.5,3
46,6_320x stock m270_4x obj_grid_r2_c2.png,9493,1,207,88,46.0,3
46,6_320x stock m270_4x obj_grid_r2_c2.png,9494,1,287,97,8.0,1
46,6_320x stock m270_4x obj_grid_r2_c2.png,9495,1,135,108,46.0,3
46,6_320x stock m270_4x obj_grid_r2_c2.png,9496,1,338,192,31.5,3
46,6_320x stock m270_4x obj_grid_r2_c2.png,9497,1,30,497,248.5,8
46,6_320x stock m270_4x obj_grid_r2_c2.png,9498,1,258,35,147.5,6
46,6_320x stock m270_4x obj_grid_r2_c2.png,9499,1,265,505,74.5,4
46,6_320x stock m270_4x obj_grid_r2_c2.png,9500,1,37,174,147.5,6
47,6_320x stock m270_4x obj_grid_r2_c3.png,9501,1,382,173,46.0,3
47,6_320x stock m270_4x obj_grid_r2_c3.png,9502,1,298,275,46.0,3
47,6_320x stock m270_4x obj_grid_r2_c3.png,9503,1,247,281,104.0,5
47,6_320x stock m270_4x obj_grid_r2_c3.png,9504,1,434,295,147.5,6
47,6_320x stock m270_4x obj_grid_r2_c3.png,9505,1,182,310,46.0,3
47,6_320x stock m270_4x obj_grid_r2_c3.png,9506,1,146,314,46.0,3
47,6_320x stock m270_4x obj_grid_r2_c3.png,9507,1,48,317,46.0,3
47,6_320x stock m270_4x obj_grid_r2_c3.png,9508,1,338,318,46.0,3
47,6_320x stock m270_4x obj_grid_r2_c3.png,9509,1,403,321,46.0,3
47,6_320x stock m270_4x obj_grid_r2_c3.png,9510,1,209,322,46.0,3
47,6_320x stock m270_4x obj_grid_r2_c3.png,9511,1,129,339,31.5,3
47,6_320x stock m270_4x obj_grid_r2_c3.png,9512,1,223,342,46.0,3
47,6_320x stock m270_4x obj_grid_r2_c3.png,9513,1,155,348,46.0,3
47,6_320x stock m270_4x obj_grid_r2_c3.png,9514,1,117,351,46.0,3
47,6_320x stock m270_4x obj_grid_r2_c3.png,9515,1,209,351,46.0,3
47,6_320x stock m270_4x obj_grid_r2_c3.png,9516,1,310,355,46.0,3
47,6_320x stock m270_4x obj_grid_r2_c3.png,9517,1,102,361,46.0,3
47,6_320x stock m270_4x obj_grid_r2_c3.png,9518,1,74,367,46.0,3
47,6_320x stock m270_4x obj_grid_r2_c3.png,9519,1,56,370,46.0,3
47,6_320x stock m270_4x obj_grid_r2_c3.png,9520,1,31,377,46.0,3
47,6_320x stock m270_4x obj_grid_r2_c3.png,9521,1,56,384,46.0,3
47,6_320x stock m270_4x obj_grid_r2_c3.png,9522,1,103,390,46.0,3
47,6_320x stock m270_4x obj_grid_r2_c3.png,9523,1,47,390,46.0,3
47,6_320x stock m270_4x obj_grid_r2_c3.png,9524,1,246,391,46.0,3
47,6_320x stock m270_4x obj_grid_r2_c3.png,9525,1,78,397,46.0,3
47,6_320x stock m270_4x obj_grid_r2_c3.png,9526,1,505,397,46.0,3
47,6_320x stock m270_4x obj_grid_r2_c3.png,9527,1,262,399,46.0,3
47,6_320x stock m270_4x obj_grid_r2_c3.png,9528,1,126,406,46.0,3
47,6_320x stock m270_4x obj_grid_r2_c3.png,9529,1,104,411,46.0,3
47,6_320x stock m270_4x obj_grid_r2_c3.png,9530,1,3,413,31.5,3
47,6_320x stock m270_4x obj_grid_r2_c3.png,9531,1,163,416,46.0,3
47,6_320x stock m270_4x obj_grid_r2_c3.png,9532,1,367,423,46.0,3
47,6_320x stock m270_4x obj_grid_r2_c3.png,9533,1,103,427,46.0,3
47,6_320x stock m270_4x obj_grid_r2_c3.png,9534,1,171,427,46.0,3
47,6_320x stock m270_4x obj_grid_r2_c3.png,9535,1,259,429,104.0,5
47,6_320x stock m270_4x obj_grid_r2_c3.png,9536,1,43,430,46.0,3
47,6_320x stock m270_4x obj_grid_r2_c3.png,9537,1,475,430,46.0,3
47,6_320x stock m270_4x obj_grid_r2_c3.png,9538,1,361,436,46.0,3
47,6_320x stock m270_4x obj_grid_r2_c3.png,9539,1,59,437,46.0,3
47,6_320x stock m270_4x obj_grid_r2_c3.png,9540,1,157,442,46.0,3
47,6_320x stock m270_4x obj_grid_r2_c3.png,9541,1,194,442,46.0,3
47,6_320x stock m270_4x obj_grid_r2_c3.png,9542,1,74,445,46.0,3
47,6_320x stock m270_4x obj_grid_r2_c3.png,9543,1,400,446,46.0,3
47,6_320x stock m270_4x obj_grid_r2_c3.png,9544,1,123,446,46.0,3
47,6_320x stock m270_4x obj_grid_r2_c3.png,9545,1,2,450,27.0,2
47,6_320x stock m270_4x obj_grid_r2_c3.png,9546,1,173,450,46.0,3
47,6_320x stock m270_4x obj_grid_r2_c3.png,9547,1,359,456,46.0,3
47,6_320x stock m270_4x obj_grid_r2_c3.png,9548,1,234,457,46.0,3
47,6_320x stock m270_4x obj_grid_r2_c3.png,9549,1,135,460,46.0,3
47,6_320x stock m270_4x obj_grid_r2_c3.png,9550,1,88,463,46.0,3
47,6_320x stock m270_4x obj_grid_r2_c3.png,9551,1,336,463,46.0,3
47,6_320x stock m270_4x obj_grid_r2_c3.png,9552,1,193,467,46.0,3
47,6_320x stock m270_4x obj_grid_r2_c3.png,9553,1,200,482,31.5,3
47,6_320x stock m270_4x obj_grid_r2_c3.png,9554,1,258,485,46.0,3
47,6_320x stock m270_4x obj_grid_r2_c3.png,9555,1,503,488,46.0,3
47,6_320x stock m270_4x obj_grid_r2_c3.png,9556,1,180,489,46.0,3
47,6_320x stock m270_4x obj_grid_r2_c3.png,9557,1,471,491,46.0,3
47,6_320x stock m270_4x obj_grid_r2_c3.png,9558,1,9,496,31.5,3
47,6_320x stock m270_4x obj_grid_r2_c3.png,9559,1,303,495,46.0,3
47,6_320x stock m270_4x obj_grid_r2_c3.png,9560,1,35,497,31.5,3
47,6_320x stock m270_4x obj_grid_r2_c3.png,9561,1,146,497,31.5,3
47,6_320x stock m270_4x obj_grid_r2_c3.png,9562,1,397,502,46.0,3
47,6_320x stock m270_4x obj_grid_r2_c3.png,9563,1,428,502,46.0,3
47,6_320x stock m270_4x obj_grid_r2_c3.png,9564,1,130,503,31.5,3
47,6_320x stock m270_4x obj_grid_r2_c3.png,9565,1,189,504,46.0,3
47,6_320x stock m270_4x obj_grid_r2_c3.png,9566,1,60,506,46.0,3
47,6_320x stock m270_4x obj_grid_r2_c3.png,9567,1,154,507,31.5,3
47,6_320x stock m270_4x obj_grid_r2_c3.png,9568,1,333,508,26.5,2
47,6_320x stock m270_4x obj_grid_r2_c3.png,9569,1,392,20,104.0,5
47,6_320x stock m270_4x obj_grid_r2_c3.png,9570,1,36,35,46.0,3
47,6_320x stock m270_4x obj_grid_r2_c3.png,9571,1,2,40,27.0,2
47,6_320x stock m270_4x obj_grid_r2_c3.png,9572,1,122,42,46.0,3
47,6_320x stock m270_4x obj_grid_r2_c3.png,9573,1,333,43,46.0,3
47,6_320x stock m270_4x obj_grid_r2_c3.png,9574,1,417,47,147.5,6
47,6_320x stock m270_4x obj_grid_r2_c3.png,9575,1,23,63,46.0,3
47,6_320x stock m270_4x obj_grid_r2_c3.png,9576,1,159,95,46.0,3
47,6_320x stock m270_4x obj_grid_r2_c3.png,9577,1,303,98,46.0,3
47,6_320x stock m270_4x obj_grid_r2_c3.png,9578,1,116,102,46.0,3
47,6_320x stock m270_4x obj_grid_r2_c3.png,9579,1,177,102,46.0,3
47,6_320x stock m270_4x obj_grid_r2_c3.png,9580,1,45,103,46.0,3
47,6_320x stock m270_4x obj_grid_r2_c3.png,9581,1,166,112,104.0,5
47,6_320x stock m270_4x obj_grid_r2_c3.png,9582,1,220,112,46.0,3
47,6_320x stock m270_4x obj_grid_r2_c3.png,9583,1,56,114,46.0,3
47,6_320x stock m270_4x obj_grid_r2_c3.png,9584,1,31,118,46.0,3
47,6_320x stock m270_4x obj_grid_r2_c3.png,9585,1,15,128,46.0,3
47,6_320x stock m270_4x obj_grid_r2_c3.png,9586,1,58,128,46.0,3
47,6_320x stock m270_4x obj_grid_r2_c3.png,9587,1,225,136,46.0,3
47,6_320x stock m270_4x obj_grid_r2_c3.png,9588,1,109,136,46.0,3
47,6_320x stock m270_4x obj_grid_r2_c3.png,9589,1,244,136,46.0,3
47,6_320x stock m270_4x obj_grid_r2_c3.png,9590,1,377,137,46.0,3
47,6_320x stock m270_4x obj_grid_r2_c3.png,9591,1,441,145,46.0,3
47,6_320x stock m270_4x obj_grid_r2_c3.png,9592,1,144,145,46.0,3
47,6_320x stock m270_4x obj_grid_r2_c3.png,9593,1,454,147,46.0,3
47,6_320x stock m270_4x obj_grid_r2_c3.png,9594,1,487,146,31.5,3
47,6_320x stock m270_4x obj_grid_r2_c3.png,9595,1,63,147,46.0,3
47,6_320x stock m270_4x obj_grid_r2_c3.png,9596,1,81,157,46.0,3
47,6_320x stock m270_4x obj_grid_r2_c3.png,9597,1,383,159,46.0,3
47,6_320x stock m270_4x obj_grid_r2_c3.png,9598,1,62,160,31.5,3
47,6_320x stock m270_4x obj_grid_r2_c3.png,9599,1,136,162,46.0,3
47,6_320x stock m270_4x obj_grid_r2_c3.png,9600,1,238,164,46.0,3
47,6_320x stock m270_4x obj_grid_r2_c3.png,9601,1,368,164,31.5,3
47,6_320x stock m270_4x obj_grid_r2_c3.png,9602,1,480,172,46.0,3
47,6_320x stock m270_4x obj_grid_r2_c3.png,9603,1,306,177,46.0,3
47,6_320x stock m270_4x obj_grid_r2_c3.png,9604,1,136,179,31.5,3
47,6_320x stock m270_4x obj_grid_r2_c3.png,9605,1,58,182,46.0,3
47,6_320x stock m270_4x obj_grid_r2_c3.png,9606,1,37,184,46.0,3
47,6_320x stock m270_4x obj_grid_r2_c3.png,9607,1,184,185,46.0,3
47,6_320x stock m270_4x obj_grid_r2_c3.png,9608,1,216,185,46.0,3
47,6_320x stock m270_4x obj_grid_r2_c3.png,9609,1,244,190,46.0,3
47,6_320x stock m270_4x obj_grid_r2_c3.png,9610,1,376,191,46.0,3
47,6_320x stock m270_4x obj_grid_r2_c3.png,9611,1,294,193,46.0,3
47,6_320x stock m270_4x obj_grid_r2_c3.png,9612,1,14,195,31.5,3
47,6_320x stock m270_4x obj_grid_r2_c3.png,9613,1,31,195,46.0,3
47,6_320x stock m270_4x obj_grid_r2_c3.png,9614,1,184,196,46.0,3
47,6_320x stock m270_4x obj_grid_r2_c3.png,9615,1,146,197,46.0,3
47,6_320x stock m270_4x obj_grid_r2_c3.png,9616,1,328,198,46.0,3
47,6_320x stock m270_4x obj_grid_r2_c3.png,9617,1,468,204,46.0,3
47,6_320x stock m270_4x obj_grid_r2_c3.png,9618,1,165,206,46.0,3
47,6_320x stock m270_4x obj_grid_r2_c3.png,9619,1,27,208,31.5,3
47,6_320x stock m270_4x obj_grid_r2_c3.png,9620,1,453,212,46.0,3
47,6_320x stock m270_4x obj_grid_r2_c3.png,9621,1,429,219,46.0,3
47,6_320x stock m270_4x obj_grid_r2_c3.png,9622,1,259,220,31.5,3
47,6_320x stock m270_4x obj_grid_r2_c3.png,9623,1,61,223,46.0,3
47,6_320x stock m270_4x obj_grid_r2_c3.png,9624,1,252,226,46.0,3
47,6_320x stock m270_4x obj_grid_r2_c3.png,9625,1,295,227,46.0,3
47,6_320x stock m270_4x obj_grid_r2_c3.png,9626,1,417,226,46.0,3
47,6_320x stock m270_4x obj_grid_r2_c3.png,9627,1,337,230,46.0,3
47,6_320x stock m270_4x obj_grid_r2_c3.png,9628,1,176,232,46.0,3
47,6_320x stock m270_4x obj_grid_r2_c3.png,9629,1,42,236,31.5,3
47,6_320x stock m270_4x obj_grid_r2_c3.png,9630,1,431,241,46.0,3
47,6_320x stock m270_4x obj_grid_r2_c3.png,9631,1,160,245,46.0,3
47,6_320x stock m270_4x obj_grid_r2_c3.png,9632,1,445,247,46.0,3
47,6_320x stock m270_4x obj_grid_r2_c3.png,9633,1,228,249,46.0,3
47,6_320x stock m270_4x obj_grid_r2_c3.png,9634,1,88,254,46.0,3
47,6_320x stock m270_4x obj_grid_r2_c3.png,9635,1,110,256,46.0,3
47,6_320x stock m270_4x obj_grid_r2_c3.png,9636,1,126,263,31.5,3
47,6_320x stock m270_4x obj_grid_r2_c3.png,9637,1,282,269,46.0,3
47,6_320x stock m270_4x obj_grid_r2_c3.png,9638,1,40,276,31.5,3
47,6_320x stock m270_4x obj_grid_r2_c3.png,9639,1,30,276,46.0,3
47,6_320x stock m270_4x obj_grid_r2_c3.png,9640,1,126,277,31.5,3
47,6_320x stock m270_4x obj_grid_r2_c3.png,9641,1,168,277,46.0,3
47,6_320x stock m270_4x obj_grid_r2_c3.png,9642,1,191,282,46.0,3
47,6_320x stock m270_4x obj_grid_r2_c3.png,9643,1,203,282,46.0,3
47,6_320x stock m270_4x obj_grid_r2_c3.png,9644,1,277,283,46.0,3
47,6_320x stock m270_4x obj_grid_r2_c3.png,9645,1,401,284,46.0,3
47,6_320x stock m270_4x obj_grid_r2_c3.png,9646,1,380,285,46.0,3
47,6_320x stock m270_4x obj_grid_r2_c3.png,9647,1,310,285,31.5,3
47,6_320x stock m270_4x obj_grid_r2_c3.png,9648,1,32,288,31.5,3
47,6_320x stock m270_4x obj_grid_r2_c3.png,9649,1,52,290,46.0,3
47,6_320x stock m270_4x obj_grid_r2_c3.png,9650,1,420,290,46.0,3
47,6_320x stock m270_4x obj_grid_r2_c3.png,9651,1,40,299,46.0,3
47,6_320x stock m270_4x obj_grid_r2_c3.png,9652,1,407,299,46.0,3
47,6_320x stock m270_4x obj_grid_r2_c3.png,9653,1,86,301,46.0,3
47,6_320x stock m270_4x obj_grid_r2_c3.png,9654,1,231,300,46.0,3
47,6_320x stock m270_4x obj_grid_r2_c3.png,9655,1,303,300,46.0,3
47,6_320x stock m270_4x obj_grid_r2_c3.png,9656,1,448,304,46.0,3
47,6_320x stock m270_4x obj_grid_r2_c3.png,9657,1,16,305,46.0,3
47,6_320x stock m270_4x obj_grid_r2_c3.png,9658,1,242,307,46.0,3
47,6_320x stock m270_4x obj_grid_r2_c3.png,9659,1,348,307,46.0,3
47,6_320x stock m270_4x obj_grid_r2_c3.png,9660,1,95,309,31.5,3
47,6_320x stock m270_4x obj_grid_r2_c3.png,9661,1,393,311,46.0,3
47,6_320x stock m270_4x obj_grid_r2_c3.png,9662,1,260,313,46.0,3
47,6_320x stock m270_4x obj_grid_r2_c3.png,9663,1,488,310,31.5,3
47,6_320x stock m270_4x obj_grid_r2_c3.png,9664,1,357,316,46.0,3
47,6_320x stock m270_4x obj_grid_r2_c3.png,9665,1,223,319,46.0,3
47,6_320x stock m270_4x obj_grid_r2_c3.png,9666,1,508,321,31.5,3
47,6_320x stock m270_4x obj_grid_r2_c3.png,9667,1,233,324,31.5,3
47,6_320x stock m270_4x obj_grid_r2_c3.png,9668,1,5,326,31.5,3
47,6_320x stock m270_4x obj_grid_r2_c3.png,9669,1,86,328,31.5,3
47,6_320x stock m270_4x obj_grid_r2_c3.png,9670,1,450,329,46.0,3
47,6_320x stock m270_4x obj_grid_r2_c3.png,9671,1,136,331,31.5,3
47,6_320x stock m270_4x obj_grid_r2_c3.png,9672,1,427,334,46.0,3
47,6_320x stock m270_4x obj_grid_r2_c3.png,9673,1,181,336,46.0,3
47,6_320x stock m270_4x obj_grid_r2_c3.png,9674,1,271,335,46.0,3
47,6_320x stock m270_4x obj_grid_r2_c3.png,9675,1,326,337,31.5,3
47,6_320x stock m270_4x obj_grid_r2_c3.png,9676,1,301,345,46.0,3
47,6_320x stock m270_4x obj_grid_r2_c3.png,9677,1,89,346,190.0,7
47,6_320x stock m270_4x obj_grid_r2_c3.png,9678,1,455,347,46.0,3
47,6_320x stock m270_4x obj_grid_r2_c3.png,9679,1,173,347,46.0,3
47,6_320x stock m270_4x obj_grid_r2_c3.png,9680,1,242,351,31.5,3
47,6_320x stock m270_4x obj_grid_r2_c3.png,9681,1,352,353,46.0,3
47,6_320x stock m270_4x obj_grid_r2_c3.png,9682,1,370,353,46.0,3
47,6_320x stock m270_4x obj_grid_r2_c3.png,9683,1,429,355,46.0,3
47,6_320x stock m270_4x obj_grid_r2_c3.png,9684,1,167,362,46.0,3
47,6_320x stock m270_4x obj_grid_r2_c3.png,9685,1,395,364,31.5,3
47,6_320x stock m270_4x obj_grid_r2_c3.png,9686,1,211,364,46.0,3
47,6_320x stock m270_4x obj_grid_r2_c3.png,9687,1,301,366,46.0,3
47,6_320x stock m270_4x obj_grid_r2_c3.png,9688,1,363,368,31.5,3
47,6_320x stock m270_4x obj_grid_r2_c3.png,9689,1,314,371,31.5,3
47,6_320x stock m270_4x obj_grid_r2_c3.png,9690,1,190,372,31.5,3
47,6_320x stock m270_4x obj_grid_r2_c3.png,9691,1,182,375,31.5,3
47,6_320x stock m270_4x obj_grid_r2_c3.png,9692,1,505,376,46.0,3
47,6_320x stock m270_4x obj_grid_r2_c3.png,9693,1,117,377,46.0,3
47,6_320x stock m270_4x obj_grid_r2_c3.png,9694,1,401,378,31.5,3
47,6_320x stock m270_4x obj_grid_r2_c3.png,9695,1,246,378,31.5,3
47,6_320x stock m270_4x obj_grid_r2_c3.png,9696,1,291,378,46.0,3
47,6_320x stock m270_4x obj_grid_r2_c3.png,9697,1,306,378,46.0,3
47,6_320x stock m270_4x obj_grid_r2_c3.png,9698,1,208,384,46.0,3
47,6_320x stock m270_4x obj_grid_r2_c3.png,9699,1,468,386,46.0,3
47,6_320x stock m270_4x obj_grid_r2_c3.png,9700,1,343,387,46.0,3
47,6_320x stock m270_4x obj_grid_r2_c3.png,9701,1,281,388,46.0,3
47,6_320x stock m270_4x obj_grid_r2_c3.png,9702,1,266,388,46.0,3
47,6_320x stock m270_4x obj_grid_r2_c3.png,9703,1,320,386,31.5,3
47,6_320x stock m270_4x obj_grid_r2_c3.png,9704,1,398,388,46.0,3
47,6_320x stock m270_4x obj_grid_r2_c3.png,9705,1,177,390,46.0,3
47,6_320x stock m270_4x obj_grid_r2_c3.png,9706,1,453,399,46.0,3
47,6_320x stock m270_4x obj_grid_r2_c3.png,9707,1,309,401,46.0,3
47,6_320x stock m270_4x obj_grid_r2_c3.png,9708,1,352,401,46.0,3
47,6_320x stock m270_4x obj_grid_r2_c3.png,9709,1,369,403,46.0,3
47,6_320x stock m270_4x obj_grid_r2_c3.png,9710,1,480,403,46.0,3
47,6_320x stock m270_4x obj_grid_r2_c3.png,9711,1,90,420,31.5,3
47,6_320x stock m270_4x obj_grid_r2_c3.png,9712,1,349,413,31.5,3
47,6_320x stock m270_4x obj_grid_r2_c3.png,9713,1,394,414,46.0,3
47,6_320x stock m270_4x obj_grid_r2_c3.png,9714,1,487,417,46.0,3
47,6_320x stock m270_4x obj_grid_r2_c3.png,9715,1,54,419,46.0,3
47,6_320x stock m270_4x obj_grid_r2_c3.png,9716,1,247,419,46.0,3
47,6_320x stock m270_4x obj_grid_r2_c3.png,9717,1,236,422,46.0,3
47,6_320x stock m270_4x obj_grid_r2_c3.png,9718,1,301,431,31.5,3
47,6_320x stock m270_4x obj_grid_r2_c3.png,9719,1,389,429,46.0,3
47,6_320x stock m270_4x obj_grid_r2_c3.png,9720,1,377,430,46.0,3
47,6_320x stock m270_4x obj_grid_r2_c3.png,9721,1,503,437,31.5,3
47,6_320x stock m270_4x obj_grid_r2_c3.png,9722,1,328,437,31.5,3
47,6_320x stock m270_4x obj_grid_r2_c3.png,9723,1,238,443,46.0,3
47,6_320x stock m270_4x obj_grid_r2_c3.png,9724,1,502,449,31.5,3
47,6_320x stock m270_4x obj_grid_r2_c3.png,9725,1,307,457,46.0,3
47,6_320x stock m270_4x obj_grid_r2_c3.png,9726,1,474,455,46.0,3
47,6_320x stock m270_4x obj_grid_r2_c3.png,9727,1,433,456,31.5,3
47,6_320x stock m270_4x obj_grid_r2_c3.png,9728,1,498,458,46.0,3
47,6_320x stock m270_4x obj_grid_r2_c3.png,9729,1,347,460,46.0,3
47,6_320x stock m270_4x obj_grid_r2_c3.png,9730,1,318,460,46.0,3
47,6_320x stock m270_4x obj_grid_r2_c3.png,9731,1,328,470,46.0,3
47,6_320x stock m270_4x obj_grid_r2_c3.png,9732,1,505,473,46.0,3
47,6_320x stock m270_4x obj_grid_r2_c3.png,9733,1,143,476,31.5,3
47,6_320x stock m270_4x obj_grid_r2_c3.png,9734,1,434,484,46.0,3
47,6_320x stock m270_4x obj_grid_r2_c3.png,9735,1,415,490,46.0,3
47,6_320x stock m270_4x obj_grid_r2_c3.png,9736,1,346,493,46.0,3
47,6_320x stock m270_4x obj_grid_r2_c3.png,9737,1,386,500,31.5,3
47,6_320x stock m270_4x obj_grid_r2_c3.png,9738,1,77,503,31.5,3
47,6_320x stock m270_4x obj_grid_r2_c3.png,9739,1,370,505,46.0,3
47,6_320x stock m270_4x obj_grid_r2_c3.png,9740,1,13,2,8.0,1
47,6_320x stock m270_4x obj_grid_r2_c3.png,9741,1,245,6,31.5,3
47,6_320x stock m270_4x obj_grid_r2_c3.png,9742,1,97,7,46.0,3
47,6_320x stock m270_4x obj_grid_r2_c3.png,9743,1,177,10,46.0,3
47,6_320x stock m270_4x obj_grid_r2_c3.png,9744,1,284,10,46.0,3
47,6_320x stock m270_4x obj_grid_r2_c3.png,9745,1,251,15,46.0,3
47,6_320x stock m270_4x obj_grid_r2_c3.png,9746,1,31,22,31.5,3
47,6_320x stock m270_4x obj_grid_r2_c3.png,9747,1,70,24,46.0,3
47,6_320x stock m270_4x obj_grid_r2_c3.png,9748,1,165,23,46.0,3
47,6_320x stock m270_4x obj_grid_r2_c3.png,9749,1,294,23,31.5,3
47,6_320x stock m270_4x obj_grid_r2_c3.png,9750,1,227,31,46.0,3
47,6_320x stock m270_4x obj_grid_r2_c3.png,9751,1,302,31,46.0,3
47,6_320x stock m270_4x obj_grid_r2_c3.png,9752,1,290,33,31.5,3
47,6_320x stock m270_4x obj_grid_r2_c3.png,9753,1,439,37,46.0,3
47,6_320x stock m270_4x obj_grid_r2_c3.png,9754,1,47,37,31.5,3
47,6_320x stock m270_4x obj_grid_r2_c3.png,9755,1,83,41,46.0,3
47,6_320x stock m270_4x obj_grid_r2_c3.png,9756,1,501,43,46.0,3
47,6_320x stock m270_4x obj_grid_r2_c3.png,9757,1,304,47,46.0,3
47,6_320x stock m270_4x obj_grid_r2_c3.png,9758,1,224,48,46.0,3
47,6_320x stock m270_4x obj_grid_r2_c3.png,9759,1,164,48,31.5,3
47,6_320x stock m270_4x obj_grid_r2_c3.png,9760,1,98,55,46.0,3
47,6_320x stock m270_4x obj_grid_r2_c3.png,9761,1,149,54,46.0,3
47,6_320x stock m270_4x obj_grid_r2_c3.png,9762,1,250,55,46.0,3
47,6_320x stock m270_4x obj_grid_r2_c3.png,9763,1,214,61,46.0,3
47,6_320x stock m270_4x obj_grid_r2_c3.png,9764,1,290,62,46.0,3
47,6_320x stock m270_4x obj_grid_r2_c3.png,9765,1,442,64,46.0,3
47,6_320x stock m270_4x obj_grid_r2_c3.png,9766,1,114,65,46.0,3
47,6_320x stock m270_4x obj_grid_r2_c3.png,9767,1,312,66,46.0,3
47,6_320x stock m270_4x obj_grid_r2_c3.png,9768,1,280,70,31.5,3
47,6_320x stock m270_4x obj_grid_r2_c3.png,9769,1,404,69,46.0,3
47,6_320x stock m270_4x obj_grid_r2_c3.png,9770,1,182,72,31.5,3
47,6_320x stock m270_4x obj_grid_r2_c3.png,9771,1,240,77,46.0,3
47,6_320x stock m270_4x obj_grid_r2_c3.png,9772,1,263,85,104.0,5
47,6_320x stock m270_4x obj_grid_r2_c3.png,9773,1,433,83,46.0,3
47,6_320x stock m270_4x obj_grid_r2_c3.png,9774,1,331,82,46.0,3
47,6_320x stock m270_4x obj_grid_r2_c3.png,9775,1,14,84,31.5,3
47,6_320x stock m270_4x obj_grid_r2_c3.png,9776,1,81,89,46.0,3
47,6_320x stock m270_4x obj_grid_r2_c3.png,9777,1,468,90,46.0,3
47,6_320x stock m270_4x obj_grid_r2_c3.png,9778,1,53,92,31.5,3
47,6_320x stock m270_4x obj_grid_r2_c3.png,9779,1,61,89,31.5,3
47,6_320x stock m270_4x obj_grid_r2_c3.png,9780,1,108,94,31.5,3
47,6_320x stock m270_4x obj_grid_r2_c3.png,9781,1,317,95,46.0,3
47,6_320x stock m270_4x obj_grid_r2_c3.png,9782,1,420,98,46.0,3
47,6_320x stock m270_4x obj_grid_r2_c3.png,9783,1,395,100,31.5,3
47,6_320x stock m270_4x obj_grid_r2_c3.png,9784,1,372,106,46.0,3
47,6_320x stock m270_4x obj_grid_r2_c3.png,9785,1,419,114,46.0,3
47,6_320x stock m270_4x obj_grid_r2_c3.png,9786,1,457,113,31.5,3
47,6_320x stock m270_4x obj_grid_r2_c3.png,9787,1,207,118,46.0,3
47,6_320x stock m270_4x obj_grid_r2_c3.png,9788,1,374,120,46.0,3
47,6_320x stock m270_4x obj_grid_r2_c3.png,9789,1,322,127,46.0,3
47,6_320x stock m270_4x obj_grid_r2_c3.png,9790,1,86,134,31.5,3
47,6_320x stock m270_4x obj_grid_r2_c3.png,9791,1,92,136,31.5,3
47,6_320x stock m270_4x obj_grid_r2_c3.png,9792,1,161,137,31.5,3
47,6_320x stock m270_4x obj_grid_r2_c3.png,9793,1,364,144,46.0,3
47,6_320x stock m270_4x obj_grid_r2_c3.png,9794,1,311,146,31.5,3
47,6_320x stock m270_4x obj_grid_r2_c3.png,9795,1,192,147,31.5,3
47,6_320x stock m270_4x obj_grid_r2_c3.png,9796,1,360,161,31.5,3
47,6_320x stock m270_4x obj_grid_r2_c3.png,9797,1,260,163,31.5,3
47,6_320x stock m270_4x obj_grid_r2_c3.png,9798,1,153,166,46.0,3
47,6_320x stock m270_4x obj_grid_r2_c3.png,9799,1,57,170,31.5,3
47,6_320x stock m270_4x obj_grid_r2_c3.png,9800,1,269,170,46.0,3
47,6_320x stock m270_4x obj_grid_r2_c3.png,9801,1,207,173,46.0,3
47,6_320x stock m270_4x obj_grid_r2_c3.png,9802,1,21,188,46.0,3
47,6_320x stock m270_4x obj_grid_r2_c3.png,9803,1,478,194,46.0,3
47,6_320x stock m270_4x obj_grid_r2_c3.png,9804,1,67,194,31.5,3
47,6_320x stock m270_4x obj_grid_r2_c3.png,9805,1,99,192,31.5,3
47,6_320x stock m270_4x obj_grid_r2_c3.png,9806,1,440,195,46.0,3
47,6_320x stock m270_4x obj_grid_r2_c3.png,9807,1,412,204,31.5,3
47,6_320x stock m270_4x obj_grid_r2_c3.png,9808,1,91,201,31.5,3
47,6_320x stock m270_4x obj_grid_r2_c3.png,9809,1,125,200,31.5,3
47,6_320x stock m270_4x obj_grid_r2_c3.png,9810,1,487,201,46.0,3
47,6_320x stock m270_4x obj_grid_r2_c3.png,9811,1,450,202,46.0,3
47,6_320x stock m270_4x obj_grid_r2_c3.png,9812,1,346,204,31.5,3
47,6_320x stock m270_4x obj_grid_r2_c3.png,9813,1,18,213,31.5,3
47,6_320x stock m270_4x obj_grid_r2_c3.png,9814,1,236,216,31.5,3
47,6_320x stock m270_4x obj_grid_r2_c3.png,9815,1,471,217,46.0,3
47,6_320x stock m270_4x obj_grid_r2_c3.png,9816,1,237,214,31.5,3
47,6_320x stock m270_4x obj_grid_r2_c3.png,9817,1,211,225,46.0,3
47,6_320x stock m270_4x obj_grid_r2_c3.png,9818,1,437,227,46.0,3
47,6_320x stock m270_4x obj_grid_r2_c3.png,9819,1,487,232,31.5,3
47,6_320x stock m270_4x obj_grid_r2_c3.png,9820,1,307,242,46.0,3
47,6_320x stock m270_4x obj_grid_r2_c3.png,9821,1,339,250,31.5,3
47,6_320x stock m270_4x obj_grid_r2_c3.png,9822,1,406,251,46.0,3
47,6_320x stock m270_4x obj_grid_r2_c3.png,9823,1,164,264,31.5,3
47,6_320x stock m270_4x obj_grid_r2_c3.png,9824,1,228,261,31.5,3
47,6_320x stock m270_4x obj_grid_r2_c3.png,9825,1,367,260,31.5,3
47,6_320x stock m270_4x obj_grid_r2_c3.png,9826,1,239,267,31.5,3
47,6_320x stock m270_4x obj_grid_r2_c3.png,9827,1,397,270,46.0,3
47,6_320x stock m270_4x obj_grid_r2_c3.png,9828,1,502,272,104.0,5
47,6_320x stock m270_4x obj_grid_r2_c3.png,9829,1,233,286,31.5,3
47,6_320x stock m270_4x obj_grid_r2_c3.png,9830,1,319,298,46.0,3
47,6_320x stock m270_4x obj_grid_r2_c3.png,9831,1,368,308,46.0,3
47,6_320x stock m270_4x obj_grid_r2_c3.png,9832,1,324,309,46.0,3
47,6_320x stock m270_4x obj_grid_r2_c3.png,9833,1,165,317,46.0,3
47,6_320x stock m270_4x obj_grid_r2_c3.png,9834,1,432,318,31.5,3
47,6_320x stock m270_4x obj_grid_r2_c3.png,9835,1,147,335,104.0,5
47,6_320x stock m270_4x obj_grid_r2_c3.png,9836,1,411,389,46.0,3
47,6_320x stock m270_4x obj_grid_r2_c3.png,9837,1,298,447,31.5,3
47,6_320x stock m270_4x obj_grid_r2_c3.png,9838,1,140,487,8.0,1
47,6_320x stock m270_4x obj_grid_r2_c3.png,9839,1,491,504,31.5,3
47,6_320x stock m270_4x obj_grid_r2_c3.png,9840,1,215,4,31.5,3
47,6_320x stock m270_4x obj_grid_r2_c3.png,9841,1,473,7,31.5,3
47,6_320x stock m270_4x obj_grid_r2_c3.png,9842,1,362,11,46.0,3
47,6_320x stock m270_4x obj_grid_r2_c3.png,9843,1,507,12,46.0,3
47,6_320x stock m270_4x obj_grid_r2_c3.png,9844,1,381,14,31.5,3
47,6_320x stock m270_4x obj_grid_r2_c3.png,9845,1,320,21,31.5,3
47,6_320x stock m270_4x obj_grid_r2_c3.png,9846,1,498,25,46.0,3
47,6_320x stock m270_4x obj_grid_r2_c3.png,9847,1,424,26,31.5,3
47,6_320x stock m270_4x obj_grid_r2_c3.png,9848,1,281,55,31.5,3
47,6_320x stock m270_4x obj_grid_r2_c3.png,9849,1,48,62,31.5,3
47,6_320x stock m270_4x obj_grid_r2_c3.png,9850,1,472,78,46.0,3
47,6_320x stock m270_4x obj_grid_r2_c3.png,9851,1,143,78,31.5,3
47,6_320x stock m270_4x obj_grid_r2_c3.png,9852,1,450,87,31.5,3
47,6_320x stock m270_4x obj_grid_r2_c3.png,9853,1,293,105,46.0,3
47,6_320x stock m270_4x obj_grid_r2_c3.png,9854,1,507,121,31.5,3
47,6_320x stock m270_4x obj_grid_r2_c3.png,9855,1,277,160,74.5,4
47,6_320x stock m270_4x obj_grid_r2_c3.png,9856,1,258,176,46.0,3
47,6_320x stock m270_4x obj_grid_r2_c3.png,9857,1,423,184,147.5,6
47,6_320x stock m270_4x obj_grid_r2_c3.png,9858,1,79,286,31.5,3
47,6_320x stock m270_4x obj_grid_r2_c3.png,9859,1,289,346,31.5,3
47,6_320x stock m270_4x obj_grid_r2_c3.png,9860,1,427,397,74.5,4
47,6_320x stock m270_4x obj_grid_r2_c3.png,9861,1,88,502,74.5,4
47,6_320x stock m270_4x obj_grid_r2_c3.png,9862,1,165,66,104.0,5
47,6_320x stock m270_4x obj_grid_r2_c3.png,9863,1,199,81,31.5,3
47,6_320x stock m270_4x obj_grid_r2_c3.png,9864,1,180,122,31.5,3
47,6_320x stock m270_4x obj_grid_r2_c3.png,9865,1,156,228,104.0,5
47,6_320x stock m270_4x obj_grid_r2_c3.png,9866,1,120,237,74.5,4
47,6_320x stock m270_4x obj_grid_r2_c3.png,9867,1,196,256,46.0,3
47,6_320x stock m270_4x obj_grid_r2_c3.png,9868,1,136,368,74.5,4
47,6_320x stock m270_4x obj_grid_r2_c3.png,9869,1,5,372,46.0,3
47,6_320x stock m270_4x obj_grid_r2_c3.png,9870,1,413,409,74.5,4
47,6_320x stock m270_4x obj_grid_r2_c3.png,9871,1,117,84,74.5,4
47,6_320x stock m270_4x obj_grid_r2_c3.png,9872,1,351,120,104.0,5
47,6_320x stock m270_4x obj_grid_r2_c3.png,9873,1,346,170,46.0,3
47,6_320x stock m270_4x obj_grid_r2_c3.png,9874,1,222,281,31.5,3
47,6_320x stock m270_4x obj_grid_r2_c3.png,9875,1,112,321,46.0,3
47,6_320x stock m270_4x obj_grid_r2_c3.png,9876,1,483,340,74.5,4
47,6_320x stock m270_4x obj_grid_r2_c3.png,9877,1,492,376,74.5,4
47,6_320x stock m270_4x obj_grid_r2_c3.png,9878,1,160,461,74.5,4
47,6_320x stock m270_4x obj_grid_r2_c3.png,9879,1,201,495,46.0,3
47,6_320x stock m270_4x obj_grid_r2_c3.png,9880,1,70,100,46.0,3
47,6_320x stock m270_4x obj_grid_r2_c3.png,9881,1,50,143,104.0,5
47,6_320x stock m270_4x obj_grid_r2_c3.png,9882,1,76,209,31.5,3
47,6_320x stock m270_4x obj_grid_r2_c3.png,9883,1,317,217,74.5,4
47,6_320x stock m270_4x obj_grid_r2_c3.png,9884,1,183,221,74.5,4
47,6_320x stock m270_4x obj_grid_r2_c3.png,9885,1,56,238,74.5,4
47,6_320x stock m270_4x obj_grid_r2_c3.png,9886,1,388,244,31.5,3
47,6_320x stock m270_4x obj_grid_r2_c3.png,9887,1,291,253,74.5,4
47,6_320x stock m270_4x obj_grid_r2_c3.png,9888,1,410,270,74.5,4
47,6_320x stock m270_4x obj_grid_r2_c3.png,9889,1,105,300,46.0,3
47,6_320x stock m270_4x obj_grid_r2_c3.png,9890,1,316,328,74.5,4
47,6_320x stock m270_4x obj_grid_r2_c3.png,9891,1,407,358,31.5,3
47,6_320x stock m270_4x obj_grid_r2_c3.png,9892,1,266,371,31.5,3
47,6_320x stock m270_4x obj_grid_r2_c3.png,9893,1,206,445,46.0,3
47,6_320x stock m270_4x obj_grid_r2_c3.png,9894,1,63,13,31.5,3
47,6_320x stock m270_4x obj_grid_r2_c3.png,9895,1,22,29,74.5,4
47,6_320x stock m270_4x obj_grid_r2_c3.png,9896,1,353,98,74.5,4
47,6_320x stock m270_4x obj_grid_r2_c3.png,9897,1,379,382,31.5,3
47,6_320x stock m270_4x obj_grid_r2_c3.png,9898,1,266,459,31.5,3
47,6_320x stock m270_4x obj_grid_r2_c3.png,9899,1,190,37,147.5,6
47,6_320x stock m270_4x obj_grid_r2_c3.png,9900,1,150,179,31.5,3
47,6_320x stock m270_4x obj_grid_r2_c3.png,9901,1,326,406,190.0,7
47,6_320x stock m270_4x obj_grid_r2_c3.png,9902,1,263,187,147.5,6
47,6_320x stock m270_4x obj_grid_r2_c3.png,9903,1,309,192,147.5,6
47,6_320x stock m270_4x obj_grid_r2_c3.png,9904,1,215,396,248.5,8
47,6_320x stock m270_4x obj_grid_r2_c3.png,9905,1,52,403,46.0,3
47,6_320x stock m270_4x obj_grid_r2_c3.png,9906,1,240,408,46.0,3
47,6_320x stock m270_4x obj_grid_r2_c3.png,9907,1,70,467,46.0,3
47,6_320x stock m270_4x obj_grid_r2_c3.png,9908,1,350,333,46.0,3
47,6_320x stock m270_4x obj_grid_r2_c3.png,9909,1,241,335,46.0,3
47,6_320x stock m270_4x obj_grid_r2_c3.png,9910,1,32,406,46.0,3
47,6_320x stock m270_4x obj_grid_r2_c3.png,9911,1,73,432,46.0,3
47,6_320x stock m270_4x obj_grid_r2_c3.png,9912,1,21,444,46.0,3
47,6_320x stock m270_4x obj_grid_r2_c3.png,9913,1,411,447,31.5,3
47,6_320x stock m270_4x obj_grid_r2_c3.png,9914,1,21,471,46.0,3
47,6_320x stock m270_4x obj_grid_r2_c3.png,9915,1,103,474,46.0,3
47,6_320x stock m270_4x obj_grid_r2_c3.png,9916,1,160,475,46.0,3
47,6_320x stock m270_4x obj_grid_r2_c3.png,9917,1,98,490,46.0,3
47,6_320x stock m270_4x obj_grid_r2_c3.png,9918,1,54,494,46.0,3
47,6_320x stock m270_4x obj_grid_r2_c3.png,9919,1,29,77,46.0,3
47,6_320x stock m270_4x obj_grid_r2_c3.png,9920,1,309,134,74.5,4
47,6_320x stock m270_4x obj_grid_r2_c3.png,9921,1,8,150,46.0,3
47,6_320x stock m270_4x obj_grid_r2_c3.png,9922,1,37,151,46.0,3
47,6_320x stock m270_4x obj_grid_r2_c3.png,9923,1,46,163,46.0,3
47,6_320x stock m270_4x obj_grid_r2_c3.png,9924,1,23,176,46.0,3
47,6_320x stock m270_4x obj_grid_r2_c3.png,9925,1,78,178,46.0,3
47,6_320x stock m270_4x obj_grid_r2_c3.png,9926,1,54,213,46.0,3
47,6_320x stock m270_4x obj_grid_r2_c3.png,9927,1,73,229,46.0,3
47,6_320x stock m270_4x obj_grid_r2_c3.png,9928,1,18,245,46.0,3
47,6_320x stock m270_4x obj_grid_r2_c3.png,9929,1,18,258,46.0,3
47,6_320x stock m270_4x obj_grid_r2_c3.png,9930,1,226,260,31.5,3
48,6_320x stock m270_4x obj_grid_r2_c4.png,9931,1,64,486,46.0,3
48,6_320x stock m270_4x obj_grid_r2_c4.png,9932,1,236,484,46.0,3
48,6_320x stock m270_4x obj_grid_r2_c4.png,9933,1,210,481,46.0,3
48,6_320x stock m270_4x obj_grid_r2_c4.png,9934,1,413,479,46.0,3
48,6_320x stock m270_4x obj_grid_r2_c4.png,9935,1,109,475,31.5,3
48,6_320x stock m270_4x obj_grid_r2_c4.png,9936,1,262,473,46.0,3
48,6_320x stock m270_4x obj_grid_r2_c4.png,9937,1,231,473,46.0,3
48,6_320x stock m270_4x obj_grid_r2_c4.png,9938,1,30,473,46.0,3
48,6_320x stock m270_4x obj_grid_r2_c4.png,9939,1,486,471,46.0,3
48,6_320x stock m270_4x obj_grid_r2_c4.png,9940,1,453,467,31.5,3
48,6_320x stock m270_4x obj_grid_r2_c4.png,9941,1,199,464,46.0,3
48,6_320x stock m270_4x obj_grid_r2_c4.png,9942,1,139,463,46.0,3
48,6_320x stock m270_4x obj_grid_r2_c4.png,9943,1,23,458,46.0,3
48,6_320x stock m270_4x obj_grid_r2_c4.png,9944,1,112,450,31.5,3
48,6_320x stock m270_4x obj_grid_r2_c4.png,9945,1,230,452,46.0,3
48,6_320x stock m270_4x obj_grid_r2_c4.png,9946,1,167,450,46.0,3
48,6_320x stock m270_4x obj_grid_r2_c4.png,9947,1,210,450,46.0,3
48,6_320x stock m270_4x obj_grid_r2_c4.png,9948,1,27,449,46.0,3
48,6_320x stock m270_4x obj_grid_r2_c4.png,9949,1,327,445,46.0,3
48,6_320x stock m270_4x obj_grid_r2_c4.png,9950,1,259,441,31.5,3
48,6_320x stock m270_4x obj_grid_r2_c4.png,9951,1,46,440,46.0,3
48,6_320x stock m270_4x obj_grid_r2_c4.png,9952,1,28,437,31.5,3
48,6_320x stock m270_4x obj_grid_r2_c4.png,9953,1,123,437,46.0,3
48,6_320x stock m270_4x obj_grid_r2_c4.png,9954,1,250,434,31.5,3
48,6_320x stock m270_4x obj_grid_r2_c4.png,9955,1,224,433,46.0,3
48,6_320x stock m270_4x obj_grid_r2_c4.png,9956,1,170,428,46.0,3
48,6_320x stock m270_4x obj_grid_r2_c4.png,9957,1,420,425,46.0,3
48,6_320x stock m270_4x obj_grid_r2_c4.png,9958,1,432,425,46.0,3
48,6_320x stock m270_4x obj_grid_r2_c4.png,9959,1,187,422,46.0,3
48,6_320x stock m270_4x obj_grid_r2_c4.png,9960,1,12,417,46.0,3
48,6_320x stock m270_4x obj_grid_r2_c4.png,9961,1,274,412,46.0,3
48,6_320x stock m270_4x obj_grid_r2_c4.png,9962,1,203,410,46.0,3
48,6_320x stock m270_4x obj_grid_r2_c4.png,9963,1,62,399,46.0,3
48,6_320x stock m270_4x obj_grid_r2_c4.png,9964,1,492,399,46.0,3
48,6_320x stock m270_4x obj_grid_r2_c4.png,9965,1,116,398,46.0,3
48,6_320x stock m270_4x obj_grid_r2_c4.png,9966,1,30,397,46.0,3
48,6_320x stock m270_4x obj_grid_r2_c4.png,9967,1,77,389,46.0,3
48,6_320x stock m270_4x obj_grid_r2_c4.png,9968,1,51,389,46.0,3
48,6_320x stock m270_4x obj_grid_r2_c4.png,9969,1,129,383,46.0,3
48,6_320x stock m270_4x obj_grid_r2_c4.png,9970,1,30,376,46.0,3
48,6_320x stock m270_4x obj_grid_r2_c4.png,9971,1,391,375,104.0,5
48,6_320x stock m270_4x obj_grid_r2_c4.png,9972,1,463,355,46.0,3
48,6_320x stock m270_4x obj_grid_r2_c4.png,9973,1,214,356,46.0,3
48,6_320x stock m270_4x obj_grid_r2_c4.png,9974,1,108,340,46.0,3
48,6_320x stock m270_4x obj_grid_r2_c4.png,9975,1,378,334,31.5,3
48,6_320x stock m270_4x obj_grid_r2_c4.png,9976,1,100,327,46.0,3
48,6_320x stock m270_4x obj_grid_r2_c4.png,9977,1,33,321,46.0,3
48,6_320x stock m270_4x obj_grid_r2_c4.png,9978,1,13,311,31.5,3
48,6_320x stock m270_4x obj_grid_r2_c4.png,9979,1,97,311,46.0,3
48,6_320x stock m270_4x obj_grid_r2_c4.png,9980,1,58,308,31.5,3
48,6_320x stock m270_4x obj_grid_r2_c4.png,9981,1,114,307,31.5,3
48,6_320x stock m270_4x obj_grid_r2_c4.png,9982,1,109,298,31.5,3
48,6_320x stock m270_4x obj_grid_r2_c4.png,9983,1,98,296,46.0,3
48,6_320x stock m270_4x obj_grid_r2_c4.png,9984,1,195,280,46.0,3
48,6_320x stock m270_4x obj_grid_r2_c4.png,9985,1,84,278,46.0,3
48,6_320x stock m270_4x obj_grid_r2_c4.png,9986,1,27,272,104.0,5
48,6_320x stock m270_4x obj_grid_r2_c4.png,9987,1,275,252,46.0,3
48,6_320x stock m270_4x obj_grid_r2_c4.png,9988,1,419,247,46.0,3
48,6_320x stock m270_4x obj_grid_r2_c4.png,9989,1,148,236,46.0,3
48,6_320x stock m270_4x obj_grid_r2_c4.png,9990,1,397,221,46.0,3
48,6_320x stock m270_4x obj_grid_r2_c4.png,9991,1,285,180,46.0,3
48,6_320x stock m270_4x obj_grid_r2_c4.png,9992,1,338,169,46.0,3
48,6_320x stock m270_4x obj_grid_r2_c4.png,9993,1,397,130,147.5,6
48,6_320x stock m270_4x obj_grid_r2_c4.png,9994,1,83,93,46.0,3
48,6_320x stock m270_4x obj_grid_r2_c4.png,9995,1,28,488,46.0,3
48,6_320x stock m270_4x obj_grid_r2_c4.png,9996,1,468,487,46.0,3
48,6_320x stock m270_4x obj_grid_r2_c4.png,9997,1,151,416,46.0,3
48,6_320x stock m270_4x obj_grid_r2_c4.png,9998,1,419,315,46.0,3
48,6_320x stock m270_4x obj_grid_r2_c4.png,9999,1,256,236,46.0,3
48,6_320x stock m270_4x obj_grid_r2_c4.png,10000,1,340,486,46.0,3
48,6_320x stock m270_4x obj_grid_r2_c4.png,10001,1,185,488,46.0,3
48,6_320x stock m270_4x obj_grid_r2_c4.png,10002,1,482,491,46.0,3
48,6_320x stock m270_4x obj_grid_r2_c4.png,10003,1,228,493,46.0,3
48,6_320x stock m270_4x obj_grid_r2_c4.png,10004,1,449,499,31.5,3
48,6_320x stock m270_4x obj_grid_r2_c4.png,10005,1,141,499,46.0,3
48,6_320x stock m270_4x obj_grid_r2_c4.png,10006,1,439,499,31.5,3
48,6_320x stock m270_4x obj_grid_r2_c4.png,10007,1,503,499,46.0,3
48,6_320x stock m270_4x obj_grid_r2_c4.png,10008,1,126,500,46.0,3
48,6_320x stock m270_4x obj_grid_r2_c4.png,10009,1,187,501,31.5,3
48,6_320x stock m270_4x obj_grid_r2_c4.png,10010,1,52,502,31.5,3
48,6_320x stock m270_4x obj_grid_r2_c4.png,10011,1,361,502,46.0,3
48,6_320x stock m270_4x obj_grid_r2_c4.png,10012,1,41,504,31.5,3
48,6_320x stock m270_4x obj_grid_r2_c4.png,10013,1,264,5,46.0,3
48,6_320x stock m270_4x obj_grid_r2_c4.png,10014,1,197,5,46.0,3
48,6_320x stock m270_4x obj_grid_r2_c4.png,10015,1,228,21,46.0,3
48,6_320x stock m270_4x obj_grid_r2_c4.png,10016,1,67,22,46.0,3
48,6_320x stock m270_4x obj_grid_r2_c4.png,10017,1,185,35,46.0,3
48,6_320x stock m270_4x obj_grid_r2_c4.png,10018,1,55,54,46.0,3
48,6_320x stock m270_4x obj_grid_r2_c4.png,10019,1,79,67,46.0,3
48,6_320x stock m270_4x obj_grid_r2_c4.png,10020,1,144,67,46.0,3
48,6_320x stock m270_4x obj_grid_r2_c4.png,10021,1,189,68,31.5,3
48,6_320x stock m270_4x obj_grid_r2_c4.png,10022,1,109,74,46.0,3
48,6_320x stock m270_4x obj_grid_r2_c4.png,10023,1,173,84,46.0,3
48,6_320x stock m270_4x obj_grid_r2_c4.png,10024,1,154,87,46.0,3
48,6_320x stock m270_4x obj_grid_r2_c4.png,10025,1,191,91,46.0,3
48,6_320x stock m270_4x obj_grid_r2_c4.png,10026,1,92,98,46.0,3
48,6_320x stock m270_4x obj_grid_r2_c4.png,10027,1,174,116,46.0,3
48,6_320x stock m270_4x obj_grid_r2_c4.png,10028,1,211,120,31.5,3
48,6_320x stock m270_4x obj_grid_r2_c4.png,10029,1,351,125,46.0,3
48,6_320x stock m270_4x obj_grid_r2_c4.png,10030,1,164,130,74.5,4
48,6_320x stock m270_4x obj_grid_r2_c4.png,10031,1,214,133,46.0,3
48,6_320x stock m270_4x obj_grid_r2_c4.png,10032,1,185,135,46.0,3
48,6_320x stock m270_4x obj_grid_r2_c4.png,10033,1,287,142,74.5,4
48,6_320x stock m270_4x obj_grid_r2_c4.png,10034,1,422,143,46.0,3
48,6_320x stock m270_4x obj_grid_r2_c4.png,10035,1,12,147,31.5,3
48,6_320x stock m270_4x obj_grid_r2_c4.png,10036,1,86,150,46.0,3
48,6_320x stock m270_4x obj_grid_r2_c4.png,10037,1,96,150,46.0,3
48,6_320x stock m270_4x obj_grid_r2_c4.png,10038,1,141,156,46.0,3
48,6_320x stock m270_4x obj_grid_r2_c4.png,10039,1,457,156,46.0,3
48,6_320x stock m270_4x obj_grid_r2_c4.png,10040,1,54,159,46.0,3
48,6_320x stock m270_4x obj_grid_r2_c4.png,10041,1,390,160,46.0,3
48,6_320x stock m270_4x obj_grid_r2_c4.png,10042,1,155,165,31.5,3
48,6_320x stock m270_4x obj_grid_r2_c4.png,10043,1,125,168,31.5,3
48,6_320x stock m270_4x obj_grid_r2_c4.png,10044,1,361,169,31.5,3
48,6_320x stock m270_4x obj_grid_r2_c4.png,10045,1,5,172,31.5,3
48,6_320x stock m270_4x obj_grid_r2_c4.png,10046,1,268,176,46.0,3
48,6_320x stock m270_4x obj_grid_r2_c4.png,10047,1,76,183,46.0,3
48,6_320x stock m270_4x obj_grid_r2_c4.png,10048,1,3,194,31.5,3
48,6_320x stock m270_4x obj_grid_r2_c4.png,10049,1,218,199,46.0,3
48,6_320x stock m270_4x obj_grid_r2_c4.png,10050,1,12,201,46.0,3
48,6_320x stock m270_4x obj_grid_r2_c4.png,10051,1,120,202,31.5,3
48,6_320x stock m270_4x obj_grid_r2_c4.png,10052,1,343,203,46.0,3
48,6_320x stock m270_4x obj_grid_r2_c4.png,10053,1,92,203,46.0,3
48,6_320x stock m270_4x obj_grid_r2_c4.png,10054,1,165,204,46.0,3
48,6_320x stock m270_4x obj_grid_r2_c4.png,10055,1,84,210,31.5,3
48,6_320x stock m270_4x obj_grid_r2_c4.png,10056,1,112,212,46.0,3
48,6_320x stock m270_4x obj_grid_r2_c4.png,10057,1,193,211,46.0,3
48,6_320x stock m270_4x obj_grid_r2_c4.png,10058,1,139,214,46.0,3
48,6_320x stock m270_4x obj_grid_r2_c4.png,10059,1,161,218,46.0,3
48,6_320x stock m270_4x obj_grid_r2_c4.png,10060,1,50,219,46.0,3
48,6_320x stock m270_4x obj_grid_r2_c4.png,10061,1,185,219,46.0,3
48,6_320x stock m270_4x obj_grid_r2_c4.png,10062,1,358,222,46.0,3
48,6_320x stock m270_4x obj_grid_r2_c4.png,10063,1,210,225,46.0,3
48,6_320x stock m270_4x obj_grid_r2_c4.png,10064,1,69,227,46.0,3
48,6_320x stock m270_4x obj_grid_r2_c4.png,10065,1,421,233,46.0,3
48,6_320x stock m270_4x obj_grid_r2_c4.png,10066,1,273,235,46.0,3
48,6_320x stock m270_4x obj_grid_r2_c4.png,10067,1,106,237,46.0,3
48,6_320x stock m270_4x obj_grid_r2_c4.png,10068,1,226,239,46.0,3
48,6_320x stock m270_4x obj_grid_r2_c4.png,10069,1,124,241,46.0,3
48,6_320x stock m270_4x obj_grid_r2_c4.png,10070,1,207,242,46.0,3
48,6_320x stock m270_4x obj_grid_r2_c4.png,10071,1,99,250,46.0,3
48,6_320x stock m270_4x obj_grid_r2_c4.png,10072,1,291,251,46.0,3
48,6_320x stock m270_4x obj_grid_r2_c4.png,10073,1,235,253,31.5,3
48,6_320x stock m270_4x obj_grid_r2_c4.png,10074,1,382,255,31.5,3
48,6_320x stock m270_4x obj_grid_r2_c4.png,10075,1,497,261,46.0,3
48,6_320x stock m270_4x obj_grid_r2_c4.png,10076,1,84,262,46.0,3
48,6_320x stock m270_4x obj_grid_r2_c4.png,10077,1,240,264,31.5,3
48,6_320x stock m270_4x obj_grid_r2_c4.png,10078,1,255,272,46.0,3
48,6_320x stock m270_4x obj_grid_r2_c4.png,10079,1,478,273,31.5,3
48,6_320x stock m270_4x obj_grid_r2_c4.png,10080,1,217,277,46.0,3
48,6_320x stock m270_4x obj_grid_r2_c4.png,10081,1,485,281,31.5,3
48,6_320x stock m270_4x obj_grid_r2_c4.png,10082,1,210,286,46.0,3
48,6_320x stock m270_4x obj_grid_r2_c4.png,10083,1,240,285,46.0,3
48,6_320x stock m270_4x obj_grid_r2_c4.png,10084,1,329,287,46.0,3
48,6_320x stock m270_4x obj_grid_r2_c4.png,10085,1,118,284,31.5,3
48,6_320x stock m270_4x obj_grid_r2_c4.png,10086,1,47,292,31.5,3
48,6_320x stock m270_4x obj_grid_r2_c4.png,10087,1,313,296,46.0,3
48,6_320x stock m270_4x obj_grid_r2_c4.png,10088,1,189,296,46.0,3
48,6_320x stock m270_4x obj_grid_r2_c4.png,10089,1,165,297,46.0,3
48,6_320x stock m270_4x obj_grid_r2_c4.png,10090,1,247,300,46.0,3
48,6_320x stock m270_4x obj_grid_r2_c4.png,10091,1,203,300,46.0,3
48,6_320x stock m270_4x obj_grid_r2_c4.png,10092,1,49,307,46.0,3
48,6_320x stock m270_4x obj_grid_r2_c4.png,10093,1,122,314,46.0,3
48,6_320x stock m270_4x obj_grid_r2_c4.png,10094,1,436,317,46.0,3
48,6_320x stock m270_4x obj_grid_r2_c4.png,10095,1,229,319,46.0,3
48,6_320x stock m270_4x obj_grid_r2_c4.png,10096,1,303,320,46.0,3
48,6_320x stock m270_4x obj_grid_r2_c4.png,10097,1,347,319,31.5,3
48,6_320x stock m270_4x obj_grid_r2_c4.png,10098,1,384,325,31.5,3
48,6_320x stock m270_4x obj_grid_r2_c4.png,10099,1,448,326,46.0,3
48,6_320x stock m270_4x obj_grid_r2_c4.png,10100,1,430,328,46.0,3
48,6_320x stock m270_4x obj_grid_r2_c4.png,10101,1,172,329,31.5,3
48,6_320x stock m270_4x obj_grid_r2_c4.png,10102,1,248,331,46.0,3
48,6_320x stock m270_4x obj_grid_r2_c4.png,10103,1,482,341,46.0,3
48,6_320x stock m270_4x obj_grid_r2_c4.png,10104,1,169,341,31.5,3
48,6_320x stock m270_4x obj_grid_r2_c4.png,10105,1,331,345,46.0,3
48,6_320x stock m270_4x obj_grid_r2_c4.png,10106,1,438,345,46.0,3
48,6_320x stock m270_4x obj_grid_r2_c4.png,10107,1,417,346,46.0,3
48,6_320x stock m270_4x obj_grid_r2_c4.png,10108,1,470,346,31.5,3
48,6_320x stock m270_4x obj_grid_r2_c4.png,10109,1,133,350,46.0,3
48,6_320x stock m270_4x obj_grid_r2_c4.png,10110,1,273,353,31.5,3
48,6_320x stock m270_4x obj_grid_r2_c4.png,10111,1,59,357,46.0,3
48,6_320x stock m270_4x obj_grid_r2_c4.png,10112,1,345,357,46.0,3
48,6_320x stock m270_4x obj_grid_r2_c4.png,10113,1,502,359,31.5,3
48,6_320x stock m270_4x obj_grid_r2_c4.png,10114,1,316,360,46.0,3
48,6_320x stock m270_4x obj_grid_r2_c4.png,10115,1,70,366,46.0,3
48,6_320x stock m270_4x obj_grid_r2_c4.png,10116,1,243,365,46.0,3
48,6_320x stock m270_4x obj_grid_r2_c4.png,10117,1,232,368,46.0,3
48,6_320x stock m270_4x obj_grid_r2_c4.png,10118,1,431,369,46.0,3
48,6_320x stock m270_4x obj_grid_r2_c4.png,10119,1,240,54,31.5,3
48,6_320x stock m270_4x obj_grid_r2_c4.png,10120,1,446,56,46.0,3
48,6_320x stock m270_4x obj_grid_r2_c4.png,10121,1,494,56,46.0,3
48,6_320x stock m270_4x obj_grid_r2_c4.png,10122,1,189,59,46.0,3
48,6_320x stock m270_4x obj_grid_r2_c4.png,10123,1,266,57,46.0,3
48,6_320x stock m270_4x obj_grid_r2_c4.png,10124,1,66,59,46.0,3
48,6_320x stock m270_4x obj_grid_r2_c4.png,10125,1,291,59,46.0,3
48,6_320x stock m270_4x obj_grid_r2_c4.png,10126,1,273,65,31.5,3
48,6_320x stock m270_4x obj_grid_r2_c4.png,10127,1,406,70,46.0,3
48,6_320x stock m270_4x obj_grid_r2_c4.png,10128,1,261,72,46.0,3
48,6_320x stock m270_4x obj_grid_r2_c4.png,10129,1,463,72,46.0,3
48,6_320x stock m270_4x obj_grid_r2_c4.png,10130,1,93,78,104.0,5
48,6_320x stock m270_4x obj_grid_r2_c4.png,10131,1,280,81,46.0,3
48,6_320x stock m270_4x obj_grid_r2_c4.png,10132,1,504,90,46.0,3
48,6_320x stock m270_4x obj_grid_r2_c4.png,10133,1,335,369,31.5,3
48,6_320x stock m270_4x obj_grid_r2_c4.png,10134,1,233,422,248.5,8
48,6_320x stock m270_4x obj_grid_r2_c4.png,10135,1,51,372,46.0,3
48,6_320x stock m270_4x obj_grid_r2_c4.png,10136,1,254,91,46.0,3
48,6_320x stock m270_4x obj_grid_r2_c4.png,10137,1,229,91,31.5,3
48,6_320x stock m270_4x obj_grid_r2_c4.png,10138,1,49,98,31.5,3
48,6_320x stock m270_4x obj_grid_r2_c4.png,10139,1,398,96,31.5,3
48,6_320x stock m270_4x obj_grid_r2_c4.png,10140,1,322,102,46.0,3
48,6_320x stock m270_4x obj_grid_r2_c4.png,10141,1,431,105,46.0,3
48,6_320x stock m270_4x obj_grid_r2_c4.png,10142,1,77,109,46.0,3
48,6_320x stock m270_4x obj_grid_r2_c4.png,10143,1,220,110,46.0,3
48,6_320x stock m270_4x obj_grid_r2_c4.png,10144,1,257,111,46.0,3
48,6_320x stock m270_4x obj_grid_r2_c4.png,10145,1,354,110,46.0,3
48,6_320x stock m270_4x obj_grid_r2_c4.png,10146,1,286,112,46.0,3
48,6_320x stock m270_4x obj_grid_r2_c4.png,10147,1,89,114,46.0,3
48,6_320x stock m270_4x obj_grid_r2_c4.png,10148,1,152,114,46.0,3
48,6_320x stock m270_4x obj_grid_r2_c4.png,10149,1,115,116,46.0,3
48,6_320x stock m270_4x obj_grid_r2_c4.png,10150,1,300,116,46.0,3
48,6_320x stock m270_4x obj_grid_r2_c4.png,10151,1,32,121,31.5,3
48,6_320x stock m270_4x obj_grid_r2_c4.png,10152,1,127,125,46.0,3
48,6_320x stock m270_4x obj_grid_r2_c4.png,10153,1,440,125,46.0,3
48,6_320x stock m270_4x obj_grid_r2_c4.png,10154,1,117,126,31.5,3
48,6_320x stock m270_4x obj_grid_r2_c4.png,10155,1,255,131,31.5,3
48,6_320x stock m270_4x obj_grid_r2_c4.png,10156,1,363,131,31.5,3
48,6_320x stock m270_4x obj_grid_r2_c4.png,10157,1,410,136,46.0,3
48,6_320x stock m270_4x obj_grid_r2_c4.png,10158,1,375,138,31.5,3
48,6_320x stock m270_4x obj_grid_r2_c4.png,10159,1,314,137,31.5,3
48,6_320x stock m270_4x obj_grid_r2_c4.png,10160,1,484,138,46.0,3
48,6_320x stock m270_4x obj_grid_r2_c4.png,10161,1,79,141,46.0,3
48,6_320x stock m270_4x obj_grid_r2_c4.png,10162,1,330,142,46.0,3
48,6_320x stock m270_4x obj_grid_r2_c4.png,10163,1,165,146,46.0,3
48,6_320x stock m270_4x obj_grid_r2_c4.png,10164,1,471,150,31.5,3
48,6_320x stock m270_4x obj_grid_r2_c4.png,10165,1,311,147,46.0,3
48,6_320x stock m270_4x obj_grid_r2_c4.png,10166,1,423,164,46.0,3
48,6_320x stock m270_4x obj_grid_r2_c4.png,10167,1,507,165,31.5,3
48,6_320x stock m270_4x obj_grid_r2_c4.png,10168,1,378,166,46.0,3
48,6_320x stock m270_4x obj_grid_r2_c4.png,10169,1,154,175,31.5,3
48,6_320x stock m270_4x obj_grid_r2_c4.png,10170,1,92,190,46.0,3
48,6_320x stock m270_4x obj_grid_r2_c4.png,10171,1,432,192,31.5,3
48,6_320x stock m270_4x obj_grid_r2_c4.png,10172,1,317,212,46.0,3
48,6_320x stock m270_4x obj_grid_r2_c4.png,10173,1,380,214,46.0,3
48,6_320x stock m270_4x obj_grid_r2_c4.png,10174,1,285,220,46.0,3
48,6_320x stock m270_4x obj_grid_r2_c4.png,10175,1,459,221,31.5,3
48,6_320x stock m270_4x obj_grid_r2_c4.png,10176,1,337,222,31.5,3
48,6_320x stock m270_4x obj_grid_r2_c4.png,10177,1,438,222,46.0,3
48,6_320x stock m270_4x obj_grid_r2_c4.png,10178,1,192,227,31.5,3
48,6_320x stock m270_4x obj_grid_r2_c4.png,10179,1,347,227,31.5,3
48,6_320x stock m270_4x obj_grid_r2_c4.png,10180,1,13,231,31.5,3
48,6_320x stock m270_4x obj_grid_r2_c4.png,10181,1,383,230,31.5,3
48,6_320x stock m270_4x obj_grid_r2_c4.png,10182,1,316,235,46.0,3
48,6_320x stock m270_4x obj_grid_r2_c4.png,10183,1,497,237,46.0,3
48,6_320x stock m270_4x obj_grid_r2_c4.png,10184,1,56,240,31.5,3
48,6_320x stock m270_4x obj_grid_r2_c4.png,10185,1,337,252,147.5,6
48,6_320x stock m270_4x obj_grid_r2_c4.png,10186,1,318,258,46.0,3
48,6_320x stock m270_4x obj_grid_r2_c4.png,10187,1,45,263,31.5,3
48,6_320x stock m270_4x obj_grid_r2_c4.png,10188,1,375,263,31.5,3
48,6_320x stock m270_4x obj_grid_r2_c4.png,10189,1,364,267,46.0,3
48,6_320x stock m270_4x obj_grid_r2_c4.png,10190,1,100,270,31.5,3
48,6_320x stock m270_4x obj_grid_r2_c4.png,10191,1,415,277,31.5,3
48,6_320x stock m270_4x obj_grid_r2_c4.png,10192,1,306,276,46.0,3
48,6_320x stock m270_4x obj_grid_r2_c4.png,10193,1,189,312,31.5,3
48,6_320x stock m270_4x obj_grid_r2_c4.png,10194,1,160,323,31.5,3
48,6_320x stock m270_4x obj_grid_r2_c4.png,10195,1,363,331,31.5,3
48,6_320x stock m270_4x obj_grid_r2_c4.png,10196,1,507,333,31.5,3
48,6_320x stock m270_4x obj_grid_r2_c4.png,10197,1,374,352,46.0,3
48,6_320x stock m270_4x obj_grid_r2_c4.png,10198,1,280,372,31.5,3
48,6_320x stock m270_4x obj_grid_r2_c4.png,10199,1,110,385,31.5,3
48,6_320x stock m270_4x obj_grid_r2_c4.png,10200,1,137,401,31.5,3
48,6_320x stock m270_4x obj_grid_r2_c4.png,10201,1,36,415,74.5,4
48,6_320x stock m270_4x obj_grid_r2_c4.png,10202,1,139,433,147.5,6
48,6_320x stock m270_4x obj_grid_r2_c4.png,10203,1,32,498,31.5,3
48,6_320x stock m270_4x obj_grid_r2_c4.png,10204,1,4,6,31.5,3
48,6_320x stock m270_4x obj_grid_r2_c4.png,10205,1,383,7,46.0,3
48,6_320x stock m270_4x obj_grid_r2_c4.png,10206,1,289,8,46.0,3
48,6_320x stock m270_4x obj_grid_r2_c4.png,10207,1,407,12,46.0,3
48,6_320x stock m270_4x obj_grid_r2_c4.png,10208,1,492,13,46.0,3
48,6_320x stock m270_4x obj_grid_r2_c4.png,10209,1,376,22,31.5,3
48,6_320x stock m270_4x obj_grid_r2_c4.png,10210,1,51,30,31.5,3
48,6_320x stock m270_4x obj_grid_r2_c4.png,10211,1,442,45,46.0,3
48,6_320x stock m270_4x obj_grid_r2_c4.png,10212,1,457,58,31.5,3
48,6_320x stock m270_4x obj_grid_r2_c4.png,10213,1,468,56,31.5,3
48,6_320x stock m270_4x obj_grid_r2_c4.png,10214,1,384,59,31.5,3
48,6_320x stock m270_4x obj_grid_r2_c4.png,10215,1,484,65,46.0,3
48,6_320x stock m270_4x obj_grid_r2_c4.png,10216,1,323,68,46.0,3
48,6_320x stock m270_4x obj_grid_r2_c4.png,10217,1,391,75,46.0,3
48,6_320x stock m270_4x obj_grid_r2_c4.png,10218,1,361,75,31.5,3
48,6_320x stock m270_4x obj_grid_r2_c4.png,10219,1,406,88,31.5,3
48,6_320x stock m270_4x obj_grid_r2_c4.png,10220,1,414,96,74.5,4
48,6_320x stock m270_4x obj_grid_r2_c4.png,10221,1,376,119,31.5,3
48,6_320x stock m270_4x obj_grid_r2_c4.png,10222,1,104,121,46.0,3
48,6_320x stock m270_4x obj_grid_r2_c4.png,10223,1,105,172,31.5,3
48,6_320x stock m270_4x obj_grid_r2_c4.png,10224,1,498,189,46.0,3
48,6_320x stock m270_4x obj_grid_r2_c4.png,10225,1,462,196,46.0,3
48,6_320x stock m270_4x obj_grid_r2_c4.png,10226,1,436,202,31.5,3
48,6_320x stock m270_4x obj_grid_r2_c4.png,10227,1,499,213,74.5,4
48,6_320x stock m270_4x obj_grid_r2_c4.png,10228,1,442,212,46.0,3
48,6_320x stock m270_4x obj_grid_r2_c4.png,10229,1,445,233,46.0,3
48,6_320x stock m270_4x obj_grid_r2_c4.png,10230,1,374,367,74.5,4
48,6_320x stock m270_4x obj_grid_r2_c4.png,10231,1,363,371,74.5,4
48,6_320x stock m270_4x obj_grid_r2_c4.png,10232,1,426,389,31.5,3
48,6_320x stock m270_4x obj_grid_r2_c4.png,10233,1,115,486,46.0,3
48,6_320x stock m270_4x obj_grid_r2_c4.png,10234,1,456,4,8.0,1
48,6_320x stock m270_4x obj_grid_r2_c4.png,10235,1,102,57,8.0,1
48,6_320x stock m270_4x obj_grid_r2_c4.png,10236,1,136,175,74.5,4
48,6_320x stock m270_4x obj_grid_r2_c4.png,10237,1,484,185,31.5,3
48,6_320x stock m270_4x obj_grid_r2_c4.png,10238,1,236,220,104.0,5
48,6_320x stock m270_4x obj_grid_r2_c4.png,10239,1,445,266,74.5,4
48,6_320x stock m270_4x obj_grid_r2_c4.png,10240,1,249,404,74.5,4
48,6_320x stock m270_4x obj_grid_r2_c4.png,10241,1,150,468,74.5,4
48,6_320x stock m270_4x obj_grid_r2_c4.png,10242,1,253,182,31.5,3
48,6_320x stock m270_4x obj_grid_r2_c4.png,10243,1,506,222,31.5,3
48,6_320x stock m270_4x obj_grid_r2_c4.png,10244,1,296,374,74.5,4
48,6_320x stock m270_4x obj_grid_r2_c4.png,10245,1,373,470,46.0,3
48,6_320x stock m270_4x obj_grid_r2_c4.png,10246,1,286,507,46.0,3
48,6_320x stock m270_4x obj_grid_r2_c4.png,10247,1,438,4,46.0,3
48,6_320x stock m270_4x obj_grid_r2_c4.png,10248,1,272,126,31.5,3
48,6_320x stock m270_4x obj_grid_r2_c4.png,10249,1,193,147,74.5,4
48,6_320x stock m270_4x obj_grid_r2_c4.png,10250,1,109,194,74.5,4
48,6_320x stock m270_4x obj_grid_r2_c4.png,10251,1,81,230,74.5,4
48,6_320x stock m270_4x obj_grid_r2_c4.png,10252,1,8,340,74.5,4
48,6_320x stock m270_4x obj_grid_r2_c4.png,10253,1,160,374,74.5,4
48,6_320x stock m270_4x obj_grid_r2_c4.png,10254,1,17,376,46.0,3
48,6_320x stock m270_4x obj_grid_r2_c4.png,10255,1,220,463,46.0,3
48,6_320x stock m270_4x obj_grid_r2_c4.png,10256,1,210,11,31.5,3
48,6_320x stock m270_4x obj_grid_r2_c4.png,10257,1,243,64,31.5,3
48,6_320x stock m270_4x obj_grid_r2_c4.png,10258,1,498,108,74.5,4
48,6_320x stock m270_4x obj_grid_r2_c4.png,10259,1,482,110,74.5,4
48,6_320x stock m270_4x obj_grid_r2_c4.png,10260,1,300,167,74.5,4
48,6_320x stock m270_4x obj_grid_r2_c4.png,10261,1,471,252,74.5,4
48,6_320x stock m270_4x obj_grid_r2_c4.png,10262,1,74,351,46.0,3
48,6_320x stock m270_4x obj_grid_r2_c4.png,10263,1,492,352,46.0,3
48,6_320x stock m270_4x obj_grid_r2_c4.png,10264,1,467,420,74.5,4
48,6_320x stock m270_4x obj_grid_r2_c4.png,10265,1,279,438,31.5,3
48,6_320x stock m270_4x obj_grid_r2_c4.png,10266,1,312,468,31.5,3
48,6_320x stock m270_4x obj_grid_r2_c4.png,10267,1,436,67,31.5,3
48,6_320x stock m270_4x obj_grid_r2_c4.png,10268,1,353,93,74.5,4
48,6_320x stock m270_4x obj_grid_r2_c4.png,10269,1,373,506,46.0,3
48,6_320x stock m270_4x obj_grid_r2_c4.png,10270,1,476,8,104.0,5
48,6_320x stock m270_4x obj_grid_r2_c4.png,10271,1,440,470,46.0,3
48,6_320x stock m270_4x obj_grid_r2_c4.png,10272,1,119,25,46.0,3
48,6_320x stock m270_4x obj_grid_r2_c4.png,10273,1,23,25,46.0,3
48,6_320x stock m270_4x obj_grid_r2_c4.png,10274,1,430,27,46.0,3
48,6_320x stock m270_4x obj_grid_r2_c4.png,10275,1,359,28,46.0,3
48,6_320x stock m270_4x obj_grid_r2_c4.png,10276,1,388,29,46.0,3
48,6_320x stock m270_4x obj_grid_r2_c4.png,10277,1,97,32,46.0,3
48,6_320x stock m270_4x obj_grid_r2_c4.png,10278,1,225,36,46.0,3
48,6_320x stock m270_4x obj_grid_r2_c4.png,10279,1,329,36,46.0,3
48,6_320x stock m270_4x obj_grid_r2_c4.png,10280,1,374,36,46.0,3
48,6_320x stock m270_4x obj_grid_r2_c4.png,10281,1,26,43,46.0,3
48,6_320x stock m270_4x obj_grid_r2_c4.png,10282,1,174,44,46.0,3
48,6_320x stock m270_4x obj_grid_r2_c4.png,10283,1,354,43,46.0,3
48,6_320x stock m270_4x obj_grid_r2_c4.png,10284,1,312,44,248.5,8
48,6_320x stock m270_4x obj_grid_r2_c4.png,10285,1,40,47,46.0,3
48,6_320x stock m270_4x obj_grid_r2_c4.png,10286,1,503,47,46.0,3
48,6_320x stock m270_4x obj_grid_r2_c4.png,10287,1,329,426,147.5,6
48,6_320x stock m270_4x obj_grid_r2_c4.png,10288,1,318,376,147.5,6
48,6_320x stock m270_4x obj_grid_r2_c4.png,10289,1,200,354,147.5,6
48,6_320x stock m270_4x obj_grid_r2_c4.png,10290,1,391,297,190.0,7
48,6_320x stock m270_4x obj_grid_r2_c4.png,10291,1,183,248,190.0,7
48,6_320x stock m270_4x obj_grid_r2_c4.png,10292,1,430,238,46.0,3
48,6_320x stock m270_4x obj_grid_r2_c4.png,10293,1,74,251,147.5,6
48,6_320x stock m270_4x obj_grid_r2_c4.png,10294,1,304,229,190.0,7
48,6_320x stock m270_4x obj_grid_r2_c4.png,10295,1,185,109,190.0,7
48,6_320x stock m270_4x obj_grid_r2_c4.png,10296,1,370,187,190.0,7
48,6_320x stock m270_4x obj_grid_r2_c4.png,10297,1,503,376,46.0,3
48,6_320x stock m270_4x obj_grid_r2_c4.png,10298,1,100,377,46.0,3
48,6_320x stock m270_4x obj_grid_r2_c4.png,10299,1,408,380,46.0,3
48,6_320x stock m270_4x obj_grid_r2_c4.png,10300,1,441,379,46.0,3
48,6_320x stock m270_4x obj_grid_r2_c4.png,10301,1,354,382,31.5,3
48,6_320x stock m270_4x obj_grid_r2_c4.png,10302,1,190,387,46.0,3
48,6_320x stock m270_4x obj_grid_r2_c4.png,10303,1,243,391,31.5,3
48,6_320x stock m270_4x obj_grid_r2_c4.png,10304,1,296,400,46.0,3
48,6_320x stock m270_4x obj_grid_r2_c4.png,10305,1,43,402,46.0,3
48,6_320x stock m270_4x obj_grid_r2_c4.png,10306,1,5,403,31.5,3
48,6_320x stock m270_4x obj_grid_r2_c4.png,10307,1,187,402,46.0,3
48,6_320x stock m270_4x obj_grid_r2_c4.png,10308,1,330,405,46.0,3
48,6_320x stock m270_4x obj_grid_r2_c4.png,10309,1,44,425,31.5,3
48,6_320x stock m270_4x obj_grid_r2_c4.png,10310,1,207,427,46.0,3
48,6_320x stock m270_4x obj_grid_r2_c4.png,10311,1,211,376,46.0,3
48,6_320x stock m270_4x obj_grid_r2_c4.png,10312,1,443,436,46.0,3
48,6_320x stock m270_4x obj_grid_r2_c4.png,10313,1,417,448,31.5,3
48,6_320x stock m270_4x obj_grid_r2_c4.png,10314,1,51,452,147.5,6
48,6_320x stock m270_4x obj_grid_r2_c4.png,10315,1,376,458,46.0,3
48,6_320x stock m270_4x obj_grid_r2_c4.png,10316,1,62,464,46.0,3
48,6_320x stock m270_4x obj_grid_r2_c4.png,10317,1,292,469,31.5,3
48,6_320x stock m270_4x obj_grid_r2_c4.png,10318,1,399,470,46.0,3
48,6_320x stock m270_4x obj_grid_r2_c4.png,10319,1,444,480,31.5,3
48,6_320x stock m270_4x obj_grid_r2_c4.png,10320,1,276,482,31.5,3
48,6_320x stock m270_4x obj_grid_r2_c4.png,10321,1,265,491,31.5,3
48,6_320x stock m270_4x obj_grid_r2_c4.png,10322,1,493,492,31.5,3
48,6_320x stock m270_4x obj_grid_r2_c4.png,10323,1,16,504,31.5,3
48,6_320x stock m270_4x obj_grid_r2_c4.png,10324,1,62,5,31.5,3
48,6_320x stock m270_4x obj_grid_r2_c4.png,10325,1,339,10,46.0,3
48,6_320x stock m270_4x obj_grid_r2_c4.png,10326,1,506,10,46.0,3
48,6_320x stock m270_4x obj_grid_r2_c4.png,10327,1,32,12,46.0,3
48,6_320x stock m270_4x obj_grid_r2_c4.png,10328,1,176,14,31.5,3
48,6_320x stock m270_4x obj_grid_r2_c4.png,10329,1,167,18,31.5,3
49,6_320x stock m270_4x obj_grid_r2_c5.png,10330,1,296,344,46.0,3
49,6_320x stock m270_4x obj_grid_r2_c5.png,10331,1,324,340,46.0,3
49,6_320x stock m270_4x obj_grid_r2_c5.png,10332,1,302,333,31.5,3
49,6_320x stock m270_4x obj_grid_r2_c5.png,10333,1,119,335,31.5,3
49,6_320x stock m270_4x obj_grid_r2_c5.png,10334,1,233,322,31.5,3
49,6_320x stock m270_4x obj_grid_r2_c5.png,10335,1,52,321,31.5,3
49,6_320x stock m270_4x obj_grid_r2_c5.png,10336,1,267,320,31.5,3
49,6_320x stock m270_4x obj_grid_r2_c5.png,10337,1,255,323,46.0,3
49,6_320x stock m270_4x obj_grid_r2_c5.png,10338,1,483,322,46.0,3
49,6_320x stock m270_4x obj_grid_r2_c5.png,10339,1,133,319,46.0,3
49,6_320x stock m270_4x obj_grid_r2_c5.png,10340,1,460,308,31.5,3
49,6_320x stock m270_4x obj_grid_r2_c5.png,10341,1,294,310,46.0,3
49,6_320x stock m270_4x obj_grid_r2_c5.png,10342,1,494,305,46.0,3
49,6_320x stock m270_4x obj_grid_r2_c5.png,10343,1,468,303,31.5,3
49,6_320x stock m270_4x obj_grid_r2_c5.png,10344,1,311,304,31.5,3
49,6_320x stock m270_4x obj_grid_r2_c5.png,10345,1,175,304,31.5,3
49,6_320x stock m270_4x obj_grid_r2_c5.png,10346,1,208,304,46.0,3
49,6_320x stock m270_4x obj_grid_r2_c5.png,10347,1,118,300,31.5,3
49,6_320x stock m270_4x obj_grid_r2_c5.png,10348,1,419,292,46.0,3
49,6_320x stock m270_4x obj_grid_r2_c5.png,10349,1,354,287,31.5,3
49,6_320x stock m270_4x obj_grid_r2_c5.png,10350,1,441,290,46.0,3
49,6_320x stock m270_4x obj_grid_r2_c5.png,10351,1,486,284,31.5,3
49,6_320x stock m270_4x obj_grid_r2_c5.png,10352,1,382,281,46.0,3
49,6_320x stock m270_4x obj_grid_r2_c5.png,10353,1,197,270,248.5,8
49,6_320x stock m270_4x obj_grid_r2_c5.png,10354,1,281,269,46.0,3
49,6_320x stock m270_4x obj_grid_r2_c5.png,10355,1,316,264,46.0,3
49,6_320x stock m270_4x obj_grid_r2_c5.png,10356,1,370,260,46.0,3
49,6_320x stock m270_4x obj_grid_r2_c5.png,10357,1,489,255,46.0,3
49,6_320x stock m270_4x obj_grid_r2_c5.png,10358,1,208,254,46.0,3
49,6_320x stock m270_4x obj_grid_r2_c5.png,10359,1,421,254,46.0,3
49,6_320x stock m270_4x obj_grid_r2_c5.png,10360,1,462,248,46.0,3
49,6_320x stock m270_4x obj_grid_r2_c5.png,10361,1,269,244,46.0,3
49,6_320x stock m270_4x obj_grid_r2_c5.png,10362,1,203,245,46.0,3
49,6_320x stock m270_4x obj_grid_r2_c5.png,10363,1,78,244,31.5,3
49,6_320x stock m270_4x obj_grid_r2_c5.png,10364,1,60,239,46.0,3
49,6_320x stock m270_4x obj_grid_r2_c5.png,10365,1,187,236,147.5,6
49,6_320x stock m270_4x obj_grid_r2_c5.png,10366,1,22,237,46.0,3
49,6_320x stock m270_4x obj_grid_r2_c5.png,10367,1,113,230,31.5,3
49,6_320x stock m270_4x obj_grid_r2_c5.png,10368,1,279,231,46.0,3
49,6_320x stock m270_4x obj_grid_r2_c5.png,10369,1,217,231,46.0,3
49,6_320x stock m270_4x obj_grid_r2_c5.png,10370,1,441,231,46.0,3
49,6_320x stock m270_4x obj_grid_r2_c5.png,10371,1,356,226,46.0,3
49,6_320x stock m270_4x obj_grid_r2_c5.png,10372,1,44,225,46.0,3
49,6_320x stock m270_4x obj_grid_r2_c5.png,10373,1,458,219,46.0,3
49,6_320x stock m270_4x obj_grid_r2_c5.png,10374,1,244,219,46.0,3
49,6_320x stock m270_4x obj_grid_r2_c5.png,10375,1,347,213,46.0,3
49,6_320x stock m270_4x obj_grid_r2_c5.png,10376,1,502,210,46.0,3
49,6_320x stock m270_4x obj_grid_r2_c5.png,10377,1,105,205,46.0,3
49,6_320x stock m270_4x obj_grid_r2_c5.png,10378,1,350,201,46.0,3
49,6_320x stock m270_4x obj_grid_r2_c5.png,10379,1,72,199,31.5,3
49,6_320x stock m270_4x obj_grid_r2_c5.png,10380,1,447,198,46.0,3
49,6_320x stock m270_4x obj_grid_r2_c5.png,10381,1,369,197,31.5,3
49,6_320x stock m270_4x obj_grid_r2_c5.png,10382,1,141,193,46.0,3
49,6_320x stock m270_4x obj_grid_r2_c5.png,10383,1,50,192,46.0,3
49,6_320x stock m270_4x obj_grid_r2_c5.png,10384,1,341,187,46.0,3
49,6_320x stock m270_4x obj_grid_r2_c5.png,10385,1,127,185,46.0,3
49,6_320x stock m270_4x obj_grid_r2_c5.png,10386,1,363,181,46.0,3
49,6_320x stock m270_4x obj_grid_r2_c5.png,10387,1,469,176,46.0,3
49,6_320x stock m270_4x obj_grid_r2_c5.png,10388,1,403,175,74.5,4
49,6_320x stock m270_4x obj_grid_r2_c5.png,10389,1,177,169,31.5,3
49,6_320x stock m270_4x obj_grid_r2_c5.png,10390,1,455,168,46.0,3
49,6_320x stock m270_4x obj_grid_r2_c5.png,10391,1,281,169,46.0,3
49,6_320x stock m270_4x obj_grid_r2_c5.png,10392,1,63,162,46.0,3
49,6_320x stock m270_4x obj_grid_r2_c5.png,10393,1,335,158,46.0,3
49,6_320x stock m270_4x obj_grid_r2_c5.png,10394,1,165,157,46.0,3
49,6_320x stock m270_4x obj_grid_r2_c5.png,10395,1,176,157,31.5,3
49,6_320x stock m270_4x obj_grid_r2_c5.png,10396,1,105,158,46.0,3
49,6_320x stock m270_4x obj_grid_r2_c5.png,10397,1,269,157,46.0,3
49,6_320x stock m270_4x obj_grid_r2_c5.png,10398,1,445,155,31.5,3
49,6_320x stock m270_4x obj_grid_r2_c5.png,10399,1,250,154,46.0,3
49,6_320x stock m270_4x obj_grid_r2_c5.png,10400,1,502,153,46.0,3
49,6_320x stock m270_4x obj_grid_r2_c5.png,10401,1,280,153,46.0,3
49,6_320x stock m270_4x obj_grid_r2_c5.png,10402,1,161,150,31.5,3
49,6_320x stock m270_4x obj_grid_r2_c5.png,10403,1,367,143,46.0,3
49,6_320x stock m270_4x obj_grid_r2_c5.png,10404,1,309,143,46.0,3
49,6_320x stock m270_4x obj_grid_r2_c5.png,10405,1,151,144,46.0,3
49,6_320x stock m270_4x obj_grid_r2_c5.png,10406,1,274,139,46.0,3
49,6_320x stock m270_4x obj_grid_r2_c5.png,10407,1,91,140,31.5,3
49,6_320x stock m270_4x obj_grid_r2_c5.png,10408,1,9,138,46.0,3
49,6_320x stock m270_4x obj_grid_r2_c5.png,10409,1,48,131,31.5,3
49,6_320x stock m270_4x obj_grid_r2_c5.png,10410,1,161,127,46.0,3
49,6_320x stock m270_4x obj_grid_r2_c5.png,10411,1,434,124,46.0,3
49,6_320x stock m270_4x obj_grid_r2_c5.png,10412,1,398,125,46.0,3
49,6_320x stock m270_4x obj_grid_r2_c5.png,10413,1,123,124,46.0,3
49,6_320x stock m270_4x obj_grid_r2_c5.png,10414,1,170,116,46.0,3
49,6_320x stock m270_4x obj_grid_r2_c5.png,10415,1,327,110,46.0,3
49,6_320x stock m270_4x obj_grid_r2_c5.png,10416,1,114,111,46.0,3
49,6_320x stock m270_4x obj_grid_r2_c5.png,10417,1,364,104,46.0,3
49,6_320x stock m270_4x obj_grid_r2_c5.png,10418,1,59,101,104.0,5
49,6_320x stock m270_4x obj_grid_r2_c5.png,10419,1,408,99,46.0,3
49,6_320x stock m270_4x obj_grid_r2_c5.png,10420,1,174,97,46.0,3
49,6_320x stock m270_4x obj_grid_r2_c5.png,10421,1,221,91,46.0,3
49,6_320x stock m270_4x obj_grid_r2_c5.png,10422,1,29,90,46.0,3
49,6_320x stock m270_4x obj_grid_r2_c5.png,10423,1,468,87,46.0,3
49,6_320x stock m270_4x obj_grid_r2_c5.png,10424,1,234,86,46.0,3
49,6_320x stock m270_4x obj_grid_r2_c5.png,10425,1,64,87,46.0,3
49,6_320x stock m270_4x obj_grid_r2_c5.png,10426,1,300,86,46.0,3
49,6_320x stock m270_4x obj_grid_r2_c5.png,10427,1,171,80,46.0,3
49,6_320x stock m270_4x obj_grid_r2_c5.png,10428,1,363,63,46.0,3
49,6_320x stock m270_4x obj_grid_r2_c5.png,10429,1,19,56,46.0,3
49,6_320x stock m270_4x obj_grid_r2_c5.png,10430,1,373,56,31.5,3
49,6_320x stock m270_4x obj_grid_r2_c5.png,10431,1,79,55,46.0,3
49,6_320x stock m270_4x obj_grid_r2_c5.png,10432,1,98,54,46.0,3
49,6_320x stock m270_4x obj_grid_r2_c5.png,10433,1,149,50,46.0,3
49,6_320x stock m270_4x obj_grid_r2_c5.png,10434,1,28,47,46.0,3
49,6_320x stock m270_4x obj_grid_r2_c5.png,10435,1,236,46,46.0,3
49,6_320x stock m270_4x obj_grid_r2_c5.png,10436,1,400,44,46.0,3
49,6_320x stock m270_4x obj_grid_r2_c5.png,10437,1,106,37,46.0,3
49,6_320x stock m270_4x obj_grid_r2_c5.png,10438,1,260,36,46.0,3
49,6_320x stock m270_4x obj_grid_r2_c5.png,10439,1,137,32,46.0,3
49,6_320x stock m270_4x obj_grid_r2_c5.png,10440,1,339,22,31.5,3
49,6_320x stock m270_4x obj_grid_r2_c5.png,10441,1,307,13,46.0,3
49,6_320x stock m270_4x obj_grid_r2_c5.png,10442,1,290,12,46.0,3
49,6_320x stock m270_4x obj_grid_r2_c5.png,10443,1,31,10,46.0,3
49,6_320x stock m270_4x obj_grid_r2_c5.png,10444,1,343,508,26.5,2
49,6_320x stock m270_4x obj_grid_r2_c5.png,10445,1,174,508,26.5,2
49,6_320x stock m270_4x obj_grid_r2_c5.png,10446,1,333,503,31.5,3
49,6_320x stock m270_4x obj_grid_r2_c5.png,10447,1,165,501,31.5,3
49,6_320x stock m270_4x obj_grid_r2_c5.png,10448,1,279,499,46.0,3
49,6_320x stock m270_4x obj_grid_r2_c5.png,10449,1,136,494,31.5,3
49,6_320x stock m270_4x obj_grid_r2_c5.png,10450,1,91,496,31.5,3
49,6_320x stock m270_4x obj_grid_r2_c5.png,10451,1,18,492,46.0,3
49,6_320x stock m270_4x obj_grid_r2_c5.png,10452,1,52,491,46.0,3
49,6_320x stock m270_4x obj_grid_r2_c5.png,10453,1,191,489,46.0,3
49,6_320x stock m270_4x obj_grid_r2_c5.png,10454,1,212,486,31.5,3
49,6_320x stock m270_4x obj_grid_r2_c5.png,10455,1,305,479,46.0,3
49,6_320x stock m270_4x obj_grid_r2_c5.png,10456,1,243,479,46.0,3
49,6_320x stock m270_4x obj_grid_r2_c5.png,10457,1,205,476,31.5,3
49,6_320x stock m270_4x obj_grid_r2_c5.png,10458,1,217,475,46.0,3
49,6_320x stock m270_4x obj_grid_r2_c5.png,10459,1,324,472,31.5,3
49,6_320x stock m270_4x obj_grid_r2_c5.png,10460,1,185,472,31.5,3
49,6_320x stock m270_4x obj_grid_r2_c5.png,10461,1,330,470,31.5,3
49,6_320x stock m270_4x obj_grid_r2_c5.png,10462,1,165,465,46.0,3
49,6_320x stock m270_4x obj_grid_r2_c5.png,10463,1,209,461,46.0,3
49,6_320x stock m270_4x obj_grid_r2_c5.png,10464,1,506,460,46.0,3
49,6_320x stock m270_4x obj_grid_r2_c5.png,10465,1,331,456,46.0,3
49,6_320x stock m270_4x obj_grid_r2_c5.png,10466,1,265,455,46.0,3
49,6_320x stock m270_4x obj_grid_r2_c5.png,10467,1,83,443,46.0,3
49,6_320x stock m270_4x obj_grid_r2_c5.png,10468,1,467,440,46.0,3
49,6_320x stock m270_4x obj_grid_r2_c5.png,10469,1,263,436,46.0,3
49,6_320x stock m270_4x obj_grid_r2_c5.png,10470,1,190,435,46.0,3
49,6_320x stock m270_4x obj_grid_r2_c5.png,10471,1,332,434,46.0,3
49,6_320x stock m270_4x obj_grid_r2_c5.png,10472,1,281,425,46.0,3
49,6_320x stock m270_4x obj_grid_r2_c5.png,10473,1,157,418,46.0,3
49,6_320x stock m270_4x obj_grid_r2_c5.png,10474,1,291,414,46.0,3
49,6_320x stock m270_4x obj_grid_r2_c5.png,10475,1,126,410,46.0,3
49,6_320x stock m270_4x obj_grid_r2_c5.png,10476,1,36,406,46.0,3
49,6_320x stock m270_4x obj_grid_r2_c5.png,10477,1,195,404,46.0,3
49,6_320x stock m270_4x obj_grid_r2_c5.png,10478,1,500,398,46.0,3
49,6_320x stock m270_4x obj_grid_r2_c5.png,10479,1,264,396,31.5,3
49,6_320x stock m270_4x obj_grid_r2_c5.png,10480,1,365,395,46.0,3
49,6_320x stock m270_4x obj_grid_r2_c5.png,10481,1,85,394,46.0,3
49,6_320x stock m270_4x obj_grid_r2_c5.png,10482,1,273,391,31.5,3
49,6_320x stock m270_4x obj_grid_r2_c5.png,10483,1,446,389,46.0,3
49,6_320x stock m270_4x obj_grid_r2_c5.png,10484,1,73,384,46.0,3
49,6_320x stock m270_4x obj_grid_r2_c5.png,10485,1,326,381,46.0,3
49,6_320x stock m270_4x obj_grid_r2_c5.png,10486,1,88,377,31.5,3
49,6_320x stock m270_4x obj_grid_r2_c5.png,10487,1,293,375,31.5,3
49,6_320x stock m270_4x obj_grid_r2_c5.png,10488,1,28,376,46.0,3
49,6_320x stock m270_4x obj_grid_r2_c5.png,10489,1,202,373,46.0,3
49,6_320x stock m270_4x obj_grid_r2_c5.png,10490,1,426,371,46.0,3
49,6_320x stock m270_4x obj_grid_r2_c5.png,10491,1,102,371,46.0,3
49,6_320x stock m270_4x obj_grid_r2_c5.png,10492,1,149,371,46.0,3
49,6_320x stock m270_4x obj_grid_r2_c5.png,10493,1,185,369,46.0,3
49,6_320x stock m270_4x obj_grid_r2_c5.png,10494,1,352,366,46.0,3
49,6_320x stock m270_4x obj_grid_r2_c5.png,10495,1,27,359,31.5,3
49,6_320x stock m270_4x obj_grid_r2_c5.png,10496,1,52,354,31.5,3
49,6_320x stock m270_4x obj_grid_r2_c5.png,10497,1,343,353,46.0,3
49,6_320x stock m270_4x obj_grid_r2_c5.png,10498,1,225,353,46.0,3
49,6_320x stock m270_4x obj_grid_r2_c5.png,10499,1,175,352,46.0,3
49,6_320x stock m270_4x obj_grid_r2_c5.png,10500,1,73,352,46.0,3
49,6_320x stock m270_4x obj_grid_r2_c5.png,10501,1,496,349,46.0,3
49,6_320x stock m270_4x obj_grid_r2_c5.png,10502,1,146,347,46.0,3
49,6_320x stock m270_4x obj_grid_r2_c5.png,10503,1,276,343,46.0,3
49,6_320x stock m270_4x obj_grid_r2_c5.png,10504,1,7,341,46.0,3
49,6_320x stock m270_4x obj_grid_r2_c5.png,10505,1,487,339,46.0,3
49,6_320x stock m270_4x obj_grid_r2_c5.png,10506,1,33,333,46.0,3
49,6_320x stock m270_4x obj_grid_r2_c5.png,10507,1,399,328,31.5,3
49,6_320x stock m270_4x obj_grid_r2_c5.png,10508,1,200,319,46.0,3
49,6_320x stock m270_4x obj_grid_r2_c5.png,10509,1,38,312,31.5,3
49,6_320x stock m270_4x obj_grid_r2_c5.png,10510,1,323,310,46.0,3
49,6_320x stock m270_4x obj_grid_r2_c5.png,10511,1,89,310,46.0,3
49,6_320x stock m270_4x obj_grid_r2_c5.png,10512,1,46,304,46.0,3
49,6_320x stock m270_4x obj_grid_r2_c5.png,10513,1,304,299,31.5,3
49,6_320x stock m270_4x obj_grid_r2_c5.png,10514,1,221,297,46.0,3
49,6_320x stock m270_4x obj_grid_r2_c5.png,10515,1,171,294,46.0,3
49,6_320x stock m270_4x obj_grid_r2_c5.png,10516,1,236,294,46.0,3
49,6_320x stock m270_4x obj_grid_r2_c5.png,10517,1,254,290,31.5,3
49,6_320x stock m270_4x obj_grid_r2_c5.png,10518,1,162,286,46.0,3
49,6_320x stock m270_4x obj_grid_r2_c5.png,10519,1,200,286,46.0,3
49,6_320x stock m270_4x obj_grid_r2_c5.png,10520,1,10,281,46.0,3
49,6_320x stock m270_4x obj_grid_r2_c5.png,10521,1,330,280,46.0,3
49,6_320x stock m270_4x obj_grid_r2_c5.png,10522,1,138,277,46.0,3
49,6_320x stock m270_4x obj_grid_r2_c5.png,10523,1,3,273,31.5,3
49,6_320x stock m270_4x obj_grid_r2_c5.png,10524,1,238,270,46.0,3
49,6_320x stock m270_4x obj_grid_r2_c5.png,10525,1,65,266,46.0,3
49,6_320x stock m270_4x obj_grid_r2_c5.png,10526,1,467,265,46.0,3
49,6_320x stock m270_4x obj_grid_r2_c5.png,10527,1,22,260,46.0,3
49,6_320x stock m270_4x obj_grid_r2_c5.png,10528,1,80,259,46.0,3
49,6_320x stock m270_4x obj_grid_r2_c5.png,10529,1,51,257,31.5,3
49,6_320x stock m270_4x obj_grid_r2_c5.png,10530,1,40,256,46.0,3
49,6_320x stock m270_4x obj_grid_r2_c5.png,10531,1,355,253,46.0,3
49,6_320x stock m270_4x obj_grid_r2_c5.png,10532,1,88,248,31.5,3
49,6_320x stock m270_4x obj_grid_r2_c5.png,10533,1,159,236,46.0,3
49,6_320x stock m270_4x obj_grid_r2_c5.png,10534,1,268,232,31.5,3
49,6_320x stock m270_4x obj_grid_r2_c5.png,10535,1,98,220,46.0,3
49,6_320x stock m270_4x obj_grid_r2_c5.png,10536,1,388,206,46.0,3
49,6_320x stock m270_4x obj_grid_r2_c5.png,10537,1,134,207,46.0,3
49,6_320x stock m270_4x obj_grid_r2_c5.png,10538,1,243,194,46.0,3
49,6_320x stock m270_4x obj_grid_r2_c5.png,10539,1,437,162,31.5,3
49,6_320x stock m270_4x obj_grid_r2_c5.png,10540,1,74,158,46.0,3
49,6_320x stock m270_4x obj_grid_r2_c5.png,10541,1,210,137,46.0,3
49,6_320x stock m270_4x obj_grid_r2_c5.png,10542,1,53,120,46.0,3
49,6_320x stock m270_4x obj_grid_r2_c5.png,10543,1,148,110,46.0,3
49,6_320x stock m270_4x obj_grid_r2_c5.png,10544,1,293,508,31.5,3
49,6_320x stock m270_4x obj_grid_r2_c5.png,10545,1,87,507,31.5,3
49,6_320x stock m270_4x obj_grid_r2_c5.png,10546,1,28,499,46.0,3
49,6_320x stock m270_4x obj_grid_r2_c5.png,10547,1,80,496,31.5,3
49,6_320x stock m270_4x obj_grid_r2_c5.png,10548,1,7,491,46.0,3
49,6_320x stock m270_4x obj_grid_r2_c5.png,10549,1,401,482,46.0,3
49,6_320x stock m270_4x obj_grid_r2_c5.png,10550,1,154,475,46.0,3
49,6_320x stock m270_4x obj_grid_r2_c5.png,10551,1,11,471,46.0,3
49,6_320x stock m270_4x obj_grid_r2_c5.png,10552,1,446,469,46.0,3
49,6_320x stock m270_4x obj_grid_r2_c5.png,10553,1,365,466,46.0,3
49,6_320x stock m270_4x obj_grid_r2_c5.png,10554,1,294,459,46.0,3
49,6_320x stock m270_4x obj_grid_r2_c5.png,10555,1,396,445,46.0,3
49,6_320x stock m270_4x obj_grid_r2_c5.png,10556,1,159,437,46.0,3
49,6_320x stock m270_4x obj_grid_r2_c5.png,10557,1,305,431,46.0,3
49,6_320x stock m270_4x obj_grid_r2_c5.png,10558,1,69,428,46.0,3
49,6_320x stock m270_4x obj_grid_r2_c5.png,10559,1,180,411,46.0,3
49,6_320x stock m270_4x obj_grid_r2_c5.png,10560,1,81,410,46.0,3
49,6_320x stock m270_4x obj_grid_r2_c5.png,10561,1,17,399,46.0,3
49,6_320x stock m270_4x obj_grid_r2_c5.png,10562,1,41,388,46.0,3
49,6_320x stock m270_4x obj_grid_r2_c5.png,10563,1,134,378,46.0,3
49,6_320x stock m270_4x obj_grid_r2_c5.png,10564,1,134,351,46.0,3
49,6_320x stock m270_4x obj_grid_r2_c5.png,10565,1,289,299,31.5,3
49,6_320x stock m270_4x obj_grid_r2_c5.png,10566,1,336,248,74.5,4
49,6_320x stock m270_4x obj_grid_r2_c5.png,10567,1,90,175,147.5,6
49,6_320x stock m270_4x obj_grid_r2_c5.png,10568,1,372,502,46.0,3
49,6_320x stock m270_4x obj_grid_r2_c5.png,10569,1,487,490,147.5,6
49,6_320x stock m270_4x obj_grid_r2_c5.png,10570,1,302,410,46.0,3
49,6_320x stock m270_4x obj_grid_r2_c5.png,10571,1,488,362,46.0,3
49,6_320x stock m270_4x obj_grid_r2_c5.png,10572,1,157,318,46.0,3
49,6_320x stock m270_4x obj_grid_r2_c5.png,10573,1,191,184,46.0,3
49,6_320x stock m270_4x obj_grid_r2_c5.png,10574,1,453,28,190.0,7
49,6_320x stock m270_4x obj_grid_r2_c5.png,10575,1,178,480,31.5,3
49,6_320x stock m270_4x obj_grid_r2_c5.png,10576,1,276,413,104.0,5
49,6_320x stock m270_4x obj_grid_r2_c5.png,10577,1,296,392,190.0,7
49,6_320x stock m270_4x obj_grid_r2_c5.png,10578,1,47,474,46.0,3
49,6_320x stock m270_4x obj_grid_r2_c5.png,10579,1,64,469,31.5,3
49,6_320x stock m270_4x obj_grid_r2_c5.png,10580,1,59,475,31.5,3
49,6_320x stock m270_4x obj_grid_r2_c5.png,10581,1,42,468,31.5,3
49,6_320x stock m270_4x obj_grid_r2_c5.png,10582,1,244,342,248.5,8
49,6_320x stock m270_4x obj_grid_r2_c5.png,10583,1,99,299,104.0,5
49,6_320x stock m270_4x obj_grid_r2_c5.png,10584,1,125,281,74.5,4
49,6_320x stock m270_4x obj_grid_r2_c5.png,10585,1,306,52,147.5,6
49,6_320x stock m270_4x obj_grid_r2_c5.png,10586,1,184,21,104.0,5
49,6_320x stock m270_4x obj_grid_r2_c5.png,10587,1,102,357,147.5,6
49,6_320x stock m270_4x obj_grid_r2_c5.png,10588,1,278,214,74.5,4
49,6_320x stock m270_4x obj_grid_r2_c5.png,10589,1,296,180,74.5,4
49,6_320x stock m270_4x obj_grid_r2_c5.png,10590,1,23,108,74.5,4
49,6_320x stock m270_4x obj_grid_r2_c5.png,10591,1,122,41,46.0,3
49,6_320x stock m270_4x obj_grid_r2_c5.png,10592,1,118,16,31.5,3
49,6_320x stock m270_4x obj_grid_r2_c5.png,10593,1,300,366,46.0,3
49,6_320x stock m270_4x obj_grid_r2_c5.png,10594,1,454,361,74.5,4
49,6_320x stock m270_4x obj_grid_r2_c5.png,10595,1,17,352,46.0,3
49,6_320x stock m270_4x obj_grid_r2_c5.png,10596,1,365,298,46.0,3
49,6_320x stock m270_4x obj_grid_r2_c5.png,10597,1,68,286,31.5,3
49,6_320x stock m270_4x obj_grid_r2_c5.png,10598,1,234,242,74.5,4
49,6_320x stock m270_4x obj_grid_r2_c5.png,10599,1,483,163,74.5,4
49,6_320x stock m270_4x obj_grid_r2_c5.png,10600,1,239,142,74.5,4
49,6_320x stock m270_4x obj_grid_r2_c5.png,10601,1,7,110,74.5,4
49,6_320x stock m270_4x obj_grid_r2_c5.png,10602,1,118,72,46.0,3
49,6_320x stock m270_4x obj_grid_r2_c5.png,10603,1,325,69,74.5,4
49,6_320x stock m270_4x obj_grid_r2_c5.png,10604,1,267,68,31.5,3
49,6_320x stock m270_4x obj_grid_r2_c5.png,10605,1,135,67,46.0,3
49,6_320x stock m270_4x obj_grid_r2_c5.png,10606,1,148,446,74.5,4
49,6_320x stock m270_4x obj_grid_r2_c5.png,10607,1,296,322,74.5,4
49,6_320x stock m270_4x obj_grid_r2_c5.png,10608,1,120,311,46.0,3
49,6_320x stock m270_4x obj_grid_r2_c5.png,10609,1,149,299,74.5,4
49,6_320x stock m270_4x obj_grid_r2_c5.png,10610,1,408,225,31.5,3
49,6_320x stock m270_4x obj_grid_r2_c5.png,10611,1,421,136,74.5,4
49,6_320x stock m270_4x obj_grid_r2_c5.png,10612,1,388,476,74.5,4
49,6_320x stock m270_4x obj_grid_r2_c5.png,10613,1,488,417,104.0,5
49,6_320x stock m270_4x obj_grid_r2_c5.png,10614,1,33,220,31.5,3
49,6_320x stock m270_4x obj_grid_r2_c5.png,10615,1,442,100,31.5,3
49,6_320x stock m270_4x obj_grid_r2_c5.png,10616,1,472,39,104.0,5
49,6_320x stock m270_4x obj_grid_r2_c5.png,10617,1,155,506,74.5,4
49,6_320x stock m270_4x obj_grid_r2_c5.png,10618,1,265,472,74.5,4
49,6_320x stock m270_4x obj_grid_r2_c5.png,10619,1,503,235,31.5,3
49,6_320x stock m270_4x obj_grid_r2_c5.png,10620,1,471,227,104.0,5
49,6_320x stock m270_4x obj_grid_r2_c5.png,10621,1,9,185,31.5,3
49,6_320x stock m270_4x obj_grid_r2_c5.png,10622,1,40,125,46.0,3
49,6_320x stock m270_4x obj_grid_r2_c5.png,10623,1,164,56,31.5,3
49,6_320x stock m270_4x obj_grid_r2_c5.png,10624,1,441,11,46.0,3
49,6_320x stock m270_4x obj_grid_r2_c5.png,10625,1,265,284,147.5,6
49,6_320x stock m270_4x obj_grid_r2_c5.png,10626,1,111,287,31.5,3
49,6_320x stock m270_4x obj_grid_r2_c5.png,10627,1,62,210,31.5,3
49,6_320x stock m270_4x obj_grid_r2_c5.png,10628,1,375,206,31.5,3
49,6_320x stock m270_4x obj_grid_r2_c5.png,10629,1,338,204,31.5,3
49,6_320x stock m270_4x obj_grid_r2_c5.png,10630,1,23,189,46.0,3
49,6_320x stock m270_4x obj_grid_r2_c5.png,10631,1,116,173,46.0,3
49,6_320x stock m270_4x obj_grid_r2_c5.png,10632,1,32,166,31.5,3
49,6_320x stock m270_4x obj_grid_r2_c5.png,10633,1,381,164,31.5,3
49,6_320x stock m270_4x obj_grid_r2_c5.png,10634,1,126,165,46.0,3
49,6_320x stock m270_4x obj_grid_r2_c5.png,10635,1,194,153,31.5,3
49,6_320x stock m270_4x obj_grid_r2_c5.png,10636,1,218,146,46.0,3
49,6_320x stock m270_4x obj_grid_r2_c5.png,10637,1,139,147,46.0,3
49,6_320x stock m270_4x obj_grid_r2_c5.png,10638,1,354,146,46.0,3
49,6_320x stock m270_4x obj_grid_r2_c5.png,10639,1,198,146,31.5,3
49,6_320x stock m270_4x obj_grid_r2_c5.png,10640,1,390,141,46.0,3
49,6_320x stock m270_4x obj_grid_r2_c5.png,10641,1,402,137,46.0,3
49,6_320x stock m270_4x obj_grid_r2_c5.png,10642,1,376,134,46.0,3
49,6_320x stock m270_4x obj_grid_r2_c5.png,10643,1,92,129,31.5,3
49,6_320x stock m270_4x obj_grid_r2_c5.png,10644,1,301,127,190.0,7
49,6_320x stock m270_4x obj_grid_r2_c5.png,10645,1,497,123,31.5,3
49,6_320x stock m270_4x obj_grid_r2_c5.png,10646,1,414,119,46.0,3
49,6_320x stock m270_4x obj_grid_r2_c5.png,10647,1,352,115,46.0,3
49,6_320x stock m270_4x obj_grid_r2_c5.png,10648,1,213,114,46.0,3
49,6_320x stock m270_4x obj_grid_r2_c5.png,10649,1,384,112,46.0,3
49,6_320x stock m270_4x obj_grid_r2_c5.png,10650,1,85,108,46.0,3
49,6_320x stock m270_4x obj_grid_r2_c5.png,10651,1,291,93,46.0,3
49,6_320x stock m270_4x obj_grid_r2_c5.png,10652,1,147,88,46.0,3
49,6_320x stock m270_4x obj_grid_r2_c5.png,10653,1,94,84,31.5,3
49,6_320x stock m270_4x obj_grid_r2_c5.png,10654,1,379,86,46.0,3
49,6_320x stock m270_4x obj_grid_r2_c5.png,10655,1,344,84,31.5,3
49,6_320x stock m270_4x obj_grid_r2_c5.png,10656,1,134,79,31.5,3
49,6_320x stock m270_4x obj_grid_r2_c5.png,10657,1,488,76,31.5,3
49,6_320x stock m270_4x obj_grid_r2_c5.png,10658,1,477,73,46.0,3
49,6_320x stock m270_4x obj_grid_r2_c5.png,10659,1,439,70,46.0,3
49,6_320x stock m270_4x obj_grid_r2_c5.png,10660,1,290,65,46.0,3
49,6_320x stock m270_4x obj_grid_r2_c5.png,10661,1,9,65,46.0,3
49,6_320x stock m270_4x obj_grid_r2_c5.png,10662,1,57,61,46.0,3
49,6_320x stock m270_4x obj_grid_r2_c5.png,10663,1,225,55,46.0,3
49,6_320x stock m270_4x obj_grid_r2_c5.png,10664,1,441,54,46.0,3
49,6_320x stock m270_4x obj_grid_r2_c5.png,10665,1,453,52,31.5,3
49,6_320x stock m270_4x obj_grid_r2_c5.png,10666,1,287,52,46.0,3
49,6_320x stock m270_4x obj_grid_r2_c5.png,10667,1,191,52,46.0,3
49,6_320x stock m270_4x obj_grid_r2_c5.png,10668,1,485,50,46.0,3
49,6_320x stock m270_4x obj_grid_r2_c5.png,10669,1,380,49,46.0,3
49,6_320x stock m270_4x obj_grid_r2_c5.png,10670,1,340,44,46.0,3
49,6_320x stock m270_4x obj_grid_r2_c5.png,10671,1,163,39,46.0,3
49,6_320x stock m270_4x obj_grid_r2_c5.png,10672,1,375,24,46.0,3
49,6_320x stock m270_4x obj_grid_r2_c5.png,10673,1,351,23,46.0,3
49,6_320x stock m270_4x obj_grid_r2_c5.png,10674,1,81,23,46.0,3
49,6_320x stock m270_4x obj_grid_r2_c5.png,10675,1,361,17,46.0,3
49,6_320x stock m270_4x obj_grid_r2_c5.png,10676,1,16,13,46.0,3
49,6_320x stock m270_4x obj_grid_r2_c5.png,10677,1,341,10,46.0,3
49,6_320x stock m270_4x obj_grid_r2_c5.png,10678,1,457,6,46.0,3
49,6_320x stock m270_4x obj_grid_r2_c5.png,10679,1,476,5,46.0,3
49,6_320x stock m270_4x obj_grid_r2_c5.png,10680,1,322,3,31.5,3
49,6_320x stock m270_4x obj_grid_r2_c5.png,10681,1,76,477,31.5,3
49,6_320x stock m270_4x obj_grid_r2_c5.png,10682,1,287,471,46.0,3
49,6_320x stock m270_4x obj_grid_r2_c5.png,10683,1,207,443,46.0,3
49,6_320x stock m270_4x obj_grid_r2_c5.png,10684,1,486,444,147.5,6
49,6_320x stock m270_4x obj_grid_r2_c5.png,10685,1,407,427,46.0,3
49,6_320x stock m270_4x obj_grid_r2_c5.png,10686,1,360,418,46.0,3
49,6_320x stock m270_4x obj_grid_r2_c5.png,10687,1,440,414,31.5,3
49,6_320x stock m270_4x obj_grid_r2_c5.png,10688,1,46,414,8.0,1
49,6_320x stock m270_4x obj_grid_r2_c5.png,10689,1,327,403,104.0,5
49,6_320x stock m270_4x obj_grid_r2_c5.png,10690,1,339,391,46.0,3
49,6_320x stock m270_4x obj_grid_r2_c5.png,10691,1,247,389,31.5,3
49,6_320x stock m270_4x obj_grid_r2_c5.png,10692,1,406,389,46.0,3
49,6_320x stock m270_4x obj_grid_r2_c5.png,10693,1,157,387,46.0,3
49,6_320x stock m270_4x obj_grid_r2_c5.png,10694,1,499,372,46.0,3
49,6_320x stock m270_4x obj_grid_r2_c5.png,10695,1,314,362,46.0,3
49,6_320x stock m270_4x obj_grid_r2_c5.png,10696,1,438,350,190.0,7
49,6_320x stock m270_4x obj_grid_r2_c5.png,10697,1,49,339,31.5,3
50,6_320x stock m270_4x obj_grid_r2_c6.png,10698,1,295,409,46.0,3
50,6_320x stock m270_4x obj_grid_r2_c6.png,10699,1,217,410,46.0,3
50,6_320x stock m270_4x obj_grid_r2_c6.png,10700,1,87,180,190.0,7
50,6_320x stock m270_4x obj_grid_r2_c6.png,10701,1,226,183,104.0,5
50,6_320x stock m270_4x obj_grid_r2_c6.png,10702,1,456,244,104.0,5
50,6_320x stock m270_4x obj_grid_r2_c6.png,10703,1,90,352,31.5,3
50,6_320x stock m270_4x obj_grid_r2_c6.png,10704,1,288,390,31.5,3
50,6_320x stock m270_4x obj_grid_r2_c6.png,10705,1,295,385,31.5,3
50,6_320x stock m270_4x obj_grid_r2_c6.png,10706,1,131,326,31.5,3
50,6_320x stock m270_4x obj_grid_r2_c6.png,10707,1,128,317,31.5,3
50,6_320x stock m270_4x obj_grid_r2_c6.png,10708,1,201,304,31.5,3
50,6_320x stock m270_4x obj_grid_r2_c6.png,10709,1,206,298,31.5,3
50,6_320x stock m270_4x obj_grid_r2_c6.png,10710,1,38,321,31.5,3
50,6_320x stock m270_4x obj_grid_r2_c6.png,10711,1,35,314,31.5,3
50,6_320x stock m270_4x obj_grid_r2_c6.png,10712,1,165,214,31.5,3
50,6_320x stock m270_4x obj_grid_r2_c6.png,10713,1,171,212,31.5,3
50,6_320x stock m270_4x obj_grid_r2_c6.png,10714,1,316,244,31.5,3
50,6_320x stock m270_4x obj_grid_r2_c6.png,10715,1,320,253,31.5,3
50,6_320x stock m270_4x obj_grid_r2_c6.png,10716,1,400,255,31.5,3
50,6_320x stock m270_4x obj_grid_r2_c6.png,10717,1,403,247,31.5,3
50,6_320x stock m270_4x obj_grid_r2_c6.png,10718,1,390,244,31.5,3
50,6_320x stock m270_4x obj_grid_r2_c6.png,10719,1,387,234,31.5,3
50,6_320x stock m270_4x obj_grid_r2_c6.png,10720,1,330,221,31.5,3
50,6_320x stock m270_4x obj_grid_r2_c6.png,10721,1,322,223,31.5,3
50,6_320x stock m270_4x obj_grid_r2_c6.png,10722,1,326,233,31.5,3
50,6_320x stock m270_4x obj_grid_r2_c6.png,10723,1,347,235,31.5,3
50,6_320x stock m270_4x obj_grid_r2_c6.png,10724,1,343,229,31.5,3
50,6_320x stock m270_4x obj_grid_r2_c6.png,10725,1,347,223,31.5,3
50,6_320x stock m270_4x obj_grid_r2_c6.png,10726,1,391,266,31.5,3
50,6_320x stock m270_4x obj_grid_r2_c6.png,10727,1,383,270,31.5,3
50,6_320x stock m270_4x obj_grid_r2_c6.png,10728,1,384,276,31.5,3
50,6_320x stock m270_4x obj_grid_r2_c6.png,10729,1,409,300,31.5,3
50,6_320x stock m270_4x obj_grid_r2_c6.png,10730,1,416,297,31.5,3
50,6_320x stock m270_4x obj_grid_r2_c6.png,10731,1,415,208,31.5,3
50,6_320x stock m270_4x obj_grid_r2_c6.png,10732,1,411,200,31.5,3
50,6_320x stock m270_4x obj_grid_r2_c6.png,10733,1,414,193,31.5,3
50,6_320x stock m270_4x obj_grid_r2_c6.png,10734,1,416,186,31.5,3
50,6_320x stock m270_4x obj_grid_r2_c6.png,10735,1,318,200,31.5,3
50,6_320x stock m270_4x obj_grid_r2_c6.png,10736,1,310,195,31.5,3
50,6_320x stock m270_4x obj_grid_r2_c6.png,10737,1,308,185,31.5,3
50,6_320x stock m270_4x obj_grid_r2_c6.png,10738,1,317,179,31.5,3
50,6_320x stock m270_4x obj_grid_r2_c6.png,10739,1,254,270,31.5,3
50,6_320x stock m270_4x obj_grid_r2_c6.png,10740,1,256,262,31.5,3
50,6_320x stock m270_4x obj_grid_r2_c6.png,10741,1,270,269,31.5,3
50,6_320x stock m270_4x obj_grid_r2_c6.png,10742,1,266,262,31.5,3
50,6_320x stock m270_4x obj_grid_r2_c6.png,10743,1,41,209,31.5,3
50,6_320x stock m270_4x obj_grid_r2_c6.png,10744,1,50,214,31.5,3
50,6_320x stock m270_4x obj_grid_r2_c6.png,10745,1,27,230,31.5,3
50,6_320x stock m270_4x obj_grid_r2_c6.png,10746,1,30,237,31.5,3
50,6_320x stock m270_4x obj_grid_r2_c6.png,10747,1,96,247,31.5,3
50,6_320x stock m270_4x obj_grid_r2_c6.png,10748,1,200,238,31.5,3
50,6_320x stock m270_4x obj_grid_r2_c6.png,10749,1,206,260,31.5,3
50,6_320x stock m270_4x obj_grid_r2_c6.png,10750,1,201,250,31.5,3
50,6_320x stock m270_4x obj_grid_r2_c6.png,10751,1,41,156,31.5,3
50,6_320x stock m270_4x obj_grid_r2_c6.png,10752,1,41,148,31.5,3
50,6_320x stock m270_4x obj_grid_r2_c6.png,10753,1,48,147,31.5,3
50,6_320x stock m270_4x obj_grid_r2_c6.png,10754,1,166,154,31.5,3
50,6_320x stock m270_4x obj_grid_r2_c6.png,10755,1,165,144,31.5,3
50,6_320x stock m270_4x obj_grid_r2_c6.png,10756,1,95,152,31.5,3
50,6_320x stock m270_4x obj_grid_r2_c6.png,10757,1,95,158,31.5,3
50,6_320x stock m270_4x obj_grid_r2_c6.png,10758,1,108,51,31.5,3
50,6_320x stock m270_4x obj_grid_r2_c6.png,10759,1,96,46,31.5,3
50,6_320x stock m270_4x obj_grid_r2_c6.png,10760,1,71,39,31.5,3
50,6_320x stock m270_4x obj_grid_r2_c6.png,10761,1,70,27,31.5,3
50,6_320x stock m270_4x obj_grid_r2_c6.png,10762,1,229,10,31.5,3
50,6_320x stock m270_4x obj_grid_r2_c6.png,10763,1,210,45,31.5,3
50,6_320x stock m270_4x obj_grid_r2_c6.png,10764,1,222,42,31.5,3
50,6_320x stock m270_4x obj_grid_r2_c6.png,10765,1,219,50,31.5,3
50,6_320x stock m270_4x obj_grid_r2_c6.png,10766,1,307,8,31.5,3
50,6_320x stock m270_4x obj_grid_r2_c6.png,10767,1,297,2,28.0,2
50,6_320x stock m270_4x obj_grid_r2_c6.png,10768,1,78,104,31.5,3
50,6_320x stock m270_4x obj_grid_r2_c6.png,10769,1,84,100,31.5,3
50,6_320x stock m270_4x obj_grid_r2_c6.png,10770,1,3,73,31.5,3
50,6_320x stock m270_4x obj_grid_r2_c6.png,10771,1,293,86,31.5,3
50,6_320x stock m270_4x obj_grid_r2_c6.png,10772,1,304,87,31.5,3
50,6_320x stock m270_4x obj_grid_r2_c6.png,10773,1,346,170,31.5,3
50,6_320x stock m270_4x obj_grid_r2_c6.png,10774,1,351,165,31.5,3
50,6_320x stock m270_4x obj_grid_r2_c6.png,10775,1,334,124,31.5,3
50,6_320x stock m270_4x obj_grid_r2_c6.png,10776,1,327,132,31.5,3
50,6_320x stock m270_4x obj_grid_r2_c6.png,10777,1,362,133,31.5,3
50,6_320x stock m270_4x obj_grid_r2_c6.png,10778,1,365,143,31.5,3
50,6_320x stock m270_4x obj_grid_r2_c6.png,10779,1,372,93,31.5,3
50,6_320x stock m270_4x obj_grid_r2_c6.png,10780,1,381,92,31.5,3
50,6_320x stock m270_4x obj_grid_r2_c6.png,10781,1,398,113,31.5,3
50,6_320x stock m270_4x obj_grid_r2_c6.png,10782,1,407,134,31.5,3
50,6_320x stock m270_4x obj_grid_r2_c6.png,10783,1,418,136,31.5,3
50,6_320x stock m270_4x obj_grid_r2_c6.png,10784,1,436,105,31.5,3
50,6_320x stock m270_4x obj_grid_r2_c6.png,10785,1,428,95,31.5,3
50,6_320x stock m270_4x obj_grid_r2_c6.png,10786,1,427,102,31.5,3
50,6_320x stock m270_4x obj_grid_r2_c6.png,10787,1,419,103,31.5,3
50,6_320x stock m270_4x obj_grid_r2_c6.png,10788,1,394,102,31.5,3
50,6_320x stock m270_4x obj_grid_r2_c6.png,10789,1,389,32,31.5,3
50,6_320x stock m270_4x obj_grid_r2_c6.png,10790,1,378,38,31.5,3
50,6_320x stock m270_4x obj_grid_r2_c6.png,10791,1,379,30,31.5,3
50,6_320x stock m270_4x obj_grid_r2_c6.png,10792,1,434,230,31.5,3
50,6_320x stock m270_4x obj_grid_r2_c6.png,10793,1,434,239,31.5,3
50,6_320x stock m270_4x obj_grid_r2_c6.png,10794,1,443,245,31.5,3
50,6_320x stock m270_4x obj_grid_r2_c6.png,10795,1,508,175,27.5,2
50,6_320x stock m270_4x obj_grid_r2_c6.png,10796,1,508,148,31.5,3
50,6_320x stock m270_4x obj_grid_r2_c6.png,10797,1,508,138,31.5,3
50,6_320x stock m270_4x obj_grid_r2_c6.png,10798,1,508,128,27.5,2
50,6_320x stock m270_4x obj_grid_r2_c6.png,10799,1,500,155,31.5,3
50,6_320x stock m270_4x obj_grid_r2_c6.png,10800,1,219,336,31.5,3
50,6_320x stock m270_4x obj_grid_r2_c6.png,10801,1,317,364,31.5,3
50,6_320x stock m270_4x obj_grid_r2_c6.png,10802,1,308,358,31.5,3
50,6_320x stock m270_4x obj_grid_r2_c6.png,10803,1,301,364,31.5,3
50,6_320x stock m270_4x obj_grid_r2_c6.png,10804,1,307,368,31.5,3
50,6_320x stock m270_4x obj_grid_r2_c6.png,10805,1,362,353,31.5,3
50,6_320x stock m270_4x obj_grid_r2_c6.png,10806,1,338,379,31.5,3
50,6_320x stock m270_4x obj_grid_r2_c6.png,10807,1,340,387,31.5,3
50,6_320x stock m270_4x obj_grid_r2_c6.png,10808,1,332,412,31.5,3
50,6_320x stock m270_4x obj_grid_r2_c6.png,10809,1,331,405,31.5,3
50,6_320x stock m270_4x obj_grid_r2_c6.png,10810,1,87,475,31.5,3
50,6_320x stock m270_4x obj_grid_r2_c6.png,10811,1,164,446,31.5,3
50,6_320x stock m270_4x obj_grid_r2_c6.png,10812,1,170,447,31.5,3
50,6_320x stock m270_4x obj_grid_r2_c6.png,10813,1,178,449,31.5,3
50,6_320x stock m270_4x obj_grid_r2_c6.png,10814,1,189,452,31.5,3
50,6_320x stock m270_4x obj_grid_r2_c6.png,10815,1,226,490,31.5,3
50,6_320x stock m270_4x obj_grid_r2_c6.png,10816,1,226,483,31.5,3
50,6_320x stock m270_4x obj_grid_r2_c6.png,10817,1,235,485,31.5,3
50,6_320x stock m270_4x obj_grid_r2_c6.png,10818,1,209,458,31.5,3
50,6_320x stock m270_4x obj_grid_r2_c6.png,10819,1,211,465,31.5,3
50,6_320x stock m270_4x obj_grid_r2_c6.png,10820,1,207,471,31.5,3
50,6_320x stock m270_4x obj_grid_r2_c6.png,10821,1,208,442,31.5,3
50,6_320x stock m270_4x obj_grid_r2_c6.png,10822,1,212,434,31.5,3
50,6_320x stock m270_4x obj_grid_r2_c6.png,10823,1,228,424,31.5,3
50,6_320x stock m270_4x obj_grid_r2_c6.png,10824,1,237,428,31.5,3
50,6_320x stock m270_4x obj_grid_r2_c6.png,10825,1,204,375,31.5,3
50,6_320x stock m270_4x obj_grid_r2_c6.png,10826,1,211,370,31.5,3
50,6_320x stock m270_4x obj_grid_r2_c6.png,10827,1,80,469,31.5,3
50,6_320x stock m270_4x obj_grid_r2_c6.png,10828,1,15,442,31.5,3
50,6_320x stock m270_4x obj_grid_r2_c6.png,10829,1,290,483,31.5,3
50,6_320x stock m270_4x obj_grid_r2_c6.png,10830,1,294,493,31.5,3
50,6_320x stock m270_4x obj_grid_r2_c6.png,10831,1,312,492,31.5,3
50,6_320x stock m270_4x obj_grid_r2_c6.png,10832,1,320,497,31.5,3
50,6_320x stock m270_4x obj_grid_r2_c6.png,10833,1,466,403,31.5,3
50,6_320x stock m270_4x obj_grid_r2_c6.png,10834,1,468,394,31.5,3
50,6_320x stock m270_4x obj_grid_r2_c6.png,10835,1,468,385,31.5,3
50,6_320x stock m270_4x obj_grid_r2_c6.png,10836,1,412,413,31.5,3
50,6_320x stock m270_4x obj_grid_r2_c6.png,10837,1,405,408,31.5,3
50,6_320x stock m270_4x obj_grid_r2_c6.png,10838,1,443,446,31.5,3
50,6_320x stock m270_4x obj_grid_r2_c6.png,10839,1,434,440,31.5,3
50,6_320x stock m270_4x obj_grid_r2_c6.png,10840,1,411,455,31.5,3
50,6_320x stock m270_4x obj_grid_r2_c6.png,10841,1,413,464,31.5,3
50,6_320x stock m270_4x obj_grid_r2_c6.png,10842,1,466,508,26.5,2
50,6_320x stock m270_4x obj_grid_r2_c6.png,10843,1,432,488,31.5,3
50,6_320x stock m270_4x obj_grid_r2_c6.png,10844,1,441,494,31.5,3
50,6_320x stock m270_4x obj_grid_r2_c6.png,10845,1,418,496,31.5,3
50,6_320x stock m270_4x obj_grid_r2_c6.png,10846,1,414,504,31.5,3
50,6_320x stock m270_4x obj_grid_r2_c6.png,10847,1,376,508,31.5,3
50,6_320x stock m270_4x obj_grid_r2_c6.png,10848,1,480,453,31.5,3
50,6_320x stock m270_4x obj_grid_r2_c6.png,10849,1,490,450,31.5,3
50,6_320x stock m270_4x obj_grid_r2_c6.png,10850,1,498,446,31.5,3
50,6_320x stock m270_4x obj_grid_r2_c6.png,10851,1,508,417,27.5,2
50,6_320x stock m270_4x obj_grid_r2_c6.png,10852,1,469,497,31.5,3
50,6_320x stock m270_4x obj_grid_r2_c6.png,10853,1,476,502,31.5,3
50,6_320x stock m270_4x obj_grid_r2_c6.png,10854,1,482,305,31.5,3
50,6_320x stock m270_4x obj_grid_r2_c6.png,10855,1,399,346,31.5,3
50,6_320x stock m270_4x obj_grid_r2_c6.png,10856,1,393,343,31.5,3
50,6_320x stock m270_4x obj_grid_r2_c6.png,10857,1,452,277,31.5,3
50,6_320x stock m270_4x obj_grid_r2_c6.png,10858,1,446,267,31.5,3
50,6_320x stock m270_4x obj_grid_r2_c6.png,10859,1,445,274,31.5,3
50,6_320x stock m270_4x obj_grid_r2_c6.png,10860,1,233,446,31.5,3
50,6_320x stock m270_4x obj_grid_r2_c6.png,10861,1,226,437,31.5,3
50,6_320x stock m270_4x obj_grid_r2_c6.png,10862,1,227,444,31.5,3
50,6_320x stock m270_4x obj_grid_r2_c6.png,10863,1,13,487,31.5,3
50,6_320x stock m270_4x obj_grid_r2_c6.png,10864,1,10,494,31.5,3
50,6_320x stock m270_4x obj_grid_r2_c6.png,10865,1,8,449,31.5,3
50,6_320x stock m270_4x obj_grid_r2_c6.png,10866,1,84,426,31.5,3
50,6_320x stock m270_4x obj_grid_r2_c6.png,10867,1,421,413,31.5,3
50,6_320x stock m270_4x obj_grid_r2_c6.png,10868,1,119,417,46.0,3
50,6_320x stock m270_4x obj_grid_r2_c6.png,10869,1,304,418,46.0,3
50,6_320x stock m270_4x obj_grid_r2_c6.png,10870,1,62,418,46.0,3
50,6_320x stock m270_4x obj_grid_r2_c6.png,10871,1,257,419,46.0,3
50,6_320x stock m270_4x obj_grid_r2_c6.png,10872,1,102,421,46.0,3
50,6_320x stock m270_4x obj_grid_r2_c6.png,10873,1,130,424,46.0,3
50,6_320x stock m270_4x obj_grid_r2_c6.png,10874,1,417,426,46.0,3
50,6_320x stock m270_4x obj_grid_r2_c6.png,10875,1,57,429,31.5,3
50,6_320x stock m270_4x obj_grid_r2_c6.png,10876,1,110,430,46.0,3
50,6_320x stock m270_4x obj_grid_r2_c6.png,10877,1,160,438,46.0,3
50,6_320x stock m270_4x obj_grid_r2_c6.png,10878,1,425,438,31.5,3
50,6_320x stock m270_4x obj_grid_r2_c6.png,10879,1,345,442,46.0,3
50,6_320x stock m270_4x obj_grid_r2_c6.png,10880,1,361,448,46.0,3
50,6_320x stock m270_4x obj_grid_r2_c6.png,10881,1,329,450,46.0,3
50,6_320x stock m270_4x obj_grid_r2_c6.png,10882,1,174,468,46.0,3
50,6_320x stock m270_4x obj_grid_r2_c6.png,10883,1,421,471,31.5,3
50,6_320x stock m270_4x obj_grid_r2_c6.png,10884,1,231,474,31.5,3
50,6_320x stock m270_4x obj_grid_r2_c6.png,10885,1,45,477,46.0,3
50,6_320x stock m270_4x obj_grid_r2_c6.png,10886,1,106,478,46.0,3
50,6_320x stock m270_4x obj_grid_r2_c6.png,10887,1,354,480,46.0,3
50,6_320x stock m270_4x obj_grid_r2_c6.png,10888,1,157,482,46.0,3
50,6_320x stock m270_4x obj_grid_r2_c6.png,10889,1,371,482,46.0,3
50,6_320x stock m270_4x obj_grid_r2_c6.png,10890,1,335,485,31.5,3
50,6_320x stock m270_4x obj_grid_r2_c6.png,10891,1,46,489,46.0,3
50,6_320x stock m270_4x obj_grid_r2_c6.png,10892,1,129,502,46.0,3
50,6_320x stock m270_4x obj_grid_r2_c6.png,10893,1,115,504,46.0,3
50,6_320x stock m270_4x obj_grid_r2_c6.png,10894,1,163,506,46.0,3
50,6_320x stock m270_4x obj_grid_r2_c6.png,10895,1,153,6,104.0,5
50,6_320x stock m270_4x obj_grid_r2_c6.png,10896,1,424,8,74.5,4
50,6_320x stock m270_4x obj_grid_r2_c6.png,10897,1,113,11,46.0,3
50,6_320x stock m270_4x obj_grid_r2_c6.png,10898,1,222,18,31.5,3
50,6_320x stock m270_4x obj_grid_r2_c6.png,10899,1,476,48,104.0,5
50,6_320x stock m270_4x obj_grid_r2_c6.png,10900,1,10,50,46.0,3
50,6_320x stock m270_4x obj_grid_r2_c6.png,10901,1,101,64,46.0,3
50,6_320x stock m270_4x obj_grid_r2_c6.png,10902,1,13,76,46.0,3
50,6_320x stock m270_4x obj_grid_r2_c6.png,10903,1,330,75,46.0,3
50,6_320x stock m270_4x obj_grid_r2_c6.png,10904,1,385,77,46.0,3
50,6_320x stock m270_4x obj_grid_r2_c6.png,10905,1,228,78,74.5,4
50,6_320x stock m270_4x obj_grid_r2_c6.png,10906,1,177,86,46.0,3
50,6_320x stock m270_4x obj_grid_r2_c6.png,10907,1,204,85,46.0,3
50,6_320x stock m270_4x obj_grid_r2_c6.png,10908,1,415,88,46.0,3
50,6_320x stock m270_4x obj_grid_r2_c6.png,10909,1,264,95,74.5,4
50,6_320x stock m270_4x obj_grid_r2_c6.png,10910,1,140,95,46.0,3
50,6_320x stock m270_4x obj_grid_r2_c6.png,10911,1,189,102,74.5,4
50,6_320x stock m270_4x obj_grid_r2_c6.png,10912,1,36,104,46.0,3
50,6_320x stock m270_4x obj_grid_r2_c6.png,10913,1,138,111,46.0,3
50,6_320x stock m270_4x obj_grid_r2_c6.png,10914,1,316,114,74.5,4
50,6_320x stock m270_4x obj_grid_r2_c6.png,10915,1,184,116,74.5,4
50,6_320x stock m270_4x obj_grid_r2_c6.png,10916,1,74,121,46.0,3
50,6_320x stock m270_4x obj_grid_r2_c6.png,10917,1,55,123,46.0,3
50,6_320x stock m270_4x obj_grid_r2_c6.png,10918,1,22,123,31.5,3
50,6_320x stock m270_4x obj_grid_r2_c6.png,10919,1,381,130,74.5,4
50,6_320x stock m270_4x obj_grid_r2_c6.png,10920,1,84,132,46.0,3
50,6_320x stock m270_4x obj_grid_r2_c6.png,10921,1,239,134,46.0,3
50,6_320x stock m270_4x obj_grid_r2_c6.png,10922,1,35,137,46.0,3
50,6_320x stock m270_4x obj_grid_r2_c6.png,10923,1,101,141,46.0,3
50,6_320x stock m270_4x obj_grid_r2_c6.png,10924,1,193,142,46.0,3
50,6_320x stock m270_4x obj_grid_r2_c6.png,10925,1,79,142,46.0,3
50,6_320x stock m270_4x obj_grid_r2_c6.png,10926,1,109,150,46.0,3
50,6_320x stock m270_4x obj_grid_r2_c6.png,10927,1,69,152,46.0,3
50,6_320x stock m270_4x obj_grid_r2_c6.png,10928,1,27,153,31.5,3
50,6_320x stock m270_4x obj_grid_r2_c6.png,10929,1,128,156,74.5,4
50,6_320x stock m270_4x obj_grid_r2_c6.png,10930,1,365,155,46.0,3
50,6_320x stock m270_4x obj_grid_r2_c6.png,10931,1,286,157,46.0,3
50,6_320x stock m270_4x obj_grid_r2_c6.png,10932,1,207,158,46.0,3
50,6_320x stock m270_4x obj_grid_r2_c6.png,10933,1,152,160,46.0,3
50,6_320x stock m270_4x obj_grid_r2_c6.png,10934,1,432,160,74.5,4
50,6_320x stock m270_4x obj_grid_r2_c6.png,10935,1,461,166,46.0,3
50,6_320x stock m270_4x obj_grid_r2_c6.png,10936,1,293,166,46.0,3
50,6_320x stock m270_4x obj_grid_r2_c6.png,10937,1,150,170,31.5,3
50,6_320x stock m270_4x obj_grid_r2_c6.png,10938,1,70,172,46.0,3
50,6_320x stock m270_4x obj_grid_r2_c6.png,10939,1,484,174,46.0,3
50,6_320x stock m270_4x obj_grid_r2_c6.png,10940,1,202,180,46.0,3
50,6_320x stock m270_4x obj_grid_r2_c6.png,10941,1,143,187,46.0,3
50,6_320x stock m270_4x obj_grid_r2_c6.png,10942,1,117,190,46.0,3
50,6_320x stock m270_4x obj_grid_r2_c6.png,10943,1,193,191,46.0,3
50,6_320x stock m270_4x obj_grid_r2_c6.png,10944,1,156,195,46.0,3
50,6_320x stock m270_4x obj_grid_r2_c6.png,10945,1,255,198,46.0,3
50,6_320x stock m270_4x obj_grid_r2_c6.png,10946,1,451,198,46.0,3
50,6_320x stock m270_4x obj_grid_r2_c6.png,10947,1,214,198,46.0,3
50,6_320x stock m270_4x obj_grid_r2_c6.png,10948,1,102,199,46.0,3
50,6_320x stock m270_4x obj_grid_r2_c6.png,10949,1,184,205,46.0,3
50,6_320x stock m270_4x obj_grid_r2_c6.png,10950,1,154,206,46.0,3
50,6_320x stock m270_4x obj_grid_r2_c6.png,10951,1,452,209,46.0,3
50,6_320x stock m270_4x obj_grid_r2_c6.png,10952,1,258,213,74.5,4
50,6_320x stock m270_4x obj_grid_r2_c6.png,10953,1,156,222,31.5,3
50,6_320x stock m270_4x obj_grid_r2_c6.png,10954,1,187,223,46.0,3
50,6_320x stock m270_4x obj_grid_r2_c6.png,10955,1,243,225,74.5,4
50,6_320x stock m270_4x obj_grid_r2_c6.png,10956,1,445,225,46.0,3
50,6_320x stock m270_4x obj_grid_r2_c6.png,10957,1,364,230,46.0,3
50,6_320x stock m270_4x obj_grid_r2_c6.png,10958,1,249,241,46.0,3
50,6_320x stock m270_4x obj_grid_r2_c6.png,10959,1,287,243,46.0,3
50,6_320x stock m270_4x obj_grid_r2_c6.png,10960,1,268,245,74.5,4
50,6_320x stock m270_4x obj_grid_r2_c6.png,10961,1,72,249,46.0,3
50,6_320x stock m270_4x obj_grid_r2_c6.png,10962,1,424,253,46.0,3
50,6_320x stock m270_4x obj_grid_r2_c6.png,10963,1,365,253,46.0,3
50,6_320x stock m270_4x obj_grid_r2_c6.png,10964,1,282,254,46.0,3
50,6_320x stock m270_4x obj_grid_r2_c6.png,10965,1,14,255,46.0,3
50,6_320x stock m270_4x obj_grid_r2_c6.png,10966,1,342,257,46.0,3
50,6_320x stock m270_4x obj_grid_r2_c6.png,10967,1,468,258,46.0,3
50,6_320x stock m270_4x obj_grid_r2_c6.png,10968,1,508,258,31.5,3
50,6_320x stock m270_4x obj_grid_r2_c6.png,10969,1,48,267,46.0,3
50,6_320x stock m270_4x obj_grid_r2_c6.png,10970,1,135,270,46.0,3
50,6_320x stock m270_4x obj_grid_r2_c6.png,10971,1,336,270,46.0,3
50,6_320x stock m270_4x obj_grid_r2_c6.png,10972,1,464,276,46.0,3
50,6_320x stock m270_4x obj_grid_r2_c6.png,10973,1,260,281,46.0,3
50,6_320x stock m270_4x obj_grid_r2_c6.png,10974,1,231,285,46.0,3
50,6_320x stock m270_4x obj_grid_r2_c6.png,10975,1,135,286,46.0,3
50,6_320x stock m270_4x obj_grid_r2_c6.png,10976,1,159,290,46.0,3
50,6_320x stock m270_4x obj_grid_r2_c6.png,10977,1,259,303,46.0,3
50,6_320x stock m270_4x obj_grid_r2_c6.png,10978,1,238,303,46.0,3
50,6_320x stock m270_4x obj_grid_r2_c6.png,10979,1,466,307,46.0,3
50,6_320x stock m270_4x obj_grid_r2_c6.png,10980,1,305,307,46.0,3
50,6_320x stock m270_4x obj_grid_r2_c6.png,10981,1,335,309,46.0,3
50,6_320x stock m270_4x obj_grid_r2_c6.png,10982,1,509,309,8.0,1
50,6_320x stock m270_4x obj_grid_r2_c6.png,10983,1,56,311,46.0,3
50,6_320x stock m270_4x obj_grid_r2_c6.png,10984,1,454,314,46.0,3
50,6_320x stock m270_4x obj_grid_r2_c6.png,10985,1,421,315,31.5,3
50,6_320x stock m270_4x obj_grid_r2_c6.png,10986,1,177,324,46.0,3
50,6_320x stock m270_4x obj_grid_r2_c6.png,10987,1,480,326,74.5,4
50,6_320x stock m270_4x obj_grid_r2_c6.png,10988,1,462,335,74.5,4
50,6_320x stock m270_4x obj_grid_r2_c6.png,10989,1,418,335,46.0,3
50,6_320x stock m270_4x obj_grid_r2_c6.png,10990,1,211,337,31.5,3
50,6_320x stock m270_4x obj_grid_r2_c6.png,10991,1,339,337,31.5,3
50,6_320x stock m270_4x obj_grid_r2_c6.png,10992,1,373,342,46.0,3
50,6_320x stock m270_4x obj_grid_r2_c6.png,10993,1,316,344,46.0,3
50,6_320x stock m270_4x obj_grid_r2_c6.png,10994,1,342,347,31.5,3
50,6_320x stock m270_4x obj_grid_r2_c6.png,10995,1,159,354,46.0,3
50,6_320x stock m270_4x obj_grid_r2_c6.png,10996,1,399,355,46.0,3
50,6_320x stock m270_4x obj_grid_r2_c6.png,10997,1,411,366,46.0,3
50,6_320x stock m270_4x obj_grid_r2_c6.png,10998,1,289,370,46.0,3
50,6_320x stock m270_4x obj_grid_r2_c6.png,10999,1,442,370,46.0,3
50,6_320x stock m270_4x obj_grid_r2_c6.png,11000,1,24,372,46.0,3
50,6_320x stock m270_4x obj_grid_r2_c6.png,11001,1,223,379,46.0,3
50,6_320x stock m270_4x obj_grid_r2_c6.png,11002,1,386,379,46.0,3
50,6_320x stock m270_4x obj_grid_r2_c6.png,11003,1,307,380,31.5,3
50,6_320x stock m270_4x obj_grid_r2_c6.png,11004,1,449,381,46.0,3
50,6_320x stock m270_4x obj_grid_r2_c6.png,11005,1,306,388,31.5,3
50,6_320x stock m270_4x obj_grid_r2_c6.png,11006,1,390,398,46.0,3
50,6_320x stock m270_4x obj_grid_r2_c6.png,11007,1,453,414,46.0,3
50,6_320x stock m270_4x obj_grid_r2_c6.png,11008,1,473,415,46.0,3
50,6_320x stock m270_4x obj_grid_r2_c6.png,11009,1,405,418,46.0,3
50,6_320x stock m270_4x obj_grid_r2_c6.png,11010,1,69,428,31.5,3
50,6_320x stock m270_4x obj_grid_r2_c6.png,11011,1,232,427,31.5,3
50,6_320x stock m270_4x obj_grid_r2_c6.png,11012,1,476,432,74.5,4
50,6_320x stock m270_4x obj_grid_r2_c6.png,11013,1,503,440,31.5,3
50,6_320x stock m270_4x obj_grid_r2_c6.png,11014,1,499,456,46.0,3
50,6_320x stock m270_4x obj_grid_r2_c6.png,11015,1,270,477,104.0,5
50,6_320x stock m270_4x obj_grid_r2_c6.png,11016,1,324,478,31.5,3
50,6_320x stock m270_4x obj_grid_r2_c6.png,11017,1,437,492,31.5,3
50,6_320x stock m270_4x obj_grid_r2_c6.png,11018,1,325,491,31.5,3
50,6_320x stock m270_4x obj_grid_r2_c6.png,11019,1,393,500,46.0,3
50,6_320x stock m270_4x obj_grid_r2_c6.png,11020,1,505,503,46.0,3
50,6_320x stock m270_4x obj_grid_r2_c6.png,11021,1,341,509,8.0,1
50,6_320x stock m270_4x obj_grid_r2_c6.png,11022,1,386,3,43.0,3
50,6_320x stock m270_4x obj_grid_r2_c6.png,11023,1,450,2,28.0,2
50,6_320x stock m270_4x obj_grid_r2_c6.png,11024,1,198,4,31.5,3
50,6_320x stock m270_4x obj_grid_r2_c6.png,11025,1,397,8,46.0,3
50,6_320x stock m270_4x obj_grid_r2_c6.png,11026,1,55,15,46.0,3
50,6_320x stock m270_4x obj_grid_r2_c6.png,11027,1,151,18,46.0,3
50,6_320x stock m270_4x obj_grid_r2_c6.png,11028,1,356,20,74.5,4
50,6_320x stock m270_4x obj_grid_r2_c6.png,11029,1,126,21,46.0,3
50,6_320x stock m270_4x obj_grid_r2_c6.png,11030,1,46,21,46.0,3
50,6_320x stock m270_4x obj_grid_r2_c6.png,11031,1,139,22,31.5,3
50,6_320x stock m270_4x obj_grid_r2_c6.png,11032,1,436,22,46.0,3
50,6_320x stock m270_4x obj_grid_r2_c6.png,11033,1,284,23,46.0,3
50,6_320x stock m270_4x obj_grid_r2_c6.png,11034,1,481,24,46.0,3
50,6_320x stock m270_4x obj_grid_r2_c6.png,11035,1,161,28,46.0,3
50,6_320x stock m270_4x obj_grid_r2_c6.png,11036,1,295,27,46.0,3
50,6_320x stock m270_4x obj_grid_r2_c6.png,11037,1,182,35,46.0,3
50,6_320x stock m270_4x obj_grid_r2_c6.png,11038,1,325,36,46.0,3
50,6_320x stock m270_4x obj_grid_r2_c6.png,11039,1,407,37,31.5,3
50,6_320x stock m270_4x obj_grid_r2_c6.png,11040,1,193,41,31.5,3
50,6_320x stock m270_4x obj_grid_r2_c6.png,11041,1,369,41,31.5,3
50,6_320x stock m270_4x obj_grid_r2_c6.png,11042,1,39,43,46.0,3
50,6_320x stock m270_4x obj_grid_r2_c6.png,11043,1,336,46,46.0,3
50,6_320x stock m270_4x obj_grid_r2_c6.png,11044,1,197,50,31.5,3
50,6_320x stock m270_4x obj_grid_r2_c6.png,11045,1,174,51,46.0,3
50,6_320x stock m270_4x obj_grid_r2_c6.png,11046,1,448,56,31.5,3
50,6_320x stock m270_4x obj_grid_r2_c6.png,11047,1,357,62,46.0,3
50,6_320x stock m270_4x obj_grid_r2_c6.png,11048,1,206,66,46.0,3
50,6_320x stock m270_4x obj_grid_r2_c6.png,11049,1,37,69,46.0,3
50,6_320x stock m270_4x obj_grid_r2_c6.png,11050,1,445,73,74.5,4
50,6_320x stock m270_4x obj_grid_r2_c6.png,11051,1,73,73,46.0,3
50,6_320x stock m270_4x obj_grid_r2_c6.png,11052,1,456,85,31.5,3
50,6_320x stock m270_4x obj_grid_r2_c6.png,11053,1,88,88,31.5,3
50,6_320x stock m270_4x obj_grid_r2_c6.png,11054,1,446,88,31.5,3
50,6_320x stock m270_4x obj_grid_r2_c6.png,11055,1,319,89,46.0,3
50,6_320x stock m270_4x obj_grid_r2_c6.png,11056,1,479,102,46.0,3
50,6_320x stock m270_4x obj_grid_r2_c6.png,11057,1,58,106,46.0,3
50,6_320x stock m270_4x obj_grid_r2_c6.png,11058,1,213,108,46.0,3
50,6_320x stock m270_4x obj_grid_r2_c6.png,11059,1,234,113,46.0,3
50,6_320x stock m270_4x obj_grid_r2_c6.png,11060,1,445,113,46.0,3
50,6_320x stock m270_4x obj_grid_r2_c6.png,11061,1,277,115,46.0,3
50,6_320x stock m270_4x obj_grid_r2_c6.png,11062,1,118,121,46.0,3
50,6_320x stock m270_4x obj_grid_r2_c6.png,11063,1,146,123,31.5,3
50,6_320x stock m270_4x obj_grid_r2_c6.png,11064,1,201,123,46.0,3
50,6_320x stock m270_4x obj_grid_r2_c6.png,11065,1,355,123,46.0,3
50,6_320x stock m270_4x obj_grid_r2_c6.png,11066,1,168,133,46.0,3
50,6_320x stock m270_4x obj_grid_r2_c6.png,11067,1,467,138,74.5,4
50,6_320x stock m270_4x obj_grid_r2_c6.png,11068,1,244,145,46.0,3
50,6_320x stock m270_4x obj_grid_r2_c6.png,11069,1,338,148,46.0,3
50,6_320x stock m270_4x obj_grid_r2_c6.png,11070,1,223,166,46.0,3
50,6_320x stock m270_4x obj_grid_r2_c6.png,11071,1,267,167,46.0,3
50,6_320x stock m270_4x obj_grid_r2_c6.png,11072,1,160,172,31.5,3
50,6_320x stock m270_4x obj_grid_r2_c6.png,11073,1,312,181,31.5,3
50,6_320x stock m270_4x obj_grid_r2_c6.png,11074,1,400,179,46.0,3
50,6_320x stock m270_4x obj_grid_r2_c6.png,11075,1,359,180,46.0,3
50,6_320x stock m270_4x obj_grid_r2_c6.png,11076,1,257,186,31.5,3
50,6_320x stock m270_4x obj_grid_r2_c6.png,11077,1,394,197,31.5,3
50,6_320x stock m270_4x obj_grid_r2_c6.png,11078,1,479,199,46.0,3
50,6_320x stock m270_4x obj_grid_r2_c6.png,11079,1,295,210,46.0,3
50,6_320x stock m270_4x obj_grid_r2_c6.png,11080,1,468,211,46.0,3
50,6_320x stock m270_4x obj_grid_r2_c6.png,11081,1,347,294,46.0,3
50,6_320x stock m270_4x obj_grid_r2_c6.png,11082,1,479,369,147.5,6
50,6_320x stock m270_4x obj_grid_r2_c6.png,11083,1,303,5,31.5,3
50,6_320x stock m270_4x obj_grid_r2_c6.png,11084,1,411,42,31.5,3
50,6_320x stock m270_4x obj_grid_r2_c6.png,11085,1,166,92,74.5,4
50,6_320x stock m270_4x obj_grid_r2_c6.png,11086,1,466,223,31.5,3
50,6_320x stock m270_4x obj_grid_r2_c6.png,11087,1,323,228,8.0,1
50,6_320x stock m270_4x obj_grid_r2_c6.png,11088,1,139,388,104.0,5
50,6_320x stock m270_4x obj_grid_r2_c6.png,11089,1,269,404,104.0,5
50,6_320x stock m270_4x obj_grid_r2_c6.png,11090,1,470,87,74.5,4
50,6_320x stock m270_4x obj_grid_r2_c6.png,11091,1,493,301,46.0,3
50,6_320x stock m270_4x obj_grid_r2_c6.png,11092,1,442,473,74.5,4
50,6_320x stock m270_4x obj_grid_r2_c6.png,11093,1,304,500,74.5,4
50,6_320x stock m270_4x obj_grid_r2_c6.png,11094,1,497,32,46.0,3
50,6_320x stock m270_4x obj_grid_r2_c6.png,11095,1,149,48,74.5,4
50,6_320x stock m270_4x obj_grid_r2_c6.png,11096,1,459,56,46.0,3
50,6_320x stock m270_4x obj_grid_r2_c6.png,11097,1,279,73,46.0,3
50,6_320x stock m270_4x obj_grid_r2_c6.png,11098,1,125,91,104.0,5
50,6_320x stock m270_4x obj_grid_r2_c6.png,11099,1,155,126,46.0,3
50,6_320x stock m270_4x obj_grid_r2_c6.png,11100,1,356,206,104.0,5
50,6_320x stock m270_4x obj_grid_r2_c6.png,11101,1,478,225,74.5,4
50,6_320x stock m270_4x obj_grid_r2_c6.png,11102,1,102,255,46.0,3
50,6_320x stock m270_4x obj_grid_r2_c6.png,11103,1,362,326,74.5,4
50,6_320x stock m270_4x obj_grid_r2_c6.png,11104,1,264,503,8.0,1
50,6_320x stock m270_4x obj_grid_r2_c6.png,11105,1,89,430,31.5,3
50,6_320x stock m270_4x obj_grid_r2_c6.png,11106,1,15,413,31.5,3
50,6_320x stock m270_4x obj_grid_r2_c6.png,11107,1,14,420,31.5,3
50,6_320x stock m270_4x obj_grid_r2_c6.png,11108,1,11,278,31.5,3
50,6_320x stock m270_4x obj_grid_r2_c6.png,11109,1,10,289,31.5,3
50,6_320x stock m270_4x obj_grid_r2_c6.png,11110,1,8,160,31.5,3
50,6_320x stock m270_4x obj_grid_r2_c6.png,11111,1,8,166,31.5,3
50,6_320x stock m270_4x obj_grid_r2_c6.png,11112,1,301,395,31.5,3
50,6_320x stock m270_4x obj_grid_r2_c6.png,11113,1,456,41,46.0,3
50,6_320x stock m270_4x obj_grid_r2_c6.png,11114,1,100,84,74.5,4
50,6_320x stock m270_4x obj_grid_r2_c6.png,11115,1,130,197,74.5,4
50,6_320x stock m270_4x obj_grid_r2_c6.png,11116,1,437,318,46.0,3
50,6_320x stock m270_4x obj_grid_r2_c6.png,11117,1,442,433,74.5,4
50,6_320x stock m270_4x obj_grid_r2_c6.png,11118,1,176,15,190.0,7
50,6_320x stock m270_4x obj_grid_r2_c6.png,11119,1,390,58,104.0,5
50,6_320x stock m270_4x obj_grid_r2_c6.png,11120,1,401,210,46.0,3
50,6_320x stock m270_4x obj_grid_r2_c6.png,11121,1,372,356,31.5,3
50,6_320x stock m270_4x obj_grid_r2_c6.png,11122,1,13,362,46.0,3
50,6_320x stock m270_4x obj_grid_r2_c6.png,11123,1,380,467,147.5,6
50,6_320x stock m270_4x obj_grid_r2_c6.png,11124,1,501,483,147.5,6
50,6_320x stock m270_4x obj_grid_r2_c6.png,11125,1,150,306,46.0,3
50,6_320x stock m270_4x obj_grid_r2_c6.png,11126,1,173,396,46.0,3
50,6_320x stock m270_4x obj_grid_r2_c6.png,11127,1,196,415,74.5,4
50,6_320x stock m270_4x obj_grid_r2_c6.png,11128,1,46,418,46.0,3
50,6_320x stock m270_4x obj_grid_r2_c6.png,11129,1,148,425,46.0,3
50,6_320x stock m270_4x obj_grid_r2_c6.png,11130,1,422,452,104.0,5
50,6_320x stock m270_4x obj_grid_r2_c6.png,11131,1,92,456,46.0,3
50,6_320x stock m270_4x obj_grid_r2_c6.png,11132,1,220,458,31.5,3
50,6_320x stock m270_4x obj_grid_r2_c6.png,11133,1,346,459,74.5,4
50,6_320x stock m270_4x obj_grid_r2_c6.png,11134,1,31,460,46.0,3
50,6_320x stock m270_4x obj_grid_r2_c6.png,11135,1,200,483,46.0,3
50,6_320x stock m270_4x obj_grid_r2_c6.png,11136,1,191,490,46.0,3
50,6_320x stock m270_4x obj_grid_r2_c6.png,11137,1,415,501,190.0,7
50,6_320x stock m270_4x obj_grid_r2_c6.png,11138,1,290,502,31.5,3
50,6_320x stock m270_4x obj_grid_r2_c6.png,11139,1,330,4,46.0,3
50,6_320x stock m270_4x obj_grid_r2_c6.png,11140,1,364,102,46.0,3
50,6_320x stock m270_4x obj_grid_r2_c6.png,11141,1,318,161,74.5,4
50,6_320x stock m270_4x obj_grid_r2_c6.png,11142,1,199,207,46.0,3
50,6_320x stock m270_4x obj_grid_r2_c6.png,11143,1,27,210,46.0,3
50,6_320x stock m270_4x obj_grid_r2_c6.png,11144,1,143,223,46.0,3
50,6_320x stock m270_4x obj_grid_r2_c6.png,11145,1,115,248,46.0,3
50,6_320x stock m270_4x obj_grid_r2_c6.png,11146,1,148,255,46.0,3
50,6_320x stock m270_4x obj_grid_r2_c6.png,11147,1,79,259,46.0,3
50,6_320x stock m270_4x obj_grid_r2_c6.png,11148,1,194,259,31.5,3
50,6_320x stock m270_4x obj_grid_r2_c6.png,11149,1,245,258,31.5,3
50,6_320x stock m270_4x obj_grid_r2_c6.png,11150,1,227,262,46.0,3
50,6_320x stock m270_4x obj_grid_r2_c6.png,11151,1,237,268,46.0,3
50,6_320x stock m270_4x obj_grid_r2_c6.png,11152,1,98,275,46.0,3
50,6_320x stock m270_4x obj_grid_r2_c6.png,11153,1,297,275,46.0,3
50,6_320x stock m270_4x obj_grid_r2_c6.png,11154,1,368,283,46.0,3
50,6_320x stock m270_4x obj_grid_r2_c6.png,11155,1,192,287,46.0,3
50,6_320x stock m270_4x obj_grid_r2_c6.png,11156,1,52,293,46.0,3
50,6_320x stock m270_4x obj_grid_r2_c6.png,11157,1,300,297,46.0,3
50,6_320x stock m270_4x obj_grid_r2_c6.png,11158,1,88,298,46.0,3
50,6_320x stock m270_4x obj_grid_r2_c6.png,11159,1,432,300,46.0,3
50,6_320x stock m270_4x obj_grid_r2_c6.png,11160,1,78,304,46.0,3
50,6_320x stock m270_4x obj_grid_r2_c6.png,11161,1,19,305,46.0,3
50,6_320x stock m270_4x obj_grid_r2_c6.png,11162,1,185,312,46.0,3
50,6_320x stock m270_4x obj_grid_r2_c6.png,11163,1,8,322,46.0,3
50,6_320x stock m270_4x obj_grid_r2_c6.png,11164,1,409,322,46.0,3
50,6_320x stock m270_4x obj_grid_r2_c6.png,11165,1,199,332,46.0,3
50,6_320x stock m270_4x obj_grid_r2_c6.png,11166,1,12,339,46.0,3
50,6_320x stock m270_4x obj_grid_r2_c6.png,11167,1,230,343,31.5,3
50,6_320x stock m270_4x obj_grid_r2_c6.png,11168,1,296,342,46.0,3
50,6_320x stock m270_4x obj_grid_r2_c6.png,11169,1,123,343,46.0,3
50,6_320x stock m270_4x obj_grid_r2_c6.png,11170,1,74,345,46.0,3
50,6_320x stock m270_4x obj_grid_r2_c6.png,11171,1,262,345,46.0,3
50,6_320x stock m270_4x obj_grid_r2_c6.png,11172,1,21,349,46.0,3
50,6_320x stock m270_4x obj_grid_r2_c6.png,11173,1,281,354,46.0,3
50,6_320x stock m270_4x obj_grid_r2_c6.png,11174,1,81,356,31.5,3
50,6_320x stock m270_4x obj_grid_r2_c6.png,11175,1,52,361,46.0,3
50,6_320x stock m270_4x obj_grid_r2_c6.png,11176,1,247,361,46.0,3
50,6_320x stock m270_4x obj_grid_r2_c6.png,11177,1,171,366,46.0,3
50,6_320x stock m270_4x obj_grid_r2_c6.png,11178,1,331,370,46.0,3
50,6_320x stock m270_4x obj_grid_r2_c6.png,11179,1,369,376,46.0,3
50,6_320x stock m270_4x obj_grid_r2_c6.png,11180,1,104,376,46.0,3
50,6_320x stock m270_4x obj_grid_r2_c6.png,11181,1,247,381,46.0,3
50,6_320x stock m270_4x obj_grid_r2_c6.png,11182,1,86,381,46.0,3
50,6_320x stock m270_4x obj_grid_r2_c6.png,11183,1,188,385,46.0,3
50,6_320x stock m270_4x obj_grid_r2_c6.png,11184,1,117,385,46.0,3
50,6_320x stock m270_4x obj_grid_r2_c6.png,11185,1,25,398,46.0,3
50,6_320x stock m270_4x obj_grid_r2_c6.png,11186,1,121,402,46.0,3
50,6_320x stock m270_4x obj_grid_r2_c6.png,11187,1,194,401,46.0,3
50,6_320x stock m270_4x obj_grid_r2_c6.png,11188,1,240,403,74.5,4
50,6_320x stock m270_4x obj_grid_r2_c6.png,11189,1,41,404,46.0,3
50,6_320x stock m270_4x obj_grid_r2_c6.png,11190,1,438,404,46.0,3
50,6_320x stock m270_4x obj_grid_r2_c6.png,11191,1,85,406,46.0,3
51,6_320x stock m270_4x obj_grid_r2_c7.png,11192,1,262,141,104.0,5
51,6_320x stock m270_4x obj_grid_r2_c7.png,11193,1,374,131,46.0,3
51,6_320x stock m270_4x obj_grid_r2_c7.png,11194,1,292,122,46.0,3
51,6_320x stock m270_4x obj_grid_r2_c7.png,11195,1,314,111,74.5,4
51,6_320x stock m270_4x obj_grid_r2_c7.png,11196,1,367,88,74.5,4
51,6_320x stock m270_4x obj_grid_r2_c7.png,11197,1,286,75,74.5,4
51,6_320x stock m270_4x obj_grid_r2_c7.png,11198,1,399,14,46.0,3
51,6_320x stock m270_4x obj_grid_r2_c7.png,11199,1,275,5,46.0,3
51,6_320x stock m270_4x obj_grid_r2_c7.png,11200,1,202,491,46.0,3
51,6_320x stock m270_4x obj_grid_r2_c7.png,11201,1,375,488,74.5,4
51,6_320x stock m270_4x obj_grid_r2_c7.png,11202,1,353,483,46.0,3
51,6_320x stock m270_4x obj_grid_r2_c7.png,11203,1,353,471,46.0,3
51,6_320x stock m270_4x obj_grid_r2_c7.png,11204,1,380,449,74.5,4
51,6_320x stock m270_4x obj_grid_r2_c7.png,11205,1,283,435,46.0,3
51,6_320x stock m270_4x obj_grid_r2_c7.png,11206,1,371,434,46.0,3
51,6_320x stock m270_4x obj_grid_r2_c7.png,11207,1,403,417,46.0,3
51,6_320x stock m270_4x obj_grid_r2_c7.png,11208,1,363,415,46.0,3
51,6_320x stock m270_4x obj_grid_r2_c7.png,11209,1,298,406,46.0,3
51,6_320x stock m270_4x obj_grid_r2_c7.png,11210,1,347,388,46.0,3
51,6_320x stock m270_4x obj_grid_r2_c7.png,11211,1,375,375,74.5,4
51,6_320x stock m270_4x obj_grid_r2_c7.png,11212,1,354,371,46.0,3
51,6_320x stock m270_4x obj_grid_r2_c7.png,11213,1,325,346,46.0,3
51,6_320x stock m270_4x obj_grid_r2_c7.png,11214,1,350,336,31.5,3
51,6_320x stock m270_4x obj_grid_r2_c7.png,11215,1,302,298,46.0,3
51,6_320x stock m270_4x obj_grid_r2_c7.png,11216,1,290,295,31.5,3
51,6_320x stock m270_4x obj_grid_r2_c7.png,11217,1,306,279,46.0,3
51,6_320x stock m270_4x obj_grid_r2_c7.png,11218,1,93,276,46.0,3
51,6_320x stock m270_4x obj_grid_r2_c7.png,11219,1,497,230,104.0,5
51,6_320x stock m270_4x obj_grid_r2_c7.png,11220,1,313,256,46.0,3
51,6_320x stock m270_4x obj_grid_r2_c7.png,11221,1,290,243,31.5,3
51,6_320x stock m270_4x obj_grid_r2_c7.png,11222,1,269,240,31.5,3
51,6_320x stock m270_4x obj_grid_r2_c7.png,11223,1,295,226,31.5,3
51,6_320x stock m270_4x obj_grid_r2_c7.png,11224,1,325,221,46.0,3
51,6_320x stock m270_4x obj_grid_r2_c7.png,11225,1,302,216,46.0,3
51,6_320x stock m270_4x obj_grid_r2_c7.png,11226,1,315,214,46.0,3
51,6_320x stock m270_4x obj_grid_r2_c7.png,11227,1,94,214,31.5,3
51,6_320x stock m270_4x obj_grid_r2_c7.png,11228,1,280,214,46.0,3
51,6_320x stock m270_4x obj_grid_r2_c7.png,11229,1,235,205,46.0,3
51,6_320x stock m270_4x obj_grid_r2_c7.png,11230,1,315,203,46.0,3
51,6_320x stock m270_4x obj_grid_r2_c7.png,11231,1,270,179,31.5,3
51,6_320x stock m270_4x obj_grid_r2_c7.png,11232,1,251,171,31.5,3
51,6_320x stock m270_4x obj_grid_r2_c7.png,11233,1,121,156,46.0,3
51,6_320x stock m270_4x obj_grid_r2_c7.png,11234,1,291,145,74.5,4
51,6_320x stock m270_4x obj_grid_r2_c7.png,11235,1,321,143,74.5,4
51,6_320x stock m270_4x obj_grid_r2_c7.png,11236,1,279,135,46.0,3
51,6_320x stock m270_4x obj_grid_r2_c7.png,11237,1,276,124,46.0,3
51,6_320x stock m270_4x obj_grid_r2_c7.png,11238,1,122,99,46.0,3
51,6_320x stock m270_4x obj_grid_r2_c7.png,11239,1,304,99,74.5,4
51,6_320x stock m270_4x obj_grid_r2_c7.png,11240,1,252,75,46.0,3
51,6_320x stock m270_4x obj_grid_r2_c7.png,11241,1,234,53,46.0,3
51,6_320x stock m270_4x obj_grid_r2_c7.png,11242,1,328,50,31.5,3
51,6_320x stock m270_4x obj_grid_r2_c7.png,11243,1,271,48,46.0,3
51,6_320x stock m270_4x obj_grid_r2_c7.png,11244,1,315,41,74.5,4
51,6_320x stock m270_4x obj_grid_r2_c7.png,11245,1,221,44,104.0,5
51,6_320x stock m270_4x obj_grid_r2_c7.png,11246,1,34,35,46.0,3
51,6_320x stock m270_4x obj_grid_r2_c7.png,11247,1,256,21,46.0,3
51,6_320x stock m270_4x obj_grid_r2_c7.png,11248,1,220,21,74.5,4
51,6_320x stock m270_4x obj_grid_r2_c7.png,11249,1,171,16,46.0,3
51,6_320x stock m270_4x obj_grid_r2_c7.png,11250,1,197,7,46.0,3
51,6_320x stock m270_4x obj_grid_r2_c7.png,11251,1,179,5,46.0,3
51,6_320x stock m270_4x obj_grid_r2_c7.png,11252,1,297,505,31.5,3
51,6_320x stock m270_4x obj_grid_r2_c7.png,11253,1,314,484,74.5,4
51,6_320x stock m270_4x obj_grid_r2_c7.png,11254,1,131,486,104.0,5
51,6_320x stock m270_4x obj_grid_r2_c7.png,11255,1,333,482,46.0,3
51,6_320x stock m270_4x obj_grid_r2_c7.png,11256,1,392,479,74.5,4
51,6_320x stock m270_4x obj_grid_r2_c7.png,11257,1,170,459,31.5,3
51,6_320x stock m270_4x obj_grid_r2_c7.png,11258,1,304,441,46.0,3
51,6_320x stock m270_4x obj_grid_r2_c7.png,11259,1,59,440,190.0,7
51,6_320x stock m270_4x obj_grid_r2_c7.png,11260,1,298,423,74.5,4
51,6_320x stock m270_4x obj_grid_r2_c7.png,11261,1,314,411,46.0,3
51,6_320x stock m270_4x obj_grid_r2_c7.png,11262,1,251,411,74.5,4
51,6_320x stock m270_4x obj_grid_r2_c7.png,11263,1,345,405,74.5,4
51,6_320x stock m270_4x obj_grid_r2_c7.png,11264,1,284,404,46.0,3
51,6_320x stock m270_4x obj_grid_r2_c7.png,11265,1,293,390,31.5,3
51,6_320x stock m270_4x obj_grid_r2_c7.png,11266,1,269,392,74.5,4
51,6_320x stock m270_4x obj_grid_r2_c7.png,11267,1,317,382,46.0,3
51,6_320x stock m270_4x obj_grid_r2_c7.png,11268,1,133,368,46.0,3
51,6_320x stock m270_4x obj_grid_r2_c7.png,11269,1,305,364,46.0,3
51,6_320x stock m270_4x obj_grid_r2_c7.png,11270,1,287,364,46.0,3
51,6_320x stock m270_4x obj_grid_r2_c7.png,11271,1,247,348,46.0,3
51,6_320x stock m270_4x obj_grid_r2_c7.png,11272,1,49,345,46.0,3
51,6_320x stock m270_4x obj_grid_r2_c7.png,11273,1,168,328,74.5,4
51,6_320x stock m270_4x obj_grid_r2_c7.png,11274,1,102,307,46.0,3
51,6_320x stock m270_4x obj_grid_r2_c7.png,11275,1,148,285,46.0,3
51,6_320x stock m270_4x obj_grid_r2_c7.png,11276,1,73,281,46.0,3
51,6_320x stock m270_4x obj_grid_r2_c7.png,11277,1,275,277,74.5,4
51,6_320x stock m270_4x obj_grid_r2_c7.png,11278,1,235,268,46.0,3
51,6_320x stock m270_4x obj_grid_r2_c7.png,11279,1,174,267,46.0,3
51,6_320x stock m270_4x obj_grid_r2_c7.png,11280,1,244,255,31.5,3
51,6_320x stock m270_4x obj_grid_r2_c7.png,11281,1,226,247,74.5,4
51,6_320x stock m270_4x obj_grid_r2_c7.png,11282,1,254,240,31.5,3
51,6_320x stock m270_4x obj_grid_r2_c7.png,11283,1,244,237,31.5,3
51,6_320x stock m270_4x obj_grid_r2_c7.png,11284,1,280,236,31.5,3
51,6_320x stock m270_4x obj_grid_r2_c7.png,11285,1,66,234,46.0,3
51,6_320x stock m270_4x obj_grid_r2_c7.png,11286,1,227,229,46.0,3
51,6_320x stock m270_4x obj_grid_r2_c7.png,11287,1,157,214,74.5,4
51,6_320x stock m270_4x obj_grid_r2_c7.png,11288,1,204,200,46.0,3
51,6_320x stock m270_4x obj_grid_r2_c7.png,11289,1,266,196,46.0,3
51,6_320x stock m270_4x obj_grid_r2_c7.png,11290,1,103,195,46.0,3
51,6_320x stock m270_4x obj_grid_r2_c7.png,11291,1,156,185,74.5,4
51,6_320x stock m270_4x obj_grid_r2_c7.png,11292,1,34,174,46.0,3
51,6_320x stock m270_4x obj_grid_r2_c7.png,11293,1,110,166,46.0,3
51,6_320x stock m270_4x obj_grid_r2_c7.png,11294,1,41,156,46.0,3
51,6_320x stock m270_4x obj_grid_r2_c7.png,11295,1,29,151,31.5,3
51,6_320x stock m270_4x obj_grid_r2_c7.png,11296,1,58,147,46.0,3
51,6_320x stock m270_4x obj_grid_r2_c7.png,11297,1,186,136,46.0,3
51,6_320x stock m270_4x obj_grid_r2_c7.png,11298,1,135,126,74.5,4
51,6_320x stock m270_4x obj_grid_r2_c7.png,11299,1,252,123,74.5,4
51,6_320x stock m270_4x obj_grid_r2_c7.png,11300,1,148,116,46.0,3
51,6_320x stock m270_4x obj_grid_r2_c7.png,11301,1,161,115,31.5,3
51,6_320x stock m270_4x obj_grid_r2_c7.png,11302,1,4,102,31.5,3
51,6_320x stock m270_4x obj_grid_r2_c7.png,11303,1,265,100,74.5,4
51,6_320x stock m270_4x obj_grid_r2_c7.png,11304,1,176,97,31.5,3
51,6_320x stock m270_4x obj_grid_r2_c7.png,11305,1,79,96,31.5,3
51,6_320x stock m270_4x obj_grid_r2_c7.png,11306,1,136,73,46.0,3
51,6_320x stock m270_4x obj_grid_r2_c7.png,11307,1,86,73,46.0,3
51,6_320x stock m270_4x obj_grid_r2_c7.png,11308,1,42,70,74.5,4
51,6_320x stock m270_4x obj_grid_r2_c7.png,11309,1,224,66,74.5,4
51,6_320x stock m270_4x obj_grid_r2_c7.png,11310,1,190,64,46.0,3
51,6_320x stock m270_4x obj_grid_r2_c7.png,11311,1,251,62,46.0,3
51,6_320x stock m270_4x obj_grid_r2_c7.png,11312,1,149,57,74.5,4
51,6_320x stock m270_4x obj_grid_r2_c7.png,11313,1,66,43,46.0,3
51,6_320x stock m270_4x obj_grid_r2_c7.png,11314,1,79,39,46.0,3
51,6_320x stock m270_4x obj_grid_r2_c7.png,11315,1,134,33,46.0,3
51,6_320x stock m270_4x obj_grid_r2_c7.png,11316,1,6,24,46.0,3
51,6_320x stock m270_4x obj_grid_r2_c7.png,11317,1,86,21,46.0,3
51,6_320x stock m270_4x obj_grid_r2_c7.png,11318,1,29,503,46.0,3
51,6_320x stock m270_4x obj_grid_r2_c7.png,11319,1,134,501,46.0,3
51,6_320x stock m270_4x obj_grid_r2_c7.png,11320,1,168,484,46.0,3
51,6_320x stock m270_4x obj_grid_r2_c7.png,11321,1,226,484,74.5,4
51,6_320x stock m270_4x obj_grid_r2_c7.png,11322,1,153,483,46.0,3
51,6_320x stock m270_4x obj_grid_r2_c7.png,11323,1,246,479,31.5,3
51,6_320x stock m270_4x obj_grid_r2_c7.png,11324,1,237,474,31.5,3
51,6_320x stock m270_4x obj_grid_r2_c7.png,11325,1,265,469,46.0,3
51,6_320x stock m270_4x obj_grid_r2_c7.png,11326,1,220,469,46.0,3
51,6_320x stock m270_4x obj_grid_r2_c7.png,11327,1,189,468,46.0,3
51,6_320x stock m270_4x obj_grid_r2_c7.png,11328,1,188,457,46.0,3
51,6_320x stock m270_4x obj_grid_r2_c7.png,11329,1,24,456,31.5,3
51,6_320x stock m270_4x obj_grid_r2_c7.png,11330,1,252,452,74.5,4
51,6_320x stock m270_4x obj_grid_r2_c7.png,11331,1,278,447,46.0,3
51,6_320x stock m270_4x obj_grid_r2_c7.png,11332,1,78,446,46.0,3
51,6_320x stock m270_4x obj_grid_r2_c7.png,11333,1,28,440,31.5,3
51,6_320x stock m270_4x obj_grid_r2_c7.png,11334,1,123,438,46.0,3
51,6_320x stock m270_4x obj_grid_r2_c7.png,11335,1,212,426,74.5,4
51,6_320x stock m270_4x obj_grid_r2_c7.png,11336,1,186,414,31.5,3
51,6_320x stock m270_4x obj_grid_r2_c7.png,11337,1,54,408,46.0,3
51,6_320x stock m270_4x obj_grid_r2_c7.png,11338,1,44,391,46.0,3
51,6_320x stock m270_4x obj_grid_r2_c7.png,11339,1,57,390,46.0,3
51,6_320x stock m270_4x obj_grid_r2_c7.png,11340,1,197,385,46.0,3
51,6_320x stock m270_4x obj_grid_r2_c7.png,11341,1,241,382,46.0,3
51,6_320x stock m270_4x obj_grid_r2_c7.png,11342,1,184,371,46.0,3
51,6_320x stock m270_4x obj_grid_r2_c7.png,11343,1,212,364,46.0,3
51,6_320x stock m270_4x obj_grid_r2_c7.png,11344,1,120,365,46.0,3
51,6_320x stock m270_4x obj_grid_r2_c7.png,11345,1,55,363,46.0,3
51,6_320x stock m270_4x obj_grid_r2_c7.png,11346,1,110,357,46.0,3
51,6_320x stock m270_4x obj_grid_r2_c7.png,11347,1,68,348,31.5,3
51,6_320x stock m270_4x obj_grid_r2_c7.png,11348,1,221,345,74.5,4
51,6_320x stock m270_4x obj_grid_r2_c7.png,11349,1,176,337,31.5,3
51,6_320x stock m270_4x obj_grid_r2_c7.png,11350,1,143,334,74.5,4
51,6_320x stock m270_4x obj_grid_r2_c7.png,11351,1,112,322,46.0,3
51,6_320x stock m270_4x obj_grid_r2_c7.png,11352,1,66,318,46.0,3
51,6_320x stock m270_4x obj_grid_r2_c7.png,11353,1,134,316,31.5,3
51,6_320x stock m270_4x obj_grid_r2_c7.png,11354,1,248,313,46.0,3
51,6_320x stock m270_4x obj_grid_r2_c7.png,11355,1,134,306,46.0,3
51,6_320x stock m270_4x obj_grid_r2_c7.png,11356,1,6,304,31.5,3
51,6_320x stock m270_4x obj_grid_r2_c7.png,11357,1,60,303,74.5,4
51,6_320x stock m270_4x obj_grid_r2_c7.png,11358,1,156,297,46.0,3
51,6_320x stock m270_4x obj_grid_r2_c7.png,11359,1,130,297,31.5,3
51,6_320x stock m270_4x obj_grid_r2_c7.png,11360,1,250,293,46.0,3
51,6_320x stock m270_4x obj_grid_r2_c7.png,11361,1,53,282,46.0,3
51,6_320x stock m270_4x obj_grid_r2_c7.png,11362,1,179,281,46.0,3
51,6_320x stock m270_4x obj_grid_r2_c7.png,11363,1,63,274,31.5,3
51,6_320x stock m270_4x obj_grid_r2_c7.png,11364,1,199,272,74.5,4
51,6_320x stock m270_4x obj_grid_r2_c7.png,11365,1,52,267,46.0,3
51,6_320x stock m270_4x obj_grid_r2_c7.png,11366,1,252,262,46.0,3
51,6_320x stock m270_4x obj_grid_r2_c7.png,11367,1,33,258,46.0,3
51,6_320x stock m270_4x obj_grid_r2_c7.png,11368,1,167,253,74.5,4
51,6_320x stock m270_4x obj_grid_r2_c7.png,11369,1,100,248,74.5,4
51,6_320x stock m270_4x obj_grid_r2_c7.png,11370,1,186,244,46.0,3
51,6_320x stock m270_4x obj_grid_r2_c7.png,11371,1,251,230,46.0,3
51,6_320x stock m270_4x obj_grid_r2_c7.png,11372,1,238,226,46.0,3
51,6_320x stock m270_4x obj_grid_r2_c7.png,11373,1,178,224,74.5,4
51,6_320x stock m270_4x obj_grid_r2_c7.png,11374,1,109,218,46.0,3
51,6_320x stock m270_4x obj_grid_r2_c7.png,11375,1,188,214,74.5,4
51,6_320x stock m270_4x obj_grid_r2_c7.png,11376,1,86,205,31.5,3
51,6_320x stock m270_4x obj_grid_r2_c7.png,11377,1,61,200,46.0,3
51,6_320x stock m270_4x obj_grid_r2_c7.png,11378,1,4,199,31.5,3
51,6_320x stock m270_4x obj_grid_r2_c7.png,11379,1,9,173,46.0,3
51,6_320x stock m270_4x obj_grid_r2_c7.png,11380,1,155,164,31.5,3
51,6_320x stock m270_4x obj_grid_r2_c7.png,11381,1,219,142,74.5,4
51,6_320x stock m270_4x obj_grid_r2_c7.png,11382,1,83,140,74.5,4
51,6_320x stock m270_4x obj_grid_r2_c7.png,11383,1,64,136,46.0,3
51,6_320x stock m270_4x obj_grid_r2_c7.png,11384,1,130,111,104.0,5
51,6_320x stock m270_4x obj_grid_r2_c7.png,11385,1,217,102,46.0,3
51,6_320x stock m270_4x obj_grid_r2_c7.png,11386,1,74,71,46.0,3
51,6_320x stock m270_4x obj_grid_r2_c7.png,11387,1,148,507,46.0,3
51,6_320x stock m270_4x obj_grid_r2_c7.png,11388,1,162,504,46.0,3
51,6_320x stock m270_4x obj_grid_r2_c7.png,11389,1,96,490,74.5,4
51,6_320x stock m270_4x obj_grid_r2_c7.png,11390,1,98,457,46.0,3
51,6_320x stock m270_4x obj_grid_r2_c7.png,11391,1,278,423,74.5,4
51,6_320x stock m270_4x obj_grid_r2_c7.png,11392,1,79,419,46.0,3
51,6_320x stock m270_4x obj_grid_r2_c7.png,11393,1,36,416,46.0,3
51,6_320x stock m270_4x obj_grid_r2_c7.png,11394,1,120,399,46.0,3
51,6_320x stock m270_4x obj_grid_r2_c7.png,11395,1,148,392,46.0,3
51,6_320x stock m270_4x obj_grid_r2_c7.png,11396,1,109,379,46.0,3
51,6_320x stock m270_4x obj_grid_r2_c7.png,11397,1,64,377,74.5,4
51,6_320x stock m270_4x obj_grid_r2_c7.png,11398,1,130,355,74.5,4
51,6_320x stock m270_4x obj_grid_r2_c7.png,11399,1,92,354,46.0,3
51,6_320x stock m270_4x obj_grid_r2_c7.png,11400,1,5,326,46.0,3
51,6_320x stock m270_4x obj_grid_r2_c7.png,11401,1,35,309,74.5,4
51,6_320x stock m270_4x obj_grid_r2_c7.png,11402,1,71,507,43.0,3
51,6_320x stock m270_4x obj_grid_r2_c7.png,11403,1,339,356,190.0,7
51,6_320x stock m270_4x obj_grid_r2_c7.png,11404,1,89,336,46.0,3
51,6_320x stock m270_4x obj_grid_r2_c7.png,11405,1,82,239,147.5,6
51,6_320x stock m270_4x obj_grid_r2_c7.png,11406,1,91,179,190.0,7
51,6_320x stock m270_4x obj_grid_r2_c7.png,11407,1,52,21,190.0,7
51,6_320x stock m270_4x obj_grid_r2_c7.png,11408,1,147,453,190.0,7
51,6_320x stock m270_4x obj_grid_r2_c7.png,11409,1,118,35,74.5,4
51,6_320x stock m270_4x obj_grid_r2_c7.png,11410,1,484,80,46.0,3
51,6_320x stock m270_4x obj_grid_r2_c7.png,11411,1,406,80,46.0,3
51,6_320x stock m270_4x obj_grid_r2_c7.png,11412,1,440,88,46.0,3
51,6_320x stock m270_4x obj_grid_r2_c7.png,11413,1,473,121,74.5,4
51,6_320x stock m270_4x obj_grid_r2_c7.png,11414,1,443,170,46.0,3
51,6_320x stock m270_4x obj_grid_r2_c7.png,11415,1,424,179,46.0,3
51,6_320x stock m270_4x obj_grid_r2_c7.png,11416,1,460,185,31.5,3
51,6_320x stock m270_4x obj_grid_r2_c7.png,11417,1,473,199,46.0,3
51,6_320x stock m270_4x obj_grid_r2_c7.png,11418,1,458,203,46.0,3
51,6_320x stock m270_4x obj_grid_r2_c7.png,11419,1,435,209,46.0,3
51,6_320x stock m270_4x obj_grid_r2_c7.png,11420,1,460,246,46.0,3
51,6_320x stock m270_4x obj_grid_r2_c7.png,11421,1,445,268,46.0,3
51,6_320x stock m270_4x obj_grid_r2_c7.png,11422,1,420,282,46.0,3
51,6_320x stock m270_4x obj_grid_r2_c7.png,11423,1,449,283,46.0,3
51,6_320x stock m270_4x obj_grid_r2_c7.png,11424,1,492,285,46.0,3
51,6_320x stock m270_4x obj_grid_r2_c7.png,11425,1,401,157,147.5,6
51,6_320x stock m270_4x obj_grid_r2_c7.png,11426,1,488,180,46.0,3
51,6_320x stock m270_4x obj_grid_r2_c7.png,11427,1,160,153,31.5,3
51,6_320x stock m270_4x obj_grid_r2_c7.png,11428,1,201,81,46.0,3
51,6_320x stock m270_4x obj_grid_r2_c7.png,11429,1,469,64,74.5,4
51,6_320x stock m270_4x obj_grid_r2_c7.png,11430,1,373,45,46.0,3
51,6_320x stock m270_4x obj_grid_r2_c7.png,11431,1,435,35,104.0,5
51,6_320x stock m270_4x obj_grid_r2_c7.png,11432,1,495,10,104.0,5
51,6_320x stock m270_4x obj_grid_r2_c7.png,11433,1,506,489,70.5,4
51,6_320x stock m270_4x obj_grid_r2_c7.png,11434,1,431,227,74.5,4
51,6_320x stock m270_4x obj_grid_r2_c7.png,11435,1,80,123,74.5,4
51,6_320x stock m270_4x obj_grid_r2_c7.png,11436,1,400,95,74.5,4
51,6_320x stock m270_4x obj_grid_r2_c7.png,11437,1,497,52,46.0,3
51,6_320x stock m270_4x obj_grid_r2_c7.png,11438,1,492,36,31.5,3
51,6_320x stock m270_4x obj_grid_r2_c7.png,11439,1,413,346,74.5,4
51,6_320x stock m270_4x obj_grid_r2_c7.png,11440,1,470,330,31.5,3
51,6_320x stock m270_4x obj_grid_r2_c7.png,11441,1,342,328,46.0,3
51,6_320x stock m270_4x obj_grid_r2_c7.png,11442,1,262,322,74.5,4
51,6_320x stock m270_4x obj_grid_r2_c7.png,11443,1,488,271,74.5,4
51,6_320x stock m270_4x obj_grid_r2_c7.png,11444,1,470,261,46.0,3
51,6_320x stock m270_4x obj_grid_r2_c7.png,11445,1,500,257,46.0,3
51,6_320x stock m270_4x obj_grid_r2_c7.png,11446,1,484,256,74.5,4
51,6_320x stock m270_4x obj_grid_r2_c7.png,11447,1,439,255,46.0,3
51,6_320x stock m270_4x obj_grid_r2_c7.png,11448,1,133,198,74.5,4
51,6_320x stock m270_4x obj_grid_r2_c7.png,11449,1,297,176,248.5,8
51,6_320x stock m270_4x obj_grid_r2_c7.png,11450,1,183,89,74.5,4
51,6_320x stock m270_4x obj_grid_r2_c7.png,11451,1,444,51,46.0,3
51,6_320x stock m270_4x obj_grid_r2_c7.png,11452,1,263,34,104.0,5
51,6_320x stock m270_4x obj_grid_r2_c7.png,11453,1,471,17,74.5,4
51,6_320x stock m270_4x obj_grid_r2_c7.png,11454,1,453,3,43.0,3
51,6_320x stock m270_4x obj_grid_r2_c7.png,11455,1,499,498,46.0,3
51,6_320x stock m270_4x obj_grid_r2_c7.png,11456,1,490,420,46.0,3
51,6_320x stock m270_4x obj_grid_r2_c7.png,11457,1,505,416,46.0,3
51,6_320x stock m270_4x obj_grid_r2_c7.png,11458,1,158,368,74.5,4
51,6_320x stock m270_4x obj_grid_r2_c7.png,11459,1,292,327,74.5,4
51,6_320x stock m270_4x obj_grid_r2_c7.png,11460,1,465,313,46.0,3
51,6_320x stock m270_4x obj_grid_r2_c7.png,11461,1,305,312,46.0,3
51,6_320x stock m270_4x obj_grid_r2_c7.png,11462,1,181,300,74.5,4
51,6_320x stock m270_4x obj_grid_r2_c7.png,11463,1,470,295,46.0,3
51,6_320x stock m270_4x obj_grid_r2_c7.png,11464,1,437,291,46.0,3
51,6_320x stock m270_4x obj_grid_r2_c7.png,11465,1,442,495,104.0,5
51,6_320x stock m270_4x obj_grid_r2_c7.png,11466,1,423,484,74.5,4
51,6_320x stock m270_4x obj_grid_r2_c7.png,11467,1,496,374,104.0,5
51,6_320x stock m270_4x obj_grid_r2_c7.png,11468,1,457,361,104.0,5
51,6_320x stock m270_4x obj_grid_r2_c7.png,11469,1,263,344,190.0,7
51,6_320x stock m270_4x obj_grid_r2_c7.png,11470,1,374,289,74.5,4
51,6_320x stock m270_4x obj_grid_r2_c7.png,11471,1,434,276,74.5,4
51,6_320x stock m270_4x obj_grid_r2_c7.png,11472,1,358,138,46.0,3
51,6_320x stock m270_4x obj_grid_r2_c7.png,11473,1,342,163,31.5,3
51,6_320x stock m270_4x obj_grid_r2_c7.png,11474,1,241,167,74.5,4
51,6_320x stock m270_4x obj_grid_r2_c7.png,11475,1,344,182,74.5,4
51,6_320x stock m270_4x obj_grid_r2_c7.png,11476,1,279,184,31.5,3
51,6_320x stock m270_4x obj_grid_r2_c7.png,11477,1,323,187,46.0,3
51,6_320x stock m270_4x obj_grid_r2_c7.png,11478,1,342,186,46.0,3
51,6_320x stock m270_4x obj_grid_r2_c7.png,11479,1,328,209,46.0,3
51,6_320x stock m270_4x obj_grid_r2_c7.png,11480,1,83,223,74.5,4
51,6_320x stock m270_4x obj_grid_r2_c7.png,11481,1,3,225,43.0,3
51,6_320x stock m270_4x obj_grid_r2_c7.png,11482,1,359,227,46.0,3
51,6_320x stock m270_4x obj_grid_r2_c7.png,11483,1,303,237,31.5,3
51,6_320x stock m270_4x obj_grid_r2_c7.png,11484,1,394,258,147.5,6
51,6_320x stock m270_4x obj_grid_r2_c7.png,11485,1,346,262,46.0,3
51,6_320x stock m270_4x obj_grid_r2_c7.png,11486,1,329,282,248.5,8
51,6_320x stock m270_4x obj_grid_r2_c7.png,11487,1,273,299,46.0,3
51,6_320x stock m270_4x obj_grid_r2_c7.png,11488,1,65,333,74.5,4
51,6_320x stock m270_4x obj_grid_r2_c7.png,11489,1,370,353,74.5,4
51,6_320x stock m270_4x obj_grid_r2_c7.png,11490,1,184,398,147.5,6
51,6_320x stock m270_4x obj_grid_r2_c7.png,11491,1,391,404,46.0,3
51,6_320x stock m270_4x obj_grid_r2_c7.png,11492,1,414,414,46.0,3
51,6_320x stock m270_4x obj_grid_r2_c7.png,11493,1,189,426,46.0,3
51,6_320x stock m270_4x obj_grid_r2_c7.png,11494,1,415,443,46.0,3
51,6_320x stock m270_4x obj_grid_r2_c7.png,11495,1,458,454,46.0,3
51,6_320x stock m270_4x obj_grid_r2_c7.png,11496,1,324,462,31.5,3
51,6_320x stock m270_4x obj_grid_r2_c7.png,11497,1,428,503,31.5,3
51,6_320x stock m270_4x obj_grid_r2_c7.png,11498,1,389,3,43.0,3
51,6_320x stock m270_4x obj_grid_r2_c7.png,11499,1,390,48,46.0,3
51,6_320x stock m270_4x obj_grid_r2_c7.png,11500,1,342,62,147.5,6
51,6_320x stock m270_4x obj_grid_r2_c7.png,11501,1,290,62,104.0,5
51,6_320x stock m270_4x obj_grid_r2_c7.png,11502,1,370,62,74.5,4
51,6_320x stock m270_4x obj_grid_r2_c7.png,11503,1,65,82,74.5,4
51,6_320x stock m270_4x obj_grid_r2_c7.png,11504,1,431,98,46.0,3
51,6_320x stock m270_4x obj_grid_r2_c7.png,11505,1,387,138,31.5,3
51,6_320x stock m270_4x obj_grid_r2_c7.png,11506,1,359,153,46.0,3
51,6_320x stock m270_4x obj_grid_r2_c7.png,11507,1,378,155,46.0,3
51,6_320x stock m270_4x obj_grid_r2_c7.png,11508,1,381,167,46.0,3
51,6_320x stock m270_4x obj_grid_r2_c7.png,11509,1,422,200,46.0,3
51,6_320x stock m270_4x obj_grid_r2_c7.png,11510,1,403,215,46.0,3
51,6_320x stock m270_4x obj_grid_r2_c7.png,11511,1,450,223,74.5,4
51,6_320x stock m270_4x obj_grid_r2_c7.png,11512,1,398,277,46.0,3
51,6_320x stock m270_4x obj_grid_r2_c7.png,11513,1,234,291,74.5,4
51,6_320x stock m270_4x obj_grid_r2_c7.png,11514,1,18,301,46.0,3
51,6_320x stock m270_4x obj_grid_r2_c7.png,11515,1,403,304,46.0,3
51,6_320x stock m270_4x obj_grid_r2_c7.png,11516,1,480,308,74.5,4
51,6_320x stock m270_4x obj_grid_r2_c7.png,11517,1,416,316,31.5,3
51,6_320x stock m270_4x obj_grid_r2_c7.png,11518,1,403,335,104.0,5
51,6_320x stock m270_4x obj_grid_r2_c7.png,11519,1,433,339,46.0,3
51,6_320x stock m270_4x obj_grid_r2_c7.png,11520,1,447,342,46.0,3
51,6_320x stock m270_4x obj_grid_r2_c7.png,11521,1,454,380,74.5,4
51,6_320x stock m270_4x obj_grid_r2_c7.png,11522,1,471,394,46.0,3
51,6_320x stock m270_4x obj_grid_r2_c7.png,11523,1,481,405,46.0,3
51,6_320x stock m270_4x obj_grid_r2_c7.png,11524,1,457,409,46.0,3
51,6_320x stock m270_4x obj_grid_r2_c7.png,11525,1,162,430,74.5,4
51,6_320x stock m270_4x obj_grid_r2_c7.png,11526,1,252,431,104.0,5
51,6_320x stock m270_4x obj_grid_r2_c7.png,11527,1,486,470,74.5,4
51,6_320x stock m270_4x obj_grid_r2_c7.png,11528,1,460,476,46.0,3
51,6_320x stock m270_4x obj_grid_r2_c7.png,11529,1,270,496,46.0,3
51,6_320x stock m270_4x obj_grid_r2_c7.png,11530,1,411,9,46.0,3
51,6_320x stock m270_4x obj_grid_r2_c7.png,11531,1,441,17,74.5,4
51,6_320x stock m270_4x obj_grid_r2_c7.png,11532,1,386,20,46.0,3
51,6_320x stock m270_4x obj_grid_r2_c7.png,11533,1,403,26,46.0,3
51,6_320x stock m270_4x obj_grid_r2_c7.png,11534,1,22,32,74.5,4
52,7_5120x stock m270_4xobj_4_grid_r0_c3.png,11535,1,423,177,46.0,3
52,7_5120x stock m270_4xobj_4_grid_r0_c3.png,11536,1,404,165,46.0,3
52,7_5120x stock m270_4xobj_4_grid_r0_c3.png,11537,1,369,128,46.0,3
52,7_5120x stock m270_4xobj_4_grid_r0_c3.png,11538,1,362,115,46.0,3
52,7_5120x stock m270_4xobj_4_grid_r0_c3.png,11539,1,180,106,46.0,3
52,7_5120x stock m270_4xobj_4_grid_r0_c3.png,11540,1,247,277,46.0,3
52,7_5120x stock m270_4xobj_4_grid_r0_c3.png,11541,1,355,58,46.0,3
52,7_5120x stock m270_4xobj_4_grid_r0_c3.png,11542,1,229,490,46.0,3
52,7_5120x stock m270_4xobj_4_grid_r0_c3.png,11543,1,12,443,46.0,3
52,7_5120x stock m270_4xobj_4_grid_r0_c3.png,11544,1,275,311,46.0,3
52,7_5120x stock m270_4xobj_4_grid_r0_c3.png,11545,1,15,53,46.0,3
52,7_5120x stock m270_4xobj_4_grid_r0_c3.png,11546,1,220,470,46.0,3
52,7_5120x stock m270_4xobj_4_grid_r0_c3.png,11547,1,260,369,46.0,3
52,7_5120x stock m270_4xobj_4_grid_r0_c3.png,11548,1,123,146,46.0,3
52,7_5120x stock m270_4xobj_4_grid_r0_c3.png,11549,1,64,499,46.0,3
52,7_5120x stock m270_4xobj_4_grid_r0_c3.png,11550,1,113,218,46.0,3
52,7_5120x stock m270_4xobj_4_grid_r0_c3.png,11551,1,129,89,31.5,3
52,7_5120x stock m270_4xobj_4_grid_r0_c3.png,11552,1,131,79,31.5,3
52,7_5120x stock m270_4xobj_4_grid_r0_c3.png,11553,1,56,197,46.0,3
53,7_5120x stock m270_4xobj_4_grid_r0_c4.png,11554,1,307,420,46.0,3
53,7_5120x stock m270_4xobj_4_grid_r0_c4.png,11555,1,277,143,46.0,3
53,7_5120x stock m270_4xobj_4_grid_r0_c4.png,11556,1,484,110,31.5,3
53,7_5120x stock m270_4xobj_4_grid_r0_c4.png,11557,1,467,106,46.0,3
53,7_5120x stock m270_4xobj_4_grid_r0_c4.png,11558,1,395,99,46.0,3
53,7_5120x stock m270_4xobj_4_grid_r0_c4.png,11559,1,504,78,46.0,3
53,7_5120x stock m270_4xobj_4_grid_r0_c4.png,11560,1,301,59,46.0,3
53,7_5120x stock m270_4xobj_4_grid_r0_c4.png,11561,1,456,43,46.0,3
53,7_5120x stock m270_4xobj_4_grid_r0_c4.png,11562,1,418,293,46.0,3
53,7_5120x stock m270_4xobj_4_grid_r0_c4.png,11563,1,116,117,46.0,3
53,7_5120x stock m270_4xobj_4_grid_r0_c4.png,11564,1,325,99,46.0,3
53,7_5120x stock m270_4xobj_4_grid_r0_c4.png,11565,1,339,51,46.0,3
53,7_5120x stock m270_4xobj_4_grid_r0_c4.png,11566,1,54,445,46.0,3
53,7_5120x stock m270_4xobj_4_grid_r0_c4.png,11567,1,311,387,46.0,3
53,7_5120x stock m270_4xobj_4_grid_r0_c4.png,11568,1,341,211,46.0,3
53,7_5120x stock m270_4xobj_4_grid_r0_c4.png,11569,1,214,29,46.0,3
53,7_5120x stock m270_4xobj_4_grid_r0_c4.png,11570,1,196,329,46.0,3
53,7_5120x stock m270_4xobj_4_grid_r0_c4.png,11571,1,69,269,46.0,3
53,7_5120x stock m270_4xobj_4_grid_r0_c4.png,11572,1,149,115,31.5,3
53,7_5120x stock m270_4xobj_4_grid_r0_c4.png,11573,1,143,117,31.5,3
53,7_5120x stock m270_4xobj_4_grid_r0_c4.png,11574,1,259,442,46.0,3
54,7_5120x stock m270_4xobj_4_grid_r0_c5.png,11575,1,194,243,46.0,3
54,7_5120x stock m270_4xobj_4_grid_r0_c5.png,11576,1,497,156,74.5,4
54,7_5120x stock m270_4xobj_4_grid_r0_c5.png,11577,1,435,9,46.0,3
54,7_5120x stock m270_4xobj_4_grid_r0_c5.png,11578,1,440,444,46.0,3
54,7_5120x stock m270_4xobj_4_grid_r0_c5.png,11579,1,344,411,46.0,3
54,7_5120x stock m270_4xobj_4_grid_r0_c5.png,11580,1,167,272,74.5,4
54,7_5120x stock m270_4xobj_4_grid_r0_c5.png,11581,1,457,391,46.0,3
54,7_5120x stock m270_4xobj_4_grid_r0_c5.png,11582,1,115,244,46.0,3
54,7_5120x stock m270_4xobj_4_grid_r0_c5.png,11583,1,200,507,43.0,3
54,7_5120x stock m270_4xobj_4_grid_r0_c5.png,11584,1,86,106,74.5,4
54,7_5120x stock m270_4xobj_4_grid_r0_c5.png,11585,1,29,78,46.0,3
54,7_5120x stock m270_4xobj_4_grid_r0_c5.png,11586,1,293,95,46.0,3
54,7_5120x stock m270_4xobj_4_grid_r0_c5.png,11587,1,219,99,46.0,3
54,7_5120x stock m270_4xobj_4_grid_r0_c5.png,11588,1,9,110,46.0,3
54,7_5120x stock m270_4xobj_4_grid_r0_c5.png,11589,1,442,294,46.0,3
54,7_5120x stock m270_4xobj_4_grid_r0_c5.png,11590,1,306,309,31.5,3
54,7_5120x stock m270_4xobj_4_grid_r0_c5.png,11591,1,83,214,46.0,3
54,7_5120x stock m270_4xobj_4_grid_r0_c5.png,11592,1,59,99,46.0,3
54,7_5120x stock m270_4xobj_4_grid_r0_c5.png,11593,1,232,431,46.0,3
54,7_5120x stock m270_4xobj_4_grid_r0_c5.png,11594,1,495,32,74.5,4
54,7_5120x stock m270_4xobj_4_grid_r0_c5.png,11595,1,125,59,31.5,3
54,7_5120x stock m270_4xobj_4_grid_r0_c5.png,11596,1,468,7,46.0,3
54,7_5120x stock m270_4xobj_4_grid_r0_c5.png,11597,1,353,314,46.0,3
54,7_5120x stock m270_4xobj_4_grid_r0_c5.png,11598,1,318,257,46.0,3
55,7_5120x stock m270_4xobj_4_grid_r0_c6.png,11599,1,122,217,104.0,5
55,7_5120x stock m270_4xobj_4_grid_r0_c6.png,11600,1,222,228,31.5,3
55,7_5120x stock m270_4xobj_4_grid_r0_c6.png,11601,1,356,202,74.5,4
55,7_5120x stock m270_4xobj_4_grid_r0_c6.png,11602,1,501,165,46.0,3
55,7_5120x stock m270_4xobj_4_grid_r0_c6.png,11603,1,482,124,46.0,3
55,7_5120x stock m270_4xobj_4_grid_r0_c6.png,11604,1,484,99,46.0,3
55,7_5120x stock m270_4xobj_4_grid_r0_c6.png,11605,1,273,42,46.0,3
55,7_5120x stock m270_4xobj_4_grid_r0_c6.png,11606,1,419,34,46.0,3
55,7_5120x stock m270_4xobj_4_grid_r0_c6.png,11607,1,460,31,31.5,3
55,7_5120x stock m270_4xobj_4_grid_r0_c6.png,11608,1,113,15,46.0,3
55,7_5120x stock m270_4xobj_4_grid_r0_c6.png,11609,1,207,2,28.0,2
55,7_5120x stock m270_4xobj_4_grid_r0_c6.png,11610,1,76,2,28.0,2
55,7_5120x stock m270_4xobj_4_grid_r0_c6.png,11611,1,350,280,74.5,4
55,7_5120x stock m270_4xobj_4_grid_r0_c6.png,11612,1,233,98,46.0,3
55,7_5120x stock m270_4xobj_4_grid_r0_c6.png,11613,1,92,86,46.0,3
55,7_5120x stock m270_4xobj_4_grid_r0_c6.png,11614,1,44,57,46.0,3
55,7_5120x stock m270_4xobj_4_grid_r0_c6.png,11615,1,20,32,74.5,4
55,7_5120x stock m270_4xobj_4_grid_r0_c6.png,11616,1,386,473,46.0,3
55,7_5120x stock m270_4xobj_4_grid_r0_c6.png,11617,1,328,471,46.0,3
55,7_5120x stock m270_4xobj_4_grid_r0_c6.png,11618,1,181,444,46.0,3
55,7_5120x stock m270_4xobj_4_grid_r0_c6.png,11619,1,438,389,31.5,3
55,7_5120x stock m270_4xobj_4_grid_r0_c6.png,11620,1,132,384,46.0,3
55,7_5120x stock m270_4xobj_4_grid_r0_c6.png,11621,1,199,374,46.0,3
55,7_5120x stock m270_4xobj_4_grid_r0_c6.png,11622,1,448,321,46.0,3
55,7_5120x stock m270_4xobj_4_grid_r0_c6.png,11623,1,97,225,74.5,4
55,7_5120x stock m270_4xobj_4_grid_r0_c6.png,11624,1,22,156,46.0,3
55,7_5120x stock m270_4xobj_4_grid_r0_c6.png,11625,1,412,504,74.5,4
55,7_5120x stock m270_4xobj_4_grid_r0_c6.png,11626,1,130,503,31.5,3
55,7_5120x stock m270_4xobj_4_grid_r0_c6.png,11627,1,196,360,74.5,4
55,7_5120x stock m270_4xobj_4_grid_r0_c6.png,11628,1,252,509,23.0,2
55,7_5120x stock m270_4xobj_4_grid_r0_c6.png,11629,1,89,509,23.0,2
55,7_5120x stock m270_4xobj_4_grid_r0_c6.png,11630,1,100,426,46.0,3
55,7_5120x stock m270_4xobj_4_grid_r0_c6.png,11631,1,74,402,74.5,4
55,7_5120x stock m270_4xobj_4_grid_r0_c6.png,11632,1,82,361,31.5,3
55,7_5120x stock m270_4xobj_4_grid_r0_c6.png,11633,1,237,388,46.0,3
56,7_5120x stock m270_4xobj_4_grid_r2_c5.png,11634,1,228,403,46.0,3
56,7_5120x stock m270_4xobj_4_grid_r2_c5.png,11635,1,37,323,46.0,3
56,7_5120x stock m270_4xobj_4_grid_r2_c5.png,11636,1,143,305,46.0,3
56,7_5120x stock m270_4xobj_4_grid_r2_c5.png,11637,1,490,239,74.5,4
56,7_5120x stock m270_4xobj_4_grid_r2_c5.png,11638,1,370,502,74.5,4
56,7_5120x stock m270_4xobj_4_grid_r2_c5.png,11639,1,228,489,46.0,3
56,7_5120x stock m270_4xobj_4_grid_r2_c5.png,11640,1,132,416,46.0,3
56,7_5120x stock m270_4xobj_4_grid_r2_c5.png,11641,1,32,378,46.0,3
56,7_5120x stock m270_4xobj_4_grid_r2_c5.png,11642,1,493,100,46.0,3
56,7_5120x stock m270_4xobj_4_grid_r2_c5.png,11643,1,165,100,46.0,3
56,7_5120x stock m270_4xobj_4_grid_r2_c5.png,11644,1,417,77,74.5,4
56,7_5120x stock m270_4xobj_4_grid_r2_c5.png,11645,1,397,67,74.5,4
56,7_5120x stock m270_4xobj_4_grid_r2_c5.png,11646,1,241,42,46.0,3
56,7_5120x stock m270_4xobj_4_grid_r2_c5.png,11647,1,194,36,46.0,3
56,7_5120x stock m270_4xobj_4_grid_r2_c5.png,11648,1,271,106,74.5,4
56,7_5120x stock m270_4xobj_4_grid_r2_c5.png,11649,1,480,138,46.0,3
56,7_5120x stock m270_4xobj_4_grid_r2_c5.png,11650,1,110,143,46.0,3
56,7_5120x stock m270_4xobj_4_grid_r2_c5.png,11651,1,458,195,46.0,3
56,7_5120x stock m270_4xobj_4_grid_r2_c5.png,11652,1,484,216,46.0,3
56,7_5120x stock m270_4xobj_4_grid_r2_c5.png,11653,1,31,237,74.5,4
56,7_5120x stock m270_4xobj_4_grid_r2_c5.png,11654,1,300,236,46.0,3
56,7_5120x stock m270_4xobj_4_grid_r2_c5.png,11655,1,372,28,74.5,4
56,7_5120x stock m270_4xobj_4_grid_r2_c5.png,11656,1,244,437,46.0,3
56,7_5120x stock m270_4xobj_4_grid_r2_c5.png,11657,1,498,391,46.0,3
56,7_5120x stock m270_4xobj_4_grid_r2_c5.png,11658,1,355,365,46.0,3
56,7_5120x stock m270_4xobj_4_grid_r2_c5.png,11659,1,276,336,46.0,3
56,7_5120x stock m270_4xobj_4_grid_r2_c5.png,11660,1,508,275,31.5,3
56,7_5120x stock m270_4xobj_4_grid_r2_c5.png,11661,1,487,341,46.0,3
56,7_5120x stock m270_4xobj_4_grid_r2_c5.png,11662,1,30,256,46.0,3
56,7_5120x stock m270_4xobj_4_grid_r2_c5.png,11663,1,125,248,46.0,3
56,7_5120x stock m270_4xobj_4_grid_r2_c5.png,11664,1,479,94,46.0,3
56,7_5120x stock m270_4xobj_4_grid_r2_c5.png,11665,1,200,436,46.0,3
57,7_5120x stock m270_4xobj_4_grid_r2_c6.png,11666,1,192,504,74.5,4
57,7_5120x stock m270_4xobj_4_grid_r2_c6.png,11667,1,402,205,74.5,4
57,7_5120x stock m270_4xobj_4_grid_r2_c6.png,11668,1,143,267,46.0,3
57,7_5120x stock m270_4xobj_4_grid_r2_c6.png,11669,1,15,239,74.5,4
57,7_5120x stock m270_4xobj_4_grid_r2_c6.png,11670,1,9,216,46.0,3
57,7_5120x stock m270_4xobj_4_grid_r2_c6.png,11671,1,5,138,46.0,3
57,7_5120x stock m270_4xobj_4_grid_r2_c6.png,11672,1,356,8,104.0,5
57,7_5120x stock m270_4xobj_4_grid_r2_c6.png,11673,1,361,128,74.5,4
57,7_5120x stock m270_4xobj_4_grid_r2_c6.png,11674,1,323,89,46.0,3
57,7_5120x stock m270_4xobj_4_grid_r2_c6.png,11675,1,394,15,46.0,3
57,7_5120x stock m270_4xobj_4_grid_r2_c6.png,11676,1,152,330,46.0,3
57,7_5120x stock m270_4xobj_4_grid_r2_c6.png,11677,1,139,327,46.0,3
57,7_5120x stock m270_4xobj_4_grid_r2_c6.png,11678,1,33,275,46.0,3
57,7_5120x stock m270_4xobj_4_grid_r2_c6.png,11679,1,295,188,74.5,4
57,7_5120x stock m270_4xobj_4_grid_r2_c6.png,11680,1,354,183,46.0,3
57,7_5120x stock m270_4xobj_4_grid_r2_c6.png,11681,1,179,173,46.0,3
57,7_5120x stock m270_4xobj_4_grid_r2_c6.png,11682,1,140,166,46.0,3
57,7_5120x stock m270_4xobj_4_grid_r2_c6.png,11683,1,18,100,46.0,3
57,7_5120x stock m270_4xobj_4_grid_r2_c6.png,11684,1,177,491,46.0,3
57,7_5120x stock m270_4xobj_4_grid_r2_c6.png,11685,1,12,341,46.0,3
57,7_5120x stock m270_4xobj_4_grid_r2_c6.png,11686,1,114,48,46.0,3
57,7_5120x stock m270_4xobj_4_grid_r2_c6.png,11687,1,4,94,46.0,3
57,7_5120x stock m270_4xobj_4_grid_r2_c6.png,11688,1,99,113,46.0,3
57,7_5120x stock m270_4xobj_4_grid_r2_c6.png,11689,1,207,409,46.0,3
57,7_5120x stock m270_4xobj_4_grid_r2_c6.png,11690,1,211,420,46.0,3
57,7_5120x stock m270_4xobj_4_grid_r2_c6.png,11691,1,301,507,46.0,3
57,7_5120x stock m270_4xobj_4_grid_r2_c6.png,11692,1,499,461,74.5,4
57,7_5120x stock m270_4xobj_4_grid_r2_c6.png,11693,1,237,440,46.0,3
57,7_5120x stock m270_4xobj_4_grid_r2_c6.png,11694,1,170,398,46.0,3
57,7_5120x stock m270_4xobj_4_grid_r2_c6.png,11695,1,23,391,46.0,3
57,7_5120x stock m270_4xobj_4_grid_r2_c6.png,11696,1,326,380,46.0,3
57,7_5120x stock m270_4xobj_4_grid_r2_c6.png,11697,1,71,377,46.0,3
57,7_5120x stock m270_4xobj_4_grid_r2_c6.png,11698,1,410,374,74.5,4
58,7_5120x stock m270_4xobj_4_grid_r2_c7.png,11699,1,231,441,46.0,3
58,7_5120x stock m270_4xobj_4_grid_r2_c7.png,11700,1,471,460,46.0,3
58,7_5120x stock m270_4xobj_4_grid_r2_c7.png,11701,1,196,125,46.0,3
58,7_5120x stock m270_4xobj_4_grid_r2_c7.png,11702,1,280,9,46.0,3
58,7_5120x stock m270_4xobj_4_grid_r2_c7.png,11703,1,490,103,46.0,3
58,7_5120x stock m270_4xobj_4_grid_r2_c7.png,11704,1,492,456,46.0,3
58,7_5120x stock m270_4xobj_4_grid_r2_c7.png,11705,1,24,461,74.5,4
58,7_5120x stock m270_4xobj_4_grid_r2_c7.png,11706,1,98,356,46.0,3
58,7_5120x stock m270_4xobj_4_grid_r2_c7.png,11707,1,494,381,104.0,5
58,7_5120x stock m270_4xobj_4_grid_r2_c7.png,11708,1,98,415,46.0,3
58,7_5120x stock m270_4xobj_4_grid_r2_c7.png,11709,1,49,477,46.0,3
58,7_5120x stock m270_4xobj_4_grid_r2_c7.png,11710,1,163,11,46.0,3
58,7_5120x stock m270_4xobj_4_grid_r2_c7.png,11711,1,134,34,46.0,3
58,7_5120x stock m270_4xobj_4_grid_r2_c7.png,11712,1,45,66,74.5,4
58,7_5120x stock m270_4xobj_4_grid_r2_c7.png,11713,1,92,97,74.5,4
58,7_5120x stock m270_4xobj_4_grid_r2_c7.png,11714,1,108,164,46.0,3
58,7_5120x stock m270_4xobj_4_grid_r2_c7.png,11715,1,268,257,74.5,4
58,7_5120x stock m270_4xobj_4_grid_r2_c7.png,11716,1,199,330,46.0,3
58,7_5120x stock m270_4xobj_4_grid_r2_c7.png,11717,1,181,10,46.0,3
58,7_5120x stock m270_4xobj_4_grid_r2_c7.png,11718,1,352,23,31.5,3
58,7_5120x stock m270_4xobj_4_grid_r2_c7.png,11719,1,230,36,74.5,4
58,7_5120x stock m270_4xobj_4_grid_r2_c7.png,11720,1,381,54,46.0,3
58,7_5120x stock m270_4xobj_4_grid_r2_c7.png,11721,1,143,74,31.5,3
58,7_5120x stock m270_4xobj_4_grid_r2_c7.png,11722,1,167,77,46.0,3
58,7_5120x stock m270_4xobj_4_grid_r2_c7.png,11723,1,155,80,46.0,3
58,7_5120x stock m270_4xobj_4_grid_r2_c7.png,11724,1,247,143,46.0,3
58,7_5120x stock m270_4xobj_4_grid_r2_c7.png,11725,1,278,162,31.5,3
58,7_5120x stock m270_4xobj_4_grid_r2_c7.png,11726,1,400,168,46.0,3
58,7_5120x stock m270_4xobj_4_grid_r2_c7.png,11727,1,79,221,46.0,3
58,7_5120x stock m270_4xobj_4_grid_r2_c7.png,11728,1,274,222,46.0,3
58,7_5120x stock m270_4xobj_4_grid_r2_c7.png,11729,1,309,267,46.0,3
58,7_5120x stock m270_4xobj_4_grid_r2_c7.png,11730,1,64,396,31.5,3
59,7_5120x stock m270_4xobj_4_grid_r3_c0.png,11731,1,130,375,46.0,3
59,7_5120x stock m270_4xobj_4_grid_r3_c0.png,11732,1,503,41,46.0,3
59,7_5120x stock m270_4xobj_4_grid_r3_c0.png,11733,1,245,42,46.0,3
59,7_5120x stock m270_4xobj_4_grid_r3_c0.png,11734,1,403,113,46.0,3
59,7_5120x stock m270_4xobj_4_grid_r3_c0.png,11735,1,333,41,46.0,3
59,7_5120x stock m270_4xobj_4_grid_r3_c0.png,11736,1,335,357,46.0,3
59,7_5120x stock m270_4xobj_4_grid_r3_c0.png,11737,1,336,320,46.0,3
59,7_5120x stock m270_4xobj_4_grid_r3_c0.png,11738,1,293,505,46.0,3
59,7_5120x stock m270_4xobj_4_grid_r3_c0.png,11739,1,153,92,74.5,4
59,7_5120x stock m270_4xobj_4_grid_r3_c0.png,11740,1,114,481,46.0,3
59,7_5120x stock m270_4xobj_4_grid_r3_c0.png,11741,1,413,458,46.0,3
59,7_5120x stock m270_4xobj_4_grid_r3_c0.png,11742,1,254,344,46.0,3
59,7_5120x stock m270_4xobj_4_grid_r3_c0.png,11743,1,181,317,46.0,3
59,7_5120x stock m270_4xobj_4_grid_r3_c0.png,11744,1,165,250,46.0,3
59,7_5120x stock m270_4xobj_4_grid_r3_c0.png,11745,1,10,84,46.0,3
59,7_5120x stock m270_4xobj_4_grid_r3_c0.png,11746,1,149,426,46.0,3
59,7_5120x stock m270_4xobj_4_grid_r3_c0.png,11747,1,271,415,46.0,3
59,7_5120x stock m270_4xobj_4_grid_r3_c0.png,11748,1,68,414,46.0,3
59,7_5120x stock m270_4xobj_4_grid_r3_c0.png,11749,1,210,318,46.0,3
59,7_5120x stock m270_4xobj_4_grid_r3_c0.png,11750,1,3,123,31.5,3
59,7_5120x stock m270_4xobj_4_grid_r3_c0.png,11751,1,85,88,46.0,3
59,7_5120x stock m270_4xobj_4_grid_r3_c0.png,11752,1,40,73,46.0,3
59,7_5120x stock m270_4xobj_4_grid_r3_c0.png,11753,1,337,503,46.0,3
59,7_5120x stock m270_4xobj_4_grid_r3_c0.png,11754,1,60,394,46.0,3
59,7_5120x stock m270_4xobj_4_grid_r3_c0.png,11755,1,42,388,46.0,3
59,7_5120x stock m270_4xobj_4_grid_r3_c0.png,11756,1,168,499,46.0,3
59,7_5120x stock m270_4xobj_4_grid_r3_c0.png,11757,1,123,454,46.0,3
59,7_5120x stock m270_4xobj_4_grid_r3_c0.png,11758,1,11,380,74.5,4
59,7_5120x stock m270_4xobj_4_grid_r3_c0.png,11759,1,256,451,46.0,3
59,7_5120x stock m270_4xobj_4_grid_r3_c0.png,11760,1,263,461,46.0,3
59,7_5120x stock m270_4xobj_4_grid_r3_c0.png,11761,1,502,267,46.0,3
60,7_5120x stock m270_4xobj_4_grid_r3_c1.png,11762,1,161,476,46.0,3
60,7_5120x stock m270_4xobj_4_grid_r3_c1.png,11763,1,501,4,46.0,3
60,7_5120x stock m270_4xobj_4_grid_r3_c1.png,11764,1,172,216,46.0,3
60,7_5120x stock m270_4xobj_4_grid_r3_c1.png,11765,1,114,346,46.0,3
60,7_5120x stock m270_4xobj_4_grid_r3_c1.png,11766,1,28,41,46.0,3
60,7_5120x stock m270_4xobj_4_grid_r3_c1.png,11767,1,89,43,46.0,3
60,7_5120x stock m270_4xobj_4_grid_r3_c1.png,11768,1,27,267,46.0,3
60,7_5120x stock m270_4xobj_4_grid_r3_c1.png,11769,1,375,375,46.0,3
60,7_5120x stock m270_4xobj_4_grid_r3_c1.png,11770,1,126,450,46.0,3
60,7_5120x stock m270_4xobj_4_grid_r3_c1.png,11771,1,337,474,46.0,3
60,7_5120x stock m270_4xobj_4_grid_r3_c1.png,11772,1,221,480,46.0,3
60,7_5120x stock m270_4xobj_4_grid_r3_c1.png,11773,1,58,66,46.0,3
60,7_5120x stock m270_4xobj_4_grid_r3_c1.png,11774,1,194,146,46.0,3
60,7_5120x stock m270_4xobj_4_grid_r3_c1.png,11775,1,343,168,46.0,3
60,7_5120x stock m270_4xobj_4_grid_r3_c1.png,11776,1,362,265,46.0,3
60,7_5120x stock m270_4xobj_4_grid_r3_c1.png,11777,1,232,266,46.0,3
60,7_5120x stock m270_4xobj_4_grid_r3_c1.png,11778,1,343,267,46.0,3
60,7_5120x stock m270_4xobj_4_grid_r3_c1.png,11779,1,481,320,46.0,3
60,7_5120x stock m270_4xobj_4_grid_r3_c1.png,11780,1,366,362,46.0,3
60,7_5120x stock m270_4xobj_4_grid_r3_c1.png,11781,1,347,25,46.0,3
60,7_5120x stock m270_4xobj_4_grid_r3_c1.png,11782,1,192,58,46.0,3
60,7_5120x stock m270_4xobj_4_grid_r3_c1.png,11783,1,303,263,46.0,3
60,7_5120x stock m270_4xobj_4_grid_r3_c1.png,11784,1,322,120,46.0,3
60,7_5120x stock m270_4xobj_4_grid_r3_c1.png,11785,1,300,114,46.0,3
60,7_5120x stock m270_4xobj_4_grid_r3_c1.png,11786,1,444,223,46.0,3
60,7_5120x stock m270_4xobj_4_grid_r3_c1.png,11787,1,254,328,46.0,3
60,7_5120x stock m270_4xobj_4_grid_r3_c1.png,11788,1,476,130,46.0,3
61,8_10240x stock m270_4xobj_2_grid_r3_c3.png,11789,1,503,362,46.0,3
61,8_10240x stock m270_4xobj_2_grid_r3_c3.png,11790,1,8,332,46.0,3
61,8_10240x stock m270_4xobj_2_grid_r3_c3.png,11791,1,252,75,46.0,3
61,8_10240x stock m270_4xobj_2_grid_r3_c3.png,11792,1,466,284,46.0,3
61,8_10240x stock m270_4xobj_2_grid_r3_c3.png,11793,1,191,478,46.0,3
61,8_10240x stock m270_4xobj_2_grid_r3_c3.png,11794,1,238,355,46.0,3
62,8_10240x stock m270_4xobj_2_grid_r3_c4.png,11795,1,402,347,46.0,3
62,8_10240x stock m270_4xobj_2_grid_r3_c4.png,11796,1,28,362,46.0,3
62,8_10240x stock m270_4xobj_2_grid_r3_c4.png,11797,1,348,434,31.5,3
62,8_10240x stock m270_4xobj_2_grid_r3_c4.png,11798,1,315,478,46.0,3
62,8_10240x stock m270_4xobj_2_grid_r3_c4.png,11799,1,48,437,74.5,4
62,8_10240x stock m270_4xobj_2_grid_r3_c4.png,11800,1,124,10,46.0,3
62,8_10240x stock m270_4xobj_2_grid_r3_c4.png,11801,1,245,48,74.5,4
63,8_10240x stock m270_4xobj_2_grid_r3_c5.png,11802,1,502,400,46.0,3
63,8_10240x stock m270_4xobj_2_grid_r3_c5.png,11803,1,296,436,46.0,3
63,8_10240x stock m270_4xobj_2_grid_r3_c5.png,11804,1,227,475,31.5,3
63,8_10240x stock m270_4xobj_2_grid_r3_c5.png,11805,1,286,66,74.5,4
64,8_10240x stock m270_4xobj_2_grid_r3_c6.png,11806,1,327,150,46.0,3
64,8_10240x stock m270_4xobj_2_grid_r3_c6.png,11807,1,261,31,74.5,4
64,8_10240x stock m270_4xobj_2_grid_r3_c6.png,11808,1,407,253,46.0,3
64,8_10240x stock m270_4xobj_2_grid_r3_c6.png,11809,1,27,400,46.0,3
64,8_10240x stock m270_4xobj_2_grid_r3_c6.png,11810,1,154,5,46.0,3
64,8_10240x stock m270_4xobj_2_grid_r3_c6.png,11811,1,115,496,46.0,3
64,8_10240x stock m270_4xobj_2_grid_r3_c6.png,11812,1,436,378,46.0,3
65,8_10240x stock m270_4xobj_2_grid_r3_c7.png,11813,1,416,382,46.0,3
65,8_10240x stock m270_4xobj_2_grid_r3_c7.png,11814,1,409,58,46.0,3
65,8_10240x stock m270_4xobj_2_grid_r3_c7.png,11815,1,406,30,74.5,4
65,8_10240x stock m270_4xobj_2_grid_r3_c7.png,11816,1,437,296,74.5,4
65,8_10240x stock m270_4xobj_2_grid_r3_c7.png,11817,1,137,32,46.0,3
65,8_10240x stock m270_4xobj_2_grid_r3_c7.png,11818,1,314,103,46.0,3
65,8_10240x stock m270_4xobj_2_grid_r3_c7.png,11819,1,255,377,31.5,3
65,8_10240x stock m270_4xobj_2_grid_r3_c7.png,11820,1,61,352,46.0,3
65,8_10240x stock m270_4xobj_2_grid_r3_c7.png,11821,1,445,228,74.5,4
65,8_10240x stock m270_4xobj_2_grid_r3_c7.png,11822,1,280,70,46.0,3
65,8_10240x stock m270_4xobj_2_grid_r3_c7.png,11823,1,188,329,74.5,4
65,8_10240x stock m270_4xobj_2_grid_r3_c7.png,11824,1,220,483,46.0,3
66,8_10240x stock m270_4xobj_3_grid_r0_c0.png,11825,1,243,43,74.5,4
66,8_10240x stock m270_4xobj_3_grid_r0_c0.png,11826,1,479,155,46.0,3
66,8_10240x stock m270_4xobj_3_grid_r0_c0.png,11827,1,489,393,46.0,3
66,8_10240x stock m270_4xobj_3_grid_r0_c0.png,11828,1,330,206,74.5,4
66,8_10240x stock m270_4xobj_3_grid_r0_c0.png,11829,1,411,314,46.0,3
66,8_10240x stock m270_4xobj_3_grid_r0_c0.png,11830,1,51,74,46.0,3
66,8_10240x stock m270_4xobj_3_grid_r0_c0.png,11831,1,14,199,74.5,4
66,8_10240x stock m270_4xobj_3_grid_r0_c0.png,11832,1,140,212,46.0,3
66,8_10240x stock m270_4xobj_3_grid_r0_c0.png,11833,1,163,262,46.0,3
66,8_10240x stock m270_4xobj_3_grid_r0_c0.png,11834,1,241,289,46.0,3
66,8_10240x stock m270_4xobj_3_grid_r0_c0.png,11835,1,180,291,46.0,3
66,8_10240x stock m270_4xobj_3_grid_r0_c0.png,11836,1,77,166,46.0,3
66,8_10240x stock m270_4xobj_3_grid_r0_c0.png,11837,1,409,356,46.0,3
66,8_10240x stock m270_4xobj_3_grid_r0_c0.png,11838,1,238,398,46.0,3
66,8_10240x stock m270_4xobj_3_grid_r0_c0.png,11839,1,305,10,46.0,3
66,8_10240x stock m270_4xobj_3_grid_r0_c0.png,11840,1,291,91,31.5,3
66,8_10240x stock m270_4xobj_3_grid_r0_c0.png,11841,1,392,224,46.0,3
66,8_10240x stock m270_4xobj_3_grid_r0_c0.png,11842,1,354,288,46.0,3
66,8_10240x stock m270_4xobj_3_grid_r0_c0.png,11843,1,318,384,46.0,3
66,8_10240x stock m270_4xobj_3_grid_r0_c0.png,11844,1,340,13,31.5,3
66,8_10240x stock m270_4xobj_3_grid_r0_c0.png,11845,1,445,238,46.0,3
66,8_10240x stock m270_4xobj_3_grid_r0_c0.png,11846,1,438,269,46.0,3
66,8_10240x stock m270_4xobj_3_grid_r0_c0.png,11847,1,136,412,74.5,4
66,8_10240x stock m270_4xobj_3_grid_r0_c0.png,11848,1,54,211,46.0,3
66,8_10240x stock m270_4xobj_3_grid_r0_c0.png,11849,1,144,250,46.0,3
66,8_10240x stock m270_4xobj_3_grid_r0_c0.png,11850,1,65,333,31.5,3
66,8_10240x stock m270_4xobj_3_grid_r0_c0.png,11851,1,44,344,31.5,3
66,8_10240x stock m270_4xobj_3_grid_r0_c0.png,11852,1,178,344,74.5,4
67,8_10240x stock m270_4xobj_4_grid_r1_c4.png,11853,1,447,409,46.0,3
67,8_10240x stock m270_4xobj_4_grid_r1_c4.png,11854,1,294,203,74.5,4
67,8_10240x stock m270_4xobj_4_grid_r1_c4.png,11855,1,177,253,46.0,3
67,8_10240x stock m270_4xobj_4_grid_r1_c4.png,11856,1,317,312,46.0,3
67,8_10240x stock m270_4xobj_4_grid_r1_c4.png,11857,1,382,393,46.0,3
67,8_10240x stock m270_4xobj_4_grid_r1_c4.png,11858,1,128,9,46.0,3
67,8_10240x stock m270_4xobj_4_grid_r1_c4.png,11859,1,53,14,46.0,3
67,8_10240x stock m270_4xobj_4_grid_r1_c4.png,11860,1,48,40,46.0,3
67,8_10240x stock m270_4xobj_4_grid_r1_c4.png,11861,1,440,53,46.0,3
67,8_10240x stock m270_4xobj_4_grid_r1_c4.png,11862,1,402,75,74.5,4
67,8_10240x stock m270_4xobj_4_grid_r1_c4.png,11863,1,460,226,46.0,3
67,8_10240x stock m270_4xobj_4_grid_r1_c4.png,11864,1,296,290,46.0,3
67,8_10240x stock m270_4xobj_4_grid_r1_c4.png,11865,1,291,365,46.0,3
67,8_10240x stock m270_4xobj_4_grid_r1_c4.png,11866,1,484,489,46.0,3
67,8_10240x stock m270_4xobj_4_grid_r1_c4.png,11867,1,34,259,46.0,3
67,8_10240x stock m270_4xobj_4_grid_r1_c4.png,11868,1,422,321,74.5,4
67,8_10240x stock m270_4xobj_4_grid_r1_c4.png,11869,1,50,297,74.5,4
68,8_10240x stock m270_4xobj_4_grid_r1_c5.png,11870,1,228,23,46.0,3
68,8_10240x stock m270_4xobj_4_grid_r1_c5.png,11871,1,122,183,46.0,3
68,8_10240x stock m270_4xobj_4_grid_r1_c5.png,11872,1,208,505,46.0,3
68,8_10240x stock m270_4xobj_4_grid_r1_c5.png,11873,1,286,72,46.0,3
68,8_10240x stock m270_4xobj_4_grid_r1_c5.png,11874,1,108,81,46.0,3
68,8_10240x stock m270_4xobj_4_grid_r1_c5.png,11875,1,503,133,46.0,3
68,8_10240x stock m270_4xobj_4_grid_r1_c5.png,11876,1,339,146,46.0,3
68,8_10240x stock m270_4xobj_4_grid_r1_c5.png,11877,1,146,177,46.0,3
68,8_10240x stock m270_4xobj_4_grid_r1_c5.png,11878,1,149,197,74.5,4
68,8_10240x stock m270_4xobj_4_grid_r1_c5.png,11879,1,141,225,46.0,3
68,8_10240x stock m270_4xobj_4_grid_r1_c5.png,11880,1,341,228,46.0,3
68,8_10240x stock m270_4xobj_4_grid_r1_c5.png,11881,1,44,296,46.0,3
68,8_10240x stock m270_4xobj_4_grid_r1_c5.png,11882,1,147,304,46.0,3
68,8_10240x stock m270_4xobj_4_grid_r1_c5.png,11883,1,508,388,27.5,2
68,8_10240x stock m270_4xobj_4_grid_r1_c5.png,11884,1,9,489,46.0,3
68,8_10240x stock m270_4xobj_4_grid_r1_c5.png,11885,1,384,131,74.5,4
68,8_10240x stock m270_4xobj_4_grid_r1_c5.png,11886,1,357,37,190.0,7
69,8_10240x stock m270_4xobj_4_grid_r1_c6.png,11887,1,389,9,46.0,3
69,8_10240x stock m270_4xobj_4_grid_r1_c6.png,11888,1,159,375,31.5,3
69,8_10240x stock m270_4xobj_4_grid_r1_c6.png,11889,1,463,361,46.0,3
69,8_10240x stock m270_4xobj_4_grid_r1_c6.png,11890,1,458,323,46.0,3
69,8_10240x stock m270_4xobj_4_grid_r1_c6.png,11891,1,79,317,46.0,3
69,8_10240x stock m270_4xobj_4_grid_r1_c6.png,11892,1,28,133,46.0,3
69,8_10240x stock m270_4xobj_4_grid_r1_c6.png,11893,1,337,236,46.0,3
69,8_10240x stock m270_4xobj_4_grid_r1_c6.png,11894,1,198,312,46.0,3
69,8_10240x stock m270_4xobj_4_grid_r1_c6.png,11895,1,334,312,46.0,3
69,8_10240x stock m270_4xobj_4_grid_r1_c6.png,11896,1,129,419,46.0,3
69,8_10240x stock m270_4xobj_4_grid_r1_c6.png,11897,1,33,388,46.0,3
69,8_10240x stock m270_4xobj_4_grid_r1_c6.png,11898,1,465,419,31.5,3
69,8_10240x stock m270_4xobj_4_grid_r1_c6.png,11899,1,209,476,31.5,3
69,8_10240x stock m270_4xobj_4_grid_r1_c6.png,11900,1,59,499,74.5,4
69,8_10240x stock m270_4xobj_4_grid_r1_c6.png,11901,1,167,9,74.5,4
69,8_10240x stock m270_4xobj_4_grid_r1_c6.png,11902,1,396,381,46.0,3
69,8_10240x stock m270_4xobj_4_grid_r1_c6.png,11903,1,377,262,46.0,3
69,8_10240x stock m270_4xobj_4_grid_r1_c6.png,11904,1,494,230,74.5,4
69,8_10240x stock m270_4xobj_4_grid_r1_c6.png,11905,1,363,197,46.0,3
69,8_10240x stock m270_4xobj_4_grid_r1_c6.png,11906,1,82,148,46.0,3
69,8_10240x stock m270_4xobj_4_grid_r1_c6.png,11907,1,122,140,46.0,3
69,8_10240x stock m270_4xobj_4_grid_r1_c6.png,11908,1,418,61,46.0,3
69,8_10240x stock m270_4xobj_4_grid_r1_c6.png,11909,1,361,29,46.0,3
69,8_10240x stock m270_4xobj_4_grid_r1_c6.png,11910,1,413,441,46.0,3
70,8_10240x stock m270_4xobj_4_grid_r1_c7.png,11911,1,482,290,46.0,3
70,8_10240x stock m270_4xobj_4_grid_r1_c7.png,11912,1,280,253,31.5,3
70,8_10240x stock m270_4xobj_4_grid_r1_c7.png,11913,1,49,341,46.0,3
70,8_10240x stock m270_4xobj_4_grid_r1_c7.png,11914,1,252,411,46.0,3
70,8_10240x stock m270_4xobj_4_grid_r1_c7.png,11915,1,404,48,46.0,3
70,8_10240x stock m270_4xobj_4_grid_r1_c7.png,11916,1,442,71,46.0,3
70,8_10240x stock m270_4xobj_4_grid_r1_c7.png,11917,1,419,213,46.0,3
70,8_10240x stock m270_4xobj_4_grid_r1_c7.png,11918,1,265,40,46.0,3
70,8_10240x stock m270_4xobj_4_grid_r1_c7.png,11919,1,135,185,46.0,3
70,8_10240x stock m270_4xobj_4_grid_r1_c7.png,11920,1,61,218,74.5,4
70,8_10240x stock m270_4xobj_4_grid_r1_c7.png,11921,1,463,257,46.0,3
70,8_10240x stock m270_4xobj_4_grid_r1_c7.png,11922,1,125,316,74.5,4
70,8_10240x stock m270_4xobj_4_grid_r1_c7.png,11923,1,320,42,46.0,3
70,8_10240x stock m270_4xobj_4_grid_r1_c7.png,11924,1,282,66,46.0,3
70,8_10240x stock m270_4xobj_4_grid_r1_c7.png,11925,1,19,230,46.0,3
70,8_10240x stock m270_4xobj_4_grid_r1_c7.png,11926,1,231,286,46.0,3
70,8_10240x stock m270_4xobj_4_grid_r1_c7.png,11927,1,113,505,46.0,3
70,8_10240x stock m270_4xobj_4_grid_r1_c7.png,11928,1,484,444,46.0,3
70,8_10240x stock m270_4xobj_4_grid_r1_c7.png,11929,1,155,34,46.0,3
70,8_10240x stock m270_4xobj_4_grid_r1_c7.png,11930,1,376,50,46.0,3
70,8_10240x stock m270_4xobj_4_grid_r1_c7.png,11931,1,478,425,46.0,3
70,8_10240x stock m270_4xobj_4_grid_r1_c7.png,11932,1,399,432,31.5,3
70,8_10240x stock m270_4xobj_4_grid_r1_c7.png,11933,1,218,463,46.0,3
70,8_10240x stock m270_4xobj_4_grid_r1_c7.png,11934,1,90,64,46.0,3
71,8_10240x stock m270_4xobj_4_grid_r2_c0.png,11935,1,203,496,46.0,3
71,8_10240x stock m270_4xobj_4_grid_r2_c0.png,11936,1,93,240,46.0,3
71,8_10240x stock m270_4xobj_4_grid_r2_c0.png,11937,1,178,388,46.0,3
71,8_10240x stock m270_4xobj_4_grid_r2_c0.png,11938,1,227,444,46.0,3
71,8_10240x stock m270_4xobj_4_grid_r2_c0.png,11939,1,64,167,46.0,3
71,8_10240x stock m270_4xobj_4_grid_r2_c0.png,11940,1,217,242,46.0,3
71,8_10240x stock m270_4xobj_4_grid_r2_c0.png,11941,1,474,509,8.0,1
71,8_10240x stock m270_4xobj_4_grid_r2_c0.png,11942,1,207,98,46.0,3
71,8_10240x stock m270_4xobj_4_grid_r2_c0.png,11943,1,248,238,46.0,3
71,8_10240x stock m270_4xobj_4_grid_r2_c0.png,11944,1,346,37,74.5,4
71,8_10240x stock m270_4xobj_4_grid_r2_c0.png,11945,1,22,416,46.0,3
